{
  "models": [
    {
      "acc_channel_rmse_improvement": 0.8628109029891626,
      "acc_channel_rmse_mean": 0.654781547338522,
      "acc_norm_rmse": 0.5243490532977824,
      "gyr_channel_rmse_improvement": 0.2555726682363028,
      "gyr_channel_rmse_mean": 0.15000678792030447,
      "gyr_norm_rmse": 0.18979790992373252,
      "hf_ratio_improvement_mean": 8.347552926820528,
      "input_acc_channel_rmse_mean": 1.5175924503276845,
      "input_acc_norm_rmse": 1.2639799455173248,
      "input_gyr_channel_rmse_mean": 0.4055794561566073,
      "input_gyr_norm_rmse": 0.6296109158252916,
      "input_rmse_mean": 0.961585953242146,
      "model_name": "tcn_causal",
      "model_role": "trained",
      "num_windows": 8675,
      "pearson_mean": 0.8480124137393845,
      "psd_distance_mean": 0.060155640464590904,
      "rmse_mean": 0.40239416762941327
    },
    {
      "acc_channel_rmse_improvement": 0.8403241196915321,
      "acc_channel_rmse_mean": 0.6772683306361525,
      "acc_norm_rmse": 0.5332466779161856,
      "gyr_channel_rmse_improvement": 0.25363991241815337,
      "gyr_channel_rmse_mean": 0.15193954373845392,
      "gyr_norm_rmse": 0.19020387741051326,
      "hf_ratio_improvement_mean": 8.222350269560343,
      "input_acc_channel_rmse_mean": 1.5175924503276845,
      "input_acc_norm_rmse": 1.2639799455173248,
      "input_gyr_channel_rmse_mean": 0.4055794561566073,
      "input_gyr_norm_rmse": 0.6296109158252916,
      "input_rmse_mean": 0.961585953242146,
      "model_name": "tcn",
      "model_role": "trained_comparison",
      "num_windows": 8675,
      "pearson_mean": 0.8457575380849449,
      "psd_distance_mean": 0.06226774450316233,
      "rmse_mean": 0.4146039371873032
    },
    {
      "acc_channel_rmse_improvement": 0.8411652296876373,
      "acc_channel_rmse_mean": 0.6764272206400475,
      "acc_norm_rmse": 0.5376624307662291,
      "gyr_channel_rmse_improvement": 0.2520234099538875,
      "gyr_channel_rmse_mean": 0.15355604620271976,
      "gyr_norm_rmse": 0.19536218821352902,
      "hf_ratio_improvement_mean": 8.362415848471375,
      "input_acc_channel_rmse_mean": 1.5175924503276845,
      "input_acc_norm_rmse": 1.2639799455173248,
      "input_gyr_channel_rmse_mean": 0.4055794561566073,
      "input_gyr_norm_rmse": 0.6296109158252916,
      "input_rmse_mean": 0.961585953242146,
      "model_name": "gru",
      "model_role": "trained_comparison",
      "num_windows": 8675,
      "pearson_mean": 0.8379666991747591,
      "psd_distance_mean": 0.06455404298816547,
      "rmse_mean": 0.4149916334213836
    },
    {
      "acc_channel_rmse_improvement": 0.9159255918927355,
      "acc_channel_rmse_mean": 0.601666858434949,
      "acc_norm_rmse": 0.4303957498831519,
      "gyr_channel_rmse_improvement": 0.2776936384967343,
      "gyr_channel_rmse_mean": 0.12788581765987297,
      "gyr_norm_rmse": 0.1581849039519093,
      "hf_ratio_improvement_mean": 8.29253754176708,
      "input_acc_channel_rmse_mean": 1.5175924503276845,
      "input_acc_norm_rmse": 1.2639799455173248,
      "input_gyr_channel_rmse_mean": 0.4055794561566073,
      "input_gyr_norm_rmse": 0.6296109158252916,
      "input_rmse_mean": 0.961585953242146,
      "model_name": "transformer",
      "model_role": "trained_comparison",
      "num_windows": 8675,
      "pearson_mean": 0.8822898818214342,
      "psd_distance_mean": 0.057686144399794255,
      "rmse_mean": 0.36477633804741105
    },
    {
      "acc_channel_rmse_improvement": 0.22107982388215353,
      "acc_channel_rmse_mean": 1.296512626445531,
      "acc_norm_rmse": 1.2825834936909486,
      "gyr_channel_rmse_improvement": 0.031012056742886065,
      "gyr_channel_rmse_mean": 0.3745673994137212,
      "gyr_norm_rmse": 0.5524927622535848,
      "hf_ratio_improvement_mean": 1.9772192057843112,
      "input_acc_channel_rmse_mean": 1.5175924503276845,
      "input_acc_norm_rmse": 1.2639799455173248,
      "input_gyr_channel_rmse_mean": 0.4055794561566073,
      "input_gyr_norm_rmse": 0.6296109158252916,
      "input_rmse_mean": 0.961585953242146,
      "model_name": "identity",
      "model_role": "baseline",
      "num_windows": 8675,
      "pearson_mean": 0.7237306247999981,
      "psd_distance_mean": 0.23345941200749176,
      "rmse_mean": 0.8355400129296261
    },
    {
      "acc_channel_rmse_improvement": 0.5647132717692055,
      "acc_channel_rmse_mean": 0.9528791785584789,
      "acc_norm_rmse": 0.8888362576828609,
      "gyr_channel_rmse_improvement": 0.20995330587270788,
      "gyr_channel_rmse_mean": 0.1956261502838994,
      "gyr_norm_rmse": 0.2523880496975008,
      "hf_ratio_improvement_mean": 8.03496208551679,
      "input_acc_channel_rmse_mean": 1.5175924503276845,
      "input_acc_norm_rmse": 1.2639799455173248,
      "input_gyr_channel_rmse_mean": 0.4055794561566073,
      "input_gyr_norm_rmse": 0.6296109158252916,
      "input_rmse_mean": 0.961585953242146,
      "model_name": "lowpass",
      "model_role": "baseline",
      "num_windows": 8675,
      "pearson_mean": 0.8378146367771437,
      "psd_distance_mean": 0.14025837324995857,
      "rmse_mean": 0.5742526644211893
    },
    {
      "acc_channel_rmse_improvement": 0.5369158002194179,
      "acc_channel_rmse_mean": 0.9806766501082667,
      "acc_norm_rmse": 0.9266201901179268,
      "gyr_channel_rmse_improvement": 0.21165249996823973,
      "gyr_channel_rmse_mean": 0.19392695618836758,
      "gyr_norm_rmse": 0.24137775764279926,
      "hf_ratio_improvement_mean": 8.148843703710034,
      "input_acc_channel_rmse_mean": 1.5175924503276845,
      "input_acc_norm_rmse": 1.2639799455173248,
      "input_gyr_channel_rmse_mean": 0.4055794561566073,
      "input_gyr_norm_rmse": 0.6296109158252916,
      "input_rmse_mean": 0.961585953242146,
      "model_name": "butterworth",
      "model_role": "baseline",
      "num_windows": 8675,
      "pearson_mean": 0.7957813680402447,
      "psd_distance_mean": 0.12844160607609034,
      "rmse_mean": 0.5873018031483171
    },
    {
      "acc_channel_rmse_improvement": 0.5181932032398171,
      "acc_channel_rmse_mean": 0.9993992470878674,
      "acc_norm_rmse": 0.9497954978626383,
      "gyr_channel_rmse_improvement": 0.20238748123980013,
      "gyr_channel_rmse_mean": 0.20319197491680718,
      "gyr_norm_rmse": 0.2589586050391683,
      "hf_ratio_improvement_mean": 8.256381306001165,
      "input_acc_channel_rmse_mean": 1.5175924503276845,
      "input_acc_norm_rmse": 1.2639799455173248,
      "input_gyr_channel_rmse_mean": 0.4055794561566073,
      "input_gyr_norm_rmse": 0.6296109158252916,
      "input_rmse_mean": 0.961585953242146,
      "model_name": "savgol",
      "model_role": "baseline",
      "num_windows": 8675,
      "pearson_mean": 0.780179011785039,
      "psd_distance_mean": 0.12822371904632174,
      "rmse_mean": 0.6012956110023372
    },
    {
      "acc_channel_rmse_improvement": 0.44132513400335416,
      "acc_channel_rmse_mean": 1.0762673163243306,
      "acc_norm_rmse": 1.049492213335264,
      "gyr_channel_rmse_improvement": 0.1451772649058496,
      "gyr_channel_rmse_mean": 0.26040219125075764,
      "gyr_norm_rmse": 0.36570957918812436,
      "hf_ratio_improvement_mean": 7.674758101538621,
      "input_acc_channel_rmse_mean": 1.5175924503276845,
      "input_acc_norm_rmse": 1.2639799455173248,
      "input_gyr_channel_rmse_mean": 0.4055794561566073,
      "input_gyr_norm_rmse": 0.6296109158252916,
      "input_rmse_mean": 0.961585953242146,
      "model_name": "wiener",
      "model_role": "baseline",
      "num_windows": 8675,
      "pearson_mean": 0.735116304518502,
      "psd_distance_mean": 0.14556886299905977,
      "rmse_mean": 0.668334753787544
    }
  ]
}