timestamp_iso,elapsed_s,seq,warmup,acc_x,acc_y,acc_z,gyr_x,gyr_y,gyr_z,pred_acc_x,pred_acc_y,pred_acc_z,pred_gyr_x,pred_gyr_y,pred_gyr_z,read_latency_ms,infer_latency_ms,loop_latency_ms,late_by_ms
2026-05-15T15:18:04.147+08:00,0.10488019999999842,0,True,0.0047884033203125,0.0047884033203125,9.80665,0.0,0.0,0.0,0.3738318979740143,0.2691936492919922,9.801864624023438,-0.0011918870732188225,-0.00479526910930872,-0.006220164243131876,31.594399999999467,65.64280000000089,104.41570000000056,79.41570000000056
2026-05-15T15:18:04.251+08:00,0.14046309999999984,1,True,0.0047884033203125,0.009576806640625,9.80665,0.0,0.0,0.0,0.37449023127555847,0.2781721353530884,9.743894577026367,-0.0012327861040830612,-0.004926146008074284,-0.0052843582816421986,31.674699999999945,3.419000000000949,35.31770000000023,10.31770000000023
2026-05-15T15:18:04.287+08:00,0.17519299999999838,2,True,0.0,0.0047884033203125,9.816226806640625,0.0,0.0,0.0,0.3840872049331665,0.28050124645233154,9.774469375610352,-0.0035437629558146,-0.0033854306675493717,-0.001877185539342463,31.552399999998926,2.5370000000002335,34.27950000000024,9.27950000000024
2026-05-15T15:18:04.322+08:00,0.20923849999999966,3,True,0.0047884033203125,0.0047884033203125,9.792284790039062,0.0,0.0,0.0,0.3737182915210724,0.24851453304290771,9.754339218139648,0.0020009521394968033,-0.0009111622348427773,-0.004770189523696899,31.693399999999983,2.115599999999773,33.99150000000084,8.99150000000084
2026-05-15T15:18:04.356+08:00,0.2432198999999997,4,True,0.0,0.0047884033203125,9.801861596679688,0.0,0.0,0.0,0.37580156326293945,0.34540069103240967,9.751341819763184,-0.0040119728073477745,-0.00443345308303833,-0.004030793439596891,31.62670000000034,2.0911999999988495,33.92129999999938,8.921299999999377
2026-05-15T15:18:04.390+08:00,0.2776360999999987,5,True,0.0047884033203125,0.0047884033203125,9.801861596679688,0.0,0.0,0.0,0.37810415029525757,0.3582782745361328,9.755958557128906,-0.004522150382399559,-0.004410590976476669,-0.0037530502304434776,31.75549999999916,2.3993999999998294,34.35069999999918,9.35069999999918
2026-05-15T15:18:04.425+08:00,0.31187789999999893,6,True,0.0047884033203125,0.009576806640625,9.80665,0.0,0.0,0.0,0.37716442346572876,0.3794456720352173,9.765716552734375,-0.006227183621376753,-0.004463153891265392,-0.0011714125284925103,31.61569999999969,2.3379999999999512,34.16750000000057,9.167500000000572
2026-05-15T15:18:04.458+08:00,0.3460497,7,True,0.0,0.0,9.811438403320311,0.0,0.0,0.0,0.37426236271858215,0.3769937753677368,9.772193908691406,-0.0044259848073124886,-0.004855835810303688,-0.0014457841170951724,31.68609999999994,2.207700000001367,34.10960000000074,9.10960000000074
2026-05-15T15:18:04.493+08:00,0.38042289999999923,8,True,0.009576806640625,0.009576806640625,9.801861596679688,0.0,0.0,0.0,0.3775753676891327,0.4363750219345093,9.752449035644531,-0.005307795479893684,-0.004964163526892662,0.0003799984697252512,31.636199999999448,2.474900000001057,34.31439999999952,9.314399999999523
2026-05-15T15:18:04.575+08:00,0.4617817999999989,9,True,-0.0047884033203125,0.009576806640625,9.80665,0.0,0.0,0.0,0.37129324674606323,0.4204986095428467,9.760616302490234,-0.00458757346495986,-0.005298749543726444,-0.0006054342957213521,31.77429999999859,2.1126999999996343,34.0954,9.095399999999998
2026-05-15T15:18:04.609+08:00,0.49617869999999975,10,True,0.009576806640625,0.0143652099609375,9.80665,0.0,0.0,0.0,0.37398600578308105,0.49088728427886963,9.749543190002441,-0.00578268663957715,-0.0047221058048307896,0.001210276153869927,31.633599999999262,2.520099999999914,34.33789999999881,9.337899999998811
2026-05-15T15:18:04.643+08:00,0.5306526999999992,11,True,0.0,0.009576806640625,9.811438403320311,0.0,0.0,0.0,0.3715393841266632,0.47455894947052,9.754053115844727,-0.003914262633770704,-0.004355852957814932,0.0007996138883754611,31.68020000000027,2.5285000000003777,34.41280000000013,9.412800000000132
2026-05-15T15:18:04.678+08:00,0.5651185999999999,12,True,0.0047884033203125,0.0047884033203125,9.80665,0.0,0.0,0.0,0.3713325262069702,0.5663745403289795,9.735574722290039,-0.0069422172382473946,-0.0037241929676383734,0.004601459018886089,31.63640000000001,2.5662999999997993,34.40179999999948,9.401799999999483
2026-05-15T15:18:04.711+08:00,0.5994920999999991,13,True,0.0,0.0047884033203125,9.811438403320311,0.0,0.0,0.0,0.3703731298446655,0.5211043357849121,9.742996215820312,-0.006297060754150152,-0.0038916775956749916,0.0030765016563236713,31.79070000000017,2.2657000000005922,34.26100000000076,9.261000000000763
2026-05-15T15:18:04.746+08:00,0.6333162999999988,14,True,0.0047884033203125,0.0143652099609375,9.80665,0.0,0.0,0.0,0.3698354959487915,0.6018667221069336,9.729276657104492,-0.008154143579304218,-0.003395696170628071,0.00554965203627944,31.56390000000009,1.996600000000015,33.75359999999894,8.75359999999894
2026-05-15T15:18:04.780+08:00,0.6674052999999986,15,True,0.009576806640625,0.0143652099609375,9.811438403320311,0.0,0.0,0.0,0.3752022385597229,0.5658186674118042,9.73811149597168,-0.007687568664550781,-0.0036854101344943047,0.004191069398075342,31.685299999999472,2.151800000000037,34.02419999999928,9.024199999999283
2026-05-15T15:18:04.815+08:00,0.7017758000000001,16,True,0.0,0.0143652099609375,9.816226806640625,0.0,0.0,0.0,0.36490142345428467,0.44457316398620605,9.75512409210205,-0.0024978024885058403,-0.0033876579254865646,0.0005105254240334034,31.576499999999896,2.5148999999995425,34.30979999999906,9.309799999999058
2026-05-15T15:18:04.849+08:00,0.7359006999999984,17,True,0.0047884033203125,0.0047884033203125,9.801861596679688,0.0,0.0,0.0,0.3665631115436554,0.39721858501434326,9.753334045410156,-0.001388002187013626,-0.0036046605091542006,-0.00024190184194594622,31.67619999999971,2.191299999999785,34.06480000000123,9.064800000001227
2026-05-15T15:18:04.883+08:00,0.7702491999999985,18,True,0.0047884033203125,0.009576806640625,9.80665,0.0,0.0,0.0,0.3668508529663086,0.474529504776001,9.73803424835205,-0.0034884968772530556,-0.0031160912476480007,0.0012305605923756957,31.64909999999921,2.4305000000008903,34.28270000000033,9.282700000000332
2026-05-15T15:18:04.917+08:00,0.8045051999999995,19,True,0.0,0.0047884033203125,9.80665,0.0,0.0,0.0,0.36175090074539185,0.4445291757583618,9.745258331298828,-0.0023858537897467613,-0.0033116755075752735,0.000506776268593967,31.59480000000059,2.4073000000015554,34.19140000000098,9.191400000000982
2026-05-15T15:18:04.952+08:00,0.8391567999999996,20,True,0.0,0.0,9.811438403320311,0.0,0.0,0.0,0.3614636957645416,0.5733518600463867,9.729593276977539,-0.005658766254782677,-0.0026103495620191097,0.004531582351773977,31.655000000000655,2.745100000000278,34.59059999999958,9.590599999999583
2026-05-15T15:18:04.986+08:00,0.8735113999999999,21,True,0.0,0.009576806640625,9.811438403320311,0.0,0.0,0.0,0.3621827960014343,0.5405597686767578,9.736410140991211,-0.005583211313933134,-0.0025458158925175667,0.003221906255930662,31.76690000000093,2.2461000000006948,34.243099999999416,9.243099999999416
2026-05-15T15:18:05.020+08:00,0.9075078999999988,22,True,0.0047884033203125,0.009576806640625,9.811438403320311,0.0,0.0,0.0,0.3640094995498657,0.5994658470153809,9.726067543029785,-0.006837825756520033,-0.0024926788173615932,0.005002398509532213,31.549300000000002,2.172399999999186,33.93179999999951,8.931799999999512
2026-05-15T15:18:05.054+08:00,0.9414483999999987,23,True,0.0047884033203125,0.009576806640625,9.797073193359374,0.0,0.0,0.0,0.36497175693511963,0.5677525997161865,9.71791934967041,-0.005344781093299389,-0.002424578182399273,0.003932624589651823,31.681700000000035,1.9898999999998779,33.86689999999959,8.866899999999589
2026-05-15T15:18:05.088+08:00,0.9755003999999996,24,True,0.009576806640625,0.0,9.801861596679688,0.0,0.0,0.0,0.3693046271800995,0.584821343421936,9.719456672668457,-0.005650024861097336,-0.0020596650429069996,0.00425417535007,31.54310000000038,2.2567999999996147,33.98499999999949,8.984999999999488
2026-05-15T15:18:05.123+08:00,1.0098050999999995,25,True,0.0047884033203125,0.0,9.801861596679688,0.0,0.0,0.0,0.36587780714035034,0.554305911064148,9.726102828979492,-0.00571215245872736,-0.001940237358212471,0.0033205868676304817,31.80809999999923,2.2453000000002277,34.246400000000676,9.246400000000676
2026-05-15T15:18:05.157+08:00,1.0437309999999993,26,True,0.0047884033203125,0.009576806640625,9.811438403320311,0.0,0.0,0.0,0.364138126373291,0.6087017059326172,9.724034309387207,-0.00788018200546503,-0.002417044248431921,0.00512145459651947,31.575800000000598,2.082799999998386,33.8320999999997,8.832099999999699
2026-05-15T15:18:05.191+08:00,1.0776225999999998,27,True,0.0,0.0047884033203125,9.80665,0.0,0.0,0.0,0.36000436544418335,0.5923973321914673,9.724944114685059,-0.0067765479907393456,-0.001898670569062233,0.004366585984826088,31.62319999999852,2.037399999998968,33.83420000000115,8.834200000001147
2026-05-15T15:18:05.224+08:00,1.1116365999999989,28,True,0.0,0.0,9.80665,0.0,0.0,0.0,0.3608814775943756,0.6531264781951904,9.711722373962402,-0.007218482904136181,-0.0019297976978123188,0.007178052794188261,31.68229999999994,2.093600000000251,33.95719999999969,8.957199999999688
2026-05-15T15:18:05.259+08:00,1.1455374999999997,29,True,0.0,0.0047884033203125,9.80665,0.0,0.0,0.0,0.3600098192691803,0.6462116241455078,9.713812828063965,-0.007855143398046494,-0.0018060719594359398,0.006468936335295439,31.633599999999262,2.040899999999013,33.845700000000534,8.845700000000534
2026-05-15T15:18:05.293+08:00,1.1796762999999988,30,True,0.0,0.009576806640625,9.811438403320311,0.0,0.0,0.0,0.3600448966026306,0.6660767793655396,9.712791442871094,-0.008507534861564636,-0.002079813275486231,0.007533562369644642,31.70969999999862,2.173100000000261,34.08289999999958,9.082899999999583
2026-05-15T15:18:05.327+08:00,1.2136740999999986,31,True,0.0,0.0047884033203125,9.80665,0.0,0.0,0.0,0.35895225405693054,0.6537505388259888,9.711790084838867,-0.007309820502996445,-0.0018680132925510406,0.006731333211064339,31.516699999999176,2.2314999999988316,33.94139999999979,8.941399999999788
2026-05-15T15:18:05.360+08:00,1.2479293999999985,32,True,0.0047884033203125,0.0047884033203125,9.801861596679688,0.0,0.0,0.0,0.3636193573474884,0.6345196962356567,9.709589958190918,-0.007046376820653677,-0.0020854505710303783,0.00657652085646987,31.66640000000065,2.330999999999861,34.19509999999981,9.195099999999812
2026-05-15T15:18:05.395+08:00,1.2818541999999997,33,True,0.0047884033203125,0.009576806640625,9.801861596679688,0.0,0.0,0.0,0.36354851722717285,0.6340634822845459,9.70994758605957,-0.007465088274329901,-0.002069896087050438,0.005988264922052622,31.67489999999873,2.0077000000000567,33.862900000000806,8.862900000000806
2026-05-15T15:18:05.429+08:00,1.3159652999999985,34,True,0.0047884033203125,0.0047884033203125,9.801861596679688,0.0,0.0,0.0,0.3636604845523834,0.640288233757019,9.708578109741211,-0.006971324328333139,-0.002313136588782072,0.006702312733978033,31.720599999999877,2.1415000000004625,34.051299999999785,9.051299999999785
2026-05-15T15:18:05.463+08:00,1.3500853999999993,35,True,0.0,0.009576806640625,9.80665,0.0,0.0,0.0,0.3599095046520233,0.6402004957199097,9.711917877197266,-0.007229863200336695,-0.0023834118619561195,0.0064765047281980515,31.530000000000058,2.33500000000042,34.04990000000119,9.049900000001188
2026-05-15T15:18:05.497+08:00,1.3847273999999992,36,True,0.0047884033203125,0.009576806640625,9.80665,0.0,0.0,0.0,0.36252281069755554,0.6773991584777832,9.708065032958984,-0.007697506807744503,-0.0022346139885485172,0.007797554135322571,31.823499999999783,2.5343000000006555,34.57560000000015,9.57560000000015
2026-05-15T15:18:05.532+08:00,1.4195829,37,True,0.0047884033203125,0.0047884033203125,9.801861596679688,0.0,0.0,0.0,0.3630775809288025,0.6746726036071777,9.702932357788086,-0.007011541165411472,-0.002052479423582554,0.007493560202419758,31.71920000000128,2.783599999998998,34.78679999999912,9.786799999999118
2026-05-15T15:18:05.567+08:00,1.4536115999999986,38,True,0.0047884033203125,0.0047884033203125,9.801861596679688,0.0,0.0,0.0,0.3640269339084625,0.6725903749465942,9.702177047729492,-0.006983991712331772,-0.0023633851669728756,0.007907453924417496,31.838799999999168,1.7778000000010508,33.848000000000766,8.848000000000766
2026-05-15T15:18:05.601+08:00,1.4875437999999992,39,True,0.0,0.009576806640625,9.80665,0.0,0.0,0.0,0.35937708616256714,0.6750057935714722,9.705774307250977,-0.007976166903972626,-0.002373685594648123,0.007812753319740295,31.63739999999926,2.0670999999996553,33.87440000000019,8.874400000000193
2026-05-15T15:18:05.635+08:00,1.5228538,40,True,0.0047884033203125,0.009576806640625,9.80665,0.0,0.0,0.0,0.3624011278152466,0.7068324089050293,9.701830863952637,-0.007505948655307293,-0.0022671851329505444,0.00893897470086813,31.796200000000496,2.949600000000885,35.16790000000114,10.16790000000114
2026-05-15T15:18:05.669+08:00,1.5575788,41,True,0.009576806640625,0.009576806640625,9.801861596679688,0.0,0.0,0.0,0.3669741451740265,0.7090497016906738,9.696048736572266,-0.007103161886334419,-0.0020216829143464565,0.008762919344007969,31.708800000000537,2.498499999999737,34.51510000000013,9.515100000000132
2026-05-15T15:18:05.705+08:00,1.5913267999999992,42,True,0.0,0.0,9.80665,0.0,0.0,0.0,0.3614172637462616,0.6996662616729736,9.700804710388184,-0.005955423694103956,-0.0022411909885704517,0.008799095638096333,31.526799999999966,1.9714000000004006,33.68640000000056,8.68640000000056
2026-05-15T15:18:05.738+08:00,1.6253038999999987,43,True,0.009576806640625,0.009576806640625,9.80665,0.0,0.0,0.0,0.36529919505119324,0.713580846786499,9.699530601501465,-0.007887378334999084,-0.00237641716375947,0.009198902174830437,31.584999999999752,2.163099999998863,33.92090000000003,8.920900000000032
2026-05-15T15:18:05.772+08:00,1.6593073,44,True,0.0,0.009576806640625,9.811438403320311,0.0,0.0,0.0,0.3611298203468323,0.7136461734771729,9.703680038452148,-0.007685920223593712,-0.00219419552013278,0.009041291661560535,31.553600000000515,2.2202000000000055,33.94450000000049,8.944500000000488
2026-05-15T15:18:05.807+08:00,1.6939768999999991,45,True,0.0,0.0047884033203125,9.801861596679688,0.0,0.0,0.0,0.3569229245185852,0.723853588104248,9.694141387939453,-0.006803067401051521,-0.0023539899848401546,0.009268191643059254,31.70599999999979,2.684399999999698,34.60939999999901,9.609399999999013
2026-05-15T15:18:05.841+08:00,1.7284486999999995,46,True,0.009576806640625,0.0143652099609375,9.80665,0.0,0.0,0.0,0.3667615056037903,0.719810962677002,9.69758129119873,-0.00803480576723814,-0.002211212180554867,0.009143448434770107,31.64709999999893,2.541700000000091,34.39900000000051,9.399000000000513
2026-05-15T15:18:05.875+08:00,1.7626052999999988,47,True,0.0047884033203125,0.0047884033203125,9.801861596679688,0.0,0.0,0.0,0.36346346139907837,0.7287282943725586,9.692133903503418,-0.006772029213607311,-0.0017574066296219826,0.009194852784276009,31.61650000000016,2.2881000000012364,34.08729999999949,9.087299999999487
2026-05-15T15:18:05.910+08:00,1.796679899999999,48,True,0.0047884033203125,0.0047884033203125,9.811438403320311,0.0,0.0,0.0,0.36316412687301636,0.7158322334289551,9.700929641723633,-0.006761897820979357,-0.0025682435370981693,0.009096115827560425,31.61280000000133,2.2017000000005282,34.00620000000032,9.00620000000032
2026-05-15T15:18:05.944+08:00,1.8312398999999981,49,True,0.0,0.0047884033203125,9.792284790039062,0.0,0.0,0.0,0.3580464720726013,0.7314434051513672,9.684432983398438,-0.006666543893516064,-0.0017957543022930622,0.00943020824342966,31.841599999999914,2.414299999998093,34.48990000000052,9.489900000000517
2026-05-15T15:18:05.978+08:00,1.8653813999999986,50,True,0.0,0.0047884033203125,9.797073193359374,0.0,0.0,0.0,0.35761234164237976,0.7197041511535645,9.686878204345703,-0.007499923929572105,-0.0024964543990790844,0.009338200092315674,31.705500000001052,2.151200000000131,34.06529999999819,9.065299999998189
2026-05-15T15:18:06.012+08:00,1.9002216,51,True,-0.0047884033203125,0.0047884033203125,9.797073193359374,0.0,0.0,0.0,0.3537212014198303,0.7328331470489502,9.686358451843262,-0.006498364266008139,-0.0019942615181207657,0.009037955664098263,31.744700000000847,2.732800000000424,34.771199999998004,9.771199999998004
2026-05-15T15:18:06.047+08:00,1.9346628,52,True,0.0047884033203125,0.009576806640625,9.811438403320311,0.0,0.0,0.0,0.36121517419815063,0.7272665500640869,9.699068069458008,-0.0076605211943387985,-0.00241673132404685,0.009334850125014782,31.699599999999606,2.4016000000024462,34.35500000000147,9.355000000001468
2026-05-15T15:18:06.082+08:00,1.9690664000000009,53,True,0.0047884033203125,0.0047884033203125,9.80665,0.0,0.0,0.0,0.36229071021080017,0.7356863021850586,9.695091247558594,-0.006344796158373356,-0.001762730535119772,0.00906354933977127,31.628999999998797,2.411200000000946,34.249899999998945,9.249899999998945
2026-05-15T15:18:06.115+08:00,2.003255900000001,54,True,0.0,0.0047884033203125,9.801861596679688,0.0,0.0,0.0,0.35858407616615295,0.7216155529022217,9.693656921386719,-0.006898048333823681,-0.002554550301283598,0.00937969982624054,31.757400000000047,2.1637999999981616,34.121599999998864,9.121599999998864
2026-05-15T15:18:06.150+08:00,2.0381655,55,True,0.0,0.0047884033203125,9.801861596679688,0.0,0.0,0.0,0.35680922865867615,0.7351088523864746,9.689878463745117,-0.006901485379785299,-0.002314459066838026,0.009292008355259895,31.689200000002415,2.9420000000008883,34.83329999999896,9.833299999998957
2026-05-15T15:18:06.185+08:00,2.072148799999999,56,True,0.0,0.0047884033203125,9.80665,0.0,0.0,0.0,0.3581722378730774,0.7238328456878662,9.695985794067383,-0.0070822169072926044,-0.002190941944718361,0.009153577499091625,31.584000000002277,2.1492000000016276,33.91650000000013,8.916500000000127
2026-05-15T15:18:06.218+08:00,2.1061642000000003,57,True,0.0047884033203125,0.0143652099609375,9.80665,0.0,0.0,0.0,0.360975444316864,0.7427587509155273,9.693117141723633,-0.007631015032529831,-0.002233065664768219,0.009319545701146126,31.569199999999853,2.2005000000007158,33.9539000000002,8.953900000000203
2026-05-15T15:18:06.253+08:00,2.1404765,58,True,0.0,0.0047884033203125,9.80665,0.0,0.0,0.0,0.35878509283065796,0.7213497161865234,9.697813034057617,-0.006651739124208689,-0.0021737865172326565,0.009103844873607159,31.70870000000292,2.3269999999975255,34.250699999997636,9.250699999997636
2026-05-15T15:18:06.287+08:00,2.1746204000000002,59,True,0.0047884033203125,0.009576806640625,9.801861596679688,0.0,0.0,0.0,0.3607434332370758,0.7430789470672607,9.68846321105957,-0.006912119220942259,-0.0022507780231535435,0.009467153809964657,31.648900000000424,2.236200000002242,34.08120000000281,9.08120000000281
2026-05-15T15:18:06.322+08:00,2.2091331000000007,60,True,0.0,0.0047884033203125,9.801861596679688,0.0,0.0,0.0,0.35908904671669006,0.7214372158050537,9.69308090209961,-0.006737631279975176,-0.0021252427250146866,0.009064157493412495,31.804799999999744,2.4394999999977074,34.44869999999867,9.448699999998666
2026-05-15T15:18:06.356+08:00,2.2433426999999977,61,False,0.009576806640625,0.009576806640625,9.80665,0.0,0.0,0.0,0.364393413066864,0.7445144653320312,9.690750122070312,-0.0072722043842077255,-0.00231383228674531,0.009427494369447231,31.588100000000452,2.3610000000005016,34.147799999999506,9.147799999999506
2026-05-15T15:18:06.390+08:00,2.2770063999999994,62,False,0.0,0.0047884033203125,9.801861596679688,0.0,0.0,0.0,0.3602197766304016,0.7188766002655029,9.694305419921875,-0.006506307050585747,-0.002033044584095478,0.008999289013445377,31.506600000000162,1.929900000000373,33.60759999999985,8.607599999999849
2026-05-15T15:18:06.423+08:00,2.3108555999999982,63,False,0.0047884033203125,0.0047884033203125,9.80665,0.0,0.0,0.0,0.36035141348838806,0.7445240020751953,9.690238952636719,-0.006834774743765593,-0.0023910850286483765,0.009548201225697994,31.699999999997175,1.9092000000000553,33.79029999999972,8.790299999999718
2026-05-15T15:18:06.458+08:00,2.3460058999999998,64,False,0.0047884033203125,0.009576806640625,9.80665,0.0,0.0,0.0,0.3632073402404785,0.7232460975646973,9.69717788696289,-0.007271457463502884,-0.0019905557855963707,0.008997967466711998,31.678299999999382,3.1605999999975154,35.09409999999846,10.094099999998463
2026-05-15T15:18:06.493+08:00,2.3806922000000004,65,False,0.0047884033203125,0.0047884033203125,9.811438403320311,0.0,0.0,0.0,0.3618631660938263,0.7422099113464355,9.695958137512207,-0.006563504226505756,-0.002251352183520794,0.00937647558748722,31.797500000003254,2.6073000000010893,34.61420000000004,9.61420000000004
2026-05-15T15:18:06.527+08:00,2.4143339999999984,66,False,0.009576806640625,0.0047884033203125,9.80665,0.0,0.0,0.0,0.36650440096855164,0.7181565761566162,9.698114395141602,-0.006698444485664368,-0.002162389922887087,0.009063716977834702,31.590300000001292,1.7363000000010231,33.51040000000083,8.510400000000828
2026-05-15T15:18:06.561+08:00,2.448073299999999,67,False,0.0,0.009576806640625,9.801861596679688,0.0,0.0,0.0,0.3590007722377777,0.7472732067108154,9.687021255493164,-0.007161530666053295,-0.0022298116236925125,0.00960741750895977,31.66389999999808,1.851500000000783,33.6804000000015,8.680400000001498
2026-05-15T15:18:06.595+08:00,2.4818339,68,False,0.0,0.009576806640625,9.801861596679688,0.0,0.0,0.0,0.35708531737327576,0.7230091094970703,9.693056106567383,-0.007474755868315697,-0.0025156806223094463,0.009222788736224174,31.5322000000009,1.9972000000016976,33.70160000000055,8.701600000000553
2026-05-15T15:18:06.629+08:00,2.515890399999998,69,False,-0.0047884033203125,0.0143652099609375,9.811438403320311,0.0,0.0,0.0,0.35423415899276733,0.740253210067749,9.696310043334961,-0.007216423284262419,-0.0022593210451304913,0.009152290411293507,31.71289999999871,2.111299999999261,33.99969999999897,8.999699999998967
2026-05-15T15:18:06.663+08:00,2.5498282999999997,70,False,0.0,0.0047884033203125,9.80665,0.0,0.0,0.0,0.35695382952690125,0.7240478992462158,9.699104309082031,-0.006376426201313734,-0.0019566621631383896,0.009037417359650135,31.60970000000063,2.0841999999987593,33.879800000001126,8.879800000001126
2026-05-15T15:18:06.697+08:00,2.5838908000000007,71,False,0.0047884033203125,0.0047884033203125,9.792284790039062,0.0,0.0,0.0,0.3607732951641083,0.7381620407104492,9.679862976074219,-0.006412909831851721,-0.0020265369676053524,0.009437602013349533,31.66440000000037,2.140399999998266,34.00359999999836,9.003599999998357
2026-05-15T15:18:06.731+08:00,2.6176940999999996,72,False,0.0047884033203125,0.009576806640625,9.797073193359374,0.0,0.0,0.0,0.36327242851257324,0.7247569561004639,9.686235427856445,-0.007262806408107281,-0.0023843515664339066,0.009281488135457039,31.623899999999594,1.8683999999993262,33.686200000001776,8.686200000001776
2026-05-15T15:18:06.765+08:00,2.6515784,73,False,0.0047884033203125,0.0047884033203125,9.811438403320311,0.0,0.0,0.0,0.36217746138572693,0.7295548915863037,9.697509765625,-0.006708138156682253,-0.002430441789329052,0.009097669273614883,31.673100000002563,1.9726000000019894,33.826799999999935,8.826799999999935
2026-05-15T15:18:06.798+08:00,2.685792900000001,74,False,0.0,0.0047884033203125,9.80665,0.0,0.0,0.0,0.3587659001350403,0.7207481861114502,9.698772430419922,-0.006638428196310997,-0.0021835649386048317,0.009176204912364483,31.733299999999076,2.248400000002704,34.1520000000024,9.152000000002403
2026-05-15T15:18:06.833+08:00,2.7197343000000007,75,False,0.0,0.0143652099609375,9.801861596679688,0.0,0.0,0.0,0.3566311299800873,0.7438390254974365,9.689249038696289,-0.007904358208179474,-0.002454696223139763,0.009576822631061077,31.651899999999955,2.0489000000019075,33.883199999998226,8.883199999998226
2026-05-15T15:18:06.867+08:00,2.753522200000001,76,False,0.0,0.009576806640625,9.80665,0.0,0.0,0.0,0.35849684476852417,0.7208919525146484,9.697439193725586,-0.007088885176926851,-0.002259773202240467,0.009014558978378773,31.656000000001683,1.8915000000028215,33.72889999999984,8.72889999999984
2026-05-15T15:18:06.900+08:00,2.7875213,77,False,0.0047884033203125,0.0047884033203125,9.80665,0.0,0.0,0.0,0.36217746138572693,0.7257206439971924,9.695276260375977,-0.006149440072476864,-0.00203796848654747,0.009010921232402325,31.674699999999945,2.0759000000012406,33.93919999999895,8.939199999998948
2026-05-15T15:18:06.935+08:00,2.8214351000000004,78,False,0.0,0.009576806640625,9.797073193359374,0.0,0.0,0.0,0.3588988780975342,0.7240102291107178,9.68911361694336,-0.007306525018066168,-0.0021694889292120934,0.009388729929924011,31.61929999999913,2.0071000000001504,33.83850000000166,8.838500000001659
2026-05-15T15:18:06.968+08:00,2.8555015999999984,79,False,0.0,0.0047884033203125,9.80665,0.0,0.0,0.0,0.35751616954803467,0.7292721271514893,9.693490028381348,-0.006653181277215481,-0.002578247804194689,0.00920962542295456,31.66919999999962,2.1492999999992435,34.00249999999971,9.002499999999714
2026-05-15T15:18:07.003+08:00,2.8896888,80,False,0.0,0.0047884033203125,9.80665,0.0,0.0,0.0,0.3583056330680847,0.7175545692443848,9.698070526123047,-0.006690037902444601,-0.0020774821750819683,0.008957664482295513,31.588800000001527,2.21390000000099,33.99160000000023,8.991600000000233
2026-05-15T15:18:07.037+08:00,2.9235331999999996,81,False,0.0,0.0047884033203125,9.801861596679688,0.0,0.0,0.0,0.3580003082752228,0.7218539714813232,9.693014144897461,-0.007055259775370359,-0.0022435225546360016,0.009315167553722858,31.644499999998743,1.9583999999994717,33.778999999999115,8.778999999999115
2026-05-15T15:18:07.070+08:00,2.9573227000000006,82,False,0.009576806640625,0.0047884033203125,9.816226806640625,0.0,0.0,0.0,0.3663386404514313,0.7213268280029297,9.704166412353516,-0.007012416608631611,-0.0024198805913329124,0.009042663499712944,31.5909000000012,1.9632999999998901,33.72990000000087,8.729900000000868
2026-05-15T15:18:07.104+08:00,2.991256599999998,83,False,0.009576806640625,0.009576806640625,9.80665,0.0,0.0,0.0,0.36764636635780334,0.7274701595306396,9.697139739990234,-0.007068944163620472,-0.0019629430025815964,0.009156592190265656,31.576600000001065,2.114300000002345,33.87650000000164,8.876500000001641
2026-05-15T15:18:07.138+08:00,3.026303699999998,84,False,0.0047884033203125,0.0,9.797073193359374,0.0,0.0,0.0,0.36267322301864624,0.7138805389404297,9.691160202026367,-0.006816893815994263,-0.0024637263268232346,0.009400802664458752,31.63729999999987,3.096499999998059,34.97920000000221,9.979200000002209
2026-05-15T15:18:07.173+08:00,3.0605211999999984,85,False,0.0047884033203125,0.009576806640625,9.811438403320311,0.0,0.0,0.0,0.36318719387054443,0.7246534824371338,9.698311805725098,-0.0073909880593419075,-0.0026208064518868923,0.009140755981206894,31.68669999999807,2.2401999999992483,34.1427000000003,9.142700000000303
2026-05-15T15:18:07.208+08:00,3.094205099999998,86,False,0.0047884033203125,0.0047884033203125,9.801861596679688,0.0,0.0,0.0,0.36190128326416016,0.7239077091217041,9.694923400878906,-0.0071638221852481365,-0.0018118140287697315,0.009098459035158157,31.582999999997696,1.851500000000783,33.60920000000078,8.609200000000783
2026-05-15T15:18:07.241+08:00,3.128255600000001,87,False,0.0,0.0047884033203125,9.811438403320311,0.0,0.0,0.0,0.35948002338409424,0.7188644409179688,9.699312210083008,-0.006902077700942755,-0.0025980654172599316,0.009161033667623997,31.74680000000052,2.0614999999999384,33.986599999998646,8.986599999998646
2026-05-15T15:18:07.275+08:00,3.1622949999999985,88,False,0.0,0.0047884033203125,9.801861596679688,0.0,0.0,0.0,0.3579402267932892,0.7188620567321777,9.695720672607422,-0.006597708910703659,-0.002038037870079279,0.009077510796487331,31.607599999997404,2.1942999999993162,33.97760000000005,8.977600000000052
2026-05-15T15:18:07.309+08:00,3.1964565999999994,89,False,0.0,0.009576806640625,9.80665,0.0,0.0,0.0,0.3581358790397644,0.7223570346832275,9.696046829223633,-0.008098568767309189,-0.002393451053649187,0.00938082579523325,31.705399999999884,2.217600000001596,34.10310000000294,9.10310000000294
2026-05-15T15:18:07.343+08:00,3.2303219999999992,90,False,0.0,0.0047884033203125,9.801861596679688,0.0,0.0,0.0,0.35821399092674255,0.7214386463165283,9.694534301757812,-0.006443960592150688,-0.0020673032850027084,0.008931518532335758,31.510799999999506,2.1310999999997193,33.80860000000041,8.80860000000041
2026-05-15T15:18:07.377+08:00,3.266520599999998,91,False,0.0047884033203125,0.009576806640625,9.80665,0.0,0.0,0.0,0.36196863651275635,0.7236571311950684,9.695945739746094,-0.007458908949047327,-0.00242814514786005,0.009240051731467247,31.86420000000112,3.9383000000015045,36.14070000000069,11.140700000000692
2026-05-15T15:18:07.413+08:00,3.3008681999999983,92,False,0.0047884033203125,0.009576806640625,9.80665,0.0,0.0,0.0,0.36333128809928894,0.7200839519500732,9.698020935058594,-0.007020462770015001,-0.0020347493700683117,0.009010054171085358,31.800799999999185,2.1996999999984723,34.21519999999845,9.215199999998447
2026-05-15T15:18:07.448+08:00,3.3347356,93,False,0.0047884033203125,0.0143652099609375,9.80665,0.0,0.0,0.0,0.36242637038230896,0.7248513698577881,9.697687149047852,-0.007760561071336269,-0.00248519703745842,0.009244080632925034,31.62370000000081,1.9362999999970043,33.75580000000156,8.755800000001557
2026-05-15T15:18:07.482+08:00,3.368931299999998,94,False,0.0,0.0047884033203125,9.797073193359374,0.0,0.0,0.0,0.35849884152412415,0.7206735610961914,9.690557479858398,-0.006213975138962269,-0.0021114973351359367,0.009111854247748852,31.762300000000465,2.1583000000013897,34.12559999999942,9.125599999999423
2026-05-15T15:18:07.516+08:00,3.402597899999998,95,False,0.0,0.0047884033203125,9.811438403320311,0.0,0.0,0.0,0.3590640425682068,0.7165093421936035,9.700103759765625,-0.006748522166162729,-0.0024866065941751003,0.009032619185745716,31.558800000002663,1.8592000000019482,33.607299999999896,8.607299999999896
2026-05-15T15:18:07.549+08:00,3.4364960999999976,96,False,0.0,0.0047884033203125,9.811438403320311,0.0,0.0,0.0,0.35837385058403015,0.7189586162567139,9.703815460205078,-0.00688175018876791,-0.0019785501062870026,0.008905358612537384,31.638799999999634,1.9871999999985235,33.82750000000101,8.82750000000101
2026-05-15T15:18:07.584+08:00,3.470373699999998,97,False,0.0047884033203125,0.0143652099609375,9.80665,0.0,0.0,0.0,0.3619617819786072,0.7199413776397705,9.698796272277832,-0.008373740129172802,-0.002384925726801157,0.00941096618771553,31.72490000000039,1.8928000000002498,33.80690000000186,8.80690000000186
2026-05-15T15:18:07.617+08:00,3.5045702999999992,98,False,0.0,0.0047884033203125,9.80665,0.0,0.0,0.0,0.35939568281173706,0.7178516387939453,9.698648452758789,-0.0064422357827425,-0.002207871526479721,0.008950334042310715,31.783300000000736,2.15040000000144,34.12959999999998,9.129599999999982
2026-05-15T15:18:07.651+08:00,3.538449299999998,99,False,0.009576806640625,0.0047884033203125,9.80665,0.0,0.0,0.0,0.3657408058643341,0.7229404449462891,9.696752548217773,-0.0069235507398843765,-0.002162146382033825,0.009184570051729679,31.682899999999847,1.9586999999994248,33.81650000000036,8.81650000000036
2026-05-15T15:18:07.685+08:00,3.5726959999999988,100,False,0.0047884033203125,0.009576806640625,9.797073193359374,0.0,0.0,0.0,0.3640086054801941,0.7222070693969727,9.689718246459961,-0.007531721610575914,-0.002005605958402157,0.009270519949495792,31.618500000000438,2.335800000000887,34.185899999997105,9.185899999997105
2026-05-15T15:18:07.719+08:00,3.6068054000000007,101,False,0.0047884033203125,0.0047884033203125,9.80665,0.0,0.0,0.0,0.36277225613594055,0.7158279418945312,9.696884155273438,-0.006971594877541065,-0.0026041031815111637,0.009143260307610035,31.857800000000935,1.9972999999993135,34.03420000000068,9.03420000000068
2026-05-15T15:18:07.754+08:00,3.6409953999999995,102,False,0.0047884033203125,0.0143652099609375,9.811438403320311,0.0,0.0,0.0,0.3630252480506897,0.7233383655548096,9.701177597045898,-0.00753630418330431,-0.0021857572719454765,0.009038983844220638,31.67169999999686,2.2674000000009187,34.12749999999676,9.127499999996758
2026-05-15T15:18:07.788+08:00,3.6751609,103,False,0.0,0.0047884033203125,9.801861596679688,0.0,0.0,0.0,0.35816311836242676,0.7264633178710938,9.694934844970703,-0.006925610359758139,-0.002060656901448965,0.009295379742980003,31.630000000003378,2.2634999999979755,34.08900000000159,9.08900000000159
2026-05-15T15:18:07.821+08:00,3.709309899999999,104,False,0.0,0.0047884033203125,9.80665,0.0,0.0,0.0,0.35821571946144104,0.7226245403289795,9.69569206237793,-0.006731941364705563,-0.0023967567831277847,0.00914081186056137,31.581400000000315,2.3119999999998697,34.08639999999963,9.086399999999628
2026-05-15T15:18:07.856+08:00,3.7432169999999996,105,False,0.0,0.009576806640625,9.80665,0.0,0.0,0.0,0.35905760526657104,0.7175416946411133,9.699237823486328,-0.007267093285918236,-0.002051331102848053,0.009017580188810825,31.709700000000396,1.9582000000006872,33.848599999998896,8.848599999998896
2026-05-15T15:18:07.890+08:00,3.777110800000001,106,False,0.0047884033203125,0.0143652099609375,9.80665,0.0,0.0,0.0,0.361561119556427,0.7266082763671875,9.696598052978516,-0.00811464712023735,-0.002268959768116474,0.009340760298073292,31.61039999999815,2.0468999999998516,33.83480000000105,8.834800000001053
2026-05-15T15:18:07.924+08:00,3.811648,107,False,0.0047884033203125,0.009576806640625,9.797073193359374,0.0,0.0,0.0,0.3625043034553528,0.7275979518890381,9.689277648925781,-0.006487357430160046,-0.0020600133575499058,0.009071907959878445,31.723700000000576,2.563299999998492,34.4754000000016,9.4754000000016
2026-05-15T15:18:07.958+08:00,3.846699299999999,108,False,0.0047884033203125,0.0143652099609375,9.80665,0.0,0.0,0.0,0.3626496195793152,0.7327804565429688,9.693256378173828,-0.007226773537695408,-0.0024680066853761673,0.009257090277969837,31.601200000000773,3.164699999999243,34.97949999999861,9.979499999998609
2026-05-15T15:18:07.993+08:00,3.8805767999999983,109,False,0.0,0.0,9.80665,0.0,0.0,0.0,0.35909518599510193,0.7134640216827393,9.700477600097656,-0.006006029434502125,-0.0019908337853848934,0.008828305639326572,31.650700000000143,1.961300000001387,33.80449999999868,8.804499999998683
2026-05-15T15:18:08.028+08:00,3.9144962000000003,110,False,0.0,0.0047884033203125,9.801861596679688,0.0,0.0,0.0,0.3575814366340637,0.7238152027130127,9.692346572875977,-0.0071119931526482105,-0.0023438110947608948,0.009461292065680027,31.58239999999779,2.1003000000021643,33.85929999999959,8.859299999999593
2026-05-15T15:18:08.061+08:00,3.9484392999999987,111,False,0.0,0.0,9.811438403320311,0.0,0.0,0.0,0.3588821291923523,0.7156307697296143,9.701970100402832,-0.006455392111092806,-0.002280930522829294,0.008944954723119736,31.604099999999136,2.086999999999506,33.88400000000047,8.88400000000047
2026-05-15T15:18:08.095+08:00,3.9824198000000006,112,False,0.0,0.0,9.801861596679688,0.0,0.0,0.0,0.3572064936161041,0.7260451316833496,9.692399978637695,-0.006909055169671774,-0.0020080418325960636,0.009357736445963383,31.79789999999727,1.9540999999989594,33.92210000000162,8.92210000000162
2026-05-15T15:18:08.129+08:00,4.017091199999998,113,False,0.0047884033203125,0.009576806640625,9.797073193359374,0.0,0.0,0.0,0.3620406687259674,0.7192602157592773,9.6896390914917,-0.007943300530314445,-0.0023693707771599293,0.009365969337522984,31.842600000000942,2.508399999999966,34.60989999999953,9.609899999999527
2026-05-15T15:18:08.164+08:00,4.051437899999998,114,False,0.0,0.0,9.80665,0.0,0.0,0.0,0.35884878039360046,0.7251608371734619,9.694478988647461,-0.006620508152991533,-0.0021699238568544388,0.009154954925179482,31.715099999999552,2.341600000001165,34.27000000000291,9.27000000000291
2026-05-15T15:18:08.198+08:00,4.085417699999999,115,False,0.0047884033203125,0.009576806640625,9.80665,0.0,0.0,0.0,0.3614855408668518,0.7279605865478516,9.696247100830078,-0.007378655485808849,-0.0023460732772946358,0.009281950071454048,31.695400000000262,2.0317999999974745,33.916200000000174,8.916200000000174
2026-05-15T15:18:08.231+08:00,4.1198150999999985,116,False,0.0,0.009576806640625,9.801861596679688,0.0,0.0,0.0,0.35827508568763733,0.7343378067016602,9.69146728515625,-0.007463234476745129,-0.0020796568132936954,0.00933438166975975,31.731599999996973,2.385500000002594,34.33430000000115,9.33430000000115
2026-05-15T15:18:08.267+08:00,4.153698999999998,117,False,0.0,0.009576806640625,9.801861596679688,0.0,0.0,0.0,0.35777559876441956,0.7235090732574463,9.692299842834473,-0.007214015815407038,-0.0023456383496522903,0.009250474162399769,31.704399999998856,1.9361999999993884,33.817200000001435,8.817200000001435
2026-05-15T15:18:08.301+08:00,4.188331700000001,118,False,0.0047884033203125,0.0143652099609375,9.80665,0.0,0.0,0.0,0.3618333041667938,0.7359480857849121,9.694696426391602,-0.00728980265557766,-0.0021639387123286724,0.009086288511753082,31.699700000000774,2.4578999999995688,34.569300000001135,9.569300000001135
2026-05-15T15:18:08.335+08:00,4.221997399999998,119,False,0.0047884033203125,0.0047884033203125,9.80665,0.0,0.0,0.0,0.36258095502853394,0.7298991680145264,9.69580078125,-0.006397474557161331,-0.0019540521316230297,0.009196307510137558,31.60320000000283,1.8031000000000574,33.58270000000019,8.582700000000187
2026-05-15T15:18:08.369+08:00,4.256027899999998,120,False,0.0047884033203125,0.009576806640625,9.797073193359374,0.0,0.0,0.0,0.3617733418941498,0.7335340976715088,9.686762809753418,-0.0068597751669585705,-0.002347273752093315,0.00939958542585373,31.65389999999846,2.05659999999952,33.89400000000009,8.89400000000009
2026-05-15T15:18:08.403+08:00,4.289768999999998,121,False,0.0,0.0047884033203125,9.801861596679688,0.0,0.0,0.0,0.3588922619819641,0.7215986251831055,9.692075729370117,-0.006629751063883305,-0.002335859928280115,0.009125612676143646,31.494200000000916,2.004599999999357,33.675699999999864,8.675699999999864
2026-05-15T15:18:08.436+08:00,4.323915399999999,122,False,0.0,0.0,9.80665,0.0,0.0,0.0,0.35762447118759155,0.724285364151001,9.694974899291992,-0.006401001941412687,-0.0021357517689466476,0.009079454466700554,31.77429999999859,2.1262000000028536,34.08839999999813,9.088399999998131
2026-05-15T15:18:08.470+08:00,4.3578837,123,False,0.0,0.009576806640625,9.80665,0.0,0.0,0.0,0.35779058933258057,0.7324719429016113,9.695564270019531,-0.007499833591282368,-0.00222664512693882,0.009281432256102562,31.69809999999984,2.021700000000237,33.90149999999892,8.901499999998919
2026-05-15T15:18:08.505+08:00,4.391756199999998,124,False,0.0,0.0143652099609375,9.801861596679688,0.0,0.0,0.0,0.3572312295436859,0.7355647087097168,9.690899848937988,-0.007863497361540794,-0.0022193724289536476,0.009419247508049011,31.676499999999663,1.9567000000009216,33.8093999999991,8.809399999999101
2026-05-15T15:18:08.539+08:00,4.4266214,125,False,0.0,0.009576806640625,9.801861596679688,0.0,0.0,0.0,0.3581334352493286,0.7209134101867676,9.692874908447266,-0.006776921451091766,-0.0022524306550621986,0.009007256478071213,31.767099999999715,2.817499999999029,34.80140000000276,9.801400000002758
2026-05-15T15:18:08.574+08:00,4.4611779999999985,126,False,0.009576806640625,0.0143652099609375,9.811438403320311,0.0,0.0,0.0,0.36607825756073,0.7367641925811768,9.69774055480957,-0.006952799391001463,-0.00227986928075552,0.009118820540606976,31.7452999999972,2.481400000000633,34.4616000000002,9.461600000000203
2026-05-15T15:18:08.608+08:00,4.4964435,127,False,0.0,0.0047884033203125,9.797073193359374,0.0,0.0,0.0,0.35876190662384033,0.7284729480743408,9.689250946044922,-0.006650516297668219,-0.0019652224145829678,0.009309676475822926,31.86510000000098,3.03740000000019,35.175499999997584,10.175499999997584
2026-05-15T15:18:08.643+08:00,4.5304661,128,False,0.0047884033203125,0.0,9.80665,0.0,0.0,0.0,0.3615366518497467,0.7268955707550049,9.692598342895508,-0.0062284707091748714,-0.0026039290241897106,0.00922504160553217,31.64379999999767,2.0763000000023624,33.92889999999937,8.928899999999373
2026-05-15T15:18:08.677+08:00,4.564710400000001,129,False,0.0,0.009576806640625,9.80665,0.0,0.0,0.0,0.3597570061683655,0.719667911529541,9.697988510131836,-0.007514188066124916,-0.001975748687982559,0.00909250695258379,31.63680000000113,2.2884000000011895,34.18779999999799,9.187799999997992
2026-05-15T15:18:08.711+08:00,4.600706799999999,130,False,0.0,0.009576806640625,9.80665,0.0,0.0,0.0,0.3569129407405853,0.7323799133300781,9.69521713256836,-0.007745975628495216,-0.0024078404530882835,0.009448856115341187,31.77919999999901,3.6629999999995277,35.90979999999888,10.909799999998882
2026-05-15T15:18:08.748+08:00,4.634956900000001,131,False,0.0047884033203125,0.0047884033203125,9.80665,0.0,0.0,0.0,0.36184433102607727,0.7256872653961182,9.696451187133789,-0.006401992868632078,-0.0021125413477420807,0.008946136571466923,31.72659999999894,2.0941999999983807,34.084,9.084000000000003
2026-05-15T15:18:08.781+08:00,4.670541899999998,132,False,0.0047884033203125,0.009576806640625,9.792284790039062,0.0,0.0,0.0,0.36237168312072754,0.7351083755493164,9.681652069091797,-0.006944663356989622,-0.0019481536000967026,0.009519935585558414,31.738599999997064,3.497700000000492,35.50949999999986,10.50949999999986
2026-05-15T15:18:08.818+08:00,4.705143299999998,133,False,0.0047884033203125,0.0047884033203125,9.80665,0.0,0.0,0.0,0.3630478084087372,0.7155067920684814,9.69554328918457,-0.0068443529307842255,-0.0026181964203715324,0.00906977429986,31.798300000001944,2.4718000000021334,34.51439999999906,9.514399999999057
2026-05-15T15:18:08.851+08:00,4.740355499999998,134,False,0.0047884033203125,0.0047884033203125,9.811438403320311,0.0,0.0,0.0,0.3625645339488983,0.7285776138305664,9.699747085571289,-0.006493948400020599,-0.0021015102975070477,0.00901367049664259,31.82690000000221,2.973499999999518,35.11660000000205,10.116600000002052
2026-05-15T15:18:08.887+08:00,4.7749513,135,False,0.0,0.0047884033203125,9.811438403320311,0.0,0.0,0.0,0.35874271392822266,0.7199952602386475,9.702261924743652,-0.007147099357098341,-0.002342802006751299,0.00925734918564558,31.812300000002125,2.3286999999996283,34.492199999998974,9.492199999998974
2026-05-15T15:18:08.921+08:00,4.809108099999998,136,False,0.0,0.009576806640625,9.801861596679688,0.0,0.0,0.0,0.35696086287498474,0.7357480525970459,9.691518783569336,-0.007441426627337933,-0.00230560265481472,0.009434978477656841,31.61590000000203,2.2394999999981735,34.07669999999996,9.07669999999996
2026-05-15T15:18:08.956+08:00,4.8435663999999985,137,False,0.0,0.009576806640625,9.80665,0.0,0.0,0.0,0.35891491174697876,0.7161824703216553,9.698135375976562,-0.007252546492964029,-0.002370484173297882,0.009039942175149918,31.7879000000012,2.3400999999978467,34.38599999999781,9.385999999997807
2026-05-15T15:18:08.991+08:00,4.878404699999999,138,False,0.0,0.0,9.801861596679688,0.0,0.0,0.0,0.3577779233455658,0.7244892120361328,9.692230224609375,-0.006010573823004961,-0.0019170441664755344,0.009074096567928791,31.803499999998763,2.5015999999986605,34.77350000000001,9.773500000000013
2026-05-15T15:18:09.025+08:00,4.9143563,139,False,0.0047884033203125,0.0143652099609375,9.801861596679688,0.0,0.0,0.0,0.3621232807636261,0.7255063056945801,9.692001342773438,-0.00804520770907402,-0.002460211981087923,0.009399005211889744,31.765899999999903,3.6650999999991996,35.83099999999817,10.83099999999817
2026-05-15T15:18:09.061+08:00,4.9514847,140,False,0.0047884033203125,0.0047884033203125,9.80665,0.0,0.0,0.0,0.361901193857193,0.7354445457458496,9.694183349609375,-0.0069166505709290504,-0.002161102369427681,0.009266261011362076,31.82609999999997,4.921199999998294,37.035799999998176,12.035799999998176
2026-05-15T15:18:09.098+08:00,4.9870316,141,False,0.0,0.0,9.797073193359374,0.0,0.0,0.0,0.35886329412460327,0.7112371921539307,9.690546035766602,-0.00631612678989768,-0.0021379790268838406,0.009207163006067276,31.8448999999994,3.3095000000002983,35.45369999999792,10.453699999997923
2026-05-15T15:18:09.134+08:00,5.024598799999998,142,False,0.0,0.0143652099609375,9.801861596679688,0.0,0.0,0.0,0.3577701151371002,0.737027645111084,9.689685821533203,-0.008110862225294113,-0.0025195428170263767,0.009491621516644955,32.12869999999768,4.657200000000472,37.403000000001185,12.403000000001185
2026-05-15T15:18:09.171+08:00,5.059049199999999,143,False,0.0047884033203125,0.009576806640625,9.801861596679688,0.0,0.0,0.0,0.3611443340778351,0.7302820682525635,9.692300796508789,-0.007708397693932056,-0.001997341401875019,0.00928183738142252,31.723400000000623,2.3319999999991126,34.3486999999989,9.3486999999989
2026-05-15T15:18:09.206+08:00,5.0931750000000005,144,False,0.0047884033203125,0.0047884033203125,9.80665,0.0,0.0,0.0,0.36313027143478394,0.7313182353973389,9.693107604980469,-0.005915219429880381,-0.002130636479705572,0.008994106203317642,31.70379999999895,2.0820999999990875,34.0455999999989,9.045599999998899
2026-05-15T15:18:09.240+08:00,5.1283563999999995,145,False,0.0047884033203125,0.009576806640625,9.816226806640625,0.0,0.0,0.0,0.36332398653030396,0.7277591228485107,9.704938888549805,-0.007048977538943291,-0.0022850194945931435,0.009151569567620754,31.795999999999935,3.04919999999953,35.10289999999827,10.102899999998272
2026-05-15T15:18:09.275+08:00,5.163473099999999,146,False,0.0,0.0047884033203125,9.801861596679688,0.0,0.0,0.0,0.35763028264045715,0.7278347015380859,9.69387149810791,-0.0070664468221366405,-0.0020821448415517807,0.0094175199046731,31.764200000001352,2.9654999999984,35.01310000000046,10.013100000000463
2026-05-15T15:18:09.311+08:00,5.1984884000000005,147,False,0.0,0.0047884033203125,9.801861596679688,0.0,0.0,0.0,0.35792088508605957,0.7251226902008057,9.691472053527832,-0.006820549722760916,-0.0024612555280327797,0.009235560894012451,31.869199999999154,2.6238999999996793,34.919699999999665,9.919699999999665
2026-05-15T15:18:09.346+08:00,5.233049899999999,148,False,0.0,0.009576806640625,9.801861596679688,0.0,0.0,0.0,0.35776665806770325,0.7342288494110107,9.689972877502441,-0.007215213030576706,-0.002082719001919031,0.00921232532709837,31.660999999999717,2.5109000000007597,34.41959999999966,9.419599999999662
2026-05-15T15:18:09.380+08:00,5.2680281,149,False,0.0,0.0047884033203125,9.801861596679688,0.0,0.0,0.0,0.3574523627758026,0.7254388332366943,9.691906929016113,-0.00694045377895236,-0.002172133419662714,0.00922504160553217,31.649699999999115,3.01239999999936,34.909599999998875,9.909599999998875
2026-05-15T15:18:09.415+08:00,5.302027300000001,150,False,0.0,0.0143652099609375,9.80665,0.0,0.0,0.0,0.3580988943576813,0.732255220413208,9.694755554199219,-0.007424420677125454,-0.0024030031636357307,0.009203959256410599,31.619600000002634,2.0412999999983583,33.90200000000121,8.902000000001209
2026-05-15T15:18:09.448+08:00,5.3365266999999985,151,False,0.0047884033203125,0.009576806640625,9.80665,0.0,0.0,0.0,0.3615120053291321,0.7288298606872559,9.697505950927734,-0.007101243827491999,-0.002132063265889883,0.009166349656879902,31.777200000000505,2.3970999999995968,34.4294000000005,9.429400000000498
2026-05-15T15:18:09.483+08:00,5.3711176,152,False,0.009576806640625,0.009576806640625,9.797073193359374,0.0,0.0,0.0,0.3658483326435089,0.7346498966217041,9.685831069946289,-0.0067922924645245075,-0.0020962730050086975,0.009321553632616997,31.80809999999923,2.480000000002036,34.523300000000035,9.523300000000035
2026-05-15T15:18:09.518+08:00,5.4057239999999975,153,False,0.0047884033203125,0.009576806640625,9.792284790039062,0.0,0.0,0.0,0.36324822902679443,0.729093074798584,9.68327522277832,-0.00681138364598155,-0.00232167961075902,0.009282607585191727,31.616299999999598,2.6983999999998787,34.53500000000176,9.535000000001759
2026-05-15T15:18:09.553+08:00,5.4410308999999994,154,False,0.0047884033203125,0.0047884033203125,9.811438403320311,0.0,0.0,0.0,0.36275342106819153,0.7234206199645996,9.697761535644531,-0.006605471950024366,-0.0025425273925065994,0.009082147851586342,31.85240000000178,3.0503000000017266,35.222900000000834,10.222900000000834
2026-05-15T15:18:09.588+08:00,5.475617999999999,155,False,0.0047884033203125,0.0047884033203125,9.801861596679688,0.0,0.0,0.0,0.3622402846813202,0.724066972732544,9.69440746307373,-0.006583483889698982,-0.0019353656098246574,0.009100180119276047,31.65880000000243,2.60160000000198,34.49629999999715,9.496299999997149
2026-05-15T15:18:09.621+08:00,5.5104479999999985,156,False,0.0,0.0047884033203125,9.811438403320311,0.0,0.0,0.0,0.3587798774242401,0.7274036407470703,9.698471069335938,-0.007001461461186409,-0.0025644153356552124,0.009285020641982555,31.71520000000072,2.7724999999989564,34.74560000000082,9.74560000000082
2026-05-15T15:18:09.657+08:00,5.545822899999999,157,False,0.009576806640625,0.0143652099609375,9.80665,0.0,0.0,0.0,0.3650442063808441,0.7325730323791504,9.696352005004883,-0.00772245554253459,-0.0021250685676932335,0.00919916108250618,31.74139999999781,3.294000000000352,35.300799999998134,10.300799999998134
2026-05-15T15:18:09.693+08:00,5.580518199999998,158,False,0.0,0.0047884033203125,9.816226806640625,0.0,0.0,0.0,0.3607611060142517,0.7206695079803467,9.705240249633789,-0.006583046168088913,-0.0023847343400120735,0.009041578508913517,31.736099999999823,2.6251999999971076,34.58700000000192,9.587000000001922
2026-05-15T15:18:09.727+08:00,5.615647300000001,159,False,0.0047884033203125,0.0047884033203125,9.80665,0.0,0.0,0.0,0.3609274625778198,0.7307331562042236,9.69675064086914,-0.006700736004859209,-0.002198493108153343,0.009369061328470707,31.774300000002142,2.939399999998926,35.045199999999,10.045199999999
2026-05-15T15:18:09.763+08:00,5.6539877,160,False,0.0,0.0047884033203125,9.80665,0.0,0.0,0.0,0.3591904044151306,0.7228002548217773,9.696544647216797,-0.007270968519151211,-0.002238476648926735,0.009217185899615288,31.729000000002117,6.033099999999791,38.13350000000071,13.133500000000708
2026-05-15T15:18:09.801+08:00,5.6919877,161,False,0.0143652099609375,0.009576806640625,9.797073193359374,0.0,0.0,0.0,0.3681737184524536,0.7394881248474121,9.684808731079102,-0.007423609495162964,-0.0019950270652770996,0.009484710171818733,31.844299999999492,5.632300000002033,37.87369999999868,12.873699999998678
2026-05-15T15:18:09.839+08:00,5.7280973,162,False,0.0,0.0,9.80665,0.0,0.0,0.0,0.36251676082611084,0.7125997543334961,9.695114135742188,-0.006016559898853302,-0.002330170478671789,0.008923719637095928,31.725999999999033,3.901700000000119,35.98980000000296,10.989800000002958
2026-05-15T15:18:09.875+08:00,5.764648199999998,163,False,0.0,0.009576806640625,9.801861596679688,0.0,0.0,0.0,0.35547110438346863,0.7524192333221436,9.687742233276367,-0.007391155697405338,-0.002615499310195446,0.00972312968224287,31.796899999999795,4.3230999999970265,36.43539999999845,11.435399999998452
2026-05-15T15:18:09.911+08:00,5.802037699999998,164,False,0.0,0.009576806640625,9.80665,0.0,0.0,0.0,0.3578455448150635,0.7240841388702393,9.696922302246094,-0.007830258458852768,-0.0022541009820997715,0.00921647995710373,31.735600000001085,5.1704999999984125,37.27540000000218,12.275400000002179
2026-05-15T15:18:09.949+08:00,5.837648799999998,165,False,0.0143652099609375,0.009576806640625,9.80665,0.0,0.0,0.0,0.3689088523387909,0.7501499652862549,9.690629959106445,-0.0066560907289385796,-0.0017788596451282501,0.009320434182882309,31.89530000000218,3.1882999999979234,35.48839999999842,10.488399999998421
2026-05-15T15:18:09.985+08:00,5.873319999999998,166,False,0.0,0.0,9.80665,0.004261057744126781,0.0,0.0,0.3615204691886902,0.7212753295898438,9.698301315307617,-0.003793240524828434,-0.002263653092086315,0.008991601876914501,31.7783000000027,3.403500000001003,35.552599999999046,10.552599999999046
2026-05-15T15:18:10.020+08:00,5.9085856,167,False,-0.0143652099609375,0.01915361328125,9.787496386718749,0.012783173232380344,0.003195793308095086,0.09587379924285258,0.33979499340057373,0.8176784515380859,9.65538215637207,0.0016949959099292755,0.0012561548501253128,0.08418121188879013,31.62709999999791,3.2077999999984286,35.18380000000221,10.183800000002208
2026-05-15T15:18:10.056+08:00,5.9431122,168,False,0.076614453125,0.028730419921875,9.782707983398437,-0.0010652644360316954,0.0010652644360316954,0.07030745277809189,0.3996213972568512,0.7398390769958496,9.652541160583496,-0.002288011834025383,0.006565118208527565,0.09412559121847153,31.746099999999444,2.3371000000018682,34.391400000000516,9.391400000000516
2026-05-15T15:18:10.090+08:00,5.9827794,169,False,0.0,0.0047884033203125,9.811438403320311,-0.003195793308095086,0.0,0.01171790879634865,0.40531978011131287,0.6372733116149902,9.69848346710205,-0.004922287538647652,-0.007769416086375713,0.031141959130764008,31.831499999999124,7.355699999997967,39.56739999999925,14.567399999999253
2026-05-15T15:18:10.130+08:00,6.017462999999998,170,False,0.0,0.0047884033203125,9.816226806640625,0.0010652644360316954,0.0,0.010652644360316953,0.356535404920578,0.6433387994766235,9.714826583862305,-0.008535202592611313,-0.007709319703280926,0.016569795086979866,31.7797000000013,2.453100000000319,34.57159999999959,9.571599999999592
2026-05-15T15:18:10.165+08:00,6.0524185,171,False,0.009576806640625,0.01915361328125,9.792284790039062,0.0,0.0,0.005326322180158476,0.36795923113822937,0.7475907802581787,9.668071746826172,-0.007268161978572607,0.00025165965780615807,0.015427159145474434,31.785500000001576,2.8152999999981887,34.87310000000221,9.87310000000221
2026-05-15T15:18:10.199+08:00,6.0868497,172,False,0.01915361328125,0.01915361328125,9.811438403320311,-0.0010652644360316954,0.0,0.005326322180158476,0.38078415393829346,0.6628913879394531,9.708215713500977,-0.005998842418193817,-0.002251978497952223,0.012861574068665504,31.685299999999472,2.4502999999995723,34.36939999999922,9.369399999999217
2026-05-15T15:18:10.234+08:00,6.122447499999998,173,False,0.0,0.0047884033203125,9.797073193359374,0.0,0.0,0.004261057744126781,0.3614480793476105,0.749812126159668,9.682677268981934,-0.004289615899324417,-0.0017848103307187557,0.012808553874492645,31.728999999998564,3.403899999998572,35.52230000000023,10.522300000000229
2026-05-15T15:18:10.269+08:00,6.1569415,174,False,0.0047884033203125,0.0143652099609375,9.811438403320311,0.0,0.0,0.0021305288720633907,0.36813271045684814,0.6694798469543457,9.708724975585938,-0.007089490536600351,-0.002978759817779064,0.011010103859007359,31.69160000000204,2.4917000000002076,34.396199999999766,9.396199999999766
2026-05-15T15:18:10.304+08:00,6.192010299999998,175,False,0.0,0.0047884033203125,9.80665,0.0,0.0,0.003195793308095086,0.3599422872066498,0.7304637432098389,9.69234848022461,-0.005627393256872892,-0.0014964709989726543,0.011033831164240837,31.783699999998305,2.887499999999932,35.001199999999955,10.001199999999955
2026-05-15T15:18:10.339+08:00,6.2268664000000005,176,False,0.0,0.009576806640625,9.801861596679688,0.0,-0.0010652644360316954,0.003195793308095086,0.3655736446380615,0.6479668617248535,9.711002349853516,-0.0066611371003091335,-0.0033392435871064663,0.01150975376367569,31.755300000000375,2.6913000000021725,34.75630000000152,9.756300000001517
2026-05-15T15:18:10.373+08:00,6.261625399999998,177,False,0.0047884033203125,0.009576806640625,9.80665,0.0,0.0,0.0010652644360316954,0.36077800393104553,0.7504184246063232,9.686554908752441,-0.006261504255235195,-0.002156004309654236,0.010456533171236515,31.76859999999948,2.625699999999398,34.68939999999776,9.689399999997761
2026-05-15T15:18:10.408+08:00,6.296021099999999,178,False,0.0,0.009576806640625,9.811438403320311,0.0,0.0,0.0021305288720633907,0.3644059896469116,0.6541954278945923,9.711158752441406,-0.0066278972662985325,-0.0020625535398721695,0.010039779357612133,31.75859999999986,2.33559999999855,34.32630000000003,9.326300000000032
2026-05-15T15:18:10.443+08:00,6.331127999999998,179,False,0.0143652099609375,0.009576806640625,9.801861596679688,0.0,0.0,0.0,0.3681751787662506,0.742173433303833,9.685081481933594,-0.007268574088811874,-0.002055141609162092,0.009489537216722965,31.812599999998525,2.9895999999993705,35.03339999999966,10.03339999999966
2026-05-15T15:18:10.477+08:00,6.365461699999999,180,False,0.0,0.0047884033203125,9.80665,0.0,0.0,0.0010652644360316954,0.3666713237762451,0.6532968282699585,9.707637786865234,-0.006815786473453045,-0.002389779780060053,0.009181760251522064,31.69910000000087,2.347700000001396,34.27050000000165,9.270500000001647
2026-05-15T15:18:10.513+08:00,6.4008512,181,False,0.0,0.01915361328125,9.80665,0.0,0.0,0.0010652644360316954,0.35498714447021484,0.759641170501709,9.685749053955078,-0.007645034231245518,-0.002860079985111952,0.010632756166160107,31.64790000000295,3.320099999999826,35.28560000000169,10.285600000001693
2026-05-15T15:18:10.547+08:00,6.435405699999999,182,False,0.0047884033203125,0.0143652099609375,9.801861596679688,0.0,0.0,0.0010652644360316954,0.36427584290504456,0.6739135980606079,9.70407772064209,-0.008002248592674732,-0.0021138982847332954,0.009695327840745449,31.735199999999963,2.470699999999937,34.46419999999861,9.464199999998613
2026-05-15T15:18:10.582+08:00,6.4701735,183,False,0.0047884033203125,0.009576806640625,9.801861596679688,0.0,-0.0010652644360316954,0.0,0.3628886342048645,0.7462384700775146,9.684246063232422,-0.006222651805728674,-0.0027240258641541004,0.009352658875286579,31.651600000000002,2.757799999997701,34.68829999999912,9.688299999999117
2026-05-15T15:18:10.617+08:00,6.5047798,184,False,0.0,0.0047884033203125,9.80665,0.0,-0.0010652644360316954,0.0010652644360316954,0.3624531626701355,0.6691559553146362,9.713579177856445,-0.006689291447401047,-0.003559099743142724,0.00936457235366106,31.68229999999994,2.5394999999974743,34.500500000000045,9.500500000000045
2026-05-15T15:18:10.651+08:00,6.5399467,185,False,0.0047884033203125,0.009576806640625,9.797073193359374,0.0,0.0,0.0010652644360316954,0.3584463596343994,0.7543141841888428,9.678325653076172,-0.00718654366210103,-0.002388527151197195,0.01110872719436884,31.725099999999173,2.9496999999985007,35.04019999999741,10.040199999997412
2026-05-15T15:18:10.687+08:00,6.5741700000000005,186,False,0.009576806640625,0.0047884033203125,9.801861596679688,0.0,0.0,0.0010652644360316954,0.3693092167377472,0.6787141561508179,9.700922012329102,-0.007025599014014006,-0.002030573785305023,0.009670056402683258,31.827999999997303,2.0665000000015254,34.09740000000028,9.097400000000277
2026-05-15T15:18:10.721+08:00,6.60805,187,False,0.0047884033203125,0.0047884033203125,9.80665,0.0,0.0,0.0,0.3622668385505676,0.7501358985900879,9.686908721923828,-0.006424676161259413,-0.0020889826118946075,0.009534728713333607,31.61790000000053,2.027800000000468,33.81760000000256,8.817600000002557
2026-05-15T15:18:10.755+08:00,6.642331199999999,188,False,0.009576806640625,0.009576806640625,9.80665,0.0,0.0,0.0,0.36715346574783325,0.6946306228637695,9.705528259277344,-0.008229285478591919,-0.0022701257839798927,0.00900509487837553,31.729000000002117,2.30409999999992,34.22530000000279,9.22530000000279
2026-05-15T15:18:10.789+08:00,6.6763654999999975,189,False,0.0047884033203125,0.0,9.80665,0.0,0.0,0.0,0.3616510331630707,0.7488815784454346,9.68678092956543,-0.005961860064417124,-0.001895921304821968,0.009424367919564247,31.700099999998343,2.055800000000829,33.967399999998094,8.967399999998094
2026-05-15T15:18:10.823+08:00,6.7110629,190,False,0.0,0.0047884033203125,9.811438403320311,0.0,-0.0010652644360316954,0.0,0.36079931259155273,0.6978625059127808,9.708040237426758,-0.0072725387290120125,-0.003256441093981266,0.008973933756351471,31.70989999999918,2.6721000000016204,34.63569999999905,9.635699999999048
2026-05-15T15:18:10.858+08:00,6.7451092999999975,191,False,0.0,0.0,9.797073193359374,0.0,0.0,0.0,0.35442066192626953,0.7444517612457275,9.682889938354492,-0.006831234786659479,-0.0020773601718246937,0.009697934612631798,31.74100000000024,2.0208999999979937,33.96820000000034,8.968200000000337
2026-05-15T15:18:10.892+08:00,6.780278000000001,192,False,0.0047884033203125,0.0047884033203125,9.816226806640625,0.0,0.0,0.0,0.3639737367630005,0.6961624622344971,9.707464218139648,-0.007714190520346165,-0.002341375220566988,0.009032213129103184,31.73020000000193,3.0321000000022025,35.10520000000028,10.10520000000028
2026-05-15T15:18:10.927+08:00,6.8159849999999995,193,False,0.0047884033203125,0.009576806640625,9.80665,0.0,0.0,0.0,0.36150452494621277,0.745835542678833,9.692133903503418,-0.0069074975326657295,-0.0017178929410874844,0.009237806312739849,31.778599999999102,3.504199999998292,35.58619999999735,10.586199999997348
2026-05-15T15:18:10.963+08:00,6.8510754999999985,194,False,0.0047884033203125,0.009576806640625,9.80665,0.0,0.0,0.0,0.3627389967441559,0.7043204307556152,9.701995849609375,-0.008184678852558136,-0.0024412465281784534,0.009230581112205982,31.7419000000001,2.985100000000074,34.98749999999973,9.987499999999727
2026-05-15T15:18:10.998+08:00,6.885828299999998,195,False,0.0,0.009576806640625,9.797073193359374,0.0,0.0,0.0,0.3573974370956421,0.7430129051208496,9.682937622070312,-0.006402842700481415,-0.0020675468258559704,0.00934426486492157,31.68810000000022,2.6906999999987136,34.65270000000231,9.652700000002312
2026-05-15T15:18:11.033+08:00,6.920295699999999,196,False,0.0,0.009576806640625,9.80665,0.0,0.0,0.0,0.3585403263568878,0.7049670219421387,9.699766159057617,-0.007549190893769264,-0.002389849629253149,0.009008878841996193,31.69600000000017,2.504300000001791,34.39949999999925,9.39949999999925
2026-05-15T15:18:11.068+08:00,6.9549126999999995,197,False,0.0,0.0047884033203125,9.801861596679688,0.0,0.0,0.0,0.35680273175239563,0.7385284900665283,9.688180923461914,-0.006235744338482618,-0.0019153389148414135,0.009146190248429775,31.699499999998437,2.6288000000000977,34.55280000000016,9.552800000000161
2026-05-15T15:18:11.101+08:00,6.990197499999999,198,False,0.0,0.0,9.801861596679688,0.0,0.0,0.0,0.35865724086761475,0.699792742729187,9.69593334197998,-0.006596125662326813,-0.0021458431147038937,0.009017454460263252,31.735099999998795,3.2007000000007224,35.20190000000056,10.201900000000563
2026-05-15T15:18:11.137+08:00,7.0271797,199,False,0.0,0.009576806640625,9.797073193359374,0.0,0.0,0.0,0.3569551408290863,0.7383670806884766,9.68307113647461,-0.007273453287780285,-0.002231986727565527,0.009567100554704666,31.793399999997973,4.7205999999988535,36.884400000001705,11.884400000001705
2026-05-15T15:18:11.174+08:00,7.0712204,200,False,0.0,0.0,9.80665,0.0,0.0,0.0,0.35898539423942566,0.6995733976364136,9.700982093811035,-0.006825930904597044,-0.002355434000492096,0.0089814318343997,31.777500000000458,11.540899999999965,43.60600000000048,18.606000000000478
2026-05-15T15:18:11.218+08:00,7.122493799999999,201,False,0.009576806640625,0.009576806640625,9.80665,0.0,0.0,0.0,0.36484837532043457,0.7436416149139404,9.691428184509277,-0.007150394842028618,-0.0021252427250146866,0.009404383599758148,31.885299999999006,18.70609999999928,51.18050000000096,26.18050000000096
2026-05-15T15:18:11.270+08:00,7.1573240999999985,202,False,0.0,0.0,9.811438403320311,0.0,0.0,0.0,0.36088046431541443,0.7026273012161255,9.705192565917969,-0.006713132839649916,-0.002202112227678299,0.008959468454122543,31.810600000000022,2.532500000000937,34.61760000000069,9.617600000000692
2026-05-15T15:18:11.304+08:00,7.1917342999999985,203,False,0.009576806640625,0.009576806640625,9.80665,0.0,0.0010652644360316954,0.0,0.36289727687835693,0.7499523162841797,9.689478874206543,-0.007617086172103882,-0.0016363528557121754,0.009742560796439648,31.705599999998668,2.3370000000006996,34.34250000000105,9.342500000001053
2026-05-15T15:18:11.338+08:00,7.2255509,204,False,0.0047884033203125,0.01915361328125,9.801861596679688,0.0,0.0,0.0,0.3653285801410675,0.718817949295044,9.69428825378418,-0.00814368948340416,-0.0017832964658737183,0.00906437449157238,31.73490000000001,1.833600000001212,33.74480000000091,8.744800000000907
2026-05-15T15:18:11.373+08:00,7.259789400000001,205,False,0.009576806640625,0.0,9.797073193359374,0.0,0.0,0.0,0.36454835534095764,0.7494864463806152,9.683181762695312,-0.006067384500056505,-0.0019755573011934757,0.009470266290009022,31.67919999999924,2.324099999999163,34.18100000000024,9.181000000000239
2026-05-15T15:18:11.407+08:00,7.293494600000001,206,False,0.0,0.0143652099609375,9.797073193359374,0.0,0.0,0.0,0.3612300455570221,0.7267944812774658,9.685497283935547,-0.007297436241060495,-0.002377217635512352,0.009426641277968884,31.738499999999448,1.7318000000017264,33.6474000000031,8.647400000003103
2026-05-15T15:18:11.441+08:00,7.3279689,207,False,0.0047884033203125,0.0047884033203125,9.80665,0.0,0.0,0.0,0.35975590348243713,0.7554473876953125,9.689769744873047,-0.006876910105347633,-0.00227163964882493,0.009512416087090969,31.668100000000976,2.553099999996533,34.415100000000365,9.415100000000365
2026-05-15T15:18:11.475+08:00,7.3618118999999975,208,False,0.0,0.0,9.801861596679688,0.0,0.0,0.0,0.3591577708721161,0.7207338809967041,9.691377639770508,-0.006004278548061848,-0.001735292375087738,0.009112386032938957,31.650599999998974,1.9509999999982597,33.78320000000201,8.783200000002012
2026-05-15T15:18:11.509+08:00,7.395585299999999,209,False,0.0047884033203125,0.0143652099609375,9.801861596679688,0.0,0.0,0.0,0.3606489300727844,0.7583909034729004,9.685463905334473,-0.007544363383203745,-0.0023564081639051437,0.009652819484472275,31.57290000000046,1.9727999999972212,33.71609999999947,8.716099999999471
2026-05-15T15:18:11.541+08:00,7.429760199999999,210,False,0.0143652099609375,0.009576806640625,9.80665,0.0,0.0,0.0,0.36937379837036133,0.7460575103759766,9.692047119140625,-0.007468744181096554,-0.001902306918054819,0.009455612860620022,31.598999999999933,2.299799999999408,34.11930000000041,9.119300000000408
2026-05-15T15:18:11.577+08:00,7.463832299999998,211,False,0.0047884033203125,0.0143652099609375,9.811438403320311,0.0,0.0,0.0,0.3644677698612213,0.7592058181762695,9.69266128540039,-0.006467184517532587,-0.002367926761507988,0.009350196458399296,31.70820000000063,2.096300000001605,33.99160000000023,8.991600000000233
2026-05-15T15:18:11.610+08:00,7.4981454,212,False,0.0047884033203125,0.009576806640625,9.797073193359374,0.0,0.0010652644360316954,0.0,0.35932809114456177,0.745621919631958,9.686027526855469,-0.006977761164307594,-0.0014970898628234863,0.009528664872050285,31.604999999998995,2.423000000000286,34.248200000000395,9.248200000000395
2026-05-15T15:18:11.645+08:00,7.5322753,213,False,0.0,0.0047884033203125,9.801861596679688,0.0,0.0,0.0,0.35913312435150146,0.7467598915100098,9.683403015136719,-0.005912760738283396,-0.0018245847895741463,0.009301877580583096,31.70120000000054,2.092000000001093,34.01640000000228,9.016400000002278
2026-05-15T15:18:11.679+08:00,7.566931200000001,214,False,0.0,0.0047884033203125,9.801861596679688,0.0,0.0,0.0,0.3567829430103302,0.7518410682678223,9.687384605407715,-0.006129383109509945,-0.002050913404673338,0.009249179624021053,31.75709999999654,2.6362999999989256,34.59709999999916,9.597099999999159
2026-05-15T15:18:11.714+08:00,7.601257200000001,215,False,0.0,0.009576806640625,9.801861596679688,0.0,0.0,0.0,0.3561626672744751,0.750678300857544,9.685699462890625,-0.007521950639784336,-0.00228249654173851,0.009655114263296127,31.745499999999538,2.3045999999986577,34.251199999999926,9.251199999999926
2026-05-15T15:18:11.748+08:00,7.635284799999999,216,False,0.0,0.009576806640625,9.80665,-0.0010652644360316954,0.0,0.0,0.3574831783771515,0.7458021640777588,9.690648078918457,-0.0072875851765275,-0.0021362388506531715,0.009334969334304333,31.71090000000021,2.057599999996995,33.962599999998844,8.962599999998844
2026-05-15T15:18:11.782+08:00,7.6696072,217,False,0.0047884033203125,0.009576806640625,9.811438403320311,0.0,0.0,0.0,0.3606575131416321,0.75042724609375,9.695716857910156,-0.007112160790711641,-0.0022312039509415627,0.009284831583499908,31.61090000000044,2.4586999999982595,34.25550000000044,9.255500000000438
2026-05-15T15:18:11.816+08:00,7.704384799999998,218,False,0.009576806640625,0.0143652099609375,9.80665,0.0,0.0,0.0,0.36530691385269165,0.7547183036804199,9.690762519836426,-0.007175150793045759,-0.002061700914055109,0.009479254484176636,31.642699999999024,2.7957000000000676,34.716899999999384,9.716899999999384
2026-05-15T15:18:11.851+08:00,7.740670400000001,219,False,0.0047884033203125,0.009576806640625,9.811438403320311,0.0,0.0,0.0,0.3627345860004425,0.7455112934112549,9.69542121887207,-0.006311106029897928,-0.0023962175473570824,0.009204043075442314,31.806599999999463,3.995299999999702,36.1670000000025,11.167000000002503
2026-05-15T15:18:11.887+08:00,7.777028499999998,220,False,0.0,0.0047884033203125,9.797073193359374,0.0,0.0,0.0,0.3569762110710144,0.7372112274169922,9.685856819152832,-0.0061818817630410194,-0.0021684449166059494,0.009390583261847496,31.657599999999064,4.237799999998515,36.21359999999996,11.213599999999957
2026-05-15T15:18:11.924+08:00,7.813721299999999,221,False,0.0,0.0,9.801861596679688,0.0,0.0,0.0,0.35720568895339966,0.7332468032836914,9.68669319152832,-0.006172844208776951,-0.0023388699628412724,0.009275647811591625,31.692999999997085,4.500999999997646,36.577800000003435,11.577800000003435
2026-05-15T15:18:11.960+08:00,7.848498699999999,222,False,0.0,0.009576806640625,9.811438403320311,0.0,0.0,0.0,0.35715240240097046,0.7500035762786865,9.69339370727539,-0.007197216153144836,-0.002163694705814123,0.009312557987868786,31.74049999999795,2.613199999998983,34.66640000000254,9.66640000000254
2026-05-15T15:18:11.995+08:00,7.8825734,223,False,0.009576806640625,0.0143652099609375,9.811438403320311,0.0,0.0,0.0,0.3650026321411133,0.7360074520111084,9.69877815246582,-0.007739474065601826,-0.0022215647622942924,0.009306255728006363,31.658900000000045,2.121400000000051,33.98900000000182,8.989000000001823
2026-05-15T15:18:12.030+08:00,7.917665399999999,224,False,0.0,0.009576806640625,9.816226806640625,0.0,0.0,0.0,0.35988327860832214,0.7363307476043701,9.700844764709473,-0.00629622396081686,-0.00223833741620183,0.00915976706892252,31.723700000000576,3.040300000002105,35.01280000000051,10.01280000000051
2026-05-15T15:18:12.064+08:00,7.952847699999998,225,False,0.0047884033203125,0.0143652099609375,9.801861596679688,0.0,0.0,0.0,0.3603888154029846,0.7416701316833496,9.691534996032715,-0.007151077501475811,-0.00244601396843791,0.009455570951104164,31.845999999998043,2.963000000001159,35.06349999999969,10.063499999999692
2026-05-15T15:18:12.100+08:00,7.9870316999999975,226,False,0.009576806640625,0.009576806640625,9.80665,0.0,0.0,0.0,0.3658943474292755,0.7407677173614502,9.69054889678955,-0.006717806216329336,-0.0022433483973145485,0.009316817857325077,31.76069999999953,2.1455000000010216,34.106300000001255,9.106300000001255
2026-05-15T15:18:12.134+08:00,8.021354999999998,227,False,0.0,0.009576806640625,9.801861596679688,0.0,0.0,0.0,0.35994359850883484,0.7316544055938721,9.690084457397461,-0.0063558416441082954,-0.0022622263059020042,0.009197496809065342,31.72800000000109,2.289900000000955,34.253500000001935,9.253500000001935
2026-05-15T15:18:12.168+08:00,8.056262299999998,228,False,0.0,0.009576806640625,9.801861596679688,0.0,0.0,0.0,0.3565216660499573,0.7280838489532471,9.690458297729492,-0.007145734969526529,-0.0025671818293631077,0.009324036538600922,31.658900000000045,2.890400000001847,34.80210000000028,9.80210000000028
2026-05-15T15:18:12.203+08:00,8.0910542,229,False,0.0,0.009576806640625,9.801861596679688,0.0,0.0,0.0,0.35782793164253235,0.7363221645355225,9.68824291229248,-0.006764305289834738,-0.0019832481630146503,0.009266365319490433,31.739500000000476,2.7341999999990207,34.70810000000313,9.708100000003128
2026-05-15T15:18:12.238+08:00,8.124793200000001,230,False,0.009576806640625,0.009576806640625,9.80665,0.0,0.0,0.0,0.3651730716228485,0.7397527694702148,9.69192123413086,-0.006667728070169687,-0.0022453665733337402,0.009161054156720638,31.7229999999995,1.7500999999988665,33.65029999999791,8.650299999997912
2026-05-15T15:18:12.272+08:00,8.1587044,231,False,0.0047884033203125,0.009576806640625,9.797073193359374,0.0,0.0,0.0,0.36352622509002686,0.730851411819458,9.686888694763184,-0.006748161744326353,-0.0020280336029827595,0.009325295686721802,31.63019999999861,2.0236000000011245,33.8458000000017,8.845800000001702
2026-05-15T15:18:12.306+08:00,8.1930378,232,False,0.009576806640625,0.009576806640625,9.797073193359374,0.0,0.0,0.0,0.3656734526157379,0.7287914752960205,9.685290336608887,-0.007045463193207979,-0.0025393953546881676,0.009397235698997974,31.69069999999863,2.386200000000116,34.26859999999721,9.268599999997207
2026-05-15T15:18:12.340+08:00,8.2274723,233,False,0.0,0.0047884033203125,9.801861596679688,0.0,0.0,0.0,0.35945460200309753,0.7315981388092041,9.689096450805664,-0.006131481844931841,-0.0021512024104595184,0.008992119692265987,31.784699999999333,2.290299999998524,34.36549999999983,9.365499999999827
2026-05-15T15:18:12.374+08:00,8.261653699999998,234,False,0.0,0.009576806640625,9.811438403320311,0.0,0.0,0.0,0.35749551653862,0.7336664199829102,9.698089599609375,-0.007158956024795771,-0.0025764903984963894,0.0093088299036026,31.680300000001438,2.247400000001676,34.11790000000181,9.11790000000181
2026-05-15T15:18:12.409+08:00,8.296013999999998,235,False,0.0,0.0143652099609375,9.80665,0.0,0.0,0.0,0.3574831783771515,0.7339508533477783,9.696356773376465,-0.00771518237888813,-0.0020455890335142612,0.009188927710056305,31.620500000002494,2.439899999998829,34.29750000000098,9.29750000000098
2026-05-15T15:18:12.443+08:00,8.330181599999998,236,False,0.0,0.0143652099609375,9.80665,0.0,0.0,0.0,0.358614444732666,0.7252812385559082,9.696324348449707,-0.007155171129852533,-0.002326394896954298,0.0091590890660882,31.694500000000403,2.2076999999995905,34.0884999999993,9.0884999999993
2026-05-15T15:18:12.477+08:00,8.3640953,237,False,0.0047884033203125,0.009576806640625,9.80665,0.0,0.0,0.0,0.3617945909500122,0.7312533855438232,9.695619583129883,-0.006399907637387514,-0.002149201463907957,0.008982718922197819,31.67219999999915,2.0041000000006193,33.85190000000193,8.851900000001933
2026-05-15T15:18:12.511+08:00,8.3986733,238,False,0.0,0.0143652099609375,9.801861596679688,0.0,0.0,0.0,0.3590629994869232,0.734865665435791,9.690719604492188,-0.0071892086416482925,-0.002243991941213608,0.009404769167304039,31.78660000000022,2.4450999999992007,34.51220000000177,9.51220000000177
2026-05-15T15:18:12.545+08:00,8.4326657,239,False,0.0047884033203125,0.009576806640625,9.801861596679688,0.0,0.0,0.0,0.360963374376297,0.7266089916229248,9.692501068115234,-0.006974787451326847,-0.002390684559941292,0.009151346050202847,31.58600000000078,2.13019999999986,33.90950000000004,8.909500000000037
2026-05-15T15:18:12.579+08:00,8.4671279,240,False,0.0047884033203125,0.009576806640625,9.811438403320311,0.0,0.0,0.0,0.3638076186180115,0.7194802761077881,9.699905395507812,-0.00664301123470068,-0.0022507780231535435,0.008916899561882019,31.67930000000041,2.4275999999971987,34.30879999999803,9.30879999999803
2026-05-15T15:18:12.613+08:00,8.5012575,241,False,0.0047884033203125,0.0047884033203125,9.80665,0.0,0.0,0.0,0.3623453974723816,0.7259776592254639,9.697917938232422,-0.006377185694873333,-0.0021283398382365704,0.009103278629481792,31.580999999999193,2.2905000000008613,34.060800000002445,9.060800000002445
2026-05-15T15:18:12.648+08:00,8.5403119,242,False,0.0,0.009576806640625,9.80665,0.0,0.0,0.0,0.3586491644382477,0.7247841358184814,9.696771621704102,-0.007564574480056763,-0.0025334972888231277,0.0093762231990695,31.71000000000035,6.910999999998779,38.98369999999929,13.983699999999288
2026-05-15T15:18:12.687+08:00,8.611501899999999,243,False,0.0,0.0143652099609375,9.80665,0.0,0.0,0.0,0.3581942021846771,0.7240972518920898,9.697766304016113,-0.00756551418453455,-0.0023367125540971756,0.00912189856171608,31.723400000000623,38.94379999999842,71.04670000000013,46.04670000000013
2026-05-15T15:18:12.758+08:00,8.6473137,244,False,0.0,0.009576806640625,9.811438403320311,0.0,0.0,0.0,0.3587040305137634,0.7157044410705566,9.703350067138672,-0.0070749432779848576,-0.0022661760449409485,0.008945906534790993,31.647499999998274,3.8093000000003485,35.68459999999973,10.684599999999733
2026-05-15T15:18:12.794+08:00,8.681869699999998,245,False,0.0,0.009576806640625,9.811438403320311,0.0,0.0,0.0,0.358822762966156,0.7227649688720703,9.701875686645508,-0.006581964902579784,-0.002183860633522272,0.009023693390190601,31.755699999997944,2.479099999998624,34.48200000000057,9.482000000000568
2026-05-15T15:18:12.828+08:00,8.7163117,246,False,0.0,0.0047884033203125,9.801861596679688,0.0,0.0,0.0,0.35771214962005615,0.7193775177001953,9.695108413696289,-0.006739446427673101,-0.002169193234294653,0.009166523814201355,31.654899999999486,2.4390000000025225,34.35759999999988,9.357599999999877
2026-05-15T15:18:12.864+08:00,8.750947899999998,247,False,0.009576806640625,0.0143652099609375,9.801861596679688,0.0,0.0,0.0,0.3662186861038208,0.7202780246734619,9.692127227783203,-0.007969330996274948,-0.0023596445098519325,0.009301192127168179,31.907500000002642,2.3052999999997326,34.4932,9.493200000000002
2026-05-15T15:18:12.897+08:00,8.785173299999999,248,False,0.0,0.009576806640625,9.801861596679688,0.0,0.0,0.0,0.360496461391449,0.7157397270202637,9.694975852966309,-0.007180429063737392,-0.002160719595849514,0.008973254822194576,31.657899999999017,2.267999999997272,34.149599999999225,9.149599999999225
2026-05-15T15:18:12.932+08:00,8.819995099999998,249,False,0.0047884033203125,0.0047884033203125,9.811438403320311,0.0,0.0,0.0,0.3617668151855469,0.7236390113830566,9.69968318939209,-0.0065963189117610455,-0.0024316422641277313,0.009143266826868057,31.758700000001028,2.7277999999988367,34.725700000002746,9.725700000002746
2026-05-15T15:18:12.967+08:00,8.853891599999999,250,False,0.0047884033203125,0.0143652099609375,9.801861596679688,0.0,0.0,0.0,0.3633274734020233,0.723773717880249,9.695064544677734,-0.007679342292249203,-0.0019104322418570518,0.009162124246358871,31.574500000001393,2.0483000000020013,33.83059999999816,8.830599999998157
2026-05-15T15:18:13.000+08:00,8.888153699999998,251,False,0.0,0.009576806640625,9.801861596679688,0.0,0.0,0.0,0.35863223671913147,0.7216348648071289,9.69312572479248,-0.007448661606758833,-0.0024291714653372765,0.009305731393396854,31.79110000000307,2.198100000001091,34.18830000000028,9.188300000000282
2026-05-15T15:18:13.035+08:00,8.922342200000001,252,False,0.0,0.0047884033203125,9.80665,0.0,0.0,0.0,0.3589078187942505,0.7084271907806396,9.699190139770508,-0.00640172278508544,-0.0022214255295693874,0.008781923912465572,31.621400000002353,2.2846999999970308,34.100999999999715,9.100999999999715
2026-05-15T15:18:13.069+08:00,8.9575807,253,False,0.0,0.0143652099609375,9.801861596679688,0.0,0.0,0.0,0.35813969373703003,0.7329361438751221,9.691804885864258,-0.007622917648404837,-0.0020420048385858536,0.009388415142893791,31.604599999997873,3.328599999999682,35.15510000000077,10.155100000000772
2026-05-15T15:18:13.105+08:00,8.9920946,254,False,0.0047884033203125,0.009576806640625,9.801861596679688,0.0,0.0,0.0,0.36157119274139404,0.7213456630706787,9.694149017333984,-0.007468731142580509,-0.00229006540030241,0.00916342530399561,31.672000000000367,2.492999999997636,34.419399999997324,9.419399999997324
2026-05-15T15:18:13.139+08:00,9.0268173,255,False,0.0047884033203125,0.0047884033203125,9.811438403320311,0.0,0.0,0.0,0.3641808032989502,0.7166152000427246,9.700550079345703,-0.005959272850304842,-0.0021678535267710686,0.00882142223417759,31.66309999999939,2.688499999997873,34.65099999999666,9.650999999996657
2026-05-15T15:18:13.174+08:00,9.0613926,256,False,0.0047884033203125,0.009576806640625,9.80665,0.0,0.0,0.0,0.36286798119544983,0.7176492214202881,9.700077056884766,-0.007290780544281006,-0.002205505035817623,0.00921681523323059,31.732099999999264,2.442299999998454,34.46660000000179,9.46660000000179
2026-05-15T15:18:13.208+08:00,9.0956956,257,False,0.0,0.0047884033203125,9.80665,0.0,0.0,0.0,0.3583255112171173,0.7229621410369873,9.69734001159668,-0.00708107091486454,-0.0023797578178346157,0.00922948308289051,31.65509999999827,2.3201999999997724,34.23249999999811,9.232499999998112
2026-05-15T15:18:13.242+08:00,9.129995,258,False,0.0047884033203125,0.0047884033203125,9.811438403320311,0.0,0.0,0.0,0.3624786138534546,0.7176287174224854,9.702342987060547,-0.006760790944099426,-0.0022976859472692013,0.008942989632487297,31.7672999999985,2.267599999999703,34.23619999999872,9.236199999998718
2026-05-15T15:18:13.277+08:00,9.164068899999998,259,False,0.0,0.0047884033203125,9.811438403320311,0.0,0.0,0.0,0.35967689752578735,0.7154195308685303,9.703478813171387,-0.0070765139535069466,-0.0020992308855056763,0.009048783220350742,31.57110000000074,2.2462999999994793,34.00089999999878,9.00089999999878
2026-05-15T15:18:13.311+08:00,9.198098,260,False,0.0,0.0047884033203125,9.80665,0.0,0.0,0.0,0.35791194438934326,0.7139639854431152,9.699889183044434,-0.0073173390701413155,-0.002364690415561199,0.009262049570679665,31.651000000000096,2.1330000000006066,33.962999999999965,8.962999999999965
2026-05-15T15:18:13.345+08:00,9.2325879,261,False,0.0,0.0047884033203125,9.787496386718749,0.0,0.0,0.0,0.3572847545146942,0.7198126316070557,9.681638717651367,-0.007046351209282875,-0.0020702960900962353,0.009313998743891716,31.827499999998565,2.2681000000019935,34.42360000000022,9.42360000000022
2026-05-15T15:18:13.379+08:00,9.2678222,262,False,0.009576806640625,0.009576806640625,9.816226806640625,0.0,0.0,0.0,0.3675073981285095,0.719867467880249,9.701818466186523,-0.007369940169155598,-0.0027109687216579914,0.009112735278904438,31.681800000001203,3.1787999999970395,35.13369999999938,10.13369999999938
2026-05-15T15:18:13.415+08:00,9.302227799999999,263,False,0.0047884033203125,0.0047884033203125,9.801861596679688,0.0,0.0,0.0,0.3629128634929657,0.7201485633850098,9.696544647216797,-0.00677842739969492,-0.001727932132780552,0.009017783217132092,31.757600000002384,2.260599999999613,34.27810000000164,9.278100000001643
2026-05-15T15:18:13.449+08:00,9.336242699999998,264,False,0.0047884033203125,0.009576806640625,9.816226806640625,0.0,0.0,0.0,0.36308738589286804,0.7178254127502441,9.704851150512695,-0.007714126259088516,-0.002932895440608263,0.009351952001452446,31.681200000001297,2.0857000000020776,33.950400000001935,8.950400000001935
2026-05-15T15:18:13.483+08:00,9.370478199999999,265,False,0.0,0.0047884033203125,9.80665,0.0,0.0,0.0,0.35882431268692017,0.718491792678833,9.700918197631836,-0.006562435533851385,-0.0018662386573851109,0.008903966285288334,31.827100000000996,2.152500000001112,34.16770000000113,9.167700000001133
2026-05-15T15:18:13.517+08:00,9.4045362,266,False,0.0,0.009576806640625,9.811438403320311,0.0,0.0,0.0,0.35842037200927734,0.7183136940002441,9.702077865600586,-0.007780437823385,-0.0026291580870747566,0.009311613626778126,31.676499999999663,2.1283000000025254,33.98559999999762,8.985599999997618
2026-05-15T15:18:13.551+08:00,9.4389186,267,False,0.0,0.0143652099609375,9.80665,0.0,0.0,0.0,0.3584439754486084,0.7225897312164307,9.699329376220703,-0.0074745891615748405,-0.0020512789487838745,0.00899792555719614,31.557700000000466,2.542600000001727,34.31149999999761,9.311499999997608
2026-05-15T15:18:13.586+08:00,9.473171799999998,268,False,0.0047884033203125,0.009576806640625,9.80665,0.0,0.0,0.0,0.3622857630252838,0.7139887809753418,9.699066162109375,-0.007191204000264406,-0.0022533703595399857,0.009113211184740067,31.78259999999966,2.163299999999424,34.15599999999941,9.155999999999409
2026-05-15T15:18:13.620+08:00,9.5075017,269,False,0.0047884033203125,0.009576806640625,9.801861596679688,0.0,0.0,0.0,0.36317548155784607,0.7211849689483643,9.692941665649414,-0.00648972624912858,-0.0021134810522198677,0.009024260565638542,31.535500000000383,2.5335000000019647,34.25400000000067,9.254000000000673
2026-05-15T15:18:13.655+08:00,9.5423259,270,False,-0.0047884033203125,0.009576806640625,9.801861596679688,0.0,0.0,0.0,0.3554345965385437,0.7131869792938232,9.6954345703125,-0.007192594464868307,-0.0024908343330025673,0.009218123741447926,31.767300000002052,2.717199999999309,34.75509999999815,9.755099999998151
2026-05-15T15:18:13.689+08:00,9.5766491,271,False,0.0,0.009576806640625,9.80665,0.0,0.0,0.0,0.3567809462547302,0.7208929061889648,9.697587966918945,-0.007330096326768398,-0.0024113026447594166,0.00909538846462965,31.64639999999963,2.4201000000019235,34.25659999999908,9.256599999999082
2026-05-15T15:18:13.724+08:00,9.612594,272,False,0.009576806640625,0.009576806640625,9.80665,0.0,0.0,0.0,0.36711829900741577,0.7121090888977051,9.699878692626953,-0.007075741421431303,-0.0019545569084584713,0.008894180878996849,31.919999999999504,3.6373000000011757,35.88030000000231,10.880300000002308
2026-05-15T15:18:13.759+08:00,9.647978499999999,273,False,0.0,0.01915361328125,9.80665,0.0,0.0,0.0,0.3610570728778839,0.7279083728790283,9.696739196777344,-0.00785326398909092,-0.0024916348047554493,0.009276808239519596,31.69860000000213,3.2794000000002654,35.29799999999739,10.297999999997387
2026-05-15T15:18:13.795+08:00,9.682787799999998,274,False,0.0,0.0,9.801861596679688,0.0,0.0,0.0,0.3575427234172821,0.7088222503662109,9.698481559753418,-0.006286929361522198,-0.002308282069861889,0.008979913778603077,31.81989999999857,2.637400000001122,34.730600000003164,9.730600000003164
2026-05-15T15:18:13.830+08:00,9.7167191,275,False,0.0047884033203125,0.0143652099609375,9.80665,0.0,0.0,0.0,0.3625550866127014,0.7294163703918457,9.694059371948242,-0.007683616131544113,-0.0022054878063499928,0.009370753541588783,31.763699999999062,1.9138000000005206,33.86289999999903,8.86289999999903
2026-05-15T15:18:13.864+08:00,9.750849399999998,276,False,0.009576806640625,0.0,9.801861596679688,0.0,0.0,0.0,0.3665139675140381,0.7142956256866455,9.696949005126953,-0.006746166385710239,-0.0019359048455953598,0.009036046452820301,31.645399999998602,2.216099999998278,34.06149999999997,9.061499999999967
2026-05-15T15:18:13.898+08:00,9.7850649,277,False,0.009576806640625,0.009576806640625,9.811438403320311,0.0,0.0,0.0,0.3673306703567505,0.7362613677978516,9.69540786743164,-0.007133080158382654,-0.002446153201162815,0.009458690881729126,31.661599999999623,2.24539999999962,34.14760000000072,9.147600000000722
2026-05-15T15:18:13.931+08:00,9.818972399999998,278,False,0.009576806640625,0.01915361328125,9.80665,0.0,0.0,0.0,0.36792245507240295,0.7223551273345947,9.700023651123047,-0.00792247150093317,-0.0021168217062950134,0.009129536338150501,31.54859999999715,2.1002999999986116,33.840900000001284,8.840900000001284
2026-05-15T15:18:13.965+08:00,9.853076100000001,279,False,0.0,0.0143652099609375,9.787496386718749,0.0,0.0,0.0,0.357293963432312,0.745556116104126,9.677021980285645,-0.007533974479883909,-0.0021164389327168465,0.009757228195667267,31.600999999998436,2.22570000000033,34.03810000000007,9.038100000000071
2026-05-15T15:18:14.000+08:00,9.887112199999999,280,False,0.009576806640625,0.0143652099609375,9.80665,0.0,0.0,0.0,0.3671781122684479,0.7299404144287109,9.693571090698242,-0.006433700677007437,-0.0024894424714148045,0.008918900042772293,31.68760000000148,2.0399999999973772,33.89619999999738,8.896199999997378
2026-05-15T15:18:14.034+08:00,9.9212705,281,False,0.009576806640625,0.0143652099609375,9.801861596679688,0.0,0.0,0.0,0.3663178086280823,0.7542574405670166,9.687267303466797,-0.006881196983158588,-0.0014123283326625824,0.009238800033926964,31.704900000001146,2.212899999999962,34.10159999999962,9.101599999999621
2026-05-15T15:18:14.068+08:00,9.95547,282,False,0.0047884033203125,0.009576806640625,9.811438403320311,0.0,0.0,0.0,0.3645628094673157,0.7144355773925781,9.702116012573242,-0.006747698411345482,-0.002600344829261303,0.00907086580991745,31.688700000000125,2.2634000000003596,34.14049999999946,9.140499999999463
2026-05-15T15:18:14.101+08:00,9.989804699999999,283,False,0.0,0.0047884033203125,9.797073193359374,0.0,0.0,0.0,0.35705041885375977,0.7424533367156982,9.68645191192627,-0.005904057994484901,-0.0019395933486521244,0.009325246326625347,31.617000000000672,2.4555999999975597,34.27549999999968,9.275499999999681
2026-05-15T15:18:14.137+08:00,10.023859,284,False,0.0,0.0047884033203125,9.811438403320311,0.0,0.0,0.0,0.35877615213394165,0.7234787940979004,9.698800086975098,-0.006934222765266895,-0.002500421367585659,0.009224649518728256,31.72179999999969,2.0863999999995997,33.99729999999934,8.997299999999342
2026-05-15T15:18:14.171+08:00,10.057726399999998,285,False,0.0,0.0143652099609375,9.80665,0.0,0.0,0.0,0.35648471117019653,0.7569098472595215,9.691880226135254,-0.007495855912566185,-0.0019291886128485203,0.009353050030767918,31.611500000000348,2.0223000000001434,33.80849999999924,8.808499999999242
2026-05-15T15:18:14.204+08:00,10.0918641,286,False,0.0047884033203125,0.0047884033203125,9.811438403320311,0.0,0.0,0.0,0.3625652492046356,0.7119555473327637,9.70415210723877,-0.0069452812895178795,-0.0023958347737789154,0.00911171454936266,31.7227000000031,2.1681999999998425,34.080500000001734,9.080500000001734
2026-05-15T15:18:14.238+08:00,10.1259994,287,False,0.0047884033203125,0.0047884033203125,9.801861596679688,0.0,0.0,0.0,0.36168551445007324,0.7432024478912354,9.687448501586914,-0.0061047435738146305,-0.0018923026509582996,0.009385498240590096,31.730500000001882,2.146300000003265,34.07230000000183,9.072300000001832
2026-05-15T15:18:14.273+08:00,10.159965099999999,288,False,0.0,0.009576806640625,9.80665,0.0,0.0,0.0,0.3588862717151642,0.7246928215026855,9.696882247924805,-0.007629444357007742,-0.002555037382990122,0.009316083043813705,31.686500000002837,2.0367999999990616,33.907500000001534,8.907500000001534
2026-05-15T15:18:14.307+08:00,10.194058999999998,289,False,0.0,0.009576806640625,9.801861596679688,0.0,0.0,0.0,0.3554896116256714,0.7526614665985107,9.686494827270508,-0.007120219524949789,-0.0021582837216556072,0.00947696715593338,31.683099999998632,2.1506000000002246,34.03189999999867,9.031899999998672
2026-05-15T15:18:14.341+08:00,10.228097099999998,290,False,0.0047884033203125,0.009576806640625,9.801861596679688,0.0,0.0,0.0,0.3626265227794647,0.7112956047058105,9.694908142089844,-0.007086697034537792,-0.002233517821878195,0.008993560448288918,31.685600000002978,2.104599999999124,33.978799999999865,8.978799999999865
2026-05-15T15:18:14.375+08:00,10.262240399999998,291,False,0.0,0.009576806640625,9.811438403320311,0.0,0.0,0.0,0.35840362310409546,0.7483141422271729,9.693878173828125,-0.006367878057062626,-0.0021852003410458565,0.009201930835843086,31.634900000000243,2.2169000000005212,34.08240000000262,9.082400000002622
2026-05-15T15:18:14.409+08:00,10.2963568,292,False,0.01915361328125,0.0143652099609375,9.80665,0.0,0.0,0.0,0.3725977838039398,0.7267179489135742,9.697981834411621,-0.007712671533226967,-0.002087642904371023,0.00921629834920168,31.74680000000052,2.1064000000023952,34.040099999998574,9.040099999998574
2026-05-15T15:18:14.443+08:00,10.331252999999998,293,False,0.0047884033203125,0.0047884033203125,9.816226806640625,0.0,0.0,0.0,0.3664376139640808,0.743983268737793,9.697244644165039,-0.005750528536736965,-0.00230147922411561,0.009189571253955364,31.76260000000042,2.842599999997475,34.822399999999476,9.822399999999476
2026-05-15T15:18:14.478+08:00,10.365463,294,False,0.009576806640625,0.0047884033203125,9.816226806640625,0.0,0.0,0.0,0.36605656147003174,0.7172281742095947,9.708555221557617,-0.007001293823122978,-0.0026638172566890717,0.009192599914968014,31.758299999999906,2.195000000000391,34.150200000002684,9.150200000002684
2026-05-15T15:18:14.513+08:00,10.399591799999998,295,False,0.0,0.0143652099609375,9.80665,0.0,0.0,0.0,0.3587208688259125,0.7465152740478516,9.692134857177734,-0.008128216490149498,-0.0021113059483468533,0.009633325971662998,31.59249999999858,2.2816999999974996,34.06079999999889,9.060799999998892
2026-05-15T15:18:14.546+08:00,10.433676,296,False,0.0047884033203125,0.0143652099609375,9.797073193359374,0.0,0.0,0.0,0.3610130250453949,0.7326104640960693,9.687782287597656,-0.0075145866721868515,-0.002310909330844879,0.009408888407051563,31.795499999997645,2.0263999999983184,34.02360000000115,9.023600000001153
2026-05-15T15:18:14.580+08:00,10.467836,297,False,-0.0047884033203125,0.0047884033203125,9.811438403320311,0.0,0.0,0.0,0.35597193241119385,0.73447585105896,9.693292617797852,-0.0053954641334712505,-0.0020816405303776264,0.008926398120820522,31.68370000000209,2.1935999999982414,34.102300000000696,9.102300000000696
2026-05-15T15:18:14.615+08:00,10.5018075,298,False,0.0,0.009576806640625,9.80665,0.0,0.0,0.0,0.3569512963294983,0.7312052249908447,9.696907997131348,-0.006934712175279856,-0.0019797682762145996,0.009369362145662308,31.621299999997632,2.1023000000006675,33.913500000000596,8.913500000000596
2026-05-15T15:18:14.649+08:00,10.535604699999999,299,False,0.009576806640625,0.009576806640625,9.801861596679688,0.0,0.0,0.0,0.36436736583709717,0.7396764755249023,9.688426971435547,-0.0075300224125385284,-0.0020776037126779556,0.009410273283720016,31.58990000000017,1.9814999999994143,33.74210000000133,8.74210000000133
2026-05-15T15:18:14.681+08:00,10.5701208,300,False,0.0047884033203125,0.009576806640625,9.80665,0.0,0.0,0.0,0.3647199869155884,0.7281951904296875,9.694345474243164,-0.006397654768079519,-0.0022360235452651978,0.009087372571229935,31.732399999999217,2.513299999996832,34.45920000000058,9.459200000000578
2026-05-15T15:18:14.717+08:00,10.604401600000001,301,False,0.0,0.0143652099609375,9.801861596679688,0.0,0.0,0.0,0.35698482394218445,0.7400708198547363,9.689752578735352,-0.007229567039757967,-0.0026271394453942776,0.009379448369145393,31.70130000000171,2.2779999999968936,34.21430000000214,9.21430000000214
2026-05-15T15:18:14.751+08:00,10.638564399999998,302,False,0.0047884033203125,0.0,9.80665,0.0,0.0,0.0,0.36151260137557983,0.7291738986968994,9.695520401000977,-0.006051588803529739,-0.0020730453543365,0.009178492240607738,31.55579999999958,2.3005000000004827,34.091400000001215,9.091400000001215
2026-05-15T15:18:14.785+08:00,10.6731709,303,False,0.0047884033203125,0.0047884033203125,9.80665,0.0,0.0,0.0,0.36251699924468994,0.7368214130401611,9.692056655883789,-0.00632432708516717,-0.0020471028983592987,0.009236428886651993,31.79490000000129,2.392000000000394,34.5361000000004,9.536100000000403
2026-05-15T15:18:14.820+08:00,10.707213999999999,304,False,0.0,0.009576806640625,9.80665,0.0,0.0,0.0,0.35854536294937134,0.7265946865081787,9.696955680847168,-0.007676136679947376,-0.0024394895881414413,0.009332471527159214,31.69430000000162,2.1043000000027234,33.977000000000146,8.977000000000146
2026-05-15T15:18:14.854+08:00,10.7410473,305,False,-0.0047884033203125,0.009576806640625,9.80665,0.0,0.0,0.0,0.35329747200012207,0.7335505485534668,9.693714141845703,-0.007211171090602875,-0.00238894484937191,0.009403523989021778,31.60349999999923,1.998100000001557,33.77850000000038,8.778500000000378
2026-05-15T15:18:14.887+08:00,10.775286,306,False,0.009576806640625,0.009576806640625,9.801861596679688,0.0,0.0,0.0,0.3643210232257843,0.7335314750671387,9.691068649291992,-0.006851780693978071,-0.002023004926741123,0.00911014061421156,31.566399999999106,2.416900000000055,34.1787999999994,9.178799999999399
2026-05-15T15:18:14.921+08:00,10.8094142,307,False,0.0,0.009576806640625,9.792284790039062,0.0,0.0,0.0,0.3598712086677551,0.7417545318603516,9.679298400878906,-0.006870640441775322,-0.001985474955290556,0.009450163692235947,31.786000000000314,2.057600000000548,34.059799999997864,9.059799999997864
2026-05-15T15:18:14.957+08:00,10.8430968,308,False,0.0047884033203125,0.0,9.811438403320311,0.0,0.0,0.0,0.3624022305011749,0.7176282405853271,9.699235916137695,-0.005911782383918762,-0.0026961970143020153,0.008988140150904655,31.641799999999165,1.7840999999982898,33.62470000000073,8.624700000000729
2026-05-15T15:18:14.990+08:00,10.877221999999998,309,False,0.0,0.0,9.80665,0.0,0.0,0.0,0.3585338890552521,0.7249104976654053,9.695920944213867,-0.006334187928587198,-0.00184666458517313,0.009142294526100159,31.756599999997803,2.105100000001414,34.066900000002676,9.066900000002676
2026-05-15T15:18:15.024+08:00,10.910995699999999,310,False,0.0143652099609375,0.01915361328125,9.80665,0.0,0.0,0.0,0.3690464198589325,0.736588716506958,9.694561004638672,-0.009093833155930042,-0.002500317059457302,0.009657114744186401,31.543300000002716,2.010300000002019,33.72050000000115,8.720500000001152
2026-05-15T15:18:15.058+08:00,10.9449172,311,False,0.0,0.0047884033203125,9.801861596679688,0.0,0.0,0.0,0.3584648072719574,0.7480785846710205,9.687976837158203,-0.0071792444214224815,-0.0021232590079307556,0.009369508363306522,31.55320000000117,2.1408000000029404,33.866199999998514,8.866199999998514
2026-05-15T15:18:15.092+08:00,10.978868099999998,312,False,0.0,0.009576806640625,9.811438403320311,0.0,0.0,0.0,0.35819053649902344,0.731065034866333,9.697853088378906,-0.0068940962664783,-0.002844490110874176,0.009491285309195518,31.587999999999283,2.137299999997566,33.897199999998406,8.897199999998406
2026-05-15T15:18:15.126+08:00,11.013065799999998,313,False,0.0047884033203125,0.0143652099609375,9.801861596679688,0.0,0.0,0.0,0.36069154739379883,0.7434096336364746,9.69034481048584,-0.007832704111933708,-0.0016621113754808903,0.009292175993323326,31.707000000000818,2.2310999999994863,34.1378999999975,9.1378999999975
2026-05-15T15:18:15.160+08:00,11.047025799999998,314,False,0.009576806640625,0.009576806640625,9.801861596679688,0.0,0.0,0.0,0.3664310574531555,0.7373912334442139,9.687639236450195,-0.006651558913290501,-0.0021185786463320255,0.009399473667144775,31.68420000000083,2.0535999999999888,33.90420000000205,8.90420000000205
2026-05-15T15:18:15.194+08:00,11.0808685,315,False,0.0,0.0047884033203125,9.80665,0.0,0.0,0.0,0.3590982258319855,0.7453985214233398,9.690059661865234,-0.0054534077644348145,-0.0021162820048630238,0.009089813567698002,31.684000000002044,1.9313000000025227,33.78760000000014,8.78760000000014
2026-05-15T15:18:15.228+08:00,11.1146121,316,False,0.0,0.0047884033203125,9.811438403320311,0.0,0.0,0.0,0.3573437035083771,0.7352776527404785,9.698305130004883,-0.00688796816393733,-0.0022299508564174175,0.00942048616707325,31.63589999999772,1.8838000000016564,33.687399999998036,8.687399999998036
2026-05-15T15:18:15.262+08:00,11.148897700000001,317,False,0.009576806640625,0.0047884033203125,9.801861596679688,0.0,0.0,0.0,0.3645472228527069,0.7410247325897217,9.689813613891602,-0.007140018977224827,-0.0018095169216394424,0.009332401677966118,31.759600000000887,2.2816999999974996,34.2234000000019,9.223400000001902
2026-05-15T15:18:15.296+08:00,11.183722099999999,318,False,0.0,0.0143652099609375,9.80665,0.0,0.0,0.0,0.3610537052154541,0.7370584011077881,9.692634582519531,-0.007521924562752247,-0.0024772980250418186,0.009319818578660488,31.52650000000179,3.0253000000008967,34.75419999999829,9.754199999998292
2026-05-15T15:18:15.331+08:00,11.217654899999998,319,False,0.0047884033203125,0.0047884033203125,9.811438403320311,0.0,0.0,0.0,0.3598572909832001,0.7480082511901855,9.696959495544434,-0.006563697475939989,-0.002317921258509159,0.009289629757404327,31.65379999999729,2.0233000000011714,33.86260000000263,8.86260000000263
2026-05-15T15:18:15.365+08:00,11.2516366,320,False,0.0,0.0143652099609375,9.801861596679688,0.0,0.0,0.0,0.35839831829071045,0.7446131706237793,9.688779830932617,-0.007481553591787815,-0.0019712774083018303,0.009554069489240646,31.604699999999042,2.0772999999998376,33.85529999999903,8.855299999999033
2026-05-15T15:18:15.398+08:00,11.2854345,321,False,0.0047884033203125,0.009576806640625,9.797073193359374,0.0,0.0,0.0,0.3601115047931671,0.7439405918121338,9.685064315795898,-0.006937775760889053,-0.002280391287058592,0.009367738850414753,31.64470000000108,1.9346999999996228,33.74279999999885,8.742799999998851
2026-05-15T15:18:15.431+08:00,11.3196974,322,False,0.0,0.0047884033203125,9.80665,0.0,0.0,0.0,0.35903921723365784,0.7336747646331787,9.69096565246582,-0.006025906186550856,-0.0021687927655875683,0.00906770396977663,31.627799999998985,2.387200000001144,34.2027999999992,9.2027999999992
2026-05-15T15:18:15.467+08:00,11.353738599999998,323,False,0.0,0.009576806640625,9.811438403320311,0.0,0.0,0.0,0.3572045862674713,0.7438638210296631,9.696284294128418,-0.00663607195019722,-0.0022983993403613567,0.00932583399116993,31.705500000001052,2.1012000000020237,33.98130000000066,8.981300000000658
2026-05-15T15:18:15.501+08:00,11.387546200000001,324,False,0.0047884033203125,0.0143652099609375,9.797073193359374,0.0,0.0,0.0,0.3599245548248291,0.7448530197143555,9.685718536376953,-0.007953895255923271,-0.001988728530704975,0.009557126089930534,31.559900000001306,2.010299999998466,33.74489999999852,8.744899999998523
2026-05-15T15:18:15.535+08:00,11.4213121,325,False,0.0,0.0143652099609375,9.80665,0.0,0.0,0.0,0.3593357801437378,0.738527774810791,9.691593170166016,-0.006683691404759884,-0.0024915128014981747,0.009165712632238865,31.554299999999813,1.96160000000134,33.71169999999779,8.71169999999779
2026-05-15T15:18:15.568+08:00,11.455202299999998,326,False,0.0,0.0,9.801861596679688,0.0,0.0,0.0,0.35689082741737366,0.7321827411651611,9.692150115966797,-0.00554130831733346,-0.0019056303426623344,0.009021028876304626,31.554700000000935,2.1020000000007144,33.82709999999989,8.827099999999888
2026-05-15T15:18:15.602+08:00,11.489202,327,False,0.0047884033203125,0.01915361328125,9.80665,0.0,0.0,0.0,0.36180076003074646,0.7430145740509033,9.690546035766602,-0.008546682074666023,-0.002422838471829891,0.00967432837933302,31.608200000000863,2.132299999999532,33.90800000000027,8.908000000000271
2026-05-15T15:18:15.636+08:00,11.523466699999998,328,False,0.0047884033203125,0.01915361328125,9.811438403320311,0.0,0.0,0.0,0.36190247535705566,0.7481355667114258,9.697546005249023,-0.007825341075658798,-0.0021833907812833786,0.00923300813883543,31.598400000000026,2.4316000000013105,34.205800000002284,9.205800000002284
2026-05-15T15:18:15.670+08:00,11.557213799999998,329,False,0.0,0.009576806640625,9.801861596679688,0.0,0.0,0.0,0.3579687774181366,0.7296895980834961,9.69158935546875,-0.006345066241919994,-0.002170950174331665,0.009274332784116268,31.632699999999403,1.881900000000769,33.67820000000066,8.678200000000658
2026-05-15T15:18:15.704+08:00,11.591181699999998,330,False,0.0,0.0047884033203125,9.80665,0.0,0.0,0.0,0.3585345149040222,0.7311503887176514,9.693318367004395,-0.005726558156311512,-0.002223060932010412,0.009075873531401157,31.659400000002336,2.073000000002878,33.91069999999985,8.91069999999985
2026-05-15T15:18:15.738+08:00,11.6250822,331,False,0.009576806640625,0.0143652099609375,9.801861596679688,0.0,0.0,0.0,0.3644937574863434,0.7454166412353516,9.688089370727539,-0.007899891585111618,-0.0019434038549661636,0.009471728466451168,31.66530000000023,2.006200000000291,33.846100000001655,8.846100000001655
2026-05-15T15:18:15.772+08:00,11.659098899999998,332,False,0.0047884033203125,0.009576806640625,9.811438403320311,0.0,0.0,0.0,0.3639454245567322,0.7316243648529053,9.697196960449219,-0.006938162259757519,-0.0023822635412216187,0.009190389886498451,31.711099999998993,2.079899999998247,33.962999999999965,8.962999999999965
2026-05-15T15:18:15.806+08:00,11.6932047,333,False,0.0,0.0047884033203125,9.80665,0.0,0.0,0.0,0.358120858669281,0.7266714572906494,9.696102142333984,-0.006128700915724039,-0.0023317188024520874,0.009215150959789753,31.627699999997816,2.234500000000139,34.04610000000119,9.04610000000119
2026-05-15T15:18:15.840+08:00,11.7289284,334,False,0.0047884033203125,0.0047884033203125,9.801861596679688,0.0,0.0,0.0,0.36114200949668884,0.7298874855041504,9.690643310546875,-0.006902592722326517,-0.002168253529816866,0.009355820715427399,31.516199999998662,3.876099999999383,35.653799999998625,10.653799999998625
2026-05-15T15:18:15.875+08:00,11.762837199999998,335,False,0.0,0.009576806640625,9.801861596679688,0.0,0.0,0.0,0.358663409948349,0.7397022247314453,9.688512802124023,-0.007362344302237034,-0.0021371785551309586,0.009349853731691837,31.56759999999892,2.055899999998445,33.836000000000865,8.836000000000865
2026-05-15T15:18:15.910+08:00,11.7969517,336,False,0.0,0.0143652099609375,9.816226806640625,0.0,0.0,0.0,0.3579917848110199,0.7321500778198242,9.702705383300781,-0.007444130256772041,-0.0026753004640340805,0.009140224196016788,31.740899999999073,2.063699999997226,34.016499999999894,9.016499999999894
2026-05-15T15:18:15.944+08:00,11.830860799999998,337,False,0.0,0.009576806640625,9.80665,0.0,0.0,0.0,0.35756492614746094,0.7290081977844238,9.697242736816406,-0.00665167486295104,-0.001886595506221056,0.009183577261865139,31.656800000000374,2.025400000000843,33.85360000000048,8.853600000000483
2026-05-15T15:18:15.978+08:00,11.8649112,338,False,0.0047884033203125,0.009576806640625,9.811438403320311,0.0,0.0,0.0,0.36225417256355286,0.7305536270141602,9.698267936706543,-0.006745432503521442,-0.0023329369723796844,0.009168622083961964,31.722500000000764,2.057199999999426,33.99419999999864,8.994199999998642
2026-05-15T15:18:16.012+08:00,11.899406,339,False,0.0047884033203125,0.0047884033203125,9.811438403320311,0.0,0.0,0.0,0.36245232820510864,0.7340676784515381,9.699520111083984,-0.006209006067365408,-0.0020590038038790226,0.008964896202087402,31.779900000000083,2.4633999999998935,34.43490000000082,9.434900000000823
2026-05-15T15:18:16.046+08:00,11.9332643,340,False,0.0,0.0143652099609375,9.811438403320311,0.0,0.0,0.0,0.3589770793914795,0.7257473468780518,9.70063304901123,-0.007802477106451988,-0.002593472134321928,0.009462782181799412,31.56810000000121,2.058999999999145,33.796899999998686,8.796899999998686
2026-05-15T15:18:16.080+08:00,11.9671052,341,False,0.0047884033203125,0.0047884033203125,9.80665,0.0,0.0,0.0,0.3610441982746124,0.7237567901611328,9.698225021362305,-0.006694556679576635,-0.0021925601176917553,0.009104222990572453,31.698799999997362,1.9220000000004234,33.78349999999841,8.783499999998412
2026-05-15T15:18:16.114+08:00,12.000841,342,False,0.0,0.0143652099609375,9.801861596679688,0.0,0.0,0.0,0.35897931456565857,0.7331254482269287,9.69012451171875,-0.007547658868134022,-0.0022138566710054874,0.009441896341741085,31.610199999999367,1.8996999999991715,33.68009999999799,8.680099999997992
2026-05-15T15:18:16.148+08:00,12.035037399999998,343,False,0.0,0.0143652099609375,9.801861596679688,0.0,0.0,0.0,0.3572755753993988,0.7351796627044678,9.691656112670898,-0.007274392992258072,-0.00241205096244812,0.009159487672150135,31.704899999997593,2.259800000000922,34.137400000002316,9.137400000002316
2026-05-15T15:18:16.182+08:00,12.068888799999998,344,False,0.0047884033203125,0.0143652099609375,9.811438403320311,0.0,0.0,0.0,0.36232465505599976,0.726743221282959,9.699030876159668,-0.00718409800902009,-0.002244618721306324,0.009110049344599247,31.589600000000218,2.023799999999909,33.789099999999905,8.789099999999905
2026-05-15T15:18:16.216+08:00,12.102875499999998,345,False,0.009576806640625,0.009576806640625,9.811438403320311,0.0,0.0,0.0,0.3674072325229645,0.7211992740631104,9.702089309692383,-0.006140055600553751,-0.001969415694475174,0.00884684082120657,31.683499999999754,2.057999999998117,33.915700000001436,8.915700000001436
2026-05-15T15:18:16.250+08:00,12.1366544,346,False,0.0,0.0,9.801861596679688,0.0,0.0,0.0,0.3590866029262543,0.7246413230895996,9.692909240722656,-0.006040903739631176,-0.0021860352717339993,0.009342215023934841,31.648599999996918,1.8697000000003072,33.70749999999845,8.707499999998447
2026-05-15T15:18:16.284+08:00,12.170745299999998,347,False,0.0,-0.0047884033203125,9.801861596679688,0.0,0.0,0.0,0.3581358790397644,0.7144780158996582,9.69289779663086,-0.006093157455325127,-0.0024659885093569756,0.009188704192638397,31.681999999999988,2.138699999999716,34.02720000000059,9.02720000000059
2026-05-15T15:18:16.318+08:00,12.2051085,348,False,0.0,0.0,9.80665,0.0,0.0,0.0,0.3584059774875641,0.7158463001251221,9.696783065795898,-0.007457762956619263,-0.002107773907482624,0.009173477068543434,31.695299999999094,2.3990999999981,34.30150000000154,9.301500000001539
2026-05-15T15:18:16.352+08:00,12.2390596,349,False,0.009576806640625,0.0143652099609375,9.797073193359374,0.0,0.0,0.0,0.36537426710128784,0.7247343063354492,9.688697814941406,-0.008611899800598621,-0.002132028341293335,0.00944194570183754,31.63419999999917,2.0535999999999888,33.88479999999916,8.88479999999916
2026-05-15T15:18:16.386+08:00,12.272941899999998,350,False,0.0,0.009576806640625,9.801861596679688,0.0,0.0,0.0,0.35950547456741333,0.7306606769561768,9.690031051635742,-0.007362138479948044,-0.002361819613724947,0.009248235262930393,31.625699999999313,2.0345000000006053,33.82610000000241,8.826100000002413
2026-05-15T15:18:16.420+08:00,12.306939899999998,351,False,0.0,0.028730419921875,9.811438403320311,0.0,0.0,0.0,0.3578447699546814,0.7424330711364746,9.697958946228027,-0.008309771306812763,-0.002731934655457735,0.009367277845740318,31.692299999999562,2.075800000000072,33.94180000000091,8.94180000000091
2026-05-15T15:18:16.453+08:00,12.340868599999999,352,False,0.0047884033203125,0.01915361328125,9.82580361328125,0.0,0.0,0.0,0.36227232217788696,0.7325937747955322,9.715996742248535,-0.007641352713108063,-0.002249786164611578,0.00901641882956028,31.668700000000882,2.0300000000013085,33.873099999997436,8.873099999997436
2026-05-15T15:18:16.487+08:00,12.374724599999999,353,False,-0.0047884033203125,-0.033518823242187495,9.801861596679688,0.0,0.0,0.0,0.3546581268310547,0.70292067527771,9.696165084838867,-0.00021532736718654633,-0.001546267420053482,0.009033157490193844,31.68330000000097,1.9510999999994283,33.79969999999943,8.799699999999433
2026-05-15T15:18:16.522+08:00,12.4092662,354,False,0.0143652099609375,0.023942016601562498,9.797073193359374,0.0,0.0,0.0,0.3680984675884247,0.7509129047393799,9.677400588989258,-0.014510443434119225,-0.0024104155600070953,0.010609923861920834,31.844600000003,2.3817000000008193,34.48060000000197,9.48060000000197
2026-05-15T15:18:16.556+08:00,12.443353499999999,355,False,0.0047884033203125,0.009576806640625,9.773131176757811,0.0,0.0,0.0,0.3604939877986908,0.770437479019165,9.658666610717773,-0.010881978087127209,-0.001745522953569889,0.010876083746552467,31.68370000000209,2.164000000000499,34.0213000000027,9.021300000002697
2026-05-15T15:18:16.590+08:00,12.4772503,356,False,-0.01915361328125,-0.023942016601562498,9.816226806640625,0.0,0.0,0.0,0.3464389741420746,0.7323651313781738,9.692436218261719,-0.0020355265587568283,-0.0032191816717386246,0.009465663693845272,31.61139999999918,2.049799999998214,33.83540000000096,8.83540000000096
2026-05-15T15:18:16.624+08:00,12.511498899999998,357,False,0.0143652099609375,0.06703764648437499,9.801861596679688,0.0,0.0,0.0,0.361565500497818,0.7865400314331055,9.678744316101074,-0.02305937372148037,-0.0005235434509813786,0.011082062497735023,31.625500000000528,2.389600000000769,34.187199999998086,9.187199999998086
2026-05-15T15:18:16.659+08:00,12.5454454,358,False,0.0,-0.0047884033203125,9.787496386718749,0.0,0.0,0.0,0.356405109167099,0.838799238204956,9.661715507507324,-0.0009841462597250938,-0.0026843654923141003,0.011659749783575535,31.541399999998276,2.186600000001704,33.89079999999822,8.890799999998222
2026-05-15T15:18:16.691+08:00,12.5797738,359,False,0.009576806640625,-0.023942016601562498,9.80665,0.0,0.0,0.0,0.3652447760105133,0.7863428592681885,9.673700332641602,-0.0017833476886153221,-0.002453791443258524,0.009653596207499504,31.672100000001535,2.4151000000003364,34.26430000000025,9.264300000000247
2026-05-15T15:18:16.727+08:00,12.6138018,360,False,-0.0047884033203125,0.0143652099609375,9.797073193359374,0.0,0.0,0.0,0.35752639174461365,0.7999725341796875,9.671480178833008,-0.01314534805715084,-0.0012874370440840721,0.010441577062010765,31.718899999997774,1.9974000000004821,33.88739999999757,8.88739999999757
2026-05-15T15:18:16.760+08:00,12.6477789,361,False,-0.0047884033203125,-0.01915361328125,9.80665,0.0,0.0,0.0,0.3494704067707062,0.8051578998565674,9.680428504943848,-0.004913737066090107,-0.0020188987255096436,0.010242216289043427,31.580399999999287,2.1635000000017612,33.91879999999858,8.918799999998583
2026-05-15T15:18:16.795+08:00,12.681592199999999,362,False,0.0,0.0383072265625,9.797073193359374,0.0,0.0,0.0,0.355439156293869,0.874436616897583,9.660344123840332,-0.011942536570131779,-0.0005397070199251175,0.010020541958510876,31.554299999999813,2.0269999999982247,33.756300000000294,8.756300000000294
2026-05-15T15:18:16.829+08:00,12.715481500000001,363,False,0.0047884033203125,0.062249243164062495,9.792284790039062,0.0,0.0,0.0,0.357494592666626,0.9138531684875488,9.653186798095703,-0.012774874456226826,-0.001041586510837078,0.011093512177467346,31.544199999999023,2.1138000000000545,33.83270000000138,8.832700000001381
2026-05-15T15:18:16.861+08:00,12.750443599999999,364,False,0.0,-0.0143652099609375,9.811438403320311,0.0,0.0,0.0,0.3562649190425873,0.8591728210449219,9.674997329711914,0.004522012546658516,-0.0013295607641339302,0.009594190865755081,31.598899999998764,3.0719999999995196,34.907000000000465,9.907000000000465
2026-05-15T15:18:16.898+08:00,12.7847758,365,False,0.0047884033203125,0.0143652099609375,9.801861596679688,0.0,0.0,0.0,0.3598121404647827,0.8531501293182373,9.668899536132812,-0.0077300770208239555,-0.0010761241428554058,0.009768391959369183,31.598100000000073,2.4768000000001678,34.27130000000034,9.271300000000338
2026-05-15T15:18:16.932+08:00,12.818877800000001,366,False,0.023942016601562498,0.01915361328125,9.801861596679688,0.0,0.0,0.0,0.3700803816318512,0.9196302890777588,9.660645484924316,-0.01061889436095953,-0.0007770843803882599,0.010682486928999424,31.729800000000807,2.1182999999993513,34.04659999999993,9.046599999999927
2026-05-15T15:18:16.966+08:00,12.853125399999998,367,False,-0.009576806640625,-0.0526724365234375,9.801861596679688,0.0,0.0,0.0,0.34855547547340393,0.8641657829284668,9.663299560546875,0.003391421400010586,-0.0017605382017791271,0.009397969581186771,31.64770000000061,2.3005999999980986,34.19219999999967,9.192199999999673
2026-05-15T15:18:17.000+08:00,12.8870417,368,False,0.0,0.0430956298828125,9.80665,0.0,0.0,0.0,0.34832313656806946,0.8832781314849854,9.661901473999023,-0.018517468124628067,-0.0025467206723988056,0.010038741864264011,31.62280000000095,2.0433000000004142,33.853900000000436,8.853900000000436
2026-05-15T15:18:17.034+08:00,12.920726,369,False,0.009576806640625,0.023942016601562498,9.797073193359374,0.0,0.0,0.0,0.35830894112586975,0.9385030269622803,9.656530380249023,-0.012567340396344662,-0.0006267381832003593,0.011898686178028584,31.67779999999709,1.7264000000025703,33.61690000000195,8.616900000001948
2026-05-15T15:18:17.068+08:00,12.9548376,370,False,0.0,-0.0047884033203125,9.80665,0.0,0.0,0.0,0.3584000766277313,0.9192519187927246,9.66592025756836,-0.0014202110469341278,-0.0002597719430923462,0.00940192211419344,31.749300000001313,2.1036999999992645,34.03420000000068,9.03420000000068
2026-05-15T15:18:17.102+08:00,12.989572099999998,371,False,0.009576806640625,0.01915361328125,9.80665,0.0,0.0,0.0,0.35854414105415344,0.9091668128967285,9.666189193725586,-0.008966089226305485,-0.0008005560375750065,0.0096085574477911,31.64509999999865,2.8423999999986904,34.67530000000352,9.675300000003517
2026-05-15T15:18:17.137+08:00,13.0235243,372,False,0.0,-0.0430956298828125,9.787496386718749,0.0,0.0,0.0,0.35095489025115967,0.9085338115692139,9.65201473236084,-0.0007569417357444763,-0.0004672221839427948,0.01053110882639885,31.65660000000159,2.0415000000006955,33.86779999999945,8.867799999999448
2026-05-15T15:18:17.170+08:00,13.0574937,373,False,0.01915361328125,0.0047884033203125,9.82580361328125,-0.003195793308095086,-0.003195793308095086,0.0,0.3755524158477783,0.9053530693054199,9.682908058166504,-0.010398630984127522,-0.0025212885811924934,0.009131656028330326,31.67479999999756,2.0482999999984486,33.904699999997234,8.904699999997234
2026-05-15T15:18:17.205+08:00,13.091683899999998,374,False,0.0,0.0143652099609375,9.801861596679688,0.003195793308095086,-0.01171790879634865,0.0,0.36336153745651245,0.9544851779937744,9.676694869995117,-0.010462118312716484,-0.010234998539090157,0.010985046625137329,31.710300000000302,2.234500000000139,34.12189999999882,9.121899999998817
2026-05-15T15:18:17.238+08:00,13.1254637,375,False,0.0,-0.0047884033203125,9.821015209960937,0.0,-0.007456851052221868,0.0,0.3479088842868805,0.9107868671417236,9.675712585449219,-0.0027909455820918083,-0.011527362279593945,0.010771402157843113,31.594399999999467,1.9564000000009685,33.716000000001856,8.716000000001856
2026-05-15T15:18:17.273+08:00,13.159105299999998,376,False,0.033518823242187495,0.0430956298828125,9.782707983398437,0.0,-0.010652644360316953,0.0,0.3800310492515564,0.9456453323364258,9.640480041503906,-0.011986203491687775,-0.007796077989041805,0.009880117140710354,31.629200000001134,1.7864000000002989,33.58569999999972,8.585699999999719
2026-05-15T15:18:17.306+08:00,13.193085299999998,377,False,0.028730419921875,-0.009576806640625,9.801861596679688,-0.0010652644360316954,0.008522115488253563,0.0,0.37213894724845886,0.947272539138794,9.643299102783203,-0.0034128613770008087,0.001832941547036171,0.010331866331398487,31.75319999999715,1.99840000000151,33.92290000000031,8.922900000000311
2026-05-15T15:18:17.340+08:00,13.227066599999999,378,False,0.0383072265625,-0.028730419921875,9.811438403320311,-0.0021305288720633907,0.028762139772855775,0.0,0.3651506006717682,0.9038453102111816,9.63650894165039,-0.003930823411792517,0.023423105478286743,0.007801359053701162,31.729099999999733,2.0270000000017774,33.924799999997646,8.924799999997646
2026-05-15T15:18:17.373+08:00,13.2609926,379,False,0.028730419921875,0.023942016601562498,9.801861596679688,-0.003195793308095086,0.05752427954571155,0.0,0.3593014180660248,0.905672550201416,9.620174407958984,-0.019292108714580536,0.04920056089758873,0.006630785297602415,31.538099999998792,2.1618999999972743,33.870099999997905,8.870099999997905
2026-05-15T15:18:17.408+08:00,13.295530999999999,380,False,-0.023942016601562498,-0.033518823242187495,9.926360083007811,0.009587379924285258,0.2300971181828462,0.05113269292952138,0.1846887171268463,0.9678289890289307,9.581172943115234,0.007262030616402626,0.17780382931232452,0.03478500247001648,31.750800000001078,2.5549999999974204,34.482099999998184,9.482099999998184
2026-05-15T15:18:17.443+08:00,13.3295556,381,False,0.1580173095703125,0.12449848632812499,9.974244116210937,0.006391586616190172,0.8490157555172612,0.13315805450396193,-0.2041335552930832,0.9604041576385498,9.065073013305664,-0.024126429110765457,0.6777528524398804,0.06862855702638626,31.67579999999859,2.108899999999636,33.966200000001834,8.966200000001834
2026-05-15T15:18:17.477+08:00,13.363283399999998,382,False,-0.5506663818359374,0.0,9.873687646484374,0.008522115488253563,1.441302781950884,0.035153726389045944,-0.696196436882019,0.7420914173126221,8.783939361572266,-0.0021544545888900757,1.265206217765808,-0.025201747193932533,31.582400000001343,1.9217000000004703,33.663399999998234,8.663399999998234
2026-05-15T15:18:17.510+08:00,13.3968434,383,False,-1.0965443603515623,0.01915361328125,9.715670336914062,-0.03302319751698256,1.5243934079613561,0.3227751241176037,-1.0505121946334839,0.8852245807647705,9.08305549621582,-0.051770761609077454,1.530147671699524,0.1633097231388092,31.482699999997976,1.8509000000008768,33.50589999999798,8.505899999997979
2026-05-15T15:18:17.544+08:00,13.430753600000001,384,False,-1.5370774658203123,0.0430956298828125,9.706093530273437,-0.014913702104443736,1.580852423071036,0.13954964112015208,-1.32455313205719,0.6602942943572998,9.68044376373291,-0.07476913183927536,1.534413456916809,0.13406246900558472,31.70340000000138,1.9793000000021266,33.85109999999969,8.85109999999969
2026-05-15T15:18:17.577+08:00,13.4646536,385,False,-2.1404162841796874,0.0143652099609375,9.610325463867188,-0.026631610900792385,2.109223583342757,0.12144014570761327,-2.4095990657806396,0.3875856399536133,9.29224967956543,-0.0056944009847939014,1.8636070489883423,0.028824418783187866,31.743500000001035,1.935299999999529,33.84289999999979,8.842899999999787
2026-05-15T15:18:17.612+08:00,13.5006063,386,False,-3.1555577880859373,-0.0047884033203125,9.126696728515624,0.014913702104443736,1.801362161329597,-0.021305288720633905,-2.585148811340332,0.3349883556365967,9.240670204162598,-0.02621876448392868,1.8401589393615723,-0.03225225582718849,31.623100000000903,4.09660000000045,35.895800000002254,10.895800000002254
2026-05-15T15:18:17.648+08:00,13.534476199999999,387,False,-3.4620156005859375,0.0,9.188945971679686,0.019174759848570515,1.604288240663733,-0.003195793308095086,-2.9530885219573975,0.11980223655700684,9.828434944152832,0.003989757038652897,1.5692310333251953,-0.049632035195827484,31.673900000001254,1.9713999999986243,33.81129999999999,8.811299999999989
2026-05-15T15:18:17.681+08:00,13.568314499999998,388,False,-4.165910888671875,0.01915361328125,8.786720092773438,0.01597896654047543,1.4913702104443736,-0.0010652644360316954,-3.618335247039795,-0.015625834465026855,9.457815170288086,0.0008419342339038849,1.4368199110031128,-0.01990719884634018,31.760300000001962,1.8527000000005955,33.78470000000178,8.784700000001777
2026-05-15T15:18:17.715+08:00,13.602110899999998,389,False,-4.65432802734375,0.0,8.556876733398436,-0.003195793308095086,0.9044095061909093,-0.008522115488253563,-3.6901538372039795,0.03662455081939697,9.349485397338867,0.0035677338019013405,1.023478627204895,-0.0004625724395737052,31.527100000001695,2.0428999999992925,33.734000000002595,8.734000000002595
2026-05-15T15:18:17.749+08:00,13.6361991,390,False,-4.496310717773437,-0.0047884033203125,8.79150849609375,-0.009587379924285258,0.6423544549271123,-0.022370553156665602,-3.8902721405029297,-0.17182719707489014,9.545061111450195,-0.013035363517701626,0.6842211484909058,-0.012700085528194904,31.56139999999752,2.293300000001608,34.030500000000075,9.030500000000075
2026-05-15T15:18:17.783+08:00,13.6702298,391,False,-4.8698061767578125,-0.047884033203124995,8.547299926757812,-0.008522115488253563,1.1195929222693117,0.0,-4.776759147644043,-0.23956656455993652,8.808502197265625,-0.03632836788892746,0.8525773882865906,0.02519206702709198,31.548899999997104,2.2471999999993386,33.97019999999884,8.97019999999884
2026-05-15T15:18:17.817+08:00,13.7041418,392,False,-5.482721801757812,-0.023942016601562498,8.0828248046875,0.004261057744126781,1.080178138136139,0.0010652644360316954,-4.992565155029297,-0.11603248119354248,8.065459251403809,-0.043334268033504486,1.062289834022522,0.01993568055331707,31.64419999999879,2.0426999999969553,33.85319999999936,8.853199999999362
2026-05-15T15:18:17.851+08:00,13.7379923,393,False,-5.57370146484375,0.0,8.078036401367187,0.008522115488253563,0.7872304182274229,-0.010652644360316953,-4.944058418273926,-0.2430363893508911,8.490257263183594,-0.029966535046696663,0.8874503374099731,0.015271223150193691,31.681800000001203,1.9443000000016752,33.793899999999155,8.793899999999155
2026-05-15T15:18:17.885+08:00,13.7717136,394,False,-5.837063647460937,-0.023942016601562498,7.905653881835937,0.003195793308095086,0.8032093847678983,-0.02556634646476069,-5.395291805267334,-0.4115139842033386,8.501672744750977,-0.017142701894044876,0.7522291541099548,-0.006735749077051878,31.647899999999396,1.8369000000006963,33.66309999999828,8.66309999999828
2026-05-15T15:18:17.918+08:00,13.8058007,395,False,-6.186617089843749,-0.023942016601562498,7.6087728759765625,-0.0010652644360316954,0.534762746887911,-0.01171790879634865,-5.492315769195557,-0.4182966947555542,8.102348327636719,-0.020032882690429688,0.6096450090408325,-0.0076352977193892,31.691699999999656,2.160999999997415,34.022099999997835,9.022099999997835
2026-05-15T15:18:17.953+08:00,13.8401828,396,False,-6.081272216796875,-0.0526724365234375,7.694964135742187,0.0,-0.24501082028728993,0.01384843766841204,-4.9685959815979,-0.4749602675437927,8.649829864501953,-0.0017630718648433685,0.04138747602701187,0.006888288538902998,31.723799999998192,2.3914000000004876,34.304300000002286,9.304300000002286
2026-05-15T15:18:17.987+08:00,13.874343099999999,397,False,-5.736507177734374,-0.033518823242187495,7.996633544921875,-0.005326322180158476,-0.409061543436171,0.017044230976507126,-5.142974376678467,-0.6323550343513489,8.948476791381836,-0.018624184653162956,-0.35968899726867676,-0.0073654125444591045,31.775100000000833,2.117699999999445,34.07879999999963,9.078799999999632
2026-05-15T15:18:18.021+08:00,13.908510299999998,398,False,-5.7843912109375,-0.009576806640625,7.939172705078125,-0.009587379924285258,-0.4495415920053754,0.01171790879634865,-5.328798294067383,-0.5277190804481506,8.513392448425293,-0.030278000980615616,-0.450336217880249,-0.0017742387717589736,31.624699999998285,2.306400000001929,34.109300000000786,9.109300000000786
2026-05-15T15:18:18.055+08:00,13.942255999999999,399,False,-5.659892724609374,-0.0526724365234375,8.010998754882811,-0.003195793308095086,-0.9715211656609062,0.05858954398174324,-4.8955230712890625,-0.5737301111221313,8.646215438842773,-0.030792370438575745,-0.7685460448265076,0.01081473845988512,31.551200000002666,1.9635999999998432,33.686599999999345,8.686599999999345
2026-05-15T15:18:18.089+08:00,13.976308299999998,400,False,-5.2433016357421875,-0.01915361328125,8.240842114257813,-0.0234358175926973,-1.360342684812475,0.11291803021935971,-4.6113715171813965,-0.7948850989341736,9.149209022521973,-0.0604536235332489,-1.203221321105957,0.028543855994939804,31.71299999999988,2.0391999999986865,33.92490000000237,8.924900000002367
2026-05-15T15:18:18.123+08:00,14.011912999999998,401,False,-4.477157104492187,0.047884033203124995,8.796296899414061,-0.03834951969714103,-1.0066748920499522,0.07669903939428206,-4.715728282928467,-0.6713396906852722,8.890056610107422,-0.08871689438819885,-1.1120356321334839,0.04203728586435318,31.490099999999188,3.8727999999998985,35.54900000000316,10.549000000003161
2026-05-15T15:18:18.159+08:00,14.046006099999998,402,False,-4.84586416015625,-0.05746083984375,8.413224633789062,-0.06604639503396512,-1.279382587674066,0.1374191122480887,-4.137817859649658,-0.694976270198822,8.751784324645996,-0.07912001013755798,-1.172910451889038,0.05071845278143883,31.714899999997215,2.1498999999991497,34.03409999999951,9.034099999999512
2026-05-15T15:18:18.193+08:00,14.079932699999999,403,False,-3.67749375,0.0430956298828125,9.054870678710937,-0.12463593901570835,-2.0708740636456158,0.2524676713395118,-3.324033260345459,-0.9950926303863525,9.698724746704102,-0.13639022409915924,-1.6020270586013794,0.07259392738342285,31.604999999998995,2.09509999999824,33.87349999999856,8.873499999998558
2026-05-15T15:18:18.227+08:00,14.113992399999999,404,False,-3.0502129150390624,0.0143652099609375,9.399635717773437,-0.04367584187729951,-1.4892396815723101,0.10865697247523293,-3.3678243160247803,-1.1783850193023682,9.847601890563965,-0.1686171591281891,-1.704850435256958,-0.01664460264146328,31.63239999999945,2.1965999999977726,34.00410000000065,9.004100000000648
2026-05-15T15:18:18.261+08:00,14.147892999999998,405,False,-2.877830395507812,0.0,9.390058911132812,-0.049002164057457984,-1.084439195880266,0.10439591473110614,-3.0769736766815186,-1.0553474426269531,8.824782371520996,-0.044424235820770264,-1.2119563817977905,0.01732758991420269,31.684800000000735,1.989699999999317,33.84319999999974,8.84319999999974
2026-05-15T15:18:18.295+08:00,14.182972699999999,406,False,-2.375048046875,0.047884033203124995,9.548076220703125,-0.02982740420888747,-1.2122709282040693,0.10439591473110614,-2.123412609100342,-0.9476174116134644,9.285798072814941,-0.1103227362036705,-1.0799130201339722,0.05654488131403923,31.59169999999989,3.2519999999998106,35.02659999999835,10.026599999998353
2026-05-15T15:18:18.330+08:00,14.2170526,407,False,-2.1308394775390624,-0.0047884033203125,9.548076220703125,-0.009587379924285258,-0.9736516945329695,0.06498113059793342,-2.091378927230835,-1.1526563167572021,9.611454963684082,-0.08330225199460983,-1.022202491760254,-0.009648067876696587,31.614199999999926,2.2310999999994863,34.015200000002466,9.015200000002466
2026-05-15T15:18:18.363+08:00,14.251056799999999,408,False,-1.7621324218749999,0.0,9.557653027343749,-0.017044230976507126,-1.3592774203764433,0.12889699675983513,-1.4275603294372559,-1.0830762386322021,9.579309463500977,-0.050523221492767334,-1.1020084619522095,-0.009644479490816593,31.690099999998722,2.0884000000016556,33.94620000000259,8.946200000002591
2026-05-15T15:18:18.398+08:00,14.2850257,409,False,-1.2641384765625,-0.17238251953125,9.490615380859374,-0.04261057744126781,-1.7129452131389662,0.2066613005901489,-0.8908169269561768,-1.1231769323349,10.05061149597168,0.002753457985818386,-1.4935083389282227,0.015293339267373085,31.64109999999809,2.0887000000016087,33.912999999998306,8.912999999998306
2026-05-15T15:18:18.431+08:00,14.318955,410,False,-0.7900865478515624,-0.2825157958984375,9.533711010742186,-0.08309062601047223,-2.129463607627359,0.3898867835876005,-0.48612865805625916,-1.1432100534439087,10.179067611694336,-0.06898792833089828,-1.9168421030044556,0.14962580800056458,31.6118000000003,2.088200000002871,33.87250000000108,8.872500000001082
2026-05-15T15:18:18.466+08:00,14.354763699999998,411,False,0.5410895751953124,0.38786066894531246,10.544064111328124,-0.06391586616190172,-1.248489919029147,0.13315805450396193,-0.6005992293357849,-1.2559219598770142,9.89670181274414,-0.26886045932769775,-1.5113071203231812,0.08530570566654205,31.711099999998993,3.7960999999988587,35.74830000000162,10.74830000000162
2026-05-15T15:18:18.502+08:00,14.3887327,412,False,0.0430956298828125,0.0,9.811438403320311,-0.0010652644360316954,-0.04154531300523612,-0.0021305288720633907,-0.47358402609825134,-1.1987320184707642,8.50761604309082,-0.0069969650357961655,-0.5378891825675964,0.0027184998616576195,31.67399999999887,2.063700000000779,33.90910000000247,8.909100000002468
2026-05-15T15:18:18.536+08:00,14.422604299999998,413,False,0.0,-0.009576806640625,9.816226806640625,0.0010652644360316954,-0.009587379924285258,0.0,-0.02506062015891075,-1.0883500576019287,8.543266296386719,-0.0336940735578537,0.01911069080233574,0.03212356194853783,31.639099999999587,1.9908999999991295,33.80170000000149,8.801700000001489
2026-05-15T15:18:18.570+08:00,14.4566532,414,False,0.009576806640625,-0.0143652099609375,9.811438403320311,0.005326322180158476,-0.010652644360316953,-0.004261057744126781,0.2850307524204254,-1.1220113039016724,9.664285659790039,-0.04117574170231819,0.026282958686351776,0.0021855197846889496,31.72840000000221,2.097700000000202,33.99329999999878,8.993299999998783
2026-05-15T15:18:18.604+08:00,14.490987299999999,415,False,0.033518823242187495,-0.01915361328125,9.816226806640625,0.01597896654047543,-0.02556634646476069,-0.030892668644919165,0.21332326531410217,-1.1822888851165771,9.75611686706543,-0.00801253691315651,-0.013733254745602608,-0.03219369053840637,31.648300000000518,2.4602999999991937,34.27810000000164,9.278100000001643
2026-05-15T15:18:18.638+08:00,14.5260135,416,False,0.86191259765625,-0.8858546142578124,9.840168823242188,0.018109495412538822,-0.06285060172587002,-0.4079962790001393,0.7350292205810547,-1.8458619117736816,9.530298233032227,0.20044615864753723,0.08703895658254623,-0.3131924569606781,31.755199999999206,2.9821000000005427,34.969999999997725,9.969999999997725
2026-05-15T15:18:18.673+08:00,14.5598346,417,False,-0.8379705810546875,0.7422025146484375,10.022128149414062,0.02982740420888747,-0.17044230976507124,-1.1025486912928046,0.23192530870437622,-2.0259921550750732,10.251474380493164,-0.28174227476119995,-0.2060146927833557,-0.8911567330360413,31.57589999999999,2.0194999999993968,33.76609999999758,8.766099999997579
2026-05-15T15:18:18.707+08:00,14.5936656,418,False,-0.22026655273437498,0.2059013427734375,10.319009155273436,0.10759170803920123,-0.6402239260550489,-0.7009439989088555,-0.03358589485287666,-0.26121366024017334,10.43465518951416,0.0847262367606163,-0.4069487154483795,-0.9020869135856628,31.65440000000075,1.9050999999983276,33.73780000000082,8.737800000000817
2026-05-15T15:18:18.740+08:00,14.627527499999998,419,False,0.316034619140625,0.229843359375,9.811438403320311,0.24181502697919485,-0.9512811413763039,-0.12144014570761327,0.8293573260307312,0.5796961784362793,10.116470336914062,0.23324380815029144,-0.7297375202178955,-0.28374677896499634,31.635300000001365,1.994700000000904,33.80069999999691,8.800699999996908
2026-05-15T15:18:18.775+08:00,14.662367599999998,420,False,0.9624690673828125,0.1388636962890625,9.509768994140625,0.12783173232380343,-0.8490157555172612,-0.06604639503396512,0.936657190322876,-0.2868233919143677,9.607684135437012,0.2146657258272171,-0.8144896626472473,-0.11816980689764023,31.570900000001956,2.9722999999997057,34.78060000000127,9.780600000001272
2026-05-15T15:18:18.809+08:00,14.696452499999998,421,False,0.8044517578125,0.507570751953125,9.840168823242188,0.10226538585904275,-0.5805691176372739,0.003195793308095086,0.8601719737052917,-0.29503345489501953,9.277885437011719,-0.005126722157001495,-0.636867105960846,-0.048719704151153564,31.627400000001415,2.1273999999991133,33.96189999999777,8.961899999997769
2026-05-15T15:18:18.843+08:00,14.731336399999998,422,False,1.1156979736328125,0.3495534423828125,9.931148486328125,0.08841694819063071,-0.8692557798018634,0.050067428493489684,1.53235924243927,-0.1798102855682373,9.6865816116333,0.10241135209798813,-0.6715269088745117,-0.001527575426734984,31.53209999999973,3.0786999999996567,34.819399999999945,9.819399999999945
2026-05-15T15:18:18.878+08:00,14.7653798,423,False,1.5705962890624998,0.5027823486328125,9.414000927734374,0.04154531300523612,-0.9938917188175718,0.15339807878856412,2.0195603370666504,0.13312947750091553,9.764070510864258,0.05314912647008896,-0.9496979117393494,0.07691249251365662,31.662300000000698,2.1421000000003687,33.987100000000936,8.987100000000936
2026-05-15T15:18:18.911+08:00,14.7992799,424,False,1.915361328125,0.316034619140625,9.576806640625,-0.08309062601047223,-0.8383631111569443,0.2503371424674484,1.909959316253662,-0.24221301078796387,9.458446502685547,0.02378205396234989,-0.878201425075531,0.14826591312885284,31.739899999998045,1.927100000003179,33.844299999998384,8.844299999998384
2026-05-15T15:18:18.946+08:00,14.833464900000001,425,False,2.2553379638671873,0.143652099609375,9.605537060546874,-0.03408846195301425,-0.8756473664180536,0.21305288720633908,2.3692569732666016,0.3597874641418457,9.14387321472168,-0.03856369107961655,-0.7642983198165894,0.22882141172885895,31.807500000002875,2.1449000000011154,34.12359999999737,9.123599999997367
2026-05-15T15:18:18.981+08:00,14.867246100000001,426,False,2.6144682128906247,0.19153613281249998,9.366116894531249,-0.0010652644360316954,-1.0066748920499522,0.15339807878856412,2.818103313446045,-0.2121485471725464,9.468238830566406,-0.030572084710001945,-0.8993077874183655,0.13235749304294586,31.566600000001444,1.969400000000121,33.72089999999872,8.720899999998721
2026-05-15T15:18:19.014+08:00,14.901131099999999,427,False,2.940079638671875,0.1149216796875,9.289502441406249,0.01597896654047543,-0.7755125094310742,0.09480853480682089,2.862377643585205,0.06207585334777832,9.105076789855957,0.02265186421573162,-0.8489488363265991,0.08765368163585663,31.543400000000332,2.069099999999935,33.801000000000414,8.801000000000414
2026-05-15T15:18:19.048+08:00,14.936089399999998,428,False,3.1220389648437497,0.17238251953125,9.299079248046874,0.03728425526110934,-0.7616640717626622,0.050067428493489684,3.203263759613037,-0.38725483417510986,8.915995597839355,-0.0010605370625853539,-0.7214117050170898,0.025899900123476982,31.821000000000765,2.845199999999437,34.88100000000216,9.88100000000216
2026-05-15T15:18:19.083+08:00,14.9701078,429,False,3.4332851806640625,0.19632453613281248,9.05965908203125,0.05113269292952138,-0.6412891904910806,-0.02556634646476069,3.4336209297180176,0.405972957611084,8.734991073608398,0.030240776017308235,-0.639729380607605,0.003265801817178726,31.620900000000063,2.1205999999978076,33.93790000000152,8.93790000000152
2026-05-15T15:18:19.117+08:00,15.004443399999998,430,False,3.5673604736328124,0.24899697265624998,9.126696728515624,0.035153726389045944,-0.5528722423004498,-0.02769687533682408,3.61063289642334,-0.10264325141906738,8.832376480102539,0.032497525215148926,-0.5497526526451111,-0.04734150692820549,31.762700000001587,2.3137999999995884,34.2646000000002,9.2646000000002
2026-05-15T15:18:19.151+08:00,15.038547199999998,431,False,3.69664736328125,0.22505495605468748,9.13627353515625,0.028762139772855775,-0.6551376281594926,-0.035153726389045944,3.957702159881592,0.36011064052581787,8.947261810302734,0.02988635189831257,-0.5790438055992126,-0.037823040038347244,31.71079999999904,2.123399999998554,34.032099999997456,9.032099999997456
2026-05-15T15:18:19.185+08:00,15.072539699999998,432,False,4.007893579101562,0.2442085693359375,8.877699755859375,0.10759170803920123,-0.7073355855250457,-0.05858954398174324,4.1503167152404785,-0.12163674831390381,9.033025741577148,0.0617719441652298,-0.6487433910369873,-0.08914659917354584,31.7147999999996,2.023499999999956,33.91809999999751,8.918099999997509
2026-05-15T15:18:19.220+08:00,15.1068999,433,False,4.180276098632812,0.32561142578124996,8.63827958984375,0.111852765783328,-0.6103965218461614,-0.06604639503396512,4.197303771972656,0.6384240388870239,8.44233512878418,0.1141626387834549,-0.6366751194000244,-0.06661396473646164,31.6863000000005,2.4275999999971987,34.296799999999905,9.296799999999905
2026-05-15T15:18:19.253+08:00,15.141318,434,False,4.299986181640625,0.38307226562499996,8.590395556640624,0.07456851052221868,-0.2545982002115752,-0.02556634646476069,4.088054656982422,0.15460801124572754,8.176959991455078,0.06197363883256912,-0.37198546528816223,-0.05461062490940094,31.638900000000802,2.5247999999997717,34.35430000000039,9.354300000000393
2026-05-15T15:18:19.289+08:00,15.175726899999999,435,False,4.338293408203125,0.39264907226562495,8.619125976562499,0.021305288720633905,0.035153726389045944,-0.03408846195301425,4.17137336730957,0.44970405101776123,7.869953155517578,0.019794916734099388,-0.028386525809764862,-0.03803602233529091,31.60580000000124,2.4762000000002615,34.26990000000174,9.26990000000174
2026-05-15T15:18:19.323+08:00,15.2097155,436,False,4.304774584960938,0.373495458984375,8.681375219726561,0.0,0.07563377495825037,-0.035153726389045944,4.428133487701416,-0.021158456802368164,8.313043594360352,-0.0060242838226258755,0.08629775792360306,-0.03300224989652634,31.587099999999424,2.1543000000008306,33.92829999999947,8.928299999999467
2026-05-15T15:18:19.356+08:00,15.2435678,437,False,4.285620971679688,0.38307226562499996,8.56166513671875,-0.04261057744126781,0.38669099027950543,-0.040480048569204424,4.223319053649902,0.6122348308563232,8.231612205505371,-0.0406779982149601,0.2742927074432373,-0.05470268800854683,31.683100000002185,1.9305000000002792,33.78380000000192,8.783800000001918
2026-05-15T15:18:19.390+08:00,15.277424899999998,438,False,4.012681982421875,0.40222587890625,8.810662109374999,-0.03195793308095086,0.5368932757599745,-0.020240024284602212,4.084009647369385,0.20469260215759277,8.263467788696289,-0.05710791051387787,0.4788556396961212,-0.015439317561686039,31.646199999997293,1.9779999999975928,33.798799999999574,8.798799999999574
2026-05-15T15:18:19.424+08:00,15.311511299999998,439,False,3.9600095458984375,0.2059013427734375,8.82981572265625,-0.044741106313331204,0.7829693604832961,-0.003195793308095086,3.8802783489227295,0.6306592226028442,8.319562911987305,-0.020839311182498932,0.7109094262123108,-0.027308983728289604,31.569499999999806,2.2783999999980153,34.02820000000162,9.028200000001618
2026-05-15T15:18:19.458+08:00,15.345535700000001,440,False,3.5960908935546874,0.373495458984375,8.786720092773438,-0.08202536157444054,1.1419634754259773,-0.018109495412538822,3.477487087249756,-0.05826127529144287,8.23859977722168,-0.10996028035879135,0.998330295085907,0.012403902597725391,31.70420000000007,2.010599999998419,33.898099999998266,8.898099999998266
2026-05-15T15:18:19.493+08:00,15.379642899999999,441,False,3.0741549316406247,0.26815058593749996,9.141061938476563,-0.15765913653269092,1.429584873154535,-0.050067428493489684,3.0028235912323,0.6397018432617188,8.446223258972168,-0.13243700563907623,1.319792628288269,-0.09889303892850876,31.540100000000848,2.283500000000771,34.04520000000133,9.04520000000133
2026-05-15T15:18:19.526+08:00,15.413466699999999,442,False,2.5809493896484375,0.2442085693359375,9.327809667968749,-0.10865697247523293,1.4327806664626304,-0.006391586616190172,2.724823236465454,0.37276458740234375,9.033624649047852,-0.1530514657497406,1.3912925720214844,-0.007836464792490005,31.716199999998196,1.865399999999795,33.75769999999889,8.757699999998891
2026-05-15T15:18:19.560+08:00,15.4488814,443,False,2.1260510742187497,0.1197100830078125,9.423577734375,-0.06285060172587002,1.5574166054783387,-0.030892668644919165,2.255490779876709,0.7902476787567139,9.398687362670898,-0.07653665542602539,1.4502789974212646,-0.08150503039360046,31.788300000002323,3.288300000001243,35.3564999999989,10.356499999998903
2026-05-15T15:18:19.596+08:00,15.482826399999999,444,False,1.369483349609375,0.22026655273437498,9.878476049804688,-0.044741106313331204,1.5446334322459583,-0.0937432703707892,1.6543487310409546,0.11400353908538818,9.756974220275879,-0.08050323277711868,1.4645659923553467,-0.05258071422576904,31.697099999998812,1.9707000000011021,33.84660000000039,8.846600000000393
2026-05-15T15:18:19.630+08:00,15.516622399999997,445,False,0.9433154541015625,0.21068974609375,9.811438403320311,-0.0681769239060285,1.1078750134729631,-0.021305288720633905,1.5949523448944092,0.8266849517822266,10.135185241699219,-0.0945952907204628,1.1902438402175903,-0.09088622033596039,31.588400000000405,1.9638999999997964,33.73540000000119,8.735400000001192
2026-05-15T15:18:19.664+08:00,15.551058,446,False,0.354341845703125,0.0909796630859375,10.405200415039062,-0.22157500269459263,1.041828618438998,0.0,0.8711829781532288,0.14145135879516602,10.648590087890625,-0.12930820882320404,0.9651328921318054,-0.009531342424452305,31.754400000000516,2.3887000000009095,34.36190000000039,9.36190000000039
2026-05-15T15:18:19.697+08:00,15.585016099999999,447,False,0.4740519287109375,0.09576806640624999,9.854534033203125,-0.15765913653269092,0.828775731232659,0.024501082028728992,0.7020577788352966,0.8701510429382324,10.094171524047852,-0.22768539190292358,0.8808201551437378,-0.00913325697183609,31.592299999999796,2.1076999999998236,33.885399999999066,8.885399999999066
2026-05-15T15:18:19.732+08:00,15.6188816,448,False,-0.0430956298828125,-0.0047884033203125,10.32379755859375,-0.13315805450396193,0.9619337857366209,0.009587379924285258,0.31506240367889404,0.3314855098724365,10.2341890335083,-0.12960660457611084,0.8500111103057861,0.005919057410210371,31.60779999999974,2.0020999999985634,33.80770000000055,8.807700000000551
2026-05-15T15:18:19.766+08:00,15.652592499999999,449,False,-0.028730419921875,-0.028730419921875,9.90241806640625,-0.021305288720633905,0.07030745277809189,0.006391586616190172,0.7917479872703552,0.7888431549072266,10.568150520324707,-0.09509910643100739,0.3870181739330292,0.009666411206126213,31.696099999997784,1.7710999999991373,33.64519999999871,8.64519999999871
2026-05-15T15:18:19.800+08:00,15.686458799999999,450,False,0.047884033203124995,0.0047884033203125,9.787496386718749,-0.017044230976507126,0.03302319751698256,-0.009587379924285258,0.46942922472953796,0.38597559928894043,10.519416809082031,-0.011448909528553486,-0.027078725397586823,-0.011019608937203884,31.620900000000063,2.0115000000018313,33.807699999997,8.807699999996998
2026-05-15T15:18:19.834+08:00,15.721930500000001,451,False,0.0,-0.01915361328125,9.816226806640625,-0.010652644360316953,0.008522115488253563,-0.026631610900792385,0.258044958114624,0.776984691619873,9.74977970123291,-0.012476803734898567,0.017125189304351807,-0.019104810431599617,31.710300000000302,3.4901000000004956,35.41529999999682,10.415299999996819
2026-05-15T15:18:19.868+08:00,15.7559986,452,False,-0.16280571289062498,-0.17238251953125,9.801861596679688,-0.003195793308095086,-0.0010652644360316954,-0.16405072314888108,0.17916357517242432,0.167871356010437,9.667102813720703,0.023431072011590004,0.008357393555343151,-0.1354953497648239,31.702400000000353,2.1049000000026297,34.00219999999976,9.00219999999976
2026-05-15T15:18:19.903+08:00,15.790911199999998,453,False,0.1580173095703125,0.1484405029296875,9.80665,0.0010652644360316954,0.0010652644360316954,-0.06711165946999681,0.20988403260707855,0.7486917972564697,9.76352596282959,-0.0840112566947937,0.011256217025220394,-0.08681294322013855,31.615799999997307,3.0500000000017735,34.84969999999876,9.849699999998762
2026-05-15T15:18:19.938+08:00,15.825021599999998,454,False,-0.143652099609375,-0.2537853759765625,9.80665,-0.004261057744126781,-0.003195793308095086,-0.12037488127158158,0.25655436515808105,0.5598539113998413,9.8202486038208,0.058362558484077454,-0.012163463979959488,-0.10325346887111664,31.684599999998397,2.184800000001985,34.049699999997074,9.049699999997074
2026-05-15T15:18:19.972+08:00,15.8592803,455,False,0.181959326171875,0.37828386230468747,9.955090502929687,-0.15126754991650074,-0.005326322180158476,-0.33023197516982555,0.38709813356399536,0.4888613224029541,9.838874816894531,-0.18017235398292542,-0.011269751936197281,-0.27087533473968506,31.667199999997564,2.3384999999969125,34.19670000000252,9.196700000002522
2026-05-15T15:18:20.006+08:00,15.8934725,456,False,0.047884033203124995,-0.27293898925781246,9.9981861328125,-0.8096009713840885,-0.022370553156665602,0.05326322180158477,0.40415140986442566,0.3414551019668579,9.888605117797852,-0.46581679582595825,-0.0010522371158003807,-0.076592355966568,31.743800000000988,2.1334999999993443,34.119799999999145,9.119799999999145
2026-05-15T15:18:20.040+08:00,15.9273571,457,False,0.1580173095703125,-0.32082302246093747,9.892841259765625,-1.104679220164868,-0.02769687533682408,0.40480048569204424,0.22560954093933105,0.7874417304992676,9.948331832885742,-1.0103217363357544,-0.010130109265446663,0.3468588888645172,31.646699999999583,2.012000000000569,33.82410000000036,8.824100000000357
2026-05-15T15:18:20.074+08:00,15.961312399999999,458,False,0.19153613281249998,-1.3024457031249999,9.65342109375,-1.2122709282040693,0.02556634646476069,0.1821602185614199,0.3951071798801422,-0.110770583152771,9.712905883789062,-1.0141912698745728,0.02151430770754814,0.2681679129600525,31.54609999999991,2.181499999998948,33.898199999999434,8.898199999999434
2026-05-15T15:18:20.109+08:00,15.9952849,459,False,-0.047884033203124995,-1.350329736328125,9.686939916992188,-1.0045443631778888,0.0021305288720633907,0.07776430383031376,0.38815176486968994,-0.7087966203689575,9.825902938842773,-1.042105793952942,0.0018028467893600464,0.10271803289651871,31.68930000000003,2.0500999999981673,33.90939999999887,8.909399999998868
2026-05-15T15:18:20.142+08:00,16.029321699999997,460,False,0.15322890625,-1.4604630126953124,9.739612353515625,-1.213336192640101,0.021305288720633905,0.27909928224030417,0.3004116714000702,-0.6044855713844299,9.715078353881836,-1.0724244117736816,0.016278080642223358,0.23934218287467957,31.690499999999844,2.103199999996974,33.97070000000113,8.97070000000113
2026-05-15T15:18:20.176+08:00,16.063742599999998,461,False,-0.16280571289062498,-2.269703173828125,9.361328491210937,-0.9672601079167794,0.005326322180158476,0.2077265650261806,0.2515794038772583,-0.7678607702255249,9.613008499145508,-0.9641474485397339,0.016618695110082626,0.24948181211948395,31.638699999998465,2.5454000000024735,34.35830000000095,9.358300000000952
2026-05-15T15:18:20.210+08:00,16.097663599999997,462,False,-0.2154781494140625,-1.9728221679687499,9.524134204101562,-0.3547330571985546,0.1150485590914231,-0.05219795736555307,0.045903317630290985,-1.083984136581421,9.548588752746582,-0.6040561199188232,0.05744171515107155,0.024892207235097885,31.657200000001495,2.033699999998362,33.86340000000132,8.86340000000132
2026-05-15T15:18:20.244+08:00,16.131687999999997,463,False,-0.12449848632812499,-2.0973206542968748,9.720458740234374,-0.49641322719077,0.07989483270237716,-0.03302319751698256,0.176376074552536,-1.3379030227661133,9.583127975463867,-0.35597071051597595,0.10549534112215042,-0.059109557420015335,31.71040000000147,2.0638000000019474,33.96359999999987,8.963599999999872
2026-05-15T15:18:20.279+08:00,16.1656172,464,False,-0.3064578125,-2.8107927490234372,9.260772021484375,-0.4314320965928366,-0.044741106313331204,0.05539375067364816,0.17707538604736328,-1.5221765041351318,9.710272789001465,-0.3601536452770233,-0.0012984336353838444,0.029651567339897156,31.786699999997836,1.9165999999977146,33.868900000001645,8.868900000001645
2026-05-15T15:18:20.311+08:00,16.1997487,465,False,-0.062249243164062495,-2.50912333984375,9.552864624023437,-0.3419498839661742,-0.035153726389045944,-0.13209279006793023,0.14407452940940857,-1.8415701389312744,9.72816276550293,-0.3967495858669281,-0.04822666570544243,-0.04712815582752228,31.64819999999935,2.2503999999976543,34.07500000000141,9.07500000000141
2026-05-15T15:18:20.346+08:00,16.235042899999996,466,False,-0.105344873046875,-2.7916391357421872,9.361328491210937,-0.33342776847792066,0.08309062601047223,-0.14807175660840566,0.14299577474594116,-2.03293514251709,9.45199966430664,-0.29596251249313354,0.02191224694252014,-0.1485700011253357,31.630299999999778,3.370000000000317,35.234700000000174,10.234700000000174
2026-05-15T15:18:20.381+08:00,16.2695218,467,False,-0.047884033203124995,-2.748543505859375,9.447519750976562,-0.2045307717180855,0.0021305288720633907,0.10759170803920123,0.2639072835445404,-1.644874095916748,9.500170707702637,-0.2658097743988037,0.05492663010954857,0.060645222663879395,31.629099999999966,2.515899999998794,34.36980000000034,9.369800000000339
2026-05-15T15:18:20.416+08:00,16.303688700000002,468,False,-0.1149216796875,-2.849099975585937,9.332598071289063,-0.08628641931856733,0.03195793308095086,0.010652644360316953,0.21829579770565033,-1.9065916538238525,9.598867416381836,-0.12594197690486908,0.019384708255529404,0.06419016420841217,31.660699999999764,2.2634999999979755,34.105799999998965,9.105799999998965
2026-05-15T15:18:20.451+08:00,16.3377548,469,False,-0.1149216796875,-2.834734765625,9.404424121093749,-0.028762139772855775,0.050067428493489684,-0.03408846195301425,0.1636960804462433,-2.2513535022735596,9.526718139648438,-0.04568846523761749,0.030057527124881744,-0.01958637684583664,31.587900000001667,2.2313000000018235,34.0075000000013,9.0075000000013
2026-05-15T15:18:20.485+08:00,16.371549099999996,470,False,-0.2059013427734375,-2.978386865234375,9.327809667968749,0.05432848623761646,-0.022370553156665602,-0.07882956826634546,0.2406448870897293,-2.1437785625457764,9.570623397827148,0.029271746054291725,-0.002373635768890381,-0.06193406507372856,31.649999999999068,1.9002000000014618,33.73089999999834,8.730899999998343
2026-05-15T15:18:20.519+08:00,16.405836100000002,471,False,-0.0718260498046875,-2.85388837890625,9.428366137695312,0.05539375067364816,-0.014913702104443736,-0.0926780059347575,0.19705022871494293,-2.1261191368103027,9.577451705932617,0.03365187346935272,-0.03289813548326492,-0.0742095559835434,31.6578000000014,2.3714999999988606,34.23039999999844,9.23039999999844
2026-05-15T15:18:20.553+08:00,16.4398081,472,False,-0.1149216796875,-2.9496564453125,9.318232861328125,0.0926780059347575,-0.0010652644360316954,-0.09693906367888427,0.2153521031141281,-2.0150935649871826,9.504154205322266,0.07110515981912613,-0.012134391814470291,-0.08737315237522125,31.676000000000926,2.046700000001067,33.91200000000083,8.91200000000083
2026-05-15T15:18:20.586+08:00,16.473689899999997,473,False,-0.06703764648437499,-2.844311572265625,9.394847314453125,0.160854929840786,0.009587379924285258,-0.07776430383031376,0.2203257828950882,-2.162540912628174,9.521793365478516,0.11025191098451614,0.002060580998659134,-0.07502788305282593,31.67919999999924,1.9476999999987754,33.820200000000966,8.820200000000966
2026-05-15T15:18:20.621+08:00,16.507843899999997,474,False,-0.1388636962890625,-2.849099975585937,9.361328491210937,0.31744880193744524,-0.0234358175926973,-0.13954964112015208,0.25033116340637207,-1.994011640548706,9.594244003295898,0.2415081411600113,-0.02038237452507019,-0.11704487353563309,31.730800000001835,2.1506000000002246,34.075099999999026,9.075099999999026
2026-05-15T15:18:20.655+08:00,16.5416441,475,False,-0.009576806640625,-2.5953145996093747,9.476250170898437,0.3025350998330015,-0.019174759848570515,-0.030892668644919165,0.26052308082580566,-1.9477548599243164,9.573972702026367,0.2779950797557831,-0.0239361971616745,-0.05792948603630066,31.517499999999643,2.049499999998261,33.736999999998574,8.736999999998574
2026-05-15T15:18:20.689+08:00,16.5756954,476,False,-0.11013327636718749,-2.906560815429687,9.275137231445312,0.49215216944664325,-0.05645901510967986,-0.0234358175926973,0.2931465804576874,-1.7051072120666504,9.533721923828125,0.42117324471473694,-0.04324429854750633,-0.021145135164260864,31.666000000001304,2.1584000000025583,33.9931,8.993099999999998
2026-05-15T15:18:20.723+08:00,16.609785199999997,477,False,-0.05746083984375,-1.89620771484375,9.868899243164062,1.2122709282040693,-0.06711165946999681,-0.23968449810713147,0.25727954506874084,-1.9634764194488525,9.889713287353516,0.7072620987892151,-0.06439471989870071,-0.18000875413417816,31.763099999999156,2.0763999999999783,34.0278000000005,9.027800000000497
2026-05-15T15:18:20.757+08:00,16.643724,478,False,0.0,-1.5514426757812498,9.816226806640625,0.9800432811491597,-0.12144014570761327,-0.03195793308095086,0.38041064143180847,-1.3883280754089355,9.812929153442383,1.047239899635315,-0.09604762494564056,-0.13541890680789948,31.641500000002765,2.0743000000003065,33.87960000000234,8.879600000002341
2026-05-15T15:18:20.790+08:00,16.677779,479,False,-0.26815058593749996,-1.618480322265625,9.303867651367186,1.2037488127158158,-0.0905474770626941,0.19707392066586363,0.12978944182395935,-0.7764813899993896,9.59912109375,1.0499296188354492,-0.1049434021115303,0.11282294243574142,31.657099999996774,2.1594999999976494,33.99519999999967,8.99519999999967
2026-05-15T15:18:20.825+08:00,16.712125200000003,480,False,0.45968671875,-0.842758984375,9.950302099609374,1.3156015784991437,-0.07243798165015529,0.12250541014364497,0.48556575179100037,-0.5184576511383057,9.711038589477539,1.159220576286316,-0.026137635111808777,0.13474860787391663,31.613700000001188,2.388200000002172,34.19719999999771,9.197199999997707
2026-05-15T15:18:20.859+08:00,16.7462419,481,False,-0.028730419921875,-0.4836287353515625,9.935936889648437,0.8799084241621804,0.026631610900792385,0.0458063707493629,0.49892517924308777,-1.4424673318862915,9.865535736083984,0.9643226265907288,-0.02068171836435795,0.011072252877056599,31.650100000000236,2.2108000000002903,34.055500000000904,9.055500000000904
2026-05-15T15:18:20.893+08:00,16.780563299999997,482,False,-0.076614453125,-0.6607996582031249,9.878476049804688,0.542219597940133,0.14168016999221547,0.01597896654047543,0.12966811656951904,-0.8238661885261536,9.778488159179688,0.6385244131088257,0.09040384739637375,-0.015555785037577152,31.79360000000031,2.2684999999995625,34.24240000000012,9.242400000000117
2026-05-15T15:18:20.927+08:00,16.8147624,483,False,0.4261678955078125,-0.316034619140625,9.95987890625,0.37923413922728355,0.03302319751698256,0.01597896654047543,0.6794601678848267,-0.24807453155517578,9.775213241577148,0.32577574253082275,0.13414183259010315,0.007159639615565538,31.641100000001643,2.3008999999980517,34.136000000000166,9.136000000000166
2026-05-15T15:18:20.962+08:00,16.8488307,484,False,0.08140285644531249,-0.39264907226562495,9.801861596679688,0.12250541014364497,-0.018109495412538822,0.13102752563189854,0.7347530126571655,0.28710317611694336,9.948638916015625,0.20785757899284363,-0.026610352098941803,0.09642518311738968,31.718999999998942,2.085999999998478,34.007700000000085,9.007700000000085
2026-05-15T15:18:20.995+08:00,16.882921500000002,485,False,0.1580173095703125,-0.37828386230468747,9.830592016601562,-0.009587379924285258,-0.02769687533682408,0.17363810307316635,0.43983709812164307,-0.3522965908050537,9.891195297241211,0.01772848702967167,-0.044671159237623215,0.1617482751607895,31.607899999997358,2.21390000000099,34.02750000000054,9.027500000000543
2026-05-15T15:18:21.030+08:00,16.9171944,486,False,0.0526724365234375,-0.3591302490234375,9.773131176757811,0.26525084457189213,-0.0937432703707892,0.3185140663734769,0.5385186672210693,0.6137841939926147,9.777759552001953,0.13792239129543304,-0.05498727411031723,0.2773900330066681,31.62980000000104,2.378400000001335,34.20979999999929,9.20979999999929
2026-05-15T15:18:21.064+08:00,16.951355899999996,487,False,-0.33039982910156246,-0.6703764648437499,10.046070166015625,1.1909656394834354,-0.08202536157444054,0.5155879870393405,0.18928886950016022,0.7637476921081543,10.227643966674805,0.9473518133163452,-0.10383971780538559,0.41860800981521606,31.67320000000018,2.2431999999987795,34.09819999999897,9.098199999998968
2026-05-15T15:18:21.098+08:00,16.985332999999997,488,False,0.2059013427734375,0.296881005859375,10.462661254882812,1.3369068672197777,0.23755396923506805,0.2290318537468145,0.08820001780986786,0.41081106662750244,9.79578971862793,1.223776936531067,0.19357208907604218,0.27782100439071655,31.63900000000197,2.0924999999998306,33.91540000000148,8.915400000001483
2026-05-15T15:18:21.131+08:00,17.019519199999998,489,False,0.2825157958984375,0.7709329345703124,9.734823950195311,1.0503507339272515,0.13315805450396193,-0.20240024284602212,0.7549794912338257,-0.03061997890472412,9.616567611694336,0.9939916133880615,0.23866817355155945,-0.16592268645763397,31.77559999999957,2.150199999999103,34.12390000000087,9.123900000000873
2026-05-15T15:18:21.166+08:00,17.053736999999998,490,False,-0.17238251953125,1.2210428466796874,9.926360083007811,1.2580772989534321,0.12570120345174005,-0.05645901510967986,0.5255894660949707,1.561751365661621,10.071231842041016,0.9943004846572876,0.07448940724134445,-0.1658647656440735,31.734699999997673,2.2285999999986927,34.155299999998334,9.155299999998334
2026-05-15T15:18:21.200+08:00,17.087808699999997,491,False,0.2346317626953125,1.4891934326171874,9.562441430664062,1.2058793415878792,0.30892668644919163,-0.15233281435253243,0.1734510362148285,2.037720203399658,9.340347290039062,1.192971110343933,0.25512534379959106,-0.1538839489221573,31.631799999999544,2.1880999999979167,34.0120000000006,9.012000000000597
2026-05-15T15:18:21.235+08:00,17.121890899999997,492,False,-0.316034619140625,1.9871873779296874,9.490615380859374,1.1664645574547063,0.4548679141855339,-0.12889699675983513,0.10613486170768738,2.1995344161987305,9.039718627929688,1.0695089101791382,0.41698411107063293,-0.1930386871099472,31.66760000000224,2.1679999999975053,34.014099999996716,9.014099999996716
2026-05-15T15:18:21.269+08:00,17.1557045,493,False,-0.28730419921875,2.2361843505859373,9.447519750976562,0.793622004843613,0.6498113059793341,-0.11824435239951818,-0.22808955609798431,2.368906259536743,9.072092056274414,0.8472538590431213,0.5680859684944153,-0.1636316478252411,31.556399999999485,2.0084000000011315,33.75250000000207,8.752500000002073
2026-05-15T15:18:21.302+08:00,17.1898183,494,False,-0.689530078125,2.47081611328125,9.428366137695312,0.7126619077052042,0.7041397922169507,-0.16937704532903955,-0.2972128987312317,2.6681268215179443,9.118768692016602,0.600957453250885,0.669697105884552,-0.19956018030643463,31.688199999997835,2.1556999999994275,34.04880000000077,9.048800000000767
2026-05-15T15:18:21.337+08:00,17.223777,495,False,-0.9959878906249999,2.710236279296875,9.3086560546875,0.6785734457521899,0.5390238046320378,-0.1832254829974516,-0.3915262818336487,2.529745578765869,9.542564392089844,0.6077004075050354,0.548188328742981,-0.21747784316539764,31.705500000001052,1.9986000000002946,33.89529999999752,8.895299999997519
2026-05-15T15:18:21.370+08:00,17.2577388,496,False,-1.0295067138671874,2.901772412109375,8.892064965820312,0.49215216944664325,0.3643204371228398,-0.20346550728205381,-0.5023960471153259,2.9612326622009277,9.207743644714355,0.5016584396362305,0.37035447359085083,-0.22607998549938202,31.538900000001036,2.1857000000018445,33.90569999999826,8.905699999998262
2026-05-15T15:18:21.405+08:00,17.291800199999997,497,False,-1.637633935546875,3.0262708984374997,9.17458076171875,0.2300971181828462,0.17896442525332482,-0.13209279006793023,-0.8504299521446228,2.8260321617126465,9.384295463562012,0.26984158158302307,0.17262592911720276,-0.16932529211044312,31.723599999999408,2.084299999999928,33.99589999999719,8.995899999997192
2026-05-15T15:18:21.439+08:00,17.3256619,498,False,-1.3407529296874998,3.0837317382812497,9.141061938476563,0.2290318537468145,0.0681769239060285,0.02769687533682408,-1.0335372686386108,3.429619312286377,9.262702941894531,0.17690430581569672,0.0846412181854248,-0.014653812162578106,31.593899999997177,1.9823000000016577,33.80160000000032,8.80160000000032
2026-05-15T15:18:21.473+08:00,17.3602772,499,False,-1.13006318359375,3.1124621582031247,9.184157568359375,0.2077265650261806,0.060720072853806636,0.01597896654047543,-0.8040283918380737,3.0385146141052246,9.136943817138672,0.23120196163654327,0.07663113623857498,0.01387979555875063,31.732999999999123,2.6068999999999676,34.55510000000217,9.55510000000217
2026-05-15T15:18:21.507+08:00,17.3942897,500,False,-1.3551181396484375,3.1747114013671873,9.1554271484375,0.21944447382252924,0.012783173232380344,0.018109495412538822,-0.8231885433197021,3.1051316261291504,9.126579284667969,0.21013274788856506,0.011722547002136707,0.00552923372015357,31.713000000003433,2.0617999999998915,33.954699999998894,8.954699999998894
2026-05-15T15:18:21.541+08:00,17.428306900000003,501,False,-1.149216796875,3.2417490478515623,9.011775048828124,0.160854929840786,-0.017044230976507126,0.003195793308095086,-0.8425490856170654,3.038663864135742,9.050077438354492,0.18238109350204468,-0.014954565092921257,-0.006183333229273558,31.675700000000973,2.1106999999993548,33.95690000000329,8.956900000003287
2026-05-15T15:18:21.575+08:00,17.462389,502,False,-1.3072341064453123,3.318363500976562,9.112331518554686,0.07669903939428206,-0.10333065029507445,-0.02982740420888747,-0.7862296104431152,3.2435693740844727,8.999410629272461,0.08833557367324829,-0.08481907099485397,-0.01948714070022106,31.753399999999488,2.047799999999711,34.020900000001575,9.020900000001575
2026-05-15T15:18:21.609+08:00,17.4968199,503,False,-1.2497732666015624,3.303998291015625,9.011775048828124,-0.01597896654047543,-0.11824435239951818,0.024501082028728992,-0.8751100301742554,2.772859573364258,9.19314193725586,0.02411956526339054,-0.13094449043273926,-0.00725258095189929,31.63680000000113,2.454700000001253,34.356000000002496,9.356000000002496
2026-05-15T15:18:21.643+08:00,17.5309162,504,False,-1.1109095703125,3.27526787109375,8.978256225585938,-0.10759170803920123,-0.2066613005901489,-0.004261057744126781,-0.7129640579223633,3.029651165008545,8.997903823852539,-0.059311866760253906,-0.1679142266511917,0.002611045492812991,31.6371999999987,2.191200000002169,34.024400000003396,9.024400000003396
2026-05-15T15:18:21.678+08:00,17.5651066,505,False,-1.2737152832031249,3.265691064453125,9.026140258789061,-0.22157500269459263,-0.223705531566656,0.05432848623761646,-0.7729293704032898,2.840139389038086,9.113667488098145,-0.16855502128601074,-0.2359583079814911,0.034050438553094864,31.685100000000688,2.242700000000042,34.12029999999788,9.120299999997883
2026-05-15T15:18:21.711+08:00,17.599134999999997,506,False,-0.9959878906249999,3.1603461914062496,9.093177905273437,-0.3408846195301425,-0.3131877441933184,0.11824435239951818,-0.6777728796005249,3.0192203521728516,9.08957290649414,-0.26664668321609497,-0.27116942405700684,0.11727166920900345,31.612000000002638,2.1519000000012056,33.96120000000025,8.961200000000247
2026-05-15T15:18:21.746+08:00,17.6329991,507,False,-0.8714894042968749,3.0502129150390624,9.112331518554686,-0.47723846734219955,-0.5177185159114039,0.10013485698697937,-0.3204345107078552,2.5072550773620605,9.320574760437012,-0.37804529070854187,-0.4410950839519501,0.09825395792722702,31.750100000000003,1.8758000000005381,33.79449999999906,8.794499999999061
2026-05-15T15:18:21.780+08:00,17.667003899999997,508,False,-0.8188169677734375,2.9496564453125,9.1554271484375,-0.7052050566529823,-0.47191214516204105,0.31425300862935013,-0.4636220932006836,2.559828758239746,9.277339935302734,-0.5762500166893005,-0.522260844707489,0.25877082347869873,31.62240000000338,2.1348000000003253,33.93559999999951,8.93559999999951
2026-05-15T15:18:21.813+08:00,17.7010067,509,False,-0.37828386230468747,2.6479870361328124,9.2320416015625,-1.0333065029507444,-0.24074976254316316,0.3195793308095086,-0.43982452154159546,2.2066915035247803,8.813616752624512,-0.8103334903717041,-0.2908189296722412,0.33788353204727173,31.73980000000043,2.0300000000013085,33.93829999999909,8.938299999999089
2026-05-15T15:18:21.847+08:00,17.7353131,510,False,-0.2920926025390625,2.1739351074218747,9.600748657226562,-1.0503507339272515,-0.111852765783328,0.14274543442824716,-0.03221593424677849,1.8967912197113037,9.041351318359375,-0.9640476107597351,-0.10992394387722015,0.2149057388305664,31.722899999998333,2.343700000000837,34.25060000000002,9.25060000000002
2026-05-15T15:18:21.881+08:00,17.769405499999998,511,False,-2.068590234375,2.2170307373046874,6.809109521484374,-2.490588251442104,-0.22050973825856093,1.1462245331701042,-0.9606956839561462,1.3462638854980469,7.864102363586426,-1.7716161012649536,-0.3834077715873718,0.8989096879959106,31.69109999999975,2.179800000000398,34.03650000000269,9.03650000000269
2026-05-15T15:18:21.916+08:00,17.803091199999997,512,False,0.833182177734375,0.4070142822265625,11.640608471679688,-1.1110708067810582,-0.3344930329139523,0.6807039746242534,0.13715161383152008,1.6263353824615479,9.96097469329834,-1.397222638130188,-0.16354353725910187,0.8553646206855774,31.55410000000103,1.8948000000023058,33.630700000003344,8.630700000003344
2026-05-15T15:18:21.950+08:00,17.8370762,513,False,-0.047884033203124995,0.7517793212890624,9.730035546875,-0.6956176767286971,-0.24714134915935332,0.20346550728205381,0.9739566445350647,0.03440415859222412,10.541282653808594,-0.7061676979064941,-0.3437345027923584,0.28287601470947266,31.648300000000518,2.1050000000002456,33.92829999999947,8.928299999999467
2026-05-15T15:18:21.984+08:00,17.8708672,514,False,0.105344873046875,0.5267243652343749,9.701305126953125,-0.6615292147756828,-0.19387812735776855,0.0916127414987258,0.2834641635417938,-0.05919969081878662,9.70100212097168,-0.5964117646217346,-0.2481621950864792,0.1012902781367302,31.61729999999352,1.9425999999995724,33.73320000000035,8.733200000000352
2026-05-15T15:18:22.018+08:00,17.9046283,515,False,-0.1580173095703125,0.430956298828125,9.840168823242188,-0.9203884727313848,-0.11291803021935971,0.12250541014364497,0.27550071477890015,-0.314655601978302,9.479095458984375,-0.7570387125015259,-0.14102710783481598,0.10595272481441498,31.60390000000035,1.9308999999978482,33.704499999998916,8.704499999998916
2026-05-15T15:18:22.051+08:00,17.938386599999994,516,False,0.4213794921875,-0.7230489013671875,10.012551342773437,-0.05113269292952138,0.004261057744126781,0.2716424311880823,0.46051380038261414,0.34224963188171387,9.862741470336914,-0.21577461063861847,0.00462262611836195,0.22710835933685303,31.63810000000211,1.876899999999182,33.70129999999705,8.701299999997048
2026-05-15T15:18:22.086+08:00,17.972546699999995,517,False,0.1197100830078125,-0.22505495605468748,9.80665,0.003195793308095086,0.030892668644919165,0.07456851052221868,0.6869667172431946,-0.6805853843688965,9.680778503417969,0.09963199496269226,0.00910541694611311,0.13562099635601044,31.63680000000113,2.2657000000023686,34.09779999999785,9.097799999997846
2026-05-15T15:18:22.119+08:00,18.0064804,518,False,0.06703764648437499,0.0,9.811438403320311,0.0010652644360316954,0.03302319751698256,0.035153726389045944,0.5401913523674011,0.02271139621734619,9.70088005065918,-0.06515641510486603,0.015725668519735336,0.027040645480155945,31.630399999997394,2.0577000000017165,33.87260000000225,8.872600000002251
2026-05-15T15:18:22.153+08:00,18.040590699999996,519,False,0.0430956298828125,-0.01915361328125,9.859322436523437,0.0,0.01597896654047543,0.01384843766841204,0.497590035200119,-0.5065887570381165,9.909425735473633,0.00742841511964798,0.020915862172842026,0.01134465727955103,31.84299999999496,2.021100000000331,34.05250000000137,9.052500000001373
2026-05-15T15:18:22.187+08:00,18.074634699999997,520,False,-0.01915361328125,0.086191259765625,9.725247143554688,0.08096009713840885,0.01384843766841204,-0.004261057744126781,0.44664016366004944,-0.17867040634155273,9.722492218017578,0.05728764832019806,0.007762271910905838,-0.00964996125549078,31.7548999999957,1.9844999999989454,33.91669999999891,8.916699999998912
2026-05-15T15:18:22.222+08:00,18.108488099999995,521,False,-0.023942016601562498,0.06703764648437499,9.777919580078125,-0.05965480841777494,-0.004261057744126781,0.03302319751698256,0.4262022376060486,-0.40707606077194214,9.741358757019043,0.03491207957267761,0.003684314899146557,0.0004886469105258584,31.56839999999761,2.026800000002993,33.79120000000313,8.79120000000313
2026-05-15T15:18:22.256+08:00,18.142516799999996,522,False,0.11013327636718749,-0.01915361328125,9.849745629882811,-0.0468716351853946,0.008522115488253563,0.04793689962142629,0.4604758620262146,0.5520082712173462,9.680925369262695,-0.05529548227787018,0.007033227011561394,0.055742546916007996,31.657600000002617,2.141600000001631,33.970799999998746,8.970799999998746
2026-05-15T15:18:22.289+08:00,18.1763914,523,False,0.0,-0.009576806640625,9.82580361328125,-0.019174759848570515,0.0234358175926973,0.0021305288720633907,0.4687016010284424,-0.5033174157142639,9.830804824829102,-0.013826165348291397,0.012872514314949512,0.004387971479445696,31.587000000001808,2.0564000000007354,33.81790000000251,8.81790000000251
2026-05-15T15:18:22.323+08:00,18.2113364,524,False,0.0047884033203125,-0.0047884033203125,9.80665,-0.018109495412538822,0.040480048569204424,0.0021305288720633907,0.4046238958835602,-0.33542442321777344,9.772319793701172,-0.004500281531363726,0.02874498814344406,-0.006355025339871645,31.663700000002848,2.920899999999449,34.87880000000132,9.87880000000132
2026-05-15T15:18:22.358+08:00,18.245428599999997,525,False,0.0383072265625,-0.009576806640625,9.840168823242188,-0.03195793308095086,0.11078750134729631,0.008522115488253563,0.38882508873939514,-0.46263211965560913,9.72800064086914,-0.02332499995827675,0.09132381528615952,-0.000755543471314013,31.704799999999977,2.110299999998233,34.01599999999405,9.015999999994051
2026-05-15T15:18:22.393+08:00,18.2797044,526,False,0.062249243164062495,0.0047884033203125,9.964667309570311,-0.05326322180158477,0.5624596222247351,-0.02556634646476069,0.015140891075134277,0.4359395503997803,9.37039566040039,-0.06365133076906204,0.41456151008605957,-0.038125574588775635,31.557400000004066,2.445000000001585,34.215000000003215,9.215000000003215
2026-05-15T15:18:22.426+08:00,18.313959099999998,527,False,-0.37828386230468747,-0.0383072265625,9.835380419921874,-0.018109495412538822,0.9353021748358286,-0.0926780059347575,-0.20470352470874786,-0.7687869668006897,9.255356788635254,-0.03897137939929962,0.8066457509994507,-0.045257747173309326,31.76960000000406,2.200399999999547,34.17220000000043,9.17220000000043
2026-05-15T15:18:22.461+08:00,18.349161199999998,528,False,-0.5889736083984375,-0.1149216796875,9.888052856445311,0.021305288720633905,1.125984508885502,-0.0458063707493629,-0.4715891182422638,-0.20384109020233154,9.432939529418945,0.009447917342185974,1.0613290071487427,-0.04822234436869621,31.634999999994307,3.2436999999987393,35.11309999999668,10.113099999996678
2026-05-15T15:18:22.496+08:00,18.383125999999997,529,False,-1.1827356201171875,-0.0526724365234375,9.720458740234374,0.03408846195301425,1.3443637182719996,-0.005326322180158476,-0.8395270705223083,-0.5367152690887451,9.645503997802734,0.011045167222619057,1.2405251264572144,0.024342555552721024,31.677100000003122,1.9844000000048823,33.86009999999828,8.860099999998283
2026-05-15T15:18:22.530+08:00,18.417259099999995,530,False,-1.6424223388671875,-0.0430956298828125,9.648632690429688,0.020240024284602212,1.3337110739116826,-0.018109495412538822,-1.2579078674316406,0.19416892528533936,9.67150592803955,-0.0023870281875133514,1.2922435998916626,-0.03587470203638077,31.58030000000167,2.273099999996475,34.07330000000286,9.07330000000286
2026-05-15T15:18:22.564+08:00,18.451377699999995,531,False,-1.924938134765625,-0.028730419921875,9.562441430664062,0.010652644360316953,1.2985573475226366,-0.021305288720633905,-1.5100761651992798,-0.5519377589225769,9.832595825195312,0.00022523477673530579,1.2546747922897339,0.017554763704538345,31.746299999994676,2.110600000001739,34.054099999998755,9.054099999998755
2026-05-15T15:18:22.598+08:00,18.4854488,532,False,-2.4660277099609376,-0.01915361328125,9.409212524414063,-0.008522115488253563,1.1270497733215337,-0.11078750134729631,-1.776860237121582,-0.47758960723876953,9.869032859802246,-0.02492595463991165,1.103990077972412,-0.06521936506032944,31.735199999999963,2.0861999999937098,34.00810000000121,9.008100000001207
2026-05-15T15:18:22.633+08:00,18.519762299999996,533,False,-2.7341782958984373,-0.0718260498046875,9.313444458007812,0.006391586616190172,0.6679208013918729,-0.09587379924285258,-1.8287674188613892,-0.6907995939254761,10.034608840942383,-0.007175636012107134,0.7377079725265503,-0.08332786709070206,31.615399999999738,2.438999999995417,34.25060000000002,9.25060000000002
2026-05-15T15:18:22.667+08:00,18.5537463,534,False,-3.0166940917968748,-0.076614453125,9.13627353515625,-0.01384843766841204,-0.02982740420888747,-0.007456851052221868,-1.8346128463745117,-0.03718852996826172,10.217996597290039,0.011636968702077866,0.12341400235891342,-0.03822432830929756,31.775699999997187,1.9689000000013834,33.92380000000372,8.923800000003723
2026-05-15T15:18:22.700+08:00,18.5878654,535,False,-2.91134921875,-0.08140285644531249,9.165003955078124,-0.01384843766841204,-1.0652644360316954,-0.0021305288720633907,-1.6197624206542969,-0.8235867023468018,10.518138885498047,0.007098551839590073,-0.7528225183486938,-0.062102075666189194,31.58709999999587,2.255200000000457,34.06009999999782,9.060099999997817
2026-05-15T15:18:22.735+08:00,18.6217769,536,False,-2.1930887207031247,-0.1005564697265625,9.404424121093749,0.01171790879634865,-1.9451728601938758,0.030892668644919165,-1.372617483139038,-0.36777716875076294,10.809432029724121,0.07070644944906235,-1.656644344329834,-0.025623293593525887,31.57449999999784,2.099300000004689,33.851800000000765,8.851800000000765
2026-05-15T15:18:22.769+08:00,18.6564451,537,False,-1.35990654296875,-0.0718260498046875,9.639055883789062,0.022370553156665602,-2.1869878871730704,0.026631610900792385,-1.2560240030288696,-0.6849708557128906,10.533876419067383,0.030343780294060707,-2.0800836086273193,-0.08568085730075836,31.78110000000345,2.622499999993977,34.61019999999593,9.610199999995928
2026-05-15T15:18:22.804+08:00,18.690406499999995,538,False,-0.2920926025390625,-0.0526724365234375,9.9981861328125,0.07243798165015529,-2.3382554370895714,0.03728425526110934,-0.5820351243019104,0.1494889259338379,10.016468048095703,0.07266153395175934,-2.1741511821746826,0.10515841841697693,31.594700000006526,2.107699999996271,33.89579999999626,8.895799999996257
2026-05-15T15:18:22.837+08:00,18.7246527,539,False,0.373495458984375,0.0430956298828125,10.002974536132811,0.02769687533682408,-0.2300971181828462,-0.004261057744126781,-1.5525538921356201,-0.7374743223190308,8.910642623901367,0.04093990474939346,-1.0657298564910889,-0.021055161952972412,31.768399999997143,2.2282999999987396,34.190399999999954,9.190399999999954
2026-05-15T15:18:22.871+08:00,18.758900399999995,540,False,0.023942016601562498,-0.01915361328125,9.801861596679688,0.003195793308095086,-0.014913702104443736,0.0,-0.40032073855400085,-0.20466506481170654,7.754383087158203,-0.009062161669135094,0.03820690140128136,-0.03144644573330879,31.63899999999842,2.3172000000002413,34.18339999999631,9.183399999996311
2026-05-15T15:18:22.905+08:00,18.794213299999996,541,False,0.0143652099609375,0.0,9.80665,0.0,0.0010652644360316954,0.0,0.17231571674346924,-0.38854342699050903,9.645530700683594,-0.017608223482966423,0.01745251938700676,-0.008321423083543777,31.681800000001203,3.2726999999965756,35.222900000000834,10.222900000000834
2026-05-15T15:18:22.941+08:00,18.8297398,542,False,0.023942016601562498,0.0,9.80665,0.0021305288720633907,0.005326322180158476,0.0,0.008151030167937279,0.27920210361480713,9.75688362121582,-0.05250006169080734,0.011755500920116901,-0.011299706064164639,31.680399999999054,3.446799999998973,35.40569999999832,10.405699999998319
2026-05-15T15:18:22.976+08:00,18.864555199999998,543,False,0.0,0.0,9.80665,0.003195793308095086,-0.003195793308095086,0.0021305288720633907,0.09801629930734634,-0.6467504501342773,9.738321304321289,-0.011194609105587006,0.051418010145425797,-0.014172750525176525,31.711999999998852,2.781699999999887,34.73830000000078,9.738300000000777
2026-05-15T15:18:23.011+08:00,18.8990661,544,False,0.0047884033203125,0.01915361328125,9.811438403320311,0.0,-0.010652644360316953,0.0,0.028376029804348946,0.36914992332458496,9.864014625549316,-0.0022201845422387123,0.04903668910264969,0.0069513567723333836,31.80449999999979,2.435400000003085,34.43500000000199,9.435000000001992
2026-05-15T15:18:23.046+08:00,18.933937399999998,545,False,-0.0047884033203125,0.0,9.811438403320311,0.0,-0.01171790879634865,0.0,0.04906392842531204,-0.32246077060699463,9.836709976196289,-0.005801855120807886,0.03192593902349472,0.0072625200264155865,31.810900000003528,2.7554999999992447,34.806199999998455,9.806199999998455
2026-05-15T15:18:23.081+08:00,18.9686844,546,False,0.009576806640625,-0.0047884033203125,9.801861596679688,0.0010652644360316954,-0.014913702104443736,0.0,0.21719391644001007,0.3774387836456299,9.741445541381836,-0.002702494151890278,0.009566660039126873,0.0016227989690378308,31.521000000005017,2.9406999999963546,34.661400000004505,9.661400000004505
2026-05-15T15:18:23.115+08:00,19.002736399999996,547,False,0.0143652099609375,0.0,9.80665,0.0010652644360316954,-0.006391586616190172,0.0,0.17465785145759583,-0.4817449450492859,9.718360900878906,0.0013567321002483368,-0.010993321426212788,-0.0025062207132577896,31.61659999999955,2.1532000000021867,33.980200000002014,8.980200000002014
2026-05-15T15:18:23.150+08:00,19.0369709,548,False,0.0143652099609375,-0.009576806640625,9.792284790039062,-0.005326322180158476,0.01384843766841204,0.003195793308095086,0.2248634546995163,0.4422503709793091,9.731233596801758,-0.001206686720252037,0.012790636159479618,0.003971371799707413,31.650700000000143,2.316399999997998,34.165399999999124,9.165399999999124
2026-05-15T15:18:23.184+08:00,19.071059499999997,549,False,0.028730419921875,0.0047884033203125,9.811438403320311,-0.012783173232380344,0.03941478413317273,0.0010652644360316954,0.17201246321201324,-0.22054719924926758,9.72531509399414,-0.006667428184300661,0.033692844212055206,0.0011188224889338017,31.70599999999979,2.1202000000002386,34.01080000000434,9.010800000004338
2026-05-15T15:18:23.218+08:00,19.104957399999996,550,False,0.023942016601562498,0.0047884033203125,9.811438403320311,-0.007456851052221868,0.06391586616190172,0.003195793308095086,0.31389254331588745,0.331976056098938,9.723335266113281,-0.014841010794043541,0.05689854547381401,-0.0011388346320018172,31.603199999999276,2.0432999999968615,33.83180000000152,8.831800000001522
2026-05-15T15:18:23.251+08:00,19.1393488,551,False,0.17238251953125,0.028730419921875,9.964667309570311,-0.036218990825077645,0.3930825768956956,0.0010652644360316954,0.001506531611084938,-0.6367298364639282,9.543725967407227,-0.04202095419168472,0.2863634526729584,0.019831957295536995,31.649999999999068,2.491900000002545,34.331100000002834,9.331100000002834
2026-05-15T15:18:23.286+08:00,19.1733597,552,False,-0.28730419921875,-0.0383072265625,9.859322436523437,-0.049002164057457984,0.8799084241621804,-0.008522115488253563,-0.3671780526638031,0.14277422428131104,9.149173736572266,-0.07654335349798203,0.6983333826065063,-0.01973310299217701,31.724300000000483,2.0345999999946685,33.94839999999988,8.948399999999879
2026-05-15T15:18:23.320+08:00,19.207405799999997,553,False,-0.5602431884765625,-0.076614453125,9.873687646484374,-0.028762139772855775,1.1132013356531216,-0.01171790879634865,-0.6601605415344238,-0.4547102451324463,9.155176162719727,-0.055085308849811554,1.0383071899414062,0.014318559318780899,31.660000000002242,2.1402999999935446,33.984900000000096,8.984900000000096
2026-05-15T15:18:23.355+08:00,19.241330599999998,554,False,-0.814028564453125,-0.086191259765625,9.80665,-0.01597896654047543,1.1930961683554988,-0.006391586616190172,-0.634702205657959,0.18686366081237793,9.580070495605469,-0.05892200022935867,1.1686229705810547,-0.02881770208477974,31.72469999999805,1.9144999999980428,33.83749999999708,8.837499999997078
2026-05-15T15:18:23.388+08:00,19.275420499999996,555,False,-1.20667763671875,-0.0526724365234375,9.782707983398437,-0.020240024284602212,1.5073491769848488,-0.026631610900792385,-1.3151997327804565,-0.5027530193328857,9.5514497756958,-0.048641033470630646,1.3521616458892822,0.01825208216905594,31.648599999996918,2.1637999999981616,34.02730000000531,9.027300000005312
2026-05-15T15:18:23.421+08:00,19.309905099999995,556,False,-1.915361328125,-0.09576806640624999,9.5384994140625,0.006391586616190172,1.3677995358646968,-0.0010652644360316954,-1.5408570766448975,-0.04421794414520264,9.612817764282227,-0.022905299440026283,1.3598936796188354,-0.0011072516208514571,31.675200000002235,2.4879999999996016,34.42100000000181,9.421000000001811
2026-05-15T15:18:23.457+08:00,19.343990399999996,557,False,-2.403778466796875,-0.05746083984375,9.409212524414063,0.0234358175926973,1.080178138136139,-0.010652644360316953,-1.8295592069625854,-0.2859077453613281,9.944421768188477,-0.012558430433273315,1.083359956741333,0.01975192502140999,31.599900000003345,2.188300000000254,33.99989999999775,8.999899999997751
2026-05-15T15:18:23.491+08:00,19.378305399999995,558,False,-2.7916391357421872,-0.0526724365234375,9.255983618164063,0.0234358175926973,0.44315000538918525,-0.007456851052221868,-1.8060879707336426,-0.4289180636405945,10.135929107666016,0.009859850630164146,0.5752279162406921,0.011123014613986015,31.653800000000842,2.3505999999997584,34.24910000000381,9.249100000003807
2026-05-15T15:18:23.525+08:00,19.412143099999994,559,False,-2.81558115234375,-0.0718260498046875,9.246406811523437,0.01597896654047543,-0.4122573367442661,0.003195793308095086,-1.7820146083831787,-0.6746278405189514,10.39193344116211,0.01333693228662014,-0.16706757247447968,-0.001373595674522221,31.63849999999968,1.9536000000002218,33.76540000000006,8.765400000000056
2026-05-15T15:18:23.559+08:00,19.446206499999995,560,False,-2.5426421630859375,-0.062249243164062495,9.351751684570312,0.010652644360316953,-0.9118663572431313,0.004261057744126781,-1.8824092149734497,-0.5621774792671204,10.348230361938477,0.026350675150752068,-0.7823777794837952,-0.01721862144768238,31.69229999999601,2.0716999999947916,33.93709999999572,8.937099999995723
2026-05-15T15:18:23.593+08:00,19.4804667,561,False,-2.0733786376953125,-0.05746083984375,9.418789331054686,0.014913702104443736,-1.6745956934418251,0.007456851052221868,-1.5116673707962036,-0.5013835430145264,10.274093627929688,0.013213647529482841,-1.4055898189544678,-0.01576482318341732,31.658799999995324,2.355100000002608,34.19260000000435,9.192600000004347
2026-05-15T15:18:23.628+08:00,19.5143932,562,False,-1.158793603515625,-0.023942016601562498,9.677363110351562,0.021305288720633905,-2.1241372854472007,0.009587379924285258,-0.9409107565879822,-0.3371983766555786,10.556822776794434,0.02131766267120838,-1.9495937824249268,-0.011282235383987427,31.70109999999937,1.9802999999996018,33.86390000000006,8.863900000000058
2026-05-15T15:18:23.661+08:00,19.5485307,563,False,-0.3399766357421875,-0.0047884033203125,9.950302099609374,0.018109495412538822,-1.7427726173478535,0.0,-1.0564216375350952,-0.4275481700897217,9.871574401855469,-0.003475761041045189,-1.8066238164901733,-0.01492761354893446,31.702699999996753,2.200799999997116,34.075600000001316,9.075600000001316
2026-05-15T15:18:23.696+08:00,19.5826808,564,False,0.5027823486328125,0.0,10.165780249023436,0.020240024284602212,-0.5539375067364816,-0.019174759848570515,-0.8742213249206543,-0.3510128855705261,8.622848510742188,-0.0014029508456587791,-0.8536530137062073,-0.011912395246326923,31.699099999997316,2.2061999999962723,34.08799999999701,9.08799999999701
2026-05-15T15:18:23.730+08:00,19.616745799999997,565,False,0.028730419921875,0.0,9.80665,0.006391586616190172,-0.040480048569204424,-0.0021305288720633907,-0.4268108010292053,0.2133796215057373,8.319873809814453,-0.04146617278456688,-0.1526722013950348,-0.006751444656401873,31.64939999999916,2.155199999997137,33.99490000000327,8.99490000000327
2026-05-15T15:18:23.764+08:00,19.650646099999996,566,False,0.009576806640625,0.0,9.801861596679688,0.0021305288720633907,-0.010652644360316953,0.0,-0.04864265024662018,-0.39104729890823364,9.321527481079102,-0.038643211126327515,0.027209848165512085,0.004749297630041838,31.587400000006483,2.0675999999966166,33.832200000006196,8.832200000006196
2026-05-15T15:18:23.797+08:00,19.6847644,567,False,0.0143652099609375,-0.01915361328125,9.80665,0.004261057744126781,-0.008522115488253563,0.0,0.03072703443467617,-0.3231736421585083,9.704315185546875,-0.042522646486759186,-0.007822057232260704,-0.0029638451524078846,31.610299999996982,2.260999999997182,34.05529999999857,9.055299999998567
2026-05-15T15:18:23.832+08:00,19.718922199999994,568,False,0.009576806640625,0.009576806640625,9.816226806640625,0.006391586616190172,-0.022370553156665602,-0.0010652644360316954,0.04105965793132782,-0.33402925729751587,9.799038887023926,-0.03151949867606163,0.0006372928619384766,0.001628302619792521,31.658299999996586,2.2418000000001825,34.098900000003596,9.098900000003596
2026-05-15T15:18:23.866+08:00,19.752940699999996,569,False,0.01915361328125,0.0047884033203125,9.816226806640625,0.012783173232380344,-0.05539375067364816,-0.004261057744126781,0.05973947048187256,0.2709466218948364,9.818391799926758,0.0011989409103989601,-0.009743675589561462,0.004829269368201494,31.756500000000187,2.0125999999933697,33.95569999999992,8.955699999999922
2026-05-15T15:18:23.900+08:00,19.787142699999997,570,False,0.0143652099609375,0.009576806640625,9.840168823242188,0.01384843766841204,-0.07137271721412358,-0.005326322180158476,0.07053947448730469,-0.3319859504699707,9.798727035522461,0.005736825987696648,-0.03438887745141983,-0.002549209166318178,31.70159999999811,2.2501000000048066,34.13799999999867,9.13799999999867
2026-05-15T15:18:23.934+08:00,19.8209678,571,False,-0.06703764648437499,0.0,10.17056865234375,0.02769687533682408,-0.29933930652490637,-0.028762139772855775,0.2593754827976227,-0.3041967749595642,10.196663856506348,0.008710319176316261,-0.21360942721366882,-0.023138608783483505,31.61940000000385,1.9350999999971918,33.765500000001225,8.765500000001225
2026-05-15T15:18:23.968+08:00,19.854870999999996,572,False,-0.033518823242187495,0.06703764648437499,10.486603271484375,0.05858954398174324,-1.1803129951231184,0.019174759848570515,0.7133431434631348,-0.6259109377861023,11.031190872192383,0.0029294295236468315,-0.8287814855575562,-0.04819437488913536,31.694000000001665,1.9320999999976607,33.812699999998586,8.812699999998586
2026-05-15T15:18:24.002+08:00,19.888961899999998,573,False,0.8283937744140625,-0.01915361328125,9.730035546875,0.06285060172587002,-1.548894489990085,0.005326322180158476,0.8799790740013123,0.439672589302063,10.856175422668457,0.08944738656282425,-1.3696893453598022,0.02858852967619896,31.663699999995742,2.1580000000014365,34.02309999999886,9.023099999998863
2026-05-15T15:18:24.036+08:00,19.9229147,574,False,1.5562310791015623,0.05746083984375,9.361328491210937,0.030892668644919165,-1.3997574689456478,-0.1352885833760253,0.9818885922431946,-0.6908223628997803,9.553415298461914,0.03128763288259506,-1.3787673711776733,-0.13708780705928802,31.667099999999948,2.0361999999991554,33.88890000000089,8.888900000000888
2026-05-15T15:18:24.069+08:00,19.956828799999997,575,False,2.0063409912109376,0.0526724365234375,9.217676391601563,-0.008522115488253563,-0.975782223405033,-0.160854929840786,1.3952566385269165,-0.28288161754608154,8.740174293518066,-0.0076145087368786335,-1.0710960626602173,-0.1378675103187561,31.647100000000705,2.037099999995462,33.85240000000067,8.85240000000067
2026-05-15T15:18:24.104+08:00,19.990951499999994,576,False,2.1308394775390624,0.2059013427734375,9.006986645507812,-0.030892668644919165,-0.30999195088522336,-0.1565938720966592,1.3845720291137695,-0.07249963283538818,8.164101600646973,-0.11616047471761703,-0.494925320148468,-0.13054871559143066,31.69600000000372,2.185900000000629,34.05489999999389,9.054899999993893
2026-05-15T15:18:24.138+08:00,20.025114699999996,577,False,2.1164742675781247,0.1388636962890625,9.251195214843749,-0.02556634646476069,0.2247707960026877,-0.03941478413317273,1.44386625289917,0.7726655006408691,7.900028228759766,-0.05298319458961487,0.12444313615560532,-0.06625903397798538,31.707099999998434,2.1979999999999222,34.096099999999296,9.096099999999296
2026-05-15T15:18:24.172+08:00,20.0594434,578,False,1.9009961181640624,0.033518823242187495,9.528922607421874,-0.014913702104443736,0.6157228440263199,-0.0458063707493629,1.4580763578414917,0.27656638622283936,8.474721908569336,-0.02580048330128193,0.5249301791191101,-0.025915784761309624,31.641800000002718,2.418399999996268,34.26180000000301,9.261800000003007
2026-05-15T15:18:24.206+08:00,20.093424399999996,579,False,1.8626888916015625,0.17238251953125,8.911218579101561,-0.03941478413317273,1.0375675606948713,-0.06285060172587002,1.3898704051971436,0.3952934741973877,8.101800918579102,-0.09291504323482513,0.965093731880188,-0.05395273491740227,31.59849999999409,2.1003000000021643,33.89269999999556,8.892699999995557
2026-05-15T15:18:24.240+08:00,20.127231899999998,580,False,1.0630255371093749,0.08140285644531249,9.433154541015625,-0.08628641931856733,2.1070930544706936,-0.01171790879634865,-0.03717787563800812,0.18391764163970947,8.08478832244873,-0.10549085587263107,1.656392216682434,-0.03899037465453148,31.58350000000354,1.9745000000028767,33.73940000000175,8.739400000001751
2026-05-15T15:18:24.274+08:00,20.161327299999996,581,False,-0.3399766357421875,0.009576806640625,11.104307299804686,-0.0905474770626941,1.6628777846454765,-0.017044230976507126,0.18254560232162476,0.5634071826934814,9.914409637451172,-0.14209045469760895,1.7418748140335083,-0.041681401431560516,31.752699999998413,2.0983000000001084,34.033600000000774,9.033600000000774
2026-05-15T15:18:24.309+08:00,20.195336399999995,582,False,-0.0430956298828125,0.033518823242187495,9.988609326171874,-0.03408846195301425,0.17470336750919804,-0.007456851052221868,0.9495062232017517,-0.04865837097167969,11.642831802368164,-0.10209617763757706,0.788153886795044,-0.015386848710477352,31.678300000002935,2.0716999999947916,33.94529999999918,8.945299999999179
2026-05-15T15:18:24.342+08:00,20.229523699999994,583,False,0.0,-0.009576806640625,9.849745629882811,-0.02982740420888747,0.05219795736555307,-0.0021305288720633907,0.200830340385437,0.10171020030975342,11.187880516052246,-0.0665246769785881,0.06164903566241264,-0.019189437851309776,31.528200000003892,2.3550000000014393,34.10980000000308,9.109800000003077
2026-05-15T15:18:24.376+08:00,20.263505099999996,584,False,-0.023942016601562498,-0.0383072265625,9.811438403320311,-0.021305288720633905,0.024501082028728992,0.0,-0.23044808208942413,0.08826732635498047,9.791176795959473,-0.006789891514927149,0.07107572257518768,0.002421202138066292,31.6211000000024,2.088500000006377,33.894199999998875,8.894199999998875
2026-05-15T15:18:24.410+08:00,20.297365499999998,585,False,0.0,-0.0143652099609375,9.80665,-0.010652644360316953,0.010652644360316953,-0.0021305288720633907,-0.04236307740211487,0.5241931676864624,9.602776527404785,-0.04177846387028694,0.05136168375611305,0.039361175149679184,31.61790000000053,2.0020999999985634,33.79900000000191,8.79900000000191
2026-05-15T15:18:24.444+08:00,20.331722999999997,586,False,-0.01915361328125,-0.01915361328125,9.80665,-0.021305288720633905,0.02556634646476069,-0.0010652644360316954,-0.09405526518821716,-0.03986048698425293,9.910224914550781,-0.04001836106181145,-0.006494499742984772,0.015728795900940895,31.740500000005056,2.361999999997977,34.29359999999804,9.293599999998037
2026-05-15T15:18:24.479+08:00,20.365702299999995,587,False,-0.023942016601562498,-0.0143652099609375,9.80665,-0.030892668644919165,0.026631610900792385,-0.005326322180158476,-0.09614470601081848,0.31517767906188965,9.800617218017578,-0.04392244666814804,0.0227365680038929,0.008388462476432323,31.661100000000886,2.084500000002265,33.91749999999405,8.91749999999405
2026-05-15T15:18:24.513+08:00,20.400030299999997,588,False,-0.0143652099609375,0.0143652099609375,9.82580361328125,-0.05752427954571155,0.030892668644919165,-0.01384843766841204,-0.057902589440345764,0.12367010116577148,9.744355201721191,-0.06337027996778488,0.031969353556632996,0.00010079937055706978,31.62250000000455,2.4022999999999683,34.26019999999852,9.26019999999852
2026-05-15T15:18:24.547+08:00,20.434159899999997,589,False,-0.033518823242187495,-0.01915361328125,9.859322436523437,-0.1810949541253882,0.08309062601047223,-0.040480048569204424,-0.07760008424520493,0.4311469793319702,9.6453857421875,-0.14800779521465302,0.06792420148849487,-0.01938328705728054,31.76220000000285,2.1067999999999643,34.05479999999983,9.05479999999983
2026-05-15T15:18:24.580+08:00,20.468057199999997,590,False,-0.023942016601562498,-0.0383072265625,9.97903251953125,-0.5060006071150553,0.16724651645697616,-0.035153726389045944,-0.1570407599210739,-0.12826752662658691,9.707793235778809,-0.38760897517204285,0.13184088468551636,-0.0560799278318882,31.603199999999276,2.0516000000014856,33.834300000002315,8.834300000002315
2026-05-15T15:18:24.615+08:00,20.5020222,591,False,-0.2154781494140625,-0.43574470214843747,9.749189160156249,-0.6423544549271123,0.1565938720966592,0.008522115488253563,-0.17475996911525726,-0.0368952751159668,9.764345169067383,-0.5569443106651306,0.16338974237442017,-0.03721664845943451,31.649400000006267,2.06190000000106,33.89950000000397,8.899500000003968
2026-05-15T15:18:24.649+08:00,20.536201899999995,592,False,-0.239420166015625,-0.469263525390625,9.82580361328125,-0.4165183944883929,0.02982740420888747,-0.0468716351853946,-0.0469910129904747,-0.15243351459503174,9.930242538452148,-0.5231789350509644,0.07249169051647186,-0.03481850400567055,31.65629999999453,2.2817999999986682,34.11420000000476,9.114200000004757
2026-05-15T15:18:24.683+08:00,20.5703684,593,False,-0.22026655273437498,-0.737414111328125,9.725247143554688,-0.44101947651712187,-0.03302319751698256,0.007456851052221868,-0.09033426642417908,-0.036237239837646484,9.88858413696289,-0.36612609028816223,-0.023711513727903366,-0.029073398560285568,31.573399999999197,2.3339999999976158,34.10039999999981,9.100399999999809
2026-05-15T15:18:24.718+08:00,20.604404699999996,594,False,-0.181959326171875,-0.9337386474609375,9.662997900390625,-0.11930961683554989,-0.06604639503396512,0.0021305288720633907,-0.09000199288129807,-0.264249324798584,9.792346000671387,-0.25375860929489136,-0.04418588802218437,0.015590627677738667,31.742400000005944,2.0073000000024876,33.9474000000024,8.947400000002403
2026-05-15T15:18:24.751+08:00,20.638503699999994,595,False,-0.143652099609375,-0.833182177734375,9.744400756835937,0.08309062601047223,-0.05219795736555307,-0.004261057744126781,-0.04029218852519989,-0.12862873077392578,9.73930835723877,-0.0011479230597615242,-0.05637715756893158,0.02588139846920967,31.648599999996918,2.182500000003529,34.042700000000536,9.042700000000536
2026-05-15T15:18:24.785+08:00,20.672936699999994,596,False,-0.12449848632812499,-0.7996633544921875,9.7683427734375,0.09480853480682089,-0.03834951969714103,0.010652644360316953,0.0015086689963936806,-0.4966543912887573,9.700969696044922,0.07282504439353943,-0.0454767681658268,0.022908350452780724,31.81730000000016,2.3413999999988278,34.3537999999981,9.353799999998103
2026-05-15T15:18:24.820+08:00,20.706751699999998,597,False,-0.09576806640624999,-0.9576806640625,9.591171850585937,0.26312031569982874,-0.044741106313331204,0.036218990825077645,0.04650954157114029,-0.2337028980255127,9.639276504516602,0.19387610256671906,-0.048242393881082535,0.04952332749962807,31.53960000000211,2.037999999998874,33.74939999999782,8.74939999999782
2026-05-15T15:18:24.854+08:00,20.741077399999995,598,False,-0.1292868896484375,-0.7852981445312499,9.490615380859374,1.3944311467654893,-0.12676646788777174,0.12037488127158158,0.15402600169181824,0.1819998025894165,9.819978713989258,0.8317545056343079,-0.10718688368797302,0.12555056810379028,31.653499999997337,2.3122000000057596,34.25900000000581,9.259000000005813
2026-05-15T15:18:24.888+08:00,20.775247699999994,599,False,0.033518823242187495,0.47884033203125,10.275913525390624,0.48895637613854814,-0.1352885833760253,0.0010652644360316954,0.28025513887405396,-0.4992717504501343,9.738485336303711,0.7262824177742004,-0.13120543956756592,0.07916893064975739,31.577800000000877,2.1269000000003757,33.899099999999294,8.899099999999294
2026-05-15T15:18:24.922+08:00,20.8094853,600,False,0.0,0.0,9.811438403320311,0.05645901510967986,-0.040480048569204424,0.0021305288720633907,0.2642291784286499,-0.6718921065330505,9.819276809692383,0.18798916041851044,-0.10122688859701157,-0.009069986641407013,31.69189999999844,2.182900000001098,34.09970000000584,9.09970000000584
2026-05-15T15:18:24.956+08:00,20.8438715,601,False,0.0,0.0,9.816226806640625,0.035153726389045944,-0.03195793308095086,0.005326322180158476,0.2836998999118805,0.05154681205749512,9.722864151000977,0.01753002218902111,-0.03684501722455025,0.010747060179710388,31.66559999999663,2.392000000000394,34.30819999999812,9.308199999998124
2026-05-15T15:18:24.991+08:00,20.878152799999995,602,False,0.009576806640625,-0.0047884033203125,9.801861596679688,0.017044230976507126,-0.01384843766841204,0.0021305288720633907,0.3024910092353821,-0.23862683773040771,9.729602813720703,0.0074157677590847015,-0.02087698131799698,0.0009616402676329017,31.7447000000044,2.244699999998545,34.202600000000416,9.202600000000416
2026-05-15T15:18:25.025+08:00,20.9124055,603,False,0.0143652099609375,-0.01915361328125,9.80665,0.009587379924285258,-0.006391586616190172,0.0,0.35527417063713074,0.144217848777771,9.765138626098633,-0.0019762003794312477,-0.00803298968821764,0.004373832605779171,31.747899999999163,2.2293999999973835,34.179799999996874,9.179799999996874
2026-05-15T15:18:25.059+08:00,20.946438799999996,604,False,0.028730419921875,0.0,9.80665,0.007456851052221868,0.0,0.0,0.35176658630371094,-0.13151788711547852,9.815982818603516,-0.0005519799888134003,-0.0005831182934343815,-0.003371618688106537,31.623599999996088,2.1412999999981253,33.953699999997866,8.953699999997866
2026-05-15T15:18:25.093+08:00,20.980949699999996,605,False,0.0430956298828125,0.009576806640625,9.801861596679688,0.005326322180158476,-0.0021305288720633907,0.0,0.37822091579437256,0.03152430057525635,9.793327331542969,-6.109382957220078e-05,-0.0033508911728858948,-0.00317484512925148,31.822800000000484,2.423399999997855,34.45159999999703,9.451599999997029
2026-05-15T15:18:25.128+08:00,21.014957799999998,606,False,0.0143652099609375,0.009576806640625,9.830592016601562,0.005326322180158476,-0.0010652644360316954,0.0,0.3376580476760864,0.041063547134399414,9.796010971069336,-0.0034152762964367867,-0.0028571123257279396,-0.0010621562832966447,31.661700000000792,2.093799999997259,33.942799999998385,8.942799999998385
2026-05-15T15:18:25.162+08:00,21.048821599999997,607,False,0.0143652099609375,0.0,9.797073193359374,-0.003195793308095086,0.014913702104443736,0.0,0.3407074511051178,0.17304933071136475,9.749836921691895,-0.008121742866933346,0.01023715641349554,0.005934545770287514,31.59140000000349,2.029100000001449,33.79979999999705,8.799799999997049
2026-05-15T15:18:25.196+08:00,21.082575,608,False,0.028730419921875,0.0143652099609375,9.811438403320311,-0.01171790879634865,0.03302319751698256,0.0,0.37165090441703796,-0.2368628978729248,9.774012565612793,-0.016326703131198883,0.026048116385936737,-0.0030273771844804287,31.531899999997393,1.989399999999364,33.68900000000252,8.689000000002522
2026-05-15T15:18:25.230+08:00,21.1164852,609,False,0.0143652099609375,-0.0047884033203125,9.797073193359374,0.014913702104443736,-0.03834951969714103,0.009587379924285258,0.45021066069602966,8.225440979003906e-06,9.844354629516602,-0.0013502929359674454,-0.013040510006248951,0.005360878072679043,31.54110000000543,2.1229999999974325,33.84640000000161,8.846400000001609
2026-05-15T15:18:25.264+08:00,21.1507789,610,False,-0.0047884033203125,0.0,9.801861596679688,0.0,0.0,0.0010652644360316954,0.3610755503177643,-0.22191357612609863,9.858521461486816,0.00883534923195839,-0.035656534135341644,-0.0030482267029583454,31.740299999995614,2.233599999996727,34.16620000000137,9.166200000001368
2026-05-15T15:18:25.297+08:00,21.184691699999995,611,False,0.033518823242187495,0.009576806640625,9.797073193359374,0.0010652644360316954,0.0,0.0,0.36433765292167664,0.15482747554779053,9.724853515625,-0.010219921357929707,-0.00196163821965456,0.00032077485229820013,31.650200000001405,2.010500000004356,33.84659999999684,8.84659999999684
2026-05-15T15:18:25.332+08:00,21.218795199999995,612,False,0.01915361328125,0.023942016601562498,9.80665,0.0010652644360316954,0.0,0.0,0.41594985127449036,-0.13203823566436768,9.817447662353516,-0.004087942652404308,-0.0019299197010695934,-0.003527388907968998,31.67179999999803,2.1877000000003477,34.044600000001424,9.044600000001424
2026-05-15T15:18:25.366+08:00,21.252746099999996,613,False,0.023942016601562498,0.0,9.797073193359374,0.0010652644360316954,0.0,-0.0010652644360316954,0.38979372382164,0.10403776168823242,9.806629180908203,-0.0018097804859280586,-0.005789719521999359,-0.0023740087635815144,31.679500000002747,2.0360000000039236,33.89450000000238,8.894500000002381
2026-05-15T15:18:25.399+08:00,21.286769,614,False,0.0,0.0,9.80665,0.0010652644360316954,0.0,0.0,0.39075806736946106,0.05882120132446289,9.79525375366211,-0.0036021731793880463,-0.0038422290235757828,-0.0010713612427935004,31.660000000002242,2.1391000000008376,33.96409999999861,8.96409999999861
2026-05-15T15:18:25.434+08:00,21.320874599999996,615,False,0.0143652099609375,-0.0143652099609375,9.797073193359374,0.0010652644360316954,0.0,0.0,0.3800976574420929,0.3068429231643677,9.758481979370117,-0.004686471074819565,-0.004030436277389526,0.00011661532334983349,31.591299999995215,2.2479000000004135,34.04409999999558,9.04409999999558
2026-05-15T15:18:25.468+08:00,21.3548154,616,False,-0.0047884033203125,0.0,9.80665,0.0,-0.0010652644360316954,0.0,0.39835667610168457,0.010869145393371582,9.792110443115234,-0.0021837400272488594,-0.0059087201952934265,-0.002086835913360119,31.62659999999562,2.0847999999986655,33.88199999999841,8.881999999998413
2026-05-15T15:18:25.501+08:00,21.389021899999996,617,False,0.0,0.009576806640625,9.811438403320311,0.0,0.0,0.0,0.3808739483356476,0.15112841129302979,9.785676002502441,-0.0019455282017588615,-0.0049820151180028915,-0.0002663411432877183,31.615300000005675,2.3478000000025645,34.141699999999275,9.141699999999275
2026-05-15T15:18:25.536+08:00,21.423362999999995,618,False,0.0143652099609375,0.0047884033203125,9.801861596679688,0.0,0.0010652644360316954,0.0,0.3972346782684326,0.03273892402648926,9.778372764587402,0.0002799425274133682,-0.0039104437455534935,-0.0031476151198148727,31.583600000004708,2.52990000000608,34.281100000001175,9.281100000001175
2026-05-15T15:18:25.570+08:00,21.457600499999998,619,False,0.01915361328125,0.009576806640625,9.821015209960937,0.0,0.0021305288720633907,0.0,0.3907342553138733,0.30207395553588867,9.770151138305664,0.0013079829514026642,-0.0018795337527990341,5.937821697443724e-05,31.69960000000316,2.305100000000948,34.17410000000132,9.174100000001317
2026-05-15T15:18:25.605+08:00,21.491722199999998,620,False,0.0383072265625,0.0,9.816226806640625,0.0,0.0010652644360316954,0.0,0.4077518880367279,0.18264460563659668,9.785253524780273,0.0018752934411168098,-0.0031374674290418625,-0.00169922795612365,31.727000000003613,2.153800000002093,34.053800000002354,9.053800000002354
2026-05-15T15:18:25.638+08:00,21.525726899999995,621,False,0.0047884033203125,-0.009576806640625,9.797073193359374,0.0,0.0010652644360316954,0.0,0.38379666209220886,0.2430095672607422,9.760677337646484,0.0018322961404919624,-0.004389443434774876,0.0005494016222655773,31.559500000000185,2.2013999999970224,33.94300000000072,8.943000000000723
2026-05-15T15:18:25.673+08:00,21.5600405,622,False,0.0143652099609375,0.0,9.80665,0.0,0.0,0.0,0.3794797658920288,0.2663832902908325,9.77097225189209,1.7901882529258728e-05,-0.003948311787098646,0.0008918032399378717,31.69019999999989,2.3787999999953513,34.254300000000626,9.254300000000626
2026-05-15T15:18:25.707+08:00,21.5937287,623,False,0.01915361328125,0.01915361328125,9.811438403320311,0.0,0.0,0.0010652644360316954,0.3787824213504791,0.42125117778778076,9.742101669311523,-0.004033535718917847,-0.0032679340802133083,0.002485658973455429,31.623299999999688,1.8014999999991232,33.590599999996584,8.590599999996584
2026-05-15T15:18:25.741+08:00,21.627652899999994,624,False,0.0,0.01915361328125,9.797073193359374,0.0010652644360316954,0.0,0.0,0.3713586926460266,0.31675422191619873,9.756121635437012,0.0011530602350831032,-0.003579292446374893,0.0010072847362607718,31.601399999999558,2.0915999999999713,33.86030000000062,8.86030000000062
2026-05-15T15:18:25.775+08:00,21.6617586,625,False,0.033518823242187495,0.028730419921875,9.792284790039062,0.003195793308095086,-0.0010652644360316954,0.0,0.38823068141937256,0.3966900110244751,9.733953475952148,0.0009847832843661308,-0.004151646047830582,0.0010843726340681314,31.631499999996038,2.217099999995753,34.043199999999274,9.043199999999274
2026-05-15T15:18:25.809+08:00,21.696516699999997,626,False,-0.023942016601562498,-0.0430956298828125,9.835380419921874,0.0,0.0,0.0,0.3683801591396332,0.2780212163925171,9.775772094726562,0.0144889485090971,-0.00574138481169939,-0.0004022819921374321,31.825700000005952,2.6863000000005854,34.69869999999986,9.69869999999986
2026-05-15T15:18:25.843+08:00,21.730728999999997,627,False,0.023942016601562498,0.009576806640625,9.801861596679688,0.0,0.0,0.0,0.3625224828720093,0.5437779426574707,9.715372085571289,-0.010305359959602356,-0.003106017131358385,0.003708313684910536,31.742399999998838,2.2333000000003267,34.14919999999455,9.14919999999455
2026-05-15T15:18:25.877+08:00,21.7644599,628,False,0.0,0.0,9.801861596679688,0.0,0.0,0.0,0.36327794194221497,0.464330792427063,9.727721214294434,-0.005277452524751425,-0.003203870262950659,0.0031986073590815067,31.603199999999276,1.913399999999399,33.67709999999846,8.677099999998461
2026-05-15T15:18:25.912+08:00,21.7985038,629,False,0.0,-0.0143652099609375,9.80665,0.0010652644360316954,-0.0010652644360316954,0.0,0.35346391797065735,0.5249952077865601,9.725249290466309,0.0015229936689138412,-0.00460938410833478,0.0016319688875228167,31.670599999998217,2.149400000000412,33.99060000000276,8.990600000002757
2026-05-15T15:18:25.945+08:00,21.832549399999998,630,False,0.01915361328125,0.05746083984375,9.792284790039062,0.0,0.0,0.0,0.3670717477798462,0.5470993518829346,9.707389831542969,-0.013327894732356071,-0.0023783138021826744,0.002941267564892769,31.604700000002595,2.200399999999547,33.99269999999888,8.992699999998877
2026-05-15T15:18:25.979+08:00,21.866354099999995,631,False,0.01915361328125,0.009576806640625,9.816226806640625,0.0,0.0,0.0,0.3705192506313324,0.7077548503875732,9.700777053833008,0.0007888711988925934,-0.002466249279677868,0.0038417503237724304,31.646700000003136,1.937699999999154,33.748299999999176,8.748299999999176
2026-05-15T15:18:26.013+08:00,21.900926999999996,632,False,0.0143652099609375,-0.028730419921875,9.787496386718749,0.0021305288720633907,0.0,0.0,0.36671480536460876,0.5862816572189331,9.698601722717285,0.006472136825323105,-0.0018241149373352528,0.0017805630341172218,31.639699999999493,2.690699999995161,34.51729999999742,9.51729999999742
2026-05-15T15:18:26.048+08:00,21.934885799999996,633,False,0.0143652099609375,0.0143652099609375,9.821015209960937,0.0021305288720633907,0.0,0.0,0.37169942259788513,0.6564445495605469,9.705585479736328,-0.005356863606721163,-0.0021430072374641895,0.0035984418354928493,31.676399999994942,2.0591999999979294,33.90090000000612,8.900900000006118
2026-05-15T15:18:26.082+08:00,21.968925299999995,634,False,0.0,-0.033518823242187495,9.80665,0.0,0.0010652644360316954,0.0,0.35150066018104553,0.6055657863616943,9.713855743408203,0.0038989605382084846,-0.0010113045573234558,0.0019623746629804373,31.698999999996147,2.1161000000020636,33.98479999999893,8.984799999998927
2026-05-15T15:18:26.116+08:00,22.002995,635,False,0.0047884033203125,0.01915361328125,9.811438403320311,0.0010652644360316954,0.0,0.0,0.3598232567310333,0.7851288318634033,9.688333511352539,-0.008625253103673458,-0.001160736195743084,0.00555983604863286,31.55739999999696,2.2440000000045757,33.9697000000001,8.969700000000103
2026-05-15T15:18:26.150+08:00,22.037066599999996,636,False,0.0047884033203125,0.0383072265625,9.821015209960937,0.0010652644360316954,0.0,0.0,0.358516663312912,0.7801101207733154,9.698663711547852,-0.007832733914256096,-0.0008707442320883274,0.00481872633099556,31.656999999995605,2.182299999994086,34.011400000004244,9.011400000004244
2026-05-15T15:18:26.184+08:00,22.071220999999994,637,False,0.009576806640625,0.0143652099609375,9.80665,0.0,0.0010652644360316954,0.0,0.3578602969646454,0.7787585258483887,9.682674407958984,-0.002526497468352318,0.00017907796427607536,0.004809724632650614,31.535699999999167,2.3776999999967074,34.094400000000746,9.094400000000746
2026-05-15T15:18:26.218+08:00,22.1054624,638,False,0.0143652099609375,0.009576806640625,9.816226806640625,0.0,-0.0010652644360316954,0.0,0.3697451949119568,0.7664484977722168,9.690191268920898,-0.0021079014986753464,-0.0013461322523653507,0.004395830444991589,31.67389999999415,2.344600000000696,34.18169999999776,9.181699999997761
2026-05-15T15:18:26.252+08:00,22.139622099999997,639,False,0.033518823242187495,0.0047884033203125,9.792284790039062,0.0,0.0,0.0,0.37909331917762756,0.8507668972015381,9.666543960571289,-0.00551782688125968,-0.0001816321164369583,0.007221944164484739,31.542699999995705,2.3908000000005813,34.100899999998546,9.100899999998546
2026-05-15T15:18:26.286+08:00,22.1744347,640,False,-0.009576806640625,-0.028730419921875,9.80665,0.0,0.0,0.0,0.35370320081710815,0.7950084209442139,9.669439315795898,-0.0018541263416409492,-0.0025756903924047947,0.006928994785994291,31.688499999994235,2.768899999999519,34.68600000000066,9.68600000000066
2026-05-15T15:18:26.321+08:00,22.208486399999998,641,False,0.0143652099609375,0.023942016601562498,9.797073193359374,0.0,0.0,0.0,0.3560539186000824,0.8528039455413818,9.662979125976562,-0.01258822064846754,-0.0015668682754039764,0.008810259401798248,31.67519999999513,2.0955999999969777,33.97650000000141,8.976500000001408
2026-05-15T15:18:26.356+08:00,22.2424057,642,False,0.0,0.028730419921875,9.801861596679688,0.0010652644360316954,0.0010652644360316954,0.0,0.35163241624832153,0.8500452041625977,9.666170120239258,-0.011328885331749916,-0.0004901816137135029,0.009011054411530495,31.600699999998483,2.0634000000043784,33.85409999999922,8.854099999999221
2026-05-15T15:18:26.390+08:00,22.2765075,643,False,0.0,0.0047884033203125,9.811438403320311,0.0,0.0,0.0,0.35188713669776917,0.90028977394104,9.672396659851074,-0.0025226734578609467,-0.0007014153525233269,0.009021748788654804,31.627399999997863,2.2336000000038325,34.040099999998574,9.040099999998574
2026-05-15T15:18:26.424+08:00,22.311413199999997,644,False,0.01915361328125,0.028730419921875,9.80665,0.0,0.0,0.0,0.36641237139701843,0.8808577060699463,9.66604995727539,-0.008480938151478767,-0.0004913373850286007,0.009575704112648964,31.637400000001037,2.9886999999959585,34.84499999999713,9.844999999997128
2026-05-15T15:18:26.458+08:00,22.3457261,645,False,0.0047884033203125,-0.0047884033203125,9.801861596679688,0.0,0.0,0.0,0.35608941316604614,0.889080286026001,9.656726837158203,-0.004529410973191261,-0.0011107311584055424,0.010124034248292446,31.716699999996933,2.1419999999992,34.237199999999746,9.237199999999746
2026-05-15T15:18:26.493+08:00,22.379969199999998,646,False,0.028730419921875,-0.0047884033203125,9.797073193359374,0.0,0.0,0.0,0.37435150146484375,0.8622539043426514,9.658173561096191,-0.004980537574738264,-0.0010528787970542908,0.009590539149940014,31.70260000000269,2.3105999999941673,34.18680000000052,9.186800000000517
2026-05-15T15:18:26.527+08:00,22.413770399999997,647,False,0.0047884033203125,0.0143652099609375,9.80665,0.0,0.0,0.0,0.3650868535041809,0.8908941745758057,9.656328201293945,-0.00806341040879488,-0.0009962618350982666,0.009739832952618599,31.584599999995078,1.9922999999977264,33.74359999999399,8.74359999999399
2026-05-15T15:18:26.561+08:00,22.447532799999998,648,False,0.009576806640625,0.0143652099609375,9.801861596679688,0.0,0.0,0.0,0.3559216856956482,0.8749051094055176,9.65917682647705,-0.0071657272055745125,-0.00197388743981719,0.009708636440336704,31.515999999996325,1.976800000001333,33.66230000000314,8.662300000003142
2026-05-15T15:18:26.594+08:00,22.4831511,649,False,0.009576806640625,0.0143652099609375,9.811438403320311,0.0,0.0,0.0,0.3609393835067749,0.8816568851470947,9.663995742797852,-0.0054939850233495235,-0.0006205262616276741,0.009037151001393795,31.73429999999655,3.4289000000029546,35.55130000000162,10.551300000001618
2026-05-15T15:18:26.630+08:00,22.517326599999997,650,False,-0.0047884033203125,0.0,9.801861596679688,0.0,0.0,0.0,0.3488560914993286,0.8675975799560547,9.66158676147461,-0.004543546121567488,-0.0007550222799181938,0.00940109696239233,31.79820000000433,2.1263000000004695,34.10430000000275,9.104300000002752
2026-05-15T15:18:26.665+08:00,22.5528355,651,False,0.0143652099609375,-0.009576806640625,9.797073193359374,0.0010652644360316954,0.0,0.0,0.35985133051872253,0.8633935451507568,9.653610229492188,-0.004521651193499565,-0.0008090464398264885,0.009246459230780602,31.6307000000009,3.5492000000019175,35.44039999999882,10.440399999998817
2026-05-15T15:18:26.700+08:00,22.5877178,652,False,0.0,-0.009576806640625,9.811438403320311,0.0,-0.0010652644360316954,0.0,0.3604866564273834,0.8350248336791992,9.665788650512695,-0.0036847665905952454,-0.0017384490929543972,0.009116841480135918,31.532699999999636,3.0728000000053157,34.790399999998556,9.790399999998556
2026-05-15T15:18:26.735+08:00,22.6228402,653,False,0.023942016601562498,0.0047884033203125,9.811438403320311,0.0,0.0,0.0,0.366855651140213,0.8590936660766602,9.667978286743164,-0.0076722875237464905,-0.001727166585624218,0.009722045622766018,31.706700000000865,3.1308000000009883,35.0607000000025,10.060700000002498
2026-05-15T15:18:26.769+08:00,22.658001399999996,654,False,0.009576806640625,0.028730419921875,9.801861596679688,-0.0010652644360316954,0.0021305288720633907,0.0,0.3626091182231903,0.8689298629760742,9.654195785522461,-0.009279015474021435,0.00037134671583771706,0.00980945024639368,31.740299999995614,3.088099999999372,35.090700000004915,10.090700000004915
2026-05-15T15:18:26.805+08:00,22.6944729,655,False,0.01915361328125,0.009576806640625,9.816226806640625,0.0,0.0,0.0,0.36840808391571045,0.866624116897583,9.672294616699219,-0.0057746535167098045,-0.0010580462403595448,0.009186514653265476,31.71069999999787,4.399800000001619,36.39040000000193,11.390400000001932
2026-05-15T15:18:26.841+08:00,22.7302227,656,False,0.0047884033203125,0.0047884033203125,9.80665,0.0,0.0,0.0,0.36174920201301575,0.8304400444030762,9.669044494628906,-0.004716488998383284,-0.0012025292962789536,0.009116463363170624,31.76210000000168,3.614599999998802,35.675699999998756,10.675699999998756
2026-05-15T15:18:26.877+08:00,22.7669359,657,False,0.0143652099609375,0.009576806640625,9.80665,0.0,0.0010652644360316954,0.0,0.3631133735179901,0.8428099155426025,9.667169570922852,-0.0067527578212320805,-0.0009382455609738827,0.009735587053000927,31.700200000003065,4.625199999999552,36.64669999999859,11.646699999998589
2026-05-15T15:18:26.914+08:00,22.803623299999998,658,False,0.0,0.0,9.801861596679688,0.0,0.0010652644360316954,0.0,0.3544245660305023,0.8328917026519775,9.661836624145508,-0.005513514392077923,0.00010114721953868866,0.009125829674303532,31.773800000003405,4.46749999999696,36.57210000000077,11.572100000000773
2026-05-15T15:18:26.950+08:00,22.839435099999996,659,False,0.0,0.0047884033203125,9.797073193359374,0.0,0.0,0.0,0.3528275489807129,0.8324577808380127,9.659834861755371,-0.005707080475986004,-0.0015329224988818169,0.009475233033299446,31.785599999999192,3.6386000000021568,35.7208,10.720799999999997
2026-05-15T15:18:26.987+08:00,22.874830799999998,660,False,0.0143652099609375,0.01915361328125,9.811438403320311,0.0,0.0,0.0,0.36474719643592834,0.8384172916412354,9.672563552856445,-0.0077864499762654305,-0.0014131986536085606,0.009562105871737003,31.767500000000837,3.305399999995018,35.28809999999538,10.288099999995381
2026-05-15T15:18:27.021+08:00,22.9110315,661,False,0.0047884033203125,0.0143652099609375,9.80665,0.0010652644360316954,0.0,0.0,0.3597738742828369,0.8268272876739502,9.669842720031738,-0.005666171666234732,-0.0011546812020242214,0.009489473886787891,31.702400000000353,4.011699999999507,36.05290000000139,11.052900000001387
2026-05-15T15:18:27.058+08:00,22.947651299999997,662,False,0.0143652099609375,0.009576806640625,9.811438403320311,0.0010652644360316954,0.0,0.0,0.3651977479457855,0.826601505279541,9.674263000488281,-0.0044868155382573605,-0.0016376478597521782,0.009161187335848808,31.90479999999951,4.259099999998739,36.51479999999907,11.51479999999907
2026-05-15T15:18:27.095+08:00,22.983390399999998,663,False,0.0,-0.009576806640625,9.80665,0.0,0.0,0.0,0.35755112767219543,0.8048393726348877,9.672338485717773,-0.0030936403200030327,-0.0009497888386249542,0.009144253097474575,31.71970000000357,3.5197999999994067,35.58999999999912,10.589999999999122
2026-05-15T15:18:27.130+08:00,23.023186699999997,664,False,0.0047884033203125,-0.0047884033203125,9.80665,0.0,0.0,0.0,0.3565438687801361,0.8064184188842773,9.673751831054688,-0.00615276163443923,-0.0020138355903327465,0.009713973850011826,31.923100000000204,7.481300000002022,39.71130000000045,14.711300000000449
2026-05-15T15:18:27.170+08:00,23.059008999999996,665,False,0.0047884033203125,0.0047884033203125,9.80665,0.0,0.0,0.0,0.35885846614837646,0.8008320331573486,9.67477798461914,-0.007229489739984274,-0.001465639565140009,0.009478435851633549,31.69799999999867,3.712400000004834,35.73899999999952,10.738999999999521
2026-05-15T15:18:27.206+08:00,23.094313,666,False,0.01915361328125,0.0143652099609375,9.801861596679688,0.0,0.0,0.0,0.3691430687904358,0.8214771747589111,9.666679382324219,-0.007301865145564079,-0.0014520855620503426,0.009725759737193584,31.955600000003415,2.922000000005198,35.17739999999492,10.177399999994918
2026-05-15T15:18:27.242+08:00,23.130476899999998,667,False,0.01915361328125,0.023942016601562498,9.811438403320311,0.0,0.0,0.0,0.37346112728118896,0.8131072521209717,9.676677703857422,-0.007352200336754322,-0.001768629066646099,0.009389541111886501,31.674299999998823,4.163400000003037,36.1017999999973,11.101799999997297
2026-05-15T15:18:27.277+08:00,23.166236999999995,668,False,0.01915361328125,0.0,9.811438403320311,0.0,0.0010652644360316954,0.0,0.37143823504447937,0.8111286163330078,9.680624008178711,-0.004797463305294514,-0.000574932899326086,0.009464076720178127,31.802899999995304,3.581799999999191,35.64210000000401,10.642100000004007
2026-05-15T15:18:27.313+08:00,23.201704999999997,669,False,0.009576806640625,0.0,9.811438403320311,0.0,0.0010652644360316954,0.0,0.3664555549621582,0.7878227233886719,9.682632446289062,-0.005412611644715071,-0.0007490986026823521,0.00939889345318079,31.797500000003254,3.3555000000049517,35.379200000001276,10.379200000001276
2026-05-15T15:18:27.348+08:00,23.237158199999996,670,False,0.009576806640625,0.0,9.811438403320311,0.0,0.0010652644360316954,0.0,0.3632037341594696,0.7978334426879883,9.683172225952148,-0.006385901011526585,-0.0008346680551767349,0.009414568543434143,31.642300000001455,3.5108000000008133,35.39159999999697,10.39159999999697
2026-05-15T15:18:27.384+08:00,23.2722342,671,False,0.0047884033203125,0.0,9.816226806640625,0.0,0.0021305288720633907,0.0,0.3593451976776123,0.7865400314331055,9.686656951904297,-0.006961810868233442,-0.00013342127203941345,0.009527196176350117,31.770099999995693,2.96260000000359,34.95980000000287,9.959800000002872
2026-05-15T15:18:27.419+08:00,23.3073969,672,False,0.0,0.0143652099609375,9.80665,0.0,0.0,0.0,0.3569747507572174,0.7966773509979248,9.68233585357666,-0.0070695108734071255,-0.0014571663923561573,0.009477142244577408,31.769100000005324,3.142400000001544,35.10490000000033,10.104900000000328
2026-05-15T15:18:27.454+08:00,23.342159199999998,673,False,0.009576806640625,0.0143652099609375,9.811438403320311,0.0,0.0,0.0,0.36241573095321655,0.7970514297485352,9.686894416809082,-0.00786940660327673,-0.0021475832909345627,0.009764384478330612,31.68909999999414,2.817299999996692,34.70049999999958,9.700499999999579
2026-05-15T15:18:27.489+08:00,23.377709799999998,674,False,0.0047884033203125,0.009576806640625,9.792284790039062,0.0,0.0,0.0,0.3598466217517853,0.7895810604095459,9.66830062866211,-0.005792560521513224,-0.0015868423506617546,0.009576424024999142,31.687100000006296,3.515200000002494,35.45060000000433,10.450600000004329
2026-05-15T15:18:27.525+08:00,23.4130926,675,False,0.0143652099609375,0.0,9.801861596679688,-0.0010652644360316954,0.0,0.0,0.3680652976036072,0.7737607955932617,9.67642593383789,-0.006159246899187565,-0.00213451636955142,0.009388226084411144,31.74699999999575,3.20459999999656,35.24210000000494,10.242100000004939
2026-05-15T15:18:27.560+08:00,23.448477099999998,676,False,0.009576806640625,0.0047884033203125,9.797073193359374,0.0,0.0010652644360316954,0.0,0.36454150080680847,0.7818541526794434,9.67261791229248,-0.007025625091046095,-0.000857008621096611,0.009657226502895355,31.668899999999667,3.2952000000037174,35.25510000000054,10.255100000000539
2026-05-15T15:18:27.596+08:00,23.4831917,677,False,0.009576806640625,0.009576806640625,9.811438403320311,0.0,0.0,0.0,0.3650694489479065,0.7738056182861328,9.688037872314453,-0.007375938817858696,-0.0023565473966300488,0.009566058404743671,31.757200000001262,2.66510000000153,34.64689999999848,9.646899999998482
2026-05-15T15:18:27.630+08:00,23.518176399999994,678,False,-0.0047884033203125,0.009576806640625,9.80665,0.0,0.0010652644360316954,0.0,0.35257554054260254,0.7770514488220215,9.685506820678711,-0.006881493143737316,-0.001407101284712553,0.009480479173362255,31.611999999995533,3.1258999999934645,34.924600000003636,9.924600000003636
2026-05-15T15:18:27.665+08:00,23.5534538,679,False,0.0047884033203125,0.009576806640625,9.80665,0.0,0.0010652644360316954,0.0,0.3584449887275696,0.7666318416595459,9.686895370483398,-0.007129565812647343,-0.0012926147319376469,0.009571976028382778,31.66239999999476,3.3044999999987112,35.211900000000185,10.211900000000185
2026-05-15T15:18:27.701+08:00,23.588809499999996,680,False,0.0143652099609375,0.009576806640625,9.80665,0.0,0.0,0.0,0.3693818747997284,0.7757558822631836,9.684995651245117,-0.006564662791788578,-0.0012838705442845821,0.009287741035223007,31.756899999997756,3.1675000000035425,35.169799999998475,10.169799999998475
2026-05-15T15:18:27.736+08:00,23.6240795,681,False,0.0,-0.009576806640625,9.811438403320311,0.0,0.0,0.0,0.36054664850234985,0.7426750659942627,9.694214820861816,-0.004905047360807657,-0.0023084734566509724,0.009267638437449932,31.655099999994718,3.2984000000055858,35.18929999999898,10.18929999999898
2026-05-15T15:18:27.771+08:00,23.660163599999997,682,False,0.023942016601562498,0.0143652099609375,9.797073193359374,0.0,0.0,0.0,0.3726038336753845,0.7791452407836914,9.675765991210938,-0.008808916434645653,-0.0021282006055116653,0.0102538475766778,31.70329999999666,3.978699999997559,36.00060000000127,11.00060000000127
2026-05-15T15:18:27.807+08:00,23.696033799999995,683,False,0.0047884033203125,0.01915361328125,9.801861596679688,0.0,0.0,0.0,0.36680251359939575,0.7702715396881104,9.679319381713867,-0.009126326069235802,-0.0022522220388054848,0.0099283242598176,31.756700000002525,3.7012999999959106,35.744899999997415,10.744899999997415
2026-05-15T15:18:27.843+08:00,23.7314863,684,False,0.009576806640625,0.0047884033203125,9.811438403320311,0.0,0.0,0.0,0.36298006772994995,0.7816822528839111,9.688374519348145,-0.005908396560698748,-0.0025128964334726334,0.009480065666139126,31.71559999999829,3.258200000004763,35.33620000000326,10.33620000000326
2026-05-15T15:18:27.878+08:00,23.7679695,685,False,0.009576806640625,0.023942016601562498,9.80665,0.0,0.0,0.0,0.36680904030799866,0.7692990303039551,9.68714714050293,-0.00815384741872549,-0.0016672615893185139,0.009625771082937717,31.857000000002245,4.068799999998873,36.33679999999373,11.33679999999373
2026-05-15T15:18:27.915+08:00,23.8035335,686,False,0.0047884033203125,0.0,9.801861596679688,0.0,0.0,0.0,0.3601316511631012,0.7833199501037598,9.680335998535156,-0.006159326992928982,-0.0018066810443997383,0.00979116652160883,31.76719999999733,3.422700000001555,35.43979999999891,10.439799999998911
2026-05-15T15:18:27.951+08:00,23.838879899999995,687,False,0.0047884033203125,0.0,9.801861596679688,0.0,0.0,0.0,0.36126473546028137,0.7650747299194336,9.680580139160156,-0.005415546707808971,-0.0019233077764511108,0.00949652399867773,31.812299999998572,3.12449999999842,35.18760000000043,10.18760000000043
2026-05-15T15:18:27.986+08:00,23.873309499999998,688,False,0.0047884033203125,0.01915361328125,9.801861596679688,0.0,0.0,0.0,0.3609263300895691,0.7893805503845215,9.677783966064453,-0.008553003892302513,-0.0018327971920371056,0.009894540533423424,31.675300000003404,2.443999999997004,34.351600000000815,9.351600000000815
2026-05-15T15:18:28.020+08:00,23.9095776,689,False,0.01915361328125,0.0143652099609375,9.801861596679688,0.0,0.0,0.0,0.3712919056415558,0.777874231338501,9.681459426879883,-0.0076276035979390144,-0.001875564455986023,0.00976527202874422,31.74820000000267,4.111399999999321,36.17839999999717,11.178399999997168
2026-05-15T15:18:28.057+08:00,23.944731999999995,690,False,0.0047884033203125,0.0143652099609375,9.80665,0.0,0.0,0.0,0.36539870500564575,0.7868194580078125,9.681138038635254,-0.005423013120889664,-0.0020280159078538418,0.009260238148272038,31.67029999999471,3.1575999999944315,35.06249999999511,10.062499999995111
2026-05-15T15:18:28.091+08:00,23.9800537,691,False,0.0143652099609375,0.0,9.811438403320311,0.0,0.0,0.0,0.36719685792922974,0.780951976776123,9.689494132995605,-0.005411955062299967,-0.0019589411094784737,0.00944817066192627,31.68759999999793,3.306100000003198,35.23750000000092,10.23750000000092
2026-05-15T15:18:28.127+08:00,24.0138756,692,False,0.01915361328125,-0.0047884033203125,9.80665,0.0,0.0,0.0,0.37364503741264343,0.7717621326446533,9.68287467956543,-0.00545071717351675,-0.0014841873198747635,0.009448842145502567,31.63279999999702,1.9258999999962612,33.76229999999936,8.762299999999357
2026-05-15T15:18:28.160+08:00,24.049838899999997,693,False,0.0,0.0,9.797073193359374,0.0,0.0,0.0,0.3602551817893982,0.7664649486541748,9.678337097167969,-0.006587757728993893,-0.0028734076768159866,0.009775274433195591,31.64979999999673,3.9873999999997523,35.90249999999884,10.902499999998838
2026-05-15T15:18:28.197+08:00,24.084138599999996,694,False,0.0,0.0047884033203125,9.811438403320311,0.0,0.0,0.0,0.3537079989910126,0.7757022380828857,9.687271118164062,-0.007636628113687038,-0.002838870044797659,0.009756486862897873,31.787199999996574,2.139200000002006,34.206099999998685,9.206099999998685
2026-05-15T15:18:28.231+08:00,24.119683099999996,695,False,0.0047884033203125,0.028730419921875,9.811438403320311,0.0,0.0,0.0,0.35984548926353455,0.7938649654388428,9.686141014099121,-0.008788550272583961,-0.0016724113374948502,0.009682266972959042,31.682899999999847,3.5874000000006845,35.4863000000023,10.486300000002302
2026-05-15T15:18:28.267+08:00,24.1538099,696,False,0.009576806640625,0.009576806640625,9.801861596679688,0.0,0.0,0.0,0.3622085750102997,0.7879841327667236,9.681391716003418,-0.006528101861476898,-0.0018344153650105,0.0096730412915349,31.59469999999942,2.2421999999977515,34.06370000000436,9.06370000000436
2026-05-15T15:18:28.300+08:00,24.188922299999994,697,False,0.0143652099609375,0.0,9.797073193359374,0.0,0.0,0.0,0.369844913482666,0.7667262554168701,9.674911499023438,-0.004447676707059145,-0.0017602252773940563,0.009400404058396816,31.628200000000106,3.0824000000038154,35.059799999999086,10.059799999999086
2026-05-15T15:18:28.335+08:00,24.223219399999998,698,False,0.0047884033203125,0.0,9.80665,0.0,0.0,0.0,0.3630656898021698,0.7676839828491211,9.683475494384766,-0.005640485789626837,-0.0022182241082191467,0.00944163091480732,31.571700000000646,2.456399999999803,34.22859999999872,9.228599999998721
2026-05-15T15:18:28.370+08:00,24.257332499999997,699,False,0.0143652099609375,-0.0143652099609375,9.80665,0.0,0.0,0.0,0.3663803040981293,0.7599301338195801,9.685628890991211,-0.005549173802137375,-0.001958071254193783,0.009545535780489445,31.725600000001464,2.0914999999988027,34.01230000000055,9.01230000000055
2026-05-15T15:18:28.404+08:00,24.291933199999995,700,False,0.009576806640625,0.0047884033203125,9.801861596679688,0.0,0.0,0.0,0.367034375667572,0.7734239101409912,9.678539276123047,-0.007619377225637436,-0.002026067581027746,0.009872213937342167,31.65880000000243,2.6156999999997765,34.51069999999845,9.510699999998451
2026-05-15T15:18:28.439+08:00,24.3279157,701,False,0.009576806640625,0.023942016601562498,9.80665,0.0,0.0,0.0,0.36386623978614807,0.7900285720825195,9.682247161865234,-0.009225452318787575,-0.00237436406314373,0.01004812866449356,31.744400000000894,3.920900000004224,35.923199999999156,10.923199999999156
2026-05-15T15:18:28.475+08:00,24.3646799,702,False,0.0,0.009576806640625,9.80665,0.0,0.0,0.0,0.35655465722084045,0.7719578742980957,9.685523986816406,-0.006729868706315756,-0.001999359577894211,0.009566618129611015,31.719400000000064,4.625600000004226,36.69790000000006,11.697900000000061
2026-05-15T15:18:28.511+08:00,24.4000973,703,False,0.009576806640625,0.0143652099609375,9.801861596679688,0.0,0.0,0.0,0.3639644980430603,0.7791697978973389,9.679608345031738,-0.005887696053832769,-0.0018351287581026554,0.009462432935833931,31.701800000000446,3.324100000000385,35.310400000000186,10.310400000000186
2026-05-15T15:18:28.546+08:00,24.435941399999997,704,False,0.01915361328125,-0.0047884033203125,9.80665,0.0,0.0,0.0,0.3726576864719391,0.7737774848937988,9.683103561401367,-0.004856604151427746,-0.0015840409323573112,0.009377041831612587,31.868100000004063,3.471099999998728,35.73589999999882,10.735899999998821
2026-05-15T15:18:28.583+08:00,24.4725598,705,False,0.009576806640625,-0.0047884033203125,9.80665,0.0,0.0,0.0,0.36798736453056335,0.7624504566192627,9.682940483093262,-0.00525488518178463,-0.002243435475975275,0.00959912221878767,31.800500000002785,4.399800000001619,36.50960000000225,11.509600000002251
2026-05-15T15:18:28.619+08:00,24.5098402,706,False,0.01915361328125,0.01915361328125,9.80665,0.0,0.0,0.0,0.37167447805404663,0.7757725715637207,9.684311866760254,-0.0092703802511096,-0.0024641789495944977,0.010026487521827221,31.675700000000973,5.090199999997935,37.14699999999738,12.146999999997377
2026-05-15T15:18:28.657+08:00,24.545601899999994,707,False,0.0047884033203125,0.01915361328125,9.797073193359374,0.0,0.0,0.0,0.361637145280838,0.7922091484069824,9.672199249267578,-0.008206358179450035,-0.001839200034737587,0.009992758743464947,31.703100000001427,3.6143000000024017,35.62449999999728,10.624499999997283
2026-05-15T15:18:28.693+08:00,24.580221699999996,708,False,0.0047884033203125,0.0143652099609375,9.816226806640625,0.0,0.0,0.0,0.36079153418540955,0.7876157760620117,9.689493179321289,-0.005792985204607248,-0.0024107457138597965,0.00927762035280466,31.62939999999992,2.6522999999940566,34.51920000000541,9.519200000005412
2026-05-15T15:18:28.727+08:00,24.614983199999998,709,False,0.009576806640625,0.0,9.80665,0.0,0.0,0.0,0.36400023102760315,0.7764701843261719,9.685416221618652,-0.004571777768433094,-0.0010620132088661194,0.009171217679977417,31.786900000000173,2.6618999999996618,34.684399999996174,9.684399999996174
2026-05-15T15:18:28.761+08:00,24.651560499999995,710,False,0.0047884033203125,-0.01915361328125,9.80665,0.0,0.0,0.0,0.363050252199173,0.7459070682525635,9.68552303314209,-0.0039902422577142715,-0.001834171824157238,0.009479240514338017,31.655199999995887,4.584499999999991,36.50369999999725,11.503699999997252
2026-05-15T15:18:28.798+08:00,24.686729,711,False,0.009576806640625,0.0047884033203125,9.792284790039062,0.0,0.0,0.0,0.3627431392669678,0.7772729396820068,9.670598983764648,-0.008189274929463863,-0.0020827539265155792,0.009962262585759163,31.767399999999668,3.0525999999966302,35.08060000000057,10.080600000000572
2026-05-15T15:18:28.834+08:00,24.7222231,712,False,0.0143652099609375,0.009576806640625,9.811438403320311,0.0,0.0,0.0,0.36836040019989014,0.7816274166107178,9.68408203125,-0.00874248892068863,-0.0024327561259269714,0.010144857689738274,31.87889999999527,3.1527000000011185,35.379300000002445,10.379300000002445
2026-05-15T15:18:28.869+08:00,24.757367599999995,713,False,0.0,0.01915361328125,9.801861596679688,0.0,0.0,0.0,0.35785403847694397,0.7902436256408691,9.678401947021484,-0.0072249071672558784,-0.00223889434710145,0.009534435346722603,31.736500000000945,3.0722999999994727,35.07780000000338,10.077800000003378
2026-05-15T15:18:28.904+08:00,24.7944411,714,False,0.023942016601562498,0.023942016601562498,9.811438403320311,0.0,0.0,0.0,0.374447226524353,0.7815902233123779,9.689644813537598,-0.007751394994556904,-0.0025622579269111156,0.009686624631285667,31.740800000001457,4.850799999999822,36.974999999998204,11.974999999998204
2026-05-15T15:18:28.941+08:00,24.8304075,715,False,0.0047884033203125,-0.0047884033203125,9.811438403320311,0.0,0.0,0.0,0.36474913358688354,0.7875216007232666,9.683015823364258,-0.0037746108137071133,-0.001331474632024765,0.009360107593238354,31.818199999996466,3.7175999999945475,35.859499999993716,10.859499999993716
2026-05-15T15:18:28.977+08:00,24.865425599999995,716,False,0.0143652099609375,-0.0047884033203125,9.80665,0.0,0.0,0.0,0.36686477065086365,0.7743790149688721,9.68502426147461,-0.005636391695588827,-0.0026619378477334976,0.009804490953683853,31.64809999999818,2.9450999999980354,34.89919999999813,9.899199999998132
2026-05-15T15:18:29.012+08:00,24.902168599999996,717,False,0.0047884033203125,0.009576806640625,9.797073193359374,0.0,0.0,0.0,0.36173272132873535,0.787860631942749,9.671979904174805,-0.008415810763835907,-0.0017411904409527779,0.010086913593113422,31.65599999999813,4.783399999993776,36.68379999999871,11.683799999998712
2026-05-15T15:18:29.049+08:00,24.936937899999997,718,False,0.009576806640625,0.0,9.80665,0.0,0.0,0.0,0.3640131652355194,0.7666399478912354,9.683930397033691,-0.006792588625103235,-0.0023784530349075794,0.00977113377302885,31.574900000002515,2.8507000000033145,34.686999999998136,9.686999999998136
2026-05-15T15:18:29.084+08:00,24.9715998,719,False,0.0143652099609375,0.033518823242187495,9.80665,0.0,0.0,0.0,0.3680837154388428,0.8148081302642822,9.677286148071289,-0.009056100621819496,-0.001475626602768898,0.009643432684242725,31.76429999999897,2.610799999999358,34.59360000000089,9.59360000000089
2026-05-15T15:18:29.119+08:00,25.0075158,720,False,0.023942016601562498,0.0143652099609375,9.811438403320311,0.0,0.0,0.0,0.3759589195251465,0.806251049041748,9.685602188110352,-0.007010485511273146,-0.0018446287140250206,0.009971970692276955,31.74229999999767,3.788200000002462,35.7812000000024,10.7812000000024
2026-05-15T15:18:29.155+08:00,25.043855399999998,721,False,0.0,-0.028730419921875,9.811438403320311,0.0,0.0,0.0,0.36131277680397034,0.7712657451629639,9.684062957763672,0.00013754889369010925,-0.0017962763085961342,0.009078741073608398,31.744500000002063,4.193999999998255,36.27540000000096,11.275400000000957
2026-05-15T15:18:29.191+08:00,25.0813255,722,False,0.01915361328125,0.0047884033203125,9.80665,0.0,0.0,0.0,0.3703147768974304,0.774137020111084,9.6850004196167,-0.010147466324269772,-0.00230821268633008,0.010288219898939133,31.70109999999937,5.229399999997497,37.389100000005726,12.389100000005726
2026-05-15T15:18:29.228+08:00,25.117120999999997,723,False,0.0,0.0047884033203125,9.801861596679688,0.0,0.0,0.0,0.3569386303424835,0.8157036304473877,9.671747207641602,-0.00958000123500824,-0.0015130871906876564,0.010360690765082836,31.63550000000015,3.7695999999982632,35.66049999999876,10.660499999998763
2026-05-15T15:18:29.264+08:00,25.152772,724,False,0.0,0.01915361328125,9.797073193359374,0.0,0.0,0.0,0.35304689407348633,0.814661979675293,9.669798851013184,-0.007435968145728111,-0.0028160945512354374,0.009940005838871002,31.79470000000606,3.4296999999980926,35.56329999999974,10.563299999999742
2026-05-15T15:18:29.300+08:00,25.188381,725,False,0.01915361328125,0.023942016601562498,9.80665,0.0,0.0,0.0,0.3700800836086273,0.8212032318115234,9.675651550292969,-0.007335657719522715,-0.0012911432422697544,0.009459921158850193,31.587300000005314,3.581799999999191,35.517599999998595,10.517599999998595
2026-05-15T15:18:29.336+08:00,25.2250405,726,False,0.0047884033203125,-0.0047884033203125,9.80665,0.0,0.0,0.0,0.36311811208724976,0.801278829574585,9.678049087524414,-0.0035496074706315994,-0.0010219952091574669,0.00943671353161335,31.776000000000693,4.419200000000956,36.53140000000121,11.531400000001213
2026-05-15T15:18:29.371+08:00,25.260904399999994,727,False,0.028730419921875,0.0,9.801861596679688,0.0,0.0,0.0,0.37674960494041443,0.8202314376831055,9.673872947692871,-0.005712423007935286,-0.0014224722981452942,0.009539450518786907,31.731499999999357,3.718399999996791,35.77620000000081,10.776200000000813
2026-05-15T15:18:29.408+08:00,25.2973651,728,False,0.009576806640625,0.0,9.80665,0.0,0.0,0.0,0.37009304761886597,0.8122406005859375,9.673982620239258,-0.0064426991157233715,-0.0015876772813498974,0.009736440144479275,31.807000000000585,4.1629999999983625,36.34899999999419,11.348999999994192
2026-05-15T15:18:29.445+08:00,25.331941799999996,729,False,0.009576806640625,0.0,9.801861596679688,0.0,0.0,0.0,0.3609096109867096,0.808373212814331,9.673542022705078,-0.00650382274761796,-0.0025886003859341145,0.009759285487234592,31.697799999996334,2.5228000000012685,34.472699999994916,9.472699999994916
2026-05-15T15:18:29.479+08:00,25.366921999999995,730,False,0.009576806640625,0.033518823242187495,9.80665,0.0,0.0,0.0,0.3637895882129669,0.8299124240875244,9.675033569335938,-0.00981588289141655,-0.0016308622434735298,0.009777471423149109,31.828400000001977,2.7682999999996127,34.90810000000266,9.908100000002662
2026-05-15T15:18:29.514+08:00,25.4017706,731,False,-0.0143652099609375,-0.009576806640625,9.801861596679688,0.0,0.0,0.0,0.3420173227787018,0.8363392353057861,9.672248840332031,-0.002626601606607437,-0.0017773634754121304,0.00972980260848999,31.645699999998556,2.851599999999621,34.78309999999851,9.783099999998512
2026-05-15T15:18:29.548+08:00,25.436027499999994,732,False,0.009576806640625,0.0143652099609375,9.811438403320311,0.0,0.0,0.0,0.3585188090801239,0.837158203125,9.67691707611084,-0.0077714393846690655,-0.0013939202763140202,0.00976297166198492,31.733699999996645,2.2439999999974702,34.18620000000061,9.18620000000061
2026-05-15T15:18:29.582+08:00,25.472428199999996,733,False,0.009576806640625,0.0047884033203125,9.797073193359374,0.0,0.0,0.0,0.36297398805618286,0.8300826549530029,9.667427062988281,-0.007071467582136393,-0.0006907493807375431,0.009808750823140144,31.868299999999294,4.048900000000799,36.33390000000247,11.333900000002473
2026-05-15T15:18:29.620+08:00,25.507870399999995,734,False,0.009576806640625,-0.009576806640625,9.80665,0.0,0.0,0.0,0.36344677209854126,0.8122248649597168,9.673507690429688,-0.004261165391653776,-0.0019483277574181557,0.009598632343113422,31.68779999999316,3.3689999999992892,35.361800000003996,10.361800000003996
2026-05-15T15:18:29.655+08:00,25.5436676,735,False,0.0143652099609375,0.023942016601562498,9.797073193359374,0.0,0.0,0.0,0.36567386984825134,0.8457136154174805,9.663774490356445,-0.009081101045012474,-0.0011445898562669754,0.009700466878712177,31.81459999999703,3.383900000002882,35.69429999999585,10.694299999995849
2026-05-15T15:18:29.690+08:00,25.579021399999995,736,False,0.0143652099609375,0.009576806640625,9.80665,0.0,0.0,0.0,0.36514392495155334,0.8580522537231445,9.670174598693848,-0.007764912210404873,-0.0014564529992640018,0.010085144080221653,31.760300000001962,3.2186999999979093,35.25080000000003,10.250800000000027
2026-05-15T15:18:29.726+08:00,25.6145402,737,False,0.0,0.009576806640625,9.797073193359374,0.0,0.0,0.0,0.35611459612846375,0.8345174789428711,9.664477348327637,-0.005219379905611277,-0.001734909601509571,0.009444225579500198,31.756600000001356,3.3658999999985895,35.43679999999938,10.43679999999938
2026-05-15T15:18:29.762+08:00,25.649701899999997,738,False,0.0047884033203125,0.01915361328125,9.80665,0.0,0.0,0.0,0.3570791184902191,0.8358774185180664,9.675503730773926,-0.006915195845067501,-0.0017662453465163708,0.009365255944430828,31.72649999999777,2.855300000000227,35.05559999999974,10.055599999999743
2026-05-15T15:18:29.796+08:00,25.6856662,739,False,0.0047884033203125,-0.009576806640625,9.80665,0.0,0.0,0.0,0.35702088475227356,0.8360967636108398,9.672870635986328,-0.004339114297181368,-0.000601491890847683,0.009310228750109673,31.753500000000656,3.871699999997702,35.891800000001695,10.891800000001695
2026-05-15T15:18:29.833+08:00,25.721511199999995,740,False,0.01915361328125,0.0047884033203125,9.797073193359374,0.0,0.0,0.0,0.3684751093387604,0.8458173274993896,9.66322135925293,-0.006020885426551104,-0.0009911637753248215,0.009601772762835026,31.82660000000226,3.639999999997201,35.78240000000221,10.782400000002212
2026-05-15T15:18:29.868+08:00,25.757018099999996,741,False,0.023942016601562498,0.009576806640625,9.797073193359374,0.0,0.0,0.0,0.37432727217674255,0.8479809761047363,9.660521507263184,-0.00764473807066679,-0.0011892016045749187,0.00988075416535139,31.7292000000009,3.3729000000022324,35.39860000000061,10.398600000000613
2026-05-15T15:18:29.904+08:00,25.792885299999995,742,False,0.01915361328125,0.0,9.80665,0.0,0.0,0.0,0.3725583851337433,0.8173558712005615,9.671876907348633,-0.005439388565719128,-0.0016778227873146534,0.009369298815727234,31.905699999995818,3.513200000000438,35.76580000000007,10.76580000000007
2026-05-15T15:18:29.940+08:00,25.828063199999995,743,False,0.0143652099609375,0.0143652099609375,9.80665,0.0,0.0,0.0,0.36653149127960205,0.8434252738952637,9.672576904296875,-0.006387278437614441,-0.0015743323601782322,0.009365829639136791,31.663700000002848,3.1984999999963293,35.089899999995566,10.089899999995566
2026-05-15T15:18:29.975+08:00,25.863956199999997,744,False,0.0,0.009576806640625,9.811438403320311,0.0,0.0,0.0,0.35393816232681274,0.8440840244293213,9.675779342651367,-0.0068934266455471516,-0.0015387511812150478,0.009602542035281658,31.684900000001903,3.825700000000154,35.8094000000051,10.809400000005098
2026-05-15T15:18:30.010+08:00,25.898029799999996,745,False,0.0,0.0047884033203125,9.811438403320311,0.0,0.0,0.0,0.35226330161094666,0.8306946754455566,9.677128791809082,-0.005574174225330353,-0.0014480315148830414,0.009181108325719833,31.74849999999907,1.98660000000217,33.98609999999991,8.986099999999908
2026-05-15T15:18:30.045+08:00,25.932484599999995,746,False,0.0143652099609375,0.0143652099609375,9.801861596679688,0.0,0.0,0.0,0.36560627818107605,0.8160748481750488,9.672819137573242,-0.0064805857837200165,-0.0010473108850419521,0.00933457724750042,31.7543000000029,2.377799999997876,34.39359999999425,9.393599999994251
2026-05-15T15:18:30.079+08:00,25.968429399999998,747,False,0.01915361328125,0.0,9.80665,0.0,0.0,0.0,0.37092718482017517,0.8267021179199219,9.670711517333984,-0.0052542672492563725,-0.0013067331165075302,0.009446457028388977,31.83609999999959,3.6344999999968763,35.863700000000165,10.863700000000165
2026-05-15T15:18:30.116+08:00,26.004683899999996,748,False,0.0143652099609375,0.0047884033203125,9.801861596679688,0.0,0.0,0.0,0.36741766333580017,0.820854902267456,9.669477462768555,-0.0054175034165382385,-0.0017503425478935242,0.009289811365306377,31.951100000000565,3.73800000000557,36.02369999999411,11.023699999994108
2026-05-15T15:18:30.151+08:00,26.040042399999997,749,False,0.01915361328125,0.0047884033203125,9.797073193359374,0.0,0.0,0.0,0.3692854046821594,0.8200531005859375,9.665069580078125,-0.006506436038762331,-0.0016661826521158218,0.009671999141573906,31.67320000000018,3.280500000002462,35.2675999999974,10.267599999997401
2026-05-15T15:18:30.187+08:00,26.075847699999997,750,False,0.0047884033203125,0.009576806640625,9.801861596679688,0.0,0.0,0.0,0.3618438243865967,0.806220293045044,9.669998168945312,-0.006478062830865383,-0.001914242748171091,0.009469126351177692,31.7926999999969,3.6975000000012415,35.73979999999466,10.73979999999466
2026-05-15T15:18:30.222+08:00,26.1113552,751,False,0.01915361328125,0.0047884033203125,9.801861596679688,0.0,0.0,0.0,0.36832138895988464,0.8175058364868164,9.671701431274414,-0.005675630643963814,-0.0015503042377531528,0.00918626319617033,31.601500000000726,3.6016000000032022,35.420399999999574,10.420399999999574
2026-05-15T15:18:30.259+08:00,26.146171099999997,752,False,0.0047884033203125,0.0,9.821015209960937,0.0,0.0,0.0,0.36442330479621887,0.8058531284332275,9.682977676391602,-0.004568649455904961,-0.0015032044611871243,0.009219249710440636,31.783300000000736,2.724900000004027,34.757599999998945,9.757599999998945
2026-05-15T15:18:30.293+08:00,26.181458,753,False,0.009576806640625,0.0,9.797073193359374,0.0,0.0,0.0,0.36022767424583435,0.8005280494689941,9.67190170288086,-0.005692275706678629,-0.00185491144657135,0.009505890309810638,31.749099999998975,3.25120000000112,35.21889999999672,10.218899999996722
2026-05-15T15:18:30.328+08:00,26.216602299999998,754,False,0.009576806640625,0.0,9.80665,0.0,0.0,0.0,0.3641175925731659,0.7892160415649414,9.676460266113281,-0.006426259409636259,-0.0019816122949123383,0.009606879204511642,31.767600000002005,3.0422000000029925,35.050200000000586,10.050200000000586
2026-05-15T15:18:30.363+08:00,26.2517688,755,False,0.009576806640625,0.0,9.811438403320311,0.0,0.0,0.0,0.3638106882572174,0.7990186214447021,9.680984497070312,-0.005411169491708279,-0.0015548104420304298,0.009246760047972202,31.596800000002645,3.210600000002728,35.080399999998235,10.080399999998235
2026-05-15T15:18:30.398+08:00,26.286693999999997,756,False,0.01915361328125,0.0047884033203125,9.80665,0.0,0.0,0.0,0.3699636161327362,0.8002548217773438,9.677675247192383,-0.0069976248778402805,-0.0016455817967653275,0.009479660540819168,31.734400000004825,2.852399999994759,34.83650000000438,9.836500000004378
2026-05-15T15:18:30.434+08:00,26.320718999999997,757,False,0.01915361328125,0.009576806640625,9.80665,0.0,0.0,0.0,0.37379831075668335,0.7968137264251709,9.676685333251953,-0.0064215995371341705,-0.0016460344195365906,0.0095993522554636,31.737900000003094,1.9595999999992841,33.955399999996416,8.955399999996416
2026-05-15T15:18:30.468+08:00,26.3554271,758,False,0.0143652099609375,0.0,9.797073193359374,0.0,0.0,0.0,0.36804142594337463,0.7831230163574219,9.67391586303711,-0.005838081240653992,-0.001921776682138443,0.009466265328228474,31.827399999997397,2.505300000002819,34.62490000000429,9.624900000004288
2026-05-15T15:18:30.503+08:00,26.3902595,759,False,0.0143652099609375,0.009576806640625,9.80665,0.0,0.0,0.0,0.3686180114746094,0.7925927639007568,9.677898406982422,-0.006770999636501074,-0.0021757003851234913,0.009547039866447449,31.66940000000551,2.8628000000026077,34.75739999999661,9.757399999996608
2026-05-15T15:18:30.538+08:00,26.425273999999995,760,False,0.0047884033203125,0.0,9.816226806640625,0.0,0.0,0.0,0.36096546053886414,0.7885735034942627,9.689306259155273,-0.0058563873171806335,-0.0017772242426872253,0.009274248965084553,31.747299999999257,2.859000000000833,34.851400000000865,9.851400000000865
2026-05-15T15:18:30.572+08:00,26.460574799999996,761,False,0.0,0.0,9.80665,0.0,0.0,0.0,0.35476425290107727,0.7802937030792236,9.683466911315918,-0.006281998939812183,-0.002010077703744173,0.009560846723616123,31.628399999995338,3.3049000000033857,35.220800000004715,10.220800000004715
2026-05-15T15:18:30.607+08:00,26.498349999999995,762,False,0.0047884033203125,0.0143652099609375,9.80665,0.0,0.0,0.0,0.3596705198287964,0.7795522212982178,9.683464050292969,-0.007830541580915451,-0.0020938199013471603,0.009716344997286797,31.71999999999997,5.628999999998996,37.69919999999871,12.699199999998712
2026-05-15T15:18:30.645+08:00,26.5324746,763,False,0.0143652099609375,0.0,9.801861596679688,0.0,0.0,0.0,0.3666214048862457,0.7868282794952393,9.678000450134277,-0.006203843746334314,-0.0015101293101906776,0.009547773748636246,31.767200000004436,1.9452000000015346,34.00630000000149,9.006300000001488
2026-05-15T15:18:30.679+08:00,26.567189999999997,764,False,0.01915361328125,0.0047884033203125,9.80665,0.0,0.0,0.0,0.3739427328109741,0.7804653644561768,9.680628776550293,-0.005949630402028561,-0.0019150953739881516,0.009363892488181591,31.770899999997937,2.6342999999968697,34.64119999999582,9.64119999999582
2026-05-15T15:18:30.714+08:00,26.601819299999995,765,False,0.01915361328125,0.0,9.811438403320311,0.0,0.0,0.0,0.37358784675598145,0.7812883853912354,9.68708610534668,-0.0061048720963299274,-0.0019333991222083569,0.009529238566756248,31.760499999997194,2.549000000001911,34.566300000001604,9.566300000001604
2026-05-15T15:18:30.748+08:00,26.636829899999995,766,False,0.0143652099609375,-0.0047884033203125,9.816226806640625,0.0,0.0,0.0,0.37019026279449463,0.7604238986968994,9.693268775939941,-0.006152207963168621,-0.0021950830705463886,0.009569079615175724,31.85120000000552,2.737799999998458,34.90419999999972,9.904199999999719
2026-05-15T15:18:30.784+08:00,26.6714183,767,False,0.01915361328125,0.0143652099609375,9.80665,0.0,0.0,0.0,0.3725443184375763,0.7858810424804688,9.68482780456543,-0.007960628718137741,-0.0020339316688477993,0.009774078615009785,31.67689999999368,2.5927000000010025,34.500500000000045,9.500500000000045
2026-05-15T15:18:30.818+08:00,26.707394699999995,768,False,0.0,0.0047884033203125,9.801861596679688,0.0,0.0,0.0,0.3575964570045471,0.7822403907775879,9.679082870483398,-0.00763584254309535,-0.0021300273947417736,0.009910753928124905,31.73680000000445,3.929100000000574,35.91000000000122,10.910000000001219
2026-05-15T15:18:30.854+08:00,26.741354799999996,769,False,0.009576806640625,0.0047884033203125,9.816226806640625,0.0,0.0,0.0,0.3635139465332031,0.780637264251709,9.690773010253906,-0.00638600392267108,-0.0022013294510543346,0.009381504729390144,31.739699999995707,1.9234999999966362,33.89810000000182,8.898100000001818
2026-05-15T15:18:30.888+08:00,26.775147399999994,770,False,0.009576806640625,0.0047884033203125,9.801861596679688,0.0,0.0,0.0,0.36559802293777466,0.7695143222808838,9.683475494384766,-0.006539353635162115,-0.0013222703710198402,0.009537037461996078,31.59270000000447,1.938099999996723,33.73110000000423,8.731100000004233
2026-05-15T15:18:30.922+08:00,26.809806699999996,771,False,0.009576806640625,0.0,9.80665,0.0,0.0,0.0,0.3647909462451935,0.7741236686706543,9.68209457397461,-0.006350228562951088,-0.0022707870230078697,0.009770015254616737,31.765500000005886,2.5411000000019612,34.60170000000318,9.601700000003177
2026-05-15T15:18:30.957+08:00,26.845598699999996,772,False,0.0143652099609375,0.01915361328125,9.792284790039062,0.0,0.0,0.0,0.36776021122932434,0.7846248149871826,9.671689987182617,-0.007877259515225887,-0.001874624751508236,0.009785788133740425,31.679900000000316,3.813699999994924,35.72000000000486,10.720000000004859
2026-05-15T15:18:30.993+08:00,26.8798714,773,False,0.0143652099609375,0.0,9.811438403320311,0.0,0.0,0.0,0.3695979118347168,0.781686544418335,9.684967041015625,-0.006183052901178598,-0.0022233393974602222,0.009771350771188736,31.688700000003678,2.2970000000057667,34.19439999999696,9.19439999999696
2026-05-15T15:18:31.027+08:00,26.9137719,774,False,0.0047884033203125,0.0,9.80665,0.0,0.0,0.0,0.36226537823677063,0.7708795070648193,9.686208724975586,-0.005614777095615864,-0.0020565157756209373,0.009518969804048538,31.650700000000143,1.9412000000045282,33.779799999997806,8.779799999997806
2026-05-15T15:18:31.060+08:00,26.947922,775,False,0.009576806640625,0.009576806640625,9.801861596679688,0.0,0.0,0.0,0.3632199764251709,0.7773196697235107,9.68249225616455,-0.007884301245212555,-0.0022925534285604954,0.009892861358821392,31.780000000004804,2.131900000001963,34.09109999999771,9.09109999999771
2026-05-15T15:18:31.095+08:00,26.982317599999995,776,False,0.0,0.0,9.80665,0.0,0.0,0.0,0.3572011888027191,0.7774982452392578,9.682427406311035,-0.006214541848748922,-0.001846003346145153,0.009594316594302654,31.791300000001854,2.361499999999239,34.34019999999549,9.340199999995491
2026-05-15T15:18:31.129+08:00,27.0164518,777,False,0.0,0.0143652099609375,9.80665,0.0,0.0,0.0,0.35530298948287964,0.7825040817260742,9.68503189086914,-0.007109135389328003,-0.002353380899876356,0.009606690146028996,31.508900000005724,2.37579999999582,34.07839999999851,9.07839999999851
2026-05-15T15:18:31.162+08:00,27.0507998,778,False,0.009576806640625,0.0,9.80665,0.0,0.0,0.0,0.36216551065444946,0.7847890853881836,9.684453010559082,-0.006117179058492184,-0.0017146565951406956,0.009717065840959549,31.662600000004204,2.4475999999964415,34.29260000000056,9.292600000000562
2026-05-15T15:18:31.198+08:00,27.0847967,779,False,0.01915361328125,0.0,9.811438403320311,0.0,0.0,0.0,0.37418627738952637,0.7675621509552002,9.68695068359375,-0.0056367008946835995,-0.001745348796248436,0.00940746907144785,31.608499999997264,2.139700000000744,33.9377999999968,8.937799999996798
2026-05-15T15:18:31.231+08:00,27.119141899999995,780,False,0.028730419921875,0.01915361328125,9.811438403320311,0.0,0.0,0.0,0.38177165389060974,0.7892501354217529,9.687260627746582,-0.008338762447237968,-0.0019484669901430607,0.009732824750244617,31.74510000000197,2.3569000000023266,34.287300000002574,9.287300000002574
2026-05-15T15:18:31.266+08:00,27.153002199999996,781,False,0.01915361328125,0.0143652099609375,9.80665,0.0,0.0,0.0,0.3743661344051361,0.7875988483428955,9.682809829711914,-0.007738560438156128,-0.002184626180678606,0.010017317719757557,31.679900000000316,1.933600000000979,33.79969999999588,8.79969999999588
2026-05-15T15:18:31.300+08:00,27.186864999999997,782,False,0.009576806640625,0.0,9.811438403320311,0.0,0.0,0.0,0.3660385012626648,0.7787923812866211,9.687786102294922,-0.004868293181061745,-0.002300991676747799,0.0093231201171875,31.594099999999514,2.032800000002055,33.798799999999574,8.798799999999574
2026-05-15T15:18:31.333+08:00,27.2211456,783,False,0.01915361328125,0.01915361328125,9.80665,0.0,0.0,0.0,0.37220150232315063,0.7848796844482422,9.685169219970703,-0.008352845907211304,-0.0018780697137117386,0.009781891480088234,31.72779999999875,2.2927999999993176,34.22539999999685,9.225399999996853
2026-05-15T15:18:31.368+08:00,27.255012999999998,784,False,0.0,-0.0143652099609375,9.797073193359374,0.0,0.0,0.0,0.3572283387184143,0.7757370471954346,9.675634384155273,-0.004380773287266493,-0.001984361559152603,0.009800336323678493,31.528399999999124,2.0919999999975403,33.802900000004854,8.802900000004854
2026-05-15T15:18:31.402+08:00,27.289147,785,False,0.0047884033203125,0.009576806640625,9.816226806640625,0.0,0.0,0.0,0.3594912886619568,0.787468671798706,9.688176155090332,-0.007727785035967827,-0.002816146705299616,0.009903144091367722,31.61670000000072,2.2593999999998005,34.06319999999852,9.063199999998517
2026-05-15T15:18:31.436+08:00,27.322845,786,False,0.009576806640625,0.0143652099609375,9.797073193359374,0.0,0.0,0.0,0.36281830072402954,0.7974026203155518,9.675329208374023,-0.008488546125590801,-0.001148521900177002,0.009945636615157127,31.598600000002364,1.8747000000018943,33.63880000000563,8.63880000000563
2026-05-15T15:18:31.469+08:00,27.356594299999998,787,False,0.0047884033203125,0.0,9.797073193359374,0.0,0.0,0.0,0.3610512912273407,0.7849526405334473,9.67143440246582,-0.005425729788839817,-0.0018534846603870392,0.009743469767272472,31.5192000000053,2.0111999999983254,33.695699999995554,8.695699999995554
2026-05-15T15:18:31.503+08:00,27.391163999999996,788,False,0.009576806640625,0.023942016601562498,9.797073193359374,0.0,0.0,0.0,0.3636198341846466,0.801598072052002,9.67198371887207,-0.007752451114356518,-0.0018964260816574097,0.009600380435585976,31.557900000002803,2.506199999999126,34.51249999999817,9.51249999999817
2026-05-15T15:18:31.538+08:00,27.425556699999994,789,False,0.01915361328125,-0.009576806640625,9.80665,0.0,0.0,0.0,0.370758980512619,0.7997865676879883,9.679567337036133,-0.005037142429500818,-0.0014934609644114971,0.009907319210469723,31.741699999997763,2.301700000003848,34.30209999999789,9.302099999997893
2026-05-15T15:18:31.572+08:00,27.4612847,790,False,0.0047884033203125,0.0,9.816226806640625,0.0,0.0,0.0,0.3664926588535309,0.7929272651672363,9.685648918151855,-0.004938891623169184,-0.0022102724760770798,0.00953128095716238,31.746499999997013,3.656100000000606,35.66430000000054,10.664300000000537
2026-05-15T15:18:31.608+08:00,27.4955985,791,False,0.01915361328125,0.01915361328125,9.801861596679688,0.0,0.0,0.0,0.3694276511669159,0.8028256893157959,9.680736541748047,-0.009147180244326591,-0.001927326899021864,0.010102099739015102,31.623400000000856,2.410199999999918,34.24590000000194,9.245900000001939
2026-05-15T15:18:31.643+08:00,27.529846299999996,792,False,-0.009576806640625,-0.0047884033203125,9.801861596679688,0.0,0.0,0.0,0.35095104575157166,0.8068673610687256,9.671213150024414,-0.005018154159188271,-0.0019419942982494831,0.00975694227963686,31.637799999998606,2.2986999999972113,34.17470000000122,9.174700000001224
2026-05-15T15:18:31.677+08:00,27.565733299999998,793,False,0.01915361328125,0.023942016601562498,9.816226806640625,0.0,0.0,0.0,0.3671194612979889,0.8288075923919678,9.684563636779785,-0.00848512165248394,-0.0016328631900250912,0.009617727249860764,31.709300000002827,3.855000000001496,35.82190000000196,10.82190000000196
2026-05-15T15:18:31.712+08:00,27.600824199999998,794,False,0.0143652099609375,0.009576806640625,9.811438403320311,0.0,0.0,0.0,0.3677944242954254,0.8378844261169434,9.678995132446289,-0.007523727137595415,-0.0008086813613772392,0.009884615428745747,31.782399999997324,2.914599999996881,35.00260000000566,10.002600000005657
2026-05-15T15:18:31.748+08:00,27.6345393,795,False,0.0047884033203125,-0.0143652099609375,9.801861596679688,0.0,0.0,0.0,0.36072078347206116,0.7878639698028564,9.6767578125,-0.0029421187937259674,-0.002435087226331234,0.009782206267118454,31.642099999999118,1.7731000000011932,33.63470000000035,8.63470000000035
2026-05-15T15:18:31.781+08:00,27.6681927,796,False,0.023942016601562498,0.0143652099609375,9.80665,0.0,0.0,0.0,0.3735976219177246,0.8263318538665771,9.674357414245605,-0.009169851429760456,-0.0014945399016141891,0.009639250114560127,31.563800000000697,1.8510000000020455,33.59410000000196,8.594100000001959
2026-05-15T15:18:31.815+08:00,27.702302699999997,797,False,0.01915361328125,0.0047884033203125,9.801861596679688,0.0,0.0,0.0,0.37223532795906067,0.8393590450286865,9.668986320495605,-0.007759685628116131,-0.0010056397877633572,0.010107009671628475,31.711600000001283,2.126400000001638,34.049400000000674,9.049400000000674
2026-05-15T15:18:31.849+08:00,27.736573299999996,798,False,0.0143652099609375,0.0047884033203125,9.816226806640625,0.0,0.0,0.0,0.36759713292121887,0.841010570526123,9.679542541503906,-0.005584511440247297,-0.0021127499639987946,0.00945376604795456,31.539000000002204,2.463999999996247,34.200600000005466,9.200600000005466
2026-05-15T15:18:31.883+08:00,27.771330199999994,799,False,0.009576806640625,0.0143652099609375,9.801861596679688,0.0,0.0,0.0,0.36392074823379517,0.8193209171295166,9.675775527954102,-0.006600141990929842,-0.001208932138979435,0.009524825029075146,31.80359999999638,2.3832000000041376,34.693899999993505,9.693899999993505
2026-05-15T15:18:31.918+08:00,27.805530599999997,800,False,0.0,0.01915361328125,9.797073193359374,0.0,0.0,0.0,0.35374876856803894,0.8410072326660156,9.664249420166016,-0.007270672358572483,-0.0016843127086758614,0.009856965392827988,31.70300000000026,2.187900000002685,34.07239999999945,9.072399999999448
2026-05-15T15:18:31.953+08:00,27.8399333,801,False,0.0047884033203125,0.0,9.801861596679688,0.0,0.0,0.0,0.3571088910102844,0.8327555656433105,9.671298027038574,-0.0041809375397861,-0.0011275038123130798,0.008881730027496815,31.523399999997537,2.6204999999990264,34.329700000000685,9.329700000000685
2026-05-15T15:18:31.987+08:00,27.873925999999997,802,False,0.0047884033203125,-0.0047884033203125,9.801861596679688,0.0,0.0,0.0,0.35779714584350586,0.8330583572387695,9.666921615600586,-0.0047601815313100815,-0.0008802963420748711,0.009410560131072998,31.596300000003907,2.1482000000005996,33.934999999999604,8.934999999999604
2026-05-15T15:18:32.021+08:00,27.907941199999996,803,False,0.0143652099609375,0.0,9.811438403320311,0.0,0.0,0.0,0.366070955991745,0.8074016571044922,9.680124282836914,-0.006363591179251671,-0.0018106307834386826,0.009473316371440887,31.629500000001087,2.104500000001508,33.93930000000012,8.939300000000117
2026-05-15T15:18:32.055+08:00,27.9418418,804,False,0.009576806640625,0.0143652099609375,9.811438403320311,0.0,0.0,0.0,0.3635324239730835,0.8229544162750244,9.680289268493652,-0.007138422690331936,-0.0015885126776993275,0.009408979676663876,31.67750000000069,1.9959000000042693,33.84650000000278,8.846500000002777
2026-05-15T15:18:32.089+08:00,27.975536299999995,805,False,0.009576806640625,0.0047884033203125,9.811438403320311,0.0,0.0,0.0,0.36137083172798157,0.8187785148620605,9.681324005126953,-0.00605126703158021,-0.0019162436947226524,0.009478961117565632,31.54649999999748,1.917600000005848,33.635799999998994,8.635799999998994
2026-05-15T15:18:32.122+08:00,28.0098906,806,False,0.009576806640625,0.01915361328125,9.811438403320311,0.0,0.0,0.0,0.36208513379096985,0.8351030349731445,9.676782608032227,-0.0069064549170434475,-0.0015800567343831062,0.009456885978579521,31.6211000000024,2.4271999999996297,34.25309999999371,9.253099999993708
2026-05-15T15:18:32.156+08:00,28.043935399999995,807,False,0.0143652099609375,0.0047884033203125,9.811438403320311,0.0,0.0,0.0,0.3669193685054779,0.8030679225921631,9.685111045837402,-0.005652741063386202,-0.0016848868690431118,0.009300995618104935,31.748500000006175,2.0404999999996676,33.97979999999734,8.97979999999734
2026-05-15T15:18:32.191+08:00,28.0783256,808,False,0.0047884033203125,-0.0047884033203125,9.811438403320311,0.0,0.0,0.0,0.36069580912590027,0.7919149398803711,9.680932998657227,-0.004298743326216936,-0.001566816121339798,0.009164138697087765,31.683899999997323,2.4242000000000985,34.3309000000005,9.330900000000497
2026-05-15T15:18:32.225+08:00,28.112684699999996,809,False,0.023942016601562498,0.0047884033203125,9.80665,0.0,0.0,0.0,0.37342801690101624,0.7994370460510254,9.679154396057129,-0.006512756925076246,-0.0016676094383001328,0.009436153806746006,31.769799999999293,2.2964999999999236,34.276599999998325,9.276599999998325
2026-05-15T15:18:32.259+08:00,28.146907799999994,810,False,0.009576806640625,0.009576806640625,9.801861596679688,0.0,0.0,0.0,0.36611834168434143,0.8176851272583008,9.667034149169922,-0.007044806610792875,-0.00149485282599926,0.009666675701737404,31.67959999999681,2.278199999999231,34.159800000004736,9.159800000004736
2026-05-15T15:18:32.294+08:00,28.1816952,811,False,0.009576806640625,0.009576806640625,9.80665,0.0,0.0,0.0,0.36258429288864136,0.7915952205657959,9.679571151733398,-0.006360823288559914,-0.0026726904325187206,0.009390919469296932,31.80290000000241,2.69999999999726,34.71050000000275,9.710500000002753
2026-05-15T15:18:32.328+08:00,28.215587299999996,812,False,0.0143652099609375,0.01915361328125,9.811438403320311,0.0,0.0,0.0,0.3676547706127167,0.8068842887878418,9.681139945983887,-0.007082963362336159,-0.0014375746250152588,0.009386113844811916,31.601100000003157,2.0623000000057345,33.83699999999834,8.83699999999834
2026-05-15T15:18:32.362+08:00,28.249660499999997,813,False,0.009576806640625,0.0,9.801861596679688,0.0,0.0,0.0,0.36443984508514404,0.7887694835662842,9.676274299621582,-0.0050669447518885136,-0.0013862643390893936,0.009400404058396816,31.657199999997943,2.163099999997087,34.01829999999961,9.018299999999613
2026-05-15T15:18:32.396+08:00,28.283490899999997,814,False,0.01915361328125,-0.0047884033203125,9.80665,0.0,0.0,0.0,0.37115561962127686,0.7978501319885254,9.674280166625977,-0.004710863344371319,-0.001570974476635456,0.009139315225183964,31.74699999999575,1.841199999994103,33.764099999999075,8.764099999999075
2026-05-15T15:18:32.430+08:00,28.3176895,815,False,0.0,0.009576806640625,9.80665,0.0,0.0,0.0,0.3622092604637146,0.7782292366027832,9.680755615234375,-0.0074723102152347565,-0.0021696104668080807,0.009688547812402248,31.665400000001398,2.3029999999977235,34.14360000000016,9.143600000000163
2026-05-15T15:18:32.464+08:00,28.3520014,816,False,0.0143652099609375,0.0047884033203125,9.801861596679688,0.0,0.0,0.0,0.3635072708129883,0.7907898426055908,9.676568984985352,-0.007270826958119869,-0.002192925661802292,0.009803946129977703,31.74990000000122,2.2935000000003924,34.24600000000311,9.246000000003107
2026-05-15T15:18:32.498+08:00,28.385845099999997,817,False,0.009576806640625,0.0143652099609375,9.811438403320311,0.0,0.0,0.0,0.3678869307041168,0.7891933917999268,9.681892395019531,-0.00669315317645669,-0.0015670247375965118,0.00936685036867857,31.543700000000285,2.030200000000093,33.76490000000132,8.764900000001319
2026-05-15T15:18:32.533+08:00,28.419728399999997,818,False,0.0047884033203125,0.0047884033203125,9.816226806640625,0.0,0.0,0.0,0.35919609665870667,0.8052346706390381,9.687180519104004,-0.005705471150577068,-0.0018074815161526203,0.009316544979810715,31.522700000003567,2.1266999999980385,33.82519999999545,8.825199999995448
2026-05-15T15:18:32.566+08:00,28.453778799999995,819,False,0.01915361328125,0.0047884033203125,9.811438403320311,0.0,0.0,0.0,0.37101641297340393,0.7765021324157715,9.687122344970703,-0.006383880041539669,-0.001797911711037159,0.009488067589700222,31.590200000003676,2.213699999998653,33.99049999999448,8.990499999994483
2026-05-15T15:18:32.600+08:00,28.48818,820,False,0.0,0.0,9.811438403320311,0.0,0.0,0.0,0.3620884418487549,0.7759120464324951,9.686588287353516,-0.0054551586508750916,-0.0020358110778033733,0.009391780011355877,31.682199999998772,2.445000000001585,34.33199999999914,9.331999999999141
2026-05-15T15:18:32.635+08:00,28.522406599999997,821,False,0.0143652099609375,0.0,9.801861596679688,0.0,0.0,0.0,0.3644920289516449,0.7837421894073486,9.679213523864746,-0.006897095590829849,-0.0021767616271972656,0.009748960845172405,31.71820000000025,2.2603000000032125,34.16779999999875,9.16779999999875
2026-05-15T15:18:32.670+08:00,28.5563947,822,False,0.0047884033203125,0.0,9.80665,0.0,0.0,0.0,0.36307090520858765,0.7870447635650635,9.678136825561523,-0.0060975984670221806,-0.0016174474731087685,0.009448240511119366,31.60370000000512,2.138299999998594,33.92639999999858,8.92639999999858
2026-05-15T15:18:32.703+08:00,28.5905845,823,False,0.009576806640625,0.0143652099609375,9.801861596679688,0.0,0.0,0.0,0.3624809980392456,0.7894411087036133,9.67847728729248,-0.007532957475632429,-0.0022691688500344753,0.009785654954612255,31.761799999998175,2.090499999994222,34.13439999999923,9.134399999999232
2026-05-15T15:18:32.738+08:00,28.6245313,824,False,0.009576806640625,0.009576806640625,9.80665,0.0,0.0,0.0,0.3643425703048706,0.7760045528411865,9.682920455932617,-0.0071385642513632774,-0.0021283570677042007,0.009582349099218845,31.521900000001324,2.183100000003435,33.88660000000243,8.886600000002431
2026-05-15T15:18:32.770+08:00,28.658682299999995,825,False,0.0047884033203125,0.0,9.80665,0.0,0.0,0.0,0.36140143871307373,0.785010576248169,9.682272911071777,-0.005042253062129021,-0.0016405535861849785,0.009434482082724571,31.564400000000603,2.3228000000017346,34.09380000000084,9.09380000000084
2026-05-15T15:18:32.805+08:00,28.6928323,826,False,0.009576806640625,0.0,9.801861596679688,0.0,0.0,0.0,0.3627524971961975,0.7811055183410645,9.678607940673828,-0.006197368260473013,-0.0018564253114163876,0.009501351043581963,31.690900000000966,2.198899999996229,34.08879999999925,9.088799999999253
2026-05-15T15:18:32.840+08:00,28.726964699999996,827,False,0.0047884033203125,0.0047884033203125,9.797073193359374,0.0,0.0,0.0,0.36118096113204956,0.7774758338928223,9.67486572265625,-0.007105749566107988,-0.001953843515366316,0.009855132550001144,31.640400000000568,2.2245000000040704,34.068200000000104,9.068200000000104
2026-05-15T15:18:32.874+08:00,28.761122799999995,828,False,0.01915361328125,0.009576806640625,9.80665,0.0,0.0,0.0,0.37140369415283203,0.773587703704834,9.683321952819824,-0.007393280044198036,-0.002332153730094433,0.009640397503972054,31.660000000002242,2.2323999999969146,34.10029999999864,9.10029999999864
2026-05-15T15:18:32.908+08:00,28.795138799999997,829,False,0.009576806640625,0.0143652099609375,9.811438403320311,0.0,0.0,0.0,0.36758846044540405,0.7830145359039307,9.686274528503418,-0.006901395507156849,-0.0019545042887330055,0.009479380212724209,31.604900000004932,2.162599999998349,33.95229999999572,8.952299999995716
2026-05-15T15:18:32.942+08:00,28.8291135,830,False,0.0143652099609375,0.0143652099609375,9.80665,0.0,0.0,0.0,0.36707890033721924,0.7874007225036621,9.684635162353516,-0.007044265512377024,-0.002378087490797043,0.009702907875180244,31.535599999998,2.157599999996762,33.89880000000289,8.898800000002893
2026-05-15T15:18:32.976+08:00,28.863279399999996,831,False,0.01915361328125,0.0,9.80665,0.0,0.0,0.0,0.37369945645332336,0.7658398151397705,9.685275077819824,-0.005181583575904369,-0.0018070465885102749,0.009285034611821175,31.689100000001247,2.20570000000464,34.09319999999383,9.093199999993828
2026-05-15T15:18:33.010+08:00,28.897601899999998,832,False,0.009576806640625,0.0047884033203125,9.797073193359374,0.0,0.0,0.0,0.3676711618900299,0.7628283500671387,9.677652359008789,-0.006318958941847086,-0.0023333197459578514,0.009840513579547405,31.7196000000024,2.3228999999957978,34.25700000000376,9.257000000003757
2026-05-15T15:18:33.044+08:00,28.931647599999998,833,False,0.009576806640625,0.0,9.80665,0.0,0.0,0.0,0.3639129400253296,0.7613167762756348,9.685271263122559,-0.006541400216519833,-0.002595073077827692,0.009539086371660233,31.62659999999562,2.163099999997087,33.97819999999996,8.978199999999958
2026-05-15T15:18:33.078+08:00,28.965798,834,False,0.009576806640625,0.0,9.792284790039062,0.0,0.0,0.0,0.36444342136383057,0.7678771018981934,9.672595977783203,-0.006299378350377083,-0.0016330196522176266,0.009678958915174007,31.696600000003627,2.166200000004892,34.06909999999641,9.06909999999641
2026-05-15T15:18:33.113+08:00,29.000042999999998,835,False,0.009576806640625,0.0143652099609375,9.811438403320311,0.0,0.0,0.0,0.3663533926010132,0.7618589401245117,9.689126968383789,-0.007862480357289314,-0.0026589278131723404,0.009573458693921566,31.67320000000018,2.3085000000051537,34.175299999994024,9.175299999994024
2026-05-15T15:18:33.147+08:00,29.034155299999995,836,False,0.01915361328125,0.009576806640625,9.811438403320311,0.0,0.0,0.0,0.3722374141216278,0.7721755504608154,9.691929817199707,-0.006993157789111137,-0.0017945538274943829,0.009506037458777428,31.57279999999929,2.272300000001337,34.04770000000212,9.047700000002123
2026-05-15T15:18:33.180+08:00,29.0680847,837,False,0.009576806640625,0.0,9.80665,0.0,0.0,0.0,0.3681010603904724,0.745551586151123,9.689151763916016,-0.005409727804362774,-0.0021004662849009037,0.009443715214729309,31.56969999999859,2.1057000000013204,33.862700000000245,8.862700000000245
2026-05-15T15:18:33.215+08:00,29.102214699999998,838,False,0.01915361328125,0.0,9.801861596679688,0.0,0.0,0.0,0.3721187710762024,0.7669656276702881,9.682086944580078,-0.0062471115961670876,-0.002179041039198637,0.00961887463927269,31.759099999995044,2.1128999999930898,34.06569999999931,9.06569999999931
2026-05-15T15:18:33.249+08:00,29.136147099999995,839,False,0.009576806640625,0.0,9.811438403320311,0.0,0.0,0.0,0.36907610297203064,0.7420046329498291,9.692846298217773,-0.006905489135533571,-0.002194787375628948,0.009445526637136936,31.596999999997877,2.0908999999988964,33.86969999999678,8.869699999996783
2026-05-15T15:18:33.283+08:00,29.170578499999998,840,False,0.0143652099609375,0.0,9.80665,0.0,0.0,0.0,0.36798545718193054,0.7599570751190186,9.688027381896973,-0.00659828819334507,-0.002244201023131609,0.009646608494222164,31.73449999999889,2.375000000000682,34.29750000000098,9.29750000000098
2026-05-15T15:18:33.317+08:00,29.2049544,841,False,0.0,0.0143652099609375,9.811438403320311,0.0,0.0,0.0,0.36142247915267944,0.743687629699707,9.694097518920898,-0.008209074847400188,-0.0025384905748069286,0.009575696662068367,31.658600000000092,2.4086999999965997,34.30689999999714,9.306899999997142
2026-05-15T15:18:33.352+08:00,29.2396452,842,False,0.009576806640625,0.0143652099609375,9.801861596679688,0.0,0.0,0.0,0.3621255159378052,0.7773146629333496,9.683083534240723,-0.007307336200028658,-0.002092758659273386,0.009700460359454155,31.73280000000034,2.6846000000020354,34.618199999997046,9.618199999997046
2026-05-15T15:18:33.386+08:00,29.273853199999998,843,False,0.0047884033203125,0.0,9.811438403320311,0.0,0.0,0.0,0.36449137330055237,0.7341582775115967,9.694535255432129,-0.005215106066316366,-0.001980933826416731,0.009013614617288113,31.692300000003115,2.262800000004006,34.147900000000675,9.147900000000675
2026-05-15T15:18:33.420+08:00,29.308163099999994,844,False,0.01915361328125,0.0,9.80665,0.0,0.0,0.0,0.37226206064224243,0.760554313659668,9.68796157836914,-0.005839613266289234,-0.001745488028973341,0.009617314673960209,31.60540000000367,2.403100000002212,34.24250000000484,9.242500000004839
2026-05-15T15:18:33.455+08:00,29.342464999999997,845,False,0.0143652099609375,0.0,9.811438403320311,0.0,0.0,0.0,0.3724571466445923,0.7308149337768555,9.696444511413574,-0.007314429618418217,-0.0022512474097311497,0.009409070014953613,31.92300000000614,2.1225999999998635,34.2301999999961,9.230199999996103
2026-05-15T15:18:33.489+08:00,29.376837899999998,846,False,0.0143652099609375,0.0047884033203125,9.801861596679688,0.0,0.0,0.0,0.3689393997192383,0.761526346206665,9.68382453918457,-0.006875712890177965,-0.0025375336408615112,0.009765335358679295,31.771100000000274,2.3305000000064524,34.30529999999976,9.305299999999761
2026-05-15T15:18:33.524+08:00,29.410800199999997,847,False,0.01915361328125,0.0143652099609375,9.801861596679688,0.0,0.0,0.0,0.37439781427383423,0.7429487705230713,9.687557220458984,-0.00827377662062645,-0.002371110487729311,0.009470469318330288,31.63990000000183,2.0621999999974605,33.88609999999659,8.886099999996588
2026-05-15T15:18:33.557+08:00,29.44547,848,False,0.0,0.0047884033203125,9.811438403320311,0.0,0.0,0.0,0.360944926738739,0.7640495300292969,9.69009780883789,-0.00612794142216444,-0.002238998655229807,0.009391807951033115,31.725600000001464,2.654900000003124,34.607000000001165,9.607000000001165
2026-05-15T15:18:33.593+08:00,29.480006699999997,849,False,0.0047884033203125,0.0,9.801861596679688,0.0,0.0,0.0,0.3597782254219055,0.7372250556945801,9.691141128540039,-0.006453435402363539,-0.0022014686837792397,0.009351196698844433,31.61559999999497,2.565199999999379,34.46170000000137,9.461700000001372
2026-05-15T15:18:33.627+08:00,29.5155119,850,False,0.0143652099609375,0.0047884033203125,9.801861596679688,0.0,0.0,0.0,0.3693000376224518,0.7597012519836426,9.681230545043945,-0.00702991196885705,-0.0018370426259934902,0.009682204574346542,31.774099999999805,3.358599999998546,35.355899999999,10.355899999998996
2026-05-15T15:18:33.662+08:00,29.54949,851,False,0.009576806640625,0.0,9.797073193359374,0.0,0.0,0.0,0.36765217781066895,0.7391951084136963,9.683637619018555,-0.0065167732536792755,-0.0019465181976556778,0.00941066537052393,31.535599999998,2.182399999995255,33.90360000000214,8.903600000002143
2026-05-15T15:18:33.696+08:00,29.584378699999995,852,False,0.0143652099609375,0.009576806640625,9.80665,0.0,0.0,0.0,0.36853304505348206,0.7647700309753418,9.685201644897461,-0.007339017931371927,-0.002640971913933754,0.009693192318081856,31.70560000000222,2.9085999999978185,34.823699999996904,9.823699999996904
2026-05-15T15:18:33.732+08:00,29.619068399999996,853,False,0.0143652099609375,0.0143652099609375,9.801861596679688,0.0,0.0,0.0,0.37082064151763916,0.7572407722473145,9.686464309692383,-0.007476159371435642,-0.0017573023214936256,0.009500994347035885,31.75619999999668,2.643599999998969,34.612499999994384,9.612499999994384
2026-05-15T15:18:33.766+08:00,29.6533388,854,False,0.0143652099609375,0.0,9.811438403320311,0.0,0.0,0.0,0.37051495909690857,0.7561829090118408,9.691543579101562,-0.005710195749998093,-0.002230977639555931,0.009340214543044567,31.642699999999024,2.273600000002318,34.14009999999479,9.140099999994789
2026-05-15T15:18:33.800+08:00,29.689091399999995,855,False,0.0047884033203125,0.0047884033203125,9.80665,0.0,0.0,0.0,0.36372846364974976,0.7443437576293945,9.69310188293457,-0.0062301573343575,-0.002252204343676567,0.009401585906744003,31.767799999997237,3.6828999999940493,35.675400000002355,10.675400000002355
2026-05-15T15:18:33.836+08:00,29.723568099999994,856,False,0.0047884033203125,0.0,9.801861596679688,0.0,0.0,0.0,0.35977935791015625,0.7547526359558105,9.685476303100586,-0.006810843013226986,-0.002308839000761509,0.009691338986158371,31.67919999999924,2.5308000000023867,34.40419999999733,9.404199999997331
2026-05-15T15:18:33.871+08:00,29.759233899999998,857,False,0.009576806640625,0.0047884033203125,9.797073193359374,0.0,0.0,0.0,0.36500078439712524,0.7502942085266113,9.680914878845215,-0.007110834587365389,-0.0019811950623989105,0.009500070475041866,31.708299999998246,3.651099999999019,35.60380000000407,10.603800000004071
2026-05-15T15:18:33.906+08:00,29.793190199999998,858,False,0.0047884033203125,0.0143652099609375,9.821015209960937,0.0,0.0,0.0,0.3640005588531494,0.7560608386993408,9.699563980102539,-0.007243058644235134,-0.002496123779565096,0.009365570731461048,31.645799999999724,2.066199999994467,33.889699999996026,8.889699999996026
2026-05-15T15:18:33.940+08:00,29.8287914,859,False,0.009576806640625,0.009576806640625,9.816226806640625,0.0,0.0,0.0,0.36382076144218445,0.7568292617797852,9.701789855957031,-0.00709211640059948,-0.0019537736661732197,0.009402998723089695,31.667599999998686,3.6272999999980016,35.52529999999621,10.525299999996207
2026-05-15T15:18:33.976+08:00,29.862807099999998,860,False,0.0143652099609375,0.009576806640625,9.811438403320311,0.0,0.0,0.0,0.37069055438041687,0.748558759689331,9.695413589477539,-0.006443123798817396,-0.002202216535806656,0.009357506409287453,31.673300000001348,2.0729000000017095,33.92639999999858,8.92639999999858
2026-05-15T15:18:34.010+08:00,29.897433799999995,861,False,0.01915361328125,0.009576806640625,9.80665,0.0,0.0,0.0,0.37438321113586426,0.756948709487915,9.689956665039062,-0.006685313303023577,-0.0020431187003850937,0.009434320963919163,31.680200000003822,2.6316000000008444,34.56440000000072,9.564400000000717
2026-05-15T15:18:34.044+08:00,29.931632299999997,862,False,0.0047884033203125,0.0,9.80665,0.0,0.0,0.0,0.36438843607902527,0.7350184917449951,9.692435264587402,-0.006032716017216444,-0.0024512512609362602,0.009270023554563522,31.743399999996313,2.1249999999994884,34.07509999999547,9.075099999995473
2026-05-15T15:18:34.078+08:00,29.965385899999994,863,False,0.0143652099609375,0.0047884033203125,9.801861596679688,0.0,0.0,0.0,0.3676983416080475,0.7542984485626221,9.685958862304688,-0.006978623569011688,-0.0022974773310124874,0.009674251079559326,31.581200000005083,1.9131000000029985,33.686099999997055,8.686099999997055
2026-05-15T15:18:34.113+08:00,29.999333799999995,864,False,0.009576806640625,0.01915361328125,9.792284790039062,0.0,0.0,0.0,0.3672485649585724,0.7506277561187744,9.677425384521484,-0.008542409166693687,-0.0019879108294844627,0.009660989046096802,31.667800000001023,1.891700000001606,33.79139999999836,8.791399999998362
2026-05-15T15:18:34.146+08:00,30.0329116,865,False,0.0143652099609375,0.0143652099609375,9.811438403320311,0.0,0.0,0.0,0.3696867823600769,0.7622816562652588,9.69073486328125,-0.006991625763475895,-0.0025999792851507664,0.009440644644200802,31.627100000001462,1.7232999999947651,33.516300000002275,8.516300000002275
2026-05-15T15:18:34.180+08:00,30.069938099999995,866,False,0.0,0.0,9.816226806640625,0.0,0.0,0.0,0.36112087965011597,0.7303485870361328,9.703020095825195,-0.004737923387438059,-0.0018899883143603802,0.00879531167447567,31.661599999999623,4.985599999997703,36.9650999999962,11.965099999996198
2026-05-15T15:18:34.217+08:00,30.106346599999995,867,False,0.009576806640625,0.0,9.797073193359374,0.0,0.0,0.0,0.3629606366157532,0.7556753158569336,9.682641983032227,-0.006581398192793131,-0.0020391340367496014,0.009945426136255264,31.95989999999682,3.9466000000061285,36.333400000003735,11.333400000003735
2026-05-15T15:18:34.253+08:00,30.1420033,868,False,0.01915361328125,0.009576806640625,9.811438403320311,0.0,0.0,0.0,0.3755031228065491,0.743079423904419,9.693744659423828,-0.007977016270160675,-0.0023369905538856983,0.009441721253097057,31.898200000000543,3.254900000001726,35.47259999999852,10.472599999998522
2026-05-15T15:18:34.289+08:00,30.177315399999998,869,False,0.0047884033203125,0.0,9.80665,0.0,0.0,0.0,0.3637334704399109,0.753420352935791,9.689329147338867,-0.006250960752367973,-0.0020909314043819904,0.009454927407205105,31.941400000000897,2.9839999999978772,35.24540000000087,10.24540000000087
2026-05-15T15:18:34.324+08:00,30.213040799999995,870,False,0.009576806640625,0.023942016601562498,9.811438403320311,0.0,0.0,0.0,0.3648272156715393,0.7505829334259033,9.695451736450195,-0.009116258472204208,-0.0030292347073554993,0.009839254431426525,31.643199999997762,3.8245000000003415,35.66059999999993,10.660599999999931
2026-05-15T15:18:34.360+08:00,30.2476172,871,False,0.0143652099609375,0.0143652099609375,9.801861596679688,0.0,0.0,0.0,0.3682975769042969,0.7805438041687012,9.683415412902832,-0.007169151678681374,-0.00154106505215168,0.009663507342338562,31.769499999995787,2.4130999999982805,34.511500000000694,9.511500000000694
2026-05-15T15:18:34.394+08:00,30.2816082,872,False,0.0,0.0,9.801861596679688,0.0,0.0,0.0,0.3609309792518616,0.7449119091033936,9.684606552124023,-0.004843035712838173,-0.0020801788195967674,0.009317034855484962,31.6213999999988,2.071899999997129,33.92149999999816,8.921499999998161
2026-05-15T15:18:34.428+08:00,30.316223799999996,873,False,0.0047884033203125,0.0047884033203125,9.811438403320311,0.0,0.0,0.0,0.3601033389568329,0.7615377902984619,9.69137954711914,-0.006227930076420307,-0.0023087519221007824,0.009405160322785378,31.80139999999909,2.5045000000005757,34.550400000000536,9.550400000000536
2026-05-15T15:18:34.463+08:00,30.350587599999997,874,False,0.009576806640625,0.0,9.801861596679688,0.0,0.0,0.0,0.36502960324287415,0.749779462814331,9.686613082885742,-0.0069905961863696575,-0.0014845002442598343,0.009661576710641384,31.65130000000005,2.3860000000013315,34.29880000000196,9.298800000001961
2026-05-15T15:18:34.497+08:00,30.385041899999997,875,False,0.009576806640625,0.009576806640625,9.80665,0.0,0.0,0.0,0.36567267775535583,0.7721383571624756,9.683473587036133,-0.006934712175279856,-0.00231177918612957,0.009689073078334332,31.69049999999629,2.4857999999952085,34.389599999997245,9.389599999997245
2026-05-15T15:18:34.532+08:00,30.4190368,876,False,0.0143652099609375,0.0143652099609375,9.797073193359374,0.0,0.0,0.0,0.368649423122406,0.767484188079834,9.680462837219238,-0.007237600162625313,-0.0019113719463348389,0.009553545154631138,31.689899999996385,2.058900000001529,33.93080000000026,8.93080000000026
2026-05-15T15:18:34.566+08:00,30.453117199999994,877,False,0.0047884033203125,0.0047884033203125,9.797073193359374,0.0,0.0,0.0,0.36205288767814636,0.7666897773742676,9.6760892868042,-0.0060519748367369175,-0.0020901309326291084,0.009666934609413147,31.648599999996918,2.1978999999987536,34.02140000000031,9.021400000000313
2026-05-15T15:18:34.600+08:00,30.487170399999997,878,False,0.01915361328125,0.0143652099609375,9.801861596679688,0.0,0.0,0.0,0.37188920378685,0.7714531421661377,9.681851387023926,-0.007003456819802523,-0.002154925838112831,0.009469462558627129,31.701900000001615,2.124500000000751,33.994899999996164,8.994899999996164
2026-05-15T15:18:34.634+08:00,30.521509199999997,879,False,0.0143652099609375,0.0047884033203125,9.797073193359374,0.0,0.0,0.0,0.36979302763938904,0.7768449783325195,9.676107406616211,-0.00636435067281127,-0.0017406162805855274,0.009603808633983135,32.032899999997255,1.9705999999999335,34.274799999998606,9.274799999998606
2026-05-15T15:18:34.668+08:00,30.5556317,880,False,0.0,0.0,9.797073193359374,0.0,0.0,0.0,0.35804784297943115,0.7593073844909668,9.677054405212402,-0.005674999672919512,-0.0027895085513591766,0.009750114753842354,31.732500000003938,2.0705000000020846,33.988399999998364,8.988399999998364
2026-05-15T15:18:34.702+08:00,30.5895425,881,False,0.0143652099609375,0.01915361328125,9.811438403320311,0.0,0.0,0.0,0.36689168214797974,0.7767887115478516,9.688162803649902,-0.00851823203265667,-0.0024180011823773384,0.00967399962246418,31.76099999999593,1.9198999999971988,33.851800000000765,8.851800000000765
2026-05-15T15:18:34.736+08:00,30.623452799999995,882,False,0.009576806640625,0.009576806640625,9.80665,0.0,0.0,0.0,0.36535733938217163,0.7844891548156738,9.684992790222168,-0.007329697720706463,-0.0015492253005504608,0.009809806942939758,31.603599999996845,2.0662000000015723,33.8463999999945,8.846399999994503
2026-05-15T15:18:34.771+08:00,30.657827399999995,883,False,0.0143652099609375,0.009576806640625,9.797073193359374,0.0,0.0,0.0,0.36818280816078186,0.7810568809509277,9.675731658935547,-0.00600162660703063,-0.0022526397369802,0.009623246267437935,31.692800000001853,2.3802000000046064,34.31139999999999,9.311399999999992
2026-05-15T15:18:34.805+08:00,30.696200499999996,884,False,0.009576806640625,0.0047884033203125,9.797073193359374,0.0,0.0,0.0,0.366220086812973,0.771613359451294,9.675400733947754,-0.005731205455958843,-0.0018174336291849613,0.00951316487044096,31.929099999999266,6.0404000000033875,38.30989999999446,13.309899999994457
2026-05-15T15:18:34.843+08:00,30.731943199999996,885,False,0.01915361328125,0.0,9.80665,0.0,0.0,0.0,0.37268128991127014,0.7678923606872559,9.682682037353516,-0.005997571162879467,-0.0019971150904893875,0.009543758817017078,31.93679999999688,3.390699999997082,35.678799999999455,10.678799999999455
2026-05-15T15:18:34.878+08:00,30.765692099999995,886,False,0.009576806640625,0.0047884033203125,9.797073193359374,0.0,0.0,0.0,0.36683371663093567,0.7770073413848877,9.676920890808105,-0.006383519619703293,-0.001822583843022585,0.009577522054314613,31.658900000003598,1.8634999999989077,33.68740000000514,8.687400000005141
2026-05-15T15:18:34.913+08:00,30.799512,887,False,0.0143652099609375,0.009576806640625,9.801861596679688,0.0,0.0,0.0,0.36717453598976135,0.7847802639007568,9.676762580871582,-0.007222692482173443,-0.0024066222831606865,0.009903088212013245,31.53209999999973,2.0588999999944235,33.75810000000001,8.758100000000013
2026-05-15T15:18:34.946+08:00,30.8337947,888,False,0.009576806640625,0.0143652099609375,9.811438403320311,0.0,0.0,0.0,0.36602583527565,0.7766375541687012,9.68716049194336,-0.006906467489898205,-0.0019708597101271152,0.009340522810816765,31.668200000005697,2.3857999999989943,34.22040000000237,9.220400000002371
2026-05-15T15:18:34.981+08:00,30.871551999999994,889,False,0.0047884033203125,0.0143652099609375,9.801861596679688,0.0,0.0,0.0,0.36065950989723206,0.7754325866699219,9.68323040008545,-0.006507864687591791,-0.0021907505579292774,0.009631730616092682,31.79099999999835,5.614600000001246,37.69570000000044,12.695700000000443
2026-05-15T15:18:35.018+08:00,30.9064548,890,False,0.0047884033203125,0.0047884033203125,9.801861596679688,0.0,0.0,0.0,0.3594205379486084,0.7729721069335938,9.679668426513672,-0.005670030601322651,-0.002073253970593214,0.009447778575122356,31.74439999999379,2.809300000002679,34.837299999999516,9.837299999999516
2026-05-15T15:18:35.053+08:00,30.945382099999996,891,False,0.009576806640625,0.0,9.797073193359374,0.0,0.0,0.0,0.3643045425415039,0.7703800201416016,9.67546272277832,-0.005201459862291813,-0.0016474262811243534,0.009300660341978073,31.853999999995608,6.645999999996377,38.862899999998035,13.862899999998035
2026-05-15T15:18:35.092+08:00,30.9838856,892,False,0.01915361328125,0.0047884033203125,9.801861596679688,0.0,0.0,0.0,0.37269648909568787,0.7638309001922607,9.679800033569336,-0.0069220829755067825,-0.002157466020435095,0.009604969061911106,31.887399999995125,6.202799999996955,38.442500000002156,13.442500000002156
2026-05-15T15:18:35.131+08:00,31.0230782,893,False,0.0,0.0047884033203125,9.80665,0.0,0.0,0.0,0.36090484261512756,0.7599561214447021,9.685489654541016,-0.006624589208513498,-0.0025860252790153027,0.009550473652780056,32.03969999999856,6.694699999997056,39.13440000000179,14.13440000000179
2026-05-15T15:18:35.170+08:00,31.060704599999994,894,False,0.009576806640625,0.009576806640625,9.797073193359374,0.0,0.0,0.0,0.36113762855529785,0.7732272148132324,9.678155899047852,-0.0071905991062521935,-0.0024506421759724617,0.009747778996825218,31.906100000000492,5.343799999998566,37.55710000000079,12.557100000000787
2026-05-15T15:18:35.207+08:00,31.0952889,895,False,0.009576806640625,0.009576806640625,9.797073193359374,0.0,0.0,0.0,0.3653491735458374,0.7730777263641357,9.674421310424805,-0.006686008535325527,-0.0018126489594578743,0.00953524000942707,31.664100000000417,2.5721000000018535,34.5245000000034,9.5245000000034
2026-05-15T15:18:35.243+08:00,31.135247399999997,896,False,0.0143652099609375,0.0,9.797073193359374,0.0,0.0,0.0,0.36891257762908936,0.764338493347168,9.676202774047852,-0.0052650682628154755,-0.0019495459273457527,0.00935251172631979,31.855399999997758,7.6309000000023275,39.87610000000075,14.876100000000747
2026-05-15T15:18:35.282+08:00,31.171282299999994,897,False,0.0047884033203125,0.0,9.797073193359374,0.0,0.0,0.0,0.3624041676521301,0.7535388469696045,9.678216934204102,-0.005896514281630516,-0.0022779726423323154,0.00955544039607048,31.91269999999946,3.7232999999972094,35.96870000000507,10.968700000005072
2026-05-15T15:18:35.318+08:00,31.204964599999997,898,False,0.01915361328125,-0.0047884033203125,9.80665,0.0,0.0,0.0,0.3717367947101593,0.7604076862335205,9.683595657348633,-0.005888146348297596,-0.002158910036087036,0.009595281444489956,31.62890000000118,1.7846000000005802,33.613799999997696,8.613799999997696
2026-05-15T15:18:35.352+08:00,31.239790199999995,899,False,0.0143652099609375,0.0047884033203125,9.80665,0.0,0.0,0.0,0.3713761270046234,0.7686138153076172,9.6845121383667,-0.007056109141558409,-0.0018119355663657188,0.009475735947489738,31.621099999995295,2.9415999999997666,34.76289999999693,9.762899999996932
2026-05-15T15:18:35.387+08:00,31.2735943,900,False,0.01915361328125,0.0143652099609375,9.797073193359374,0.0,0.0,0.0,0.3723847270011902,0.771369218826294,9.677791595458984,-0.007640090771019459,-0.002527407370507717,0.009909207932651043,31.582999999997696,1.967300000004002,33.732700000001614,8.732700000001614
2026-05-15T15:18:35.420+08:00,31.308362499999994,901,False,0.0,0.0047884033203125,9.801861596679688,0.0,0.0,0.0,0.35993415117263794,0.7575795650482178,9.682062149047852,-0.0063904584385454655,-0.002284897491335869,0.009431509301066399,31.835200000003283,2.5893999999979656,34.704200000000185,9.704200000000185
2026-05-15T15:18:35.455+08:00,31.3432484,902,False,0.0143652099609375,0.0143652099609375,9.792284790039062,0.0,0.0,0.0,0.366290807723999,0.7777469158172607,9.672819137573242,-0.007019484415650368,-0.00192215945571661,0.009701481088995934,31.824200000002634,2.66340000000298,34.82249999999709,9.822499999997092
2026-05-15T15:18:35.491+08:00,31.377849399999995,903,False,0.0047884033203125,0.0,9.801861596679688,0.0,0.0,0.0,0.3626379668712616,0.7698652744293213,9.678316116333008,-0.0057140192948281765,-0.001920976210385561,0.009488592855632305,31.733699999996645,2.6049000000014644,34.53899999999521,9.538999999995212
2026-05-15T15:18:35.525+08:00,31.412898899999995,904,False,0.0047884033203125,0.0047884033203125,9.797073193359374,0.0,0.0,0.0,0.35972970724105835,0.7709860801696777,9.676532745361328,-0.006216524168848991,-0.0023521105758845806,0.009742680005729198,31.902200000004655,2.78700000000498,34.98779999999613,9.987799999996128
2026-05-15T15:18:35.560+08:00,31.448758399999996,905,False,0.01915361328125,0.0047884033203125,9.797073193359374,0.0,0.0,0.0,0.3716472387313843,0.7613561153411865,9.678430557250977,-0.007278319448232651,-0.0019761142320930958,0.009641138836741447,31.89869999999928,3.5136000000051126,35.793599999998094,10.793599999998094
2026-05-15T15:18:35.596+08:00,31.4826171,906,False,0.009576806640625,0.009576806640625,9.80665,0.0,0.0,0.0,0.36900484561920166,0.7839274406433105,9.67978286743164,-0.006393522024154663,-0.0019457354210317135,0.009648559615015984,31.60540000000367,2.012200000002906,33.78620000000154,8.786200000001543
2026-05-15T15:18:35.630+08:00,31.519931399999997,907,False,0.0143652099609375,0.009576806640625,9.80665,0.0,0.0,0.0,0.36725708842277527,0.7797441482543945,9.686091423034668,-0.00665280781686306,-0.0023390785790979862,0.009472973644733429,31.653500000004442,5.278899999993314,37.247499999999434,12.247499999999434
2026-05-15T15:18:35.666+08:00,31.558738999999996,908,False,0.009576806640625,0.0,9.80665,0.0,0.0,0.0,0.36600854992866516,0.7748372554779053,9.683395385742188,-0.0053645032458007336,-0.0017048786394298077,0.009542003273963928,31.850599999998508,6.4558000000047855,38.674300000003825,13.674300000003825
2026-05-15T15:18:35.705+08:00,31.599598399999998,909,False,0.009576806640625,0.0,9.80665,0.0,0.0,0.0,0.3656984567642212,0.7579569816589355,9.68787956237793,-0.005931285675615072,-0.0021674009039998055,0.00947119016200304,32.05700000000178,8.313499999999863,40.77099999999945,15.770999999999447
2026-05-15T15:18:35.747+08:00,31.638691899999998,910,False,0.0,0.0047884033203125,9.801861596679688,0.0,0.0,0.0,0.35653677582740784,0.7783961296081543,9.680770874023438,-0.007018570322543383,-0.0020676166750490665,0.009652245789766312,31.74059999999912,6.8562999999954855,39.01210000000077,14.012100000000771
2026-05-15T15:18:35.785+08:00,31.678851199999997,911,False,0.009576806640625,0.009576806640625,9.80665,0.0,0.0,0.0,0.36302563548088074,0.7731516361236572,9.684181213378906,-0.007295260671526194,-0.0023335632868111134,0.009756703861057758,31.7706999999956,7.858699999999885,40.009500000003584,15.009500000003584
2026-05-15T15:18:35.826+08:00,31.713193999999994,912,False,0.009576806640625,0.009576806640625,9.801861596679688,0.0,0.0,0.0,0.36483675241470337,0.7776603698730469,9.68022632598877,-0.0065355426631867886,-0.0016684792935848236,0.009336983785033226,31.90969999999993,2.037999999998874,34.16899999999856,9.168999999998562
2026-05-15T15:18:35.860+08:00,31.7495021,913,False,0.01915361328125,0.0,9.801861596679688,0.0,0.0,0.0,0.3731006681919098,0.7598536014556885,9.68271255493164,-0.005620209965854883,-0.0021167690865695477,0.009538751095533371,31.70809999999591,4.276199999999619,36.24450000000223,11.244500000002233
2026-05-15T15:18:35.896+08:00,31.7887712,914,False,0.0143652099609375,0.0,9.80665,0.0,0.0,0.0,0.3705052435398102,0.7692389488220215,9.683557510375977,-0.0056915548630058765,-0.0020481296814978123,0.00941147655248642,32.08850000000041,6.517100000003495,39.136800000001415,14.136800000001415
2026-05-15T15:18:35.936+08:00,31.825405099999998,915,False,0.0143652099609375,0.0047884033203125,9.811438403320311,0.0,0.0,0.0,0.36935245990753174,0.762535810470581,9.690973281860352,-0.007009712979197502,-0.0024607861414551735,0.00968883465975523,32.15429999999486,3.868199999999433,36.43160000000023,11.43160000000023
2026-05-15T15:18:35.973+08:00,31.8635722,916,False,0.0143652099609375,0.0,9.801861596679688,0.0,0.0,0.0,0.36849474906921387,0.7642350196838379,9.683269500732422,-0.006504375953227282,-0.002047816291451454,0.00960238091647625,32.05369999999874,5.608000000002278,38.10969999999969,13.109699999999691
2026-05-15T15:18:36.011+08:00,31.911164799999995,917,False,0.009576806640625,0.0047884033203125,9.797073193359374,0.0,0.0,0.0,0.3663480877876282,0.7580125331878662,9.678797721862793,-0.0066621024161577225,-0.0023198528215289116,0.009743211790919304,31.914500000006285,15.057299999995166,47.483700000000795,22.483700000000795
2026-05-15T15:18:36.058+08:00,31.9461996,918,False,0.0143652099609375,0.009576806640625,9.797073193359374,0.0,0.0,0.0,0.367966890335083,0.7709102630615234,9.676575660705566,-0.007232798263430595,-0.0021493579261004925,0.009535365737974644,31.7799999999977,2.9243999999977177,34.937400000004004,9.937400000004004
2026-05-15T15:18:36.093+08:00,31.9853252,919,False,0.009576806640625,0.0,9.80665,0.0,0.0,0.0,0.367238849401474,0.7498111724853516,9.686779022216797,-0.005738092586398125,-0.00210878299549222,0.009338857606053352,31.68030000000499,6.881399999997484,39.05209999999926,14.052099999999257
2026-05-15T15:18:36.132+08:00,32.0206175,920,False,0.009576806640625,0.0,9.80665,0.0,0.0,0.0,0.36501190066337585,0.7582433223724365,9.687271118164062,-0.0058647939004004,-0.002130497246980667,0.009445274248719215,31.709700000000396,3.178900000001761,35.09770000000145,10.097700000001453
2026-05-15T15:18:36.168+08:00,32.055256199999995,921,False,0.009576806640625,0.0047884033203125,9.80665,0.0,0.0,0.0,0.36568525433540344,0.7512650489807129,9.689557075500488,-0.0072731440886855125,-0.0021995720453560352,0.00962647795677185,31.778600000002655,2.5187000000030935,34.5561000000032,9.556100000003198
2026-05-15T15:18:36.202+08:00,32.0904028,922,False,0.009576806640625,0.009576806640625,9.801861596679688,0.0,0.0,0.0,0.36500096321105957,0.7646169662475586,9.682143211364746,-0.007124699652194977,-0.002143755555152893,0.009657268412411213,31.74709999999692,3.1080999999986147,35.08060000000057,10.080600000000572
2026-05-15T15:18:36.237+08:00,32.124522799999994,923,False,0.0143652099609375,0.0047884033203125,9.801861596679688,0.0,0.0,0.0,0.36970898509025574,0.7468018531799316,9.685958862304688,-0.0064150081016123295,-0.00221345666795969,0.009315496310591698,31.737500000005525,2.1148000000010825,34.053700000001186,9.053700000001186
2026-05-15T15:18:36.270+08:00,32.159259199999994,924,False,0.009576806640625,0.0,9.80665,0.0,0.0,0.0,0.36710232496261597,0.753049373626709,9.686277389526367,-0.005544706713408232,-0.0020385426469147205,0.009373132139444351,31.692599999999516,2.686599999996986,34.68039999999917,9.680399999999167
2026-05-15T15:18:36.306+08:00,32.1931741,925,False,0.009576806640625,0.0,9.797073193359374,0.0,0.0,0.0,0.36485812067985535,0.7457797527313232,9.683138847351074,-0.006530663929879665,-0.0022444273345172405,0.00957166776061058,31.601200000004326,2.026499999999487,33.833900000004746,8.833900000004746
2026-05-15T15:18:36.340+08:00,32.228224,926,False,0.009576806640625,0.0,9.801861596679688,0.0,0.0,0.0,0.36562103033065796,0.7485573291778564,9.683130264282227,-0.0066849784925580025,-0.0023268992081284523,0.00950221810489893,31.743099999999913,2.8615000000016266,34.989599999995846,9.989599999995846
2026-05-15T15:18:36.375+08:00,32.263667999999996,927,False,0.009576806640625,0.0047884033203125,9.80665,0.0,0.0,0.0,0.3664669096469879,0.7431309223175049,9.690618515014648,-0.006979434750974178,-0.002211960032582283,0.00936741754412651,32.0847999999998,2.867500000000689,35.38250000000431,10.382500000004313
2026-05-15T15:18:36.410+08:00,32.2988035,928,False,0.009576806640625,0.0047884033203125,9.801861596679688,0.0,0.0,0.0,0.3649970591068268,0.7540080547332764,9.685324668884277,-0.006926910951733589,-0.0021699238568544388,0.009505043737590313,31.881099999999662,2.847699999996678,35.07460000000151,10.07460000000151
2026-05-15T15:18:36.445+08:00,32.3343255,929,False,0.0143652099609375,0.0143652099609375,9.811438403320311,0.0,0.0,0.0,0.3705251216888428,0.7517006397247314,9.693704605102539,-0.007619003765285015,-0.0024299719370901585,0.009480737149715424,31.896500000001993,3.0321999999998184,35.461799999993104,10.461799999993104
2026-05-15T15:18:36.481+08:00,32.3699328,930,False,0.0143652099609375,0.009576806640625,9.811438403320311,0.0,0.0,0.0,0.37072423100471497,0.752953052520752,9.695730209350586,-0.0066729034297168255,-0.002058029640465975,0.009232672862708569,31.972199999998452,3.08620000000559,35.54219999999475,10.54219999999475
2026-05-15T15:18:36.516+08:00,32.4045608,931,False,0.0143652099609375,0.0047884033203125,9.797073193359374,0.0,0.0,0.0,0.3704657554626465,0.7415547370910645,9.684886932373047,-0.0063871112652122974,-0.002163294702768326,0.009552082978188992,31.59949999999867,2.6822999999964736,34.5690999999988,9.569099999998798
2026-05-15T15:18:36.552+08:00,32.439850799999995,932,False,0.0143652099609375,0.009576806640625,9.80665,0.0,0.0,0.0,0.37106436491012573,0.751317024230957,9.6879243850708,-0.00685120141133666,-0.0024903123266994953,0.009390303865075111,31.95150000000524,2.9054999999971187,35.22490000000289,10.22490000000289
2026-05-15T15:18:36.587+08:00,32.4756722,933,False,0.01915361328125,0.0,9.80665,0.0,0.0,0.0,0.37411215901374817,0.7442033290863037,9.692333221435547,-0.006231972482055426,-0.0019629085436463356,0.009230902418494225,31.58340000000237,3.912499999998431,35.75140000000232,10.75140000000232
2026-05-15T15:18:36.622+08:00,32.509741999999996,934,False,0.009576806640625,0.0047884033203125,9.80665,0.0,0.0,0.0,0.3686370849609375,0.7409312725067139,9.691454887390137,-0.006793000269681215,-0.0025003342889249325,0.009533869102597237,31.656800000000374,2.1350999999967257,33.968199999996784,8.968199999996784
2026-05-15T15:18:36.656+08:00,32.5451366,935,False,0.009576806640625,0.0047884033203125,9.801861596679688,0.0,0.0,0.0,0.36535516381263733,0.7422797679901123,9.689465522766113,-0.006992166396230459,-0.0023544249124825,0.009488802403211594,31.684300000001997,3.388600000000963,35.332100000005084,10.332100000005084
2026-05-15T15:18:36.692+08:00,32.579090799999996,936,False,0.0143652099609375,0.009576806640625,9.80665,0.0,0.0,0.0,0.37013256549835205,0.7482788562774658,9.68971061706543,-0.007589768152683973,-0.0021982495673000813,0.009456808678805828,31.688800000004846,2.025199999998506,33.886699999996495,8.886699999996495
2026-05-15T15:18:36.726+08:00,32.6132262,937,False,0.0047884033203125,0.009576806640625,9.801861596679688,0.0,0.0,0.0,0.36413082480430603,0.7435662746429443,9.68942642211914,-0.006580715999007225,-0.00210878299549222,0.009245130233466625,31.688299999999003,2.211699999996597,34.07760000000337,9.077600000003372
2026-05-15T15:18:36.760+08:00,32.647071999999994,938,False,0.0143652099609375,0.0,9.801861596679688,0.0,0.0,0.0,0.36847740411758423,0.7404584884643555,9.68777847290039,-0.006330673582851887,-0.002253318205475807,0.009426997974514961,31.504699999999275,2.100099999999827,33.78460000000416,8.784600000004161
2026-05-15T15:18:36.794+08:00,32.6810317,939,False,0.0143652099609375,0.0047884033203125,9.801861596679688,0.0,0.0,0.0,0.37221387028694153,0.7389209270477295,9.687202453613281,-0.006581076420843601,-0.0018667257390916348,0.00929164420813322,31.637400000001037,2.078400000002034,33.90230000000116,8.902300000001162
2026-05-15T15:18:36.828+08:00,32.7153089,940,False,0.009576806640625,0.0047884033203125,9.80665,0.0,0.0,0.0,0.3667815327644348,0.7421212196350098,9.692190170288086,-0.007035396061837673,-0.002458228264003992,0.009431704878807068,31.689000000000078,2.2625000000005002,34.21949999999896,9.219499999998959
2026-05-15T15:18:36.862+08:00,32.7491067,941,False,0.0047884033203125,0.009576806640625,9.801861596679688,0.0,0.0,0.0,0.3618890345096588,0.740727424621582,9.689591407775879,-0.007347398437559605,-0.0024216552264988422,0.009480031207203865,31.629799999997488,1.920099999999536,33.72490000000283,8.724900000002833
2026-05-15T15:18:36.896+08:00,32.7835239,942,False,0.0047884033203125,0.0047884033203125,9.80665,0.0,0.0,0.0,0.36226779222488403,0.7385070323944092,9.693134307861328,-0.006410785485059023,-0.002243157010525465,0.00924410205334425,31.73129999999702,2.3773999999932016,34.3537999999981,9.353799999998103
2026-05-15T15:18:36.930+08:00,32.817571099999995,943,False,0.0143652099609375,0.0047884033203125,9.80665,0.0,0.0,0.0,0.3695202171802521,0.74151611328125,9.692462921142578,-0.006706619169563055,-0.0019242819398641586,0.009187955409288406,31.677399999999523,2.1391000000008376,33.98609999999991,8.986099999999908
2026-05-15T15:18:36.965+08:00,32.852707699999996,944,False,0.0047884033203125,0.0,9.801861596679688,0.0,0.0,0.0,0.3644406795501709,0.7315196990966797,9.690579414367676,-0.006168595980852842,-0.002158492337912321,0.009287768974900246,31.88169999999957,2.906299999999362,35.005099999999345,10.005099999999345
2026-05-15T15:18:36.999+08:00,32.886437099999995,945,False,0.009576806640625,0.0,9.801861596679688,0.0,0.0,0.0,0.36484935879707336,0.7352898120880127,9.688692092895508,-0.006891843397170305,-0.0024616210721433163,0.009526790119707584,31.59610000000157,1.9136999999957993,33.671000000005336,8.671000000005336
2026-05-15T15:18:37.033+08:00,32.9246501,946,False,0.009576806640625,0.0,9.801861596679688,0.0,0.0,0.0,0.3671736717224121,0.7273988723754883,9.690011978149414,-0.006846657022833824,-0.0019878936000168324,0.009190753102302551,31.82000000000329,5.978200000001266,38.15739999999579,13.15739999999579
2026-05-15T15:18:37.072+08:00,32.965824399999995,947,False,0.01915361328125,0.0047884033203125,9.801861596679688,0.0,0.0,0.0,0.3733264207839966,0.7491564750671387,9.686176300048828,-0.007333971560001373,-0.0021979017183184624,0.009539464488625526,32.01580000000348,8.601699999999823,41.05729999999852,16.05729999999852
2026-05-15T15:18:37.113+08:00,33.0048878,948,False,0.009576806640625,0.0047884033203125,9.801861596679688,0.0,0.0,0.0,0.3687278926372528,0.7309060096740723,9.69024658203125,-0.006876884028315544,-0.002249542623758316,0.00922509003430605,31.846100000002764,6.729100000001154,38.950499999998556,13.950499999998556
2026-05-15T15:18:37.152+08:00,33.039146099999996,949,False,0.0047884033203125,0.009576806640625,9.801861596679688,0.0,0.0,0.0,0.36163169145584106,0.742816686630249,9.688196182250977,-0.007314892951399088,-0.0026798415929079056,0.009553789161145687,31.66810000000453,2.2371999999961645,34.12439999999606,9.124399999996058
2026-05-15T15:18:37.186+08:00,33.073336899999994,950,False,0.0143652099609375,0.0,9.801861596679688,0.0,0.0,0.0,0.3694653809070587,0.7285590171813965,9.691485404968262,-0.0063745854422450066,-0.002018203027546406,0.009100774303078651,31.64760000000655,2.3032000000000608,34.13060000000456,9.130600000004563
2026-05-15T15:18:37.220+08:00,33.1083521,951,False,0.009576806640625,0.0,9.801861596679688,0.0,0.0,0.0,0.36774078011512756,0.7467184066772461,9.685301780700684,-0.0059535568580031395,-0.0019359742291271687,0.00939904060214758,31.768800000001818,2.9730999999983965,34.94289999999722,9.942899999997223
2026-05-15T15:18:37.256+08:00,33.1464839,952,False,0.0143652099609375,0.0143652099609375,9.811438403320311,0.0,0.0,0.0,0.3703326880931854,0.7370569705963135,9.698230743408203,-0.008226839825510979,-0.002657344564795494,0.009392059408128262,31.876700000005087,5.5838999999977545,38.03529999999711,13.035299999997108
2026-05-15T15:18:37.293+08:00,33.1837575,953,False,0.0143652099609375,0.0047884033203125,9.80665,0.0,0.0,0.0,0.370382696390152,0.7451810836791992,9.69333267211914,-0.007002091966569424,-0.0019090925343334675,0.009444351308047771,31.962000000000046,4.839499999995667,37.15719999999578,12.157199999995782
2026-05-15T15:18:37.330+08:00,33.2268188,954,False,0.009576806640625,0.0047884033203125,9.80665,0.0,0.0,0.0,0.36827048659324646,0.7315127849578857,9.694121360778809,-0.0063508981838822365,-0.002337565179914236,0.009342271834611893,31.885400000000175,10.410999999997728,42.98390000000296,17.98390000000296
2026-05-15T15:18:37.374+08:00,33.267744799999996,955,False,0.009576806640625,0.0047884033203125,9.80665,0.0,0.0,0.0,0.3653503954410553,0.7558102607727051,9.690536499023438,-0.006735378410667181,-0.002168497070670128,0.009422353468835354,32.030900000002305,7.699399999999912,40.4083999999969,15.408399999996902
2026-05-15T15:18:37.415+08:00,33.306097699999995,956,False,0.009576806640625,0.0047884033203125,9.80665,0.0,0.0,0.0,0.3669300377368927,0.7312860488891602,9.694334030151367,-0.007178794126957655,-0.0021407976746559143,0.009365983307361603,31.79030000000438,5.958199999994918,38.18190000000499,13.181900000004987
2026-05-15T15:18:37.453+08:00,33.3529524,957,False,0.009576806640625,0.009576806640625,9.811438403320311,0.0,0.0,0.0,0.3667246103286743,0.7442715167999268,9.695878982543945,-0.006971015594899654,-0.0022441488690674305,0.00925188697874546,32.11500000000456,13.809100000003127,46.70939999999746,21.70939999999746
2026-05-15T15:18:37.500+08:00,33.3910828,958,False,0.0,-0.009576806640625,9.80665,0.0,0.0,0.0,0.3587624430656433,0.7265799045562744,9.696405410766602,-0.005581113044172525,-0.0019220029935240746,0.009227391332387924,31.751800000002106,5.666700000006131,37.833499999997855,12.833499999997855
2026-05-15T15:18:37.538+08:00,33.432117999999996,959,False,0.0143652099609375,0.01915361328125,9.801861596679688,0.0,0.0,0.0,0.3675755262374878,0.7700605392456055,9.682249069213867,-0.009267895482480526,-0.002211994957178831,0.010080884210765362,32.00029999999998,8.454099999994469,40.88220000000575,15.882200000005753
2026-05-15T15:18:37.579+08:00,33.4675711,960,False,0.01915361328125,0.009576806640625,9.811438403320311,0.0,0.0,0.0,0.3750729560852051,0.7486793994903564,9.696897506713867,-0.008048400282859802,-0.002064067404717207,0.009487690404057503,31.674700000003497,3.308699999998055,35.22689999999784,10.22689999999784
2026-05-15T15:18:37.614+08:00,33.5063714,961,False,0.0047884033203125,-0.0047884033203125,9.797073193359374,0.0,0.0,0.0,0.36326393485069275,0.7493495941162109,9.681533813476562,-0.005012412555515766,-0.002254849299788475,0.009645964950323105,31.83450000000221,6.462200000001417,38.698300000000074,13.698300000000074
2026-05-15T15:18:37.653+08:00,33.550110399999994,962,False,0.0047884033203125,0.009576806640625,9.801861596679688,0.0,0.0,0.0,0.36100780963897705,0.7504444122314453,9.686460494995117,-0.007949145510792732,-0.0027619660831987858,0.009706027805805206,32.44709999999884,10.502999999999929,43.604699999995944,18.604699999995944
2026-05-15T15:18:37.697+08:00,33.5858424,963,False,0.0143652099609375,0.0,9.792284790039062,0.0,0.0,0.0,0.3667491674423218,0.7794506549835205,9.672721862792969,-0.0067015341483056545,-0.0013402262702584267,0.009762761183083057,32.14439999999996,2.9199000000019737,35.561000000001286,10.561000000001286
2026-05-15T15:18:37.733+08:00,33.627004799999995,964,False,0.009576806640625,0.01915361328125,9.797073193359374,0.0,0.0,0.0,0.3685494363307953,0.7659504413604736,9.676342010498047,-0.007673664949834347,-0.0023335455916821957,0.009803707711398602,31.808300000001566,8.842100000002517,41.068899999999076,16.068899999999076
2026-05-15T15:18:37.774+08:00,33.664221899999994,965,False,0.0143652099609375,0.0,9.811438403320311,0.0,0.0,0.0,0.36879125237464905,0.7720355987548828,9.690357208251953,-0.0057039265520870686,-0.001990955788642168,0.009408384561538696,31.689399999997647,5.0941000000008785,37.096800000000485,12.096800000000485
2026-05-15T15:18:37.811+08:00,33.7057857,966,False,0.0,0.0,9.801861596679688,0.0,0.0,0.0,0.360181599855423,0.7593257427215576,9.683691024780273,-0.005739070940762758,-0.0018640286289155483,0.00971117615699768,32.157900000001405,8.576000000005024,41.349300000000255,16.349300000000255
2026-05-15T15:18:37.853+08:00,33.743078399999995,967,False,0.023942016601562498,0.009576806640625,9.811438403320311,0.0,0.0,0.0,0.37418538331985474,0.789409875869751,9.688451766967773,-0.007399716414511204,-0.002255232073366642,0.00959363766014576,31.802100000000166,5.128400000003808,37.19300000000203,12.19300000000203
2026-05-15T15:18:37.890+08:00,33.786832,968,False,0.0,-0.0143652099609375,9.80665,0.0,0.0,0.0,0.36124175786972046,0.769331693649292,9.684486389160156,-0.005293776281177998,-0.001685773953795433,0.009456668980419636,32.09650000000153,10.947499999993227,43.68389999999778,18.683899999997777
2026-05-15T15:18:37.934+08:00,33.821215099999996,969,False,0.023942016601562498,0.0143652099609375,9.797073193359374,0.0,0.0,0.0,0.37261962890625,0.7900152206420898,9.674074172973633,-0.009108714759349823,-0.0025904099456965923,0.010392642579972744,31.803899999999885,2.0671999999990476,34.16339999999707,9.163399999997068
2026-05-15T15:18:37.968+08:00,33.8547764,970,False,0.009576806640625,0.0,9.801861596679688,0.0,0.0,0.0,0.36693575978279114,0.7935545444488525,9.676443099975586,-0.0073641082271933556,-0.00147587014362216,0.009792698547244072,31.53689999999898,1.800500000001648,33.49810000000275,8.49810000000275
2026-05-15T15:18:38.002+08:00,33.8900845,971,False,0.0143652099609375,0.0047884033203125,9.80665,0.0,0.0,0.0,0.36757639050483704,0.801121711730957,9.679445266723633,-0.006034852936863899,-0.0023731286637485027,0.009826790541410446,31.65149999999528,3.330200000000616,35.251000000002364,10.251000000002364
2026-05-15T15:18:38.036+08:00,33.9293139,972,False,0.009576806640625,0.009576806640625,9.801861596679688,0.0,0.0,0.0,0.3645419180393219,0.8025405406951904,9.677589416503906,-0.006981648970395327,-0.0013736500404775143,0.009481093846261501,31.73280000000034,6.930199999999331,39.14909999999594,14.14909999999594
2026-05-15T15:18:38.076+08:00,33.9676091,973,False,0.009576806640625,0.0,9.80665,0.0,0.0,0.0,0.3643297255039215,0.802814245223999,9.678415298461914,-0.005522062070667744,-0.0016062771901488304,0.00969148613512516,31.956699999994953,5.9040000000010195,38.20509999999899,13.205099999998993
2026-05-15T15:18:38.114+08:00,34.005061899999994,974,False,0.009576806640625,0.01915361328125,9.80665,0.0,0.0,0.0,0.36391013860702515,0.8116567134857178,9.678937911987305,-0.007252469193190336,-0.0016392488032579422,0.009479778818786144,31.954299999995328,5.110999999999422,37.38570000000152,12.38570000000152
2026-05-15T15:18:38.152+08:00,34.0424635,975,False,0.0143652099609375,0.0,9.80665,0.0,0.0,0.0,0.3669303059577942,0.8127119541168213,9.680215835571289,-0.0056113917380571365,-0.001424560323357582,0.00956946425139904,31.668500000002098,5.358999999998559,37.321299999995006,12.321299999995006
2026-05-15T15:18:38.189+08:00,34.0805729,976,False,0.0143652099609375,0.01915361328125,9.801861596679688,0.0,0.0,0.0,0.36839061975479126,0.8192636966705322,9.673262596130371,-0.006958386395126581,-0.0016742730513215065,0.009724472649395466,31.753799999997057,5.953399999995668,37.9965999999996,12.996599999999603
2026-05-15T15:18:38.227+08:00,34.1154206,977,False,0.023942016601562498,0.0143652099609375,9.801861596679688,0.0,0.0,0.0,0.3745623230934143,0.8188056945800781,9.674304962158203,-0.006624897941946983,-0.0016948911361396313,0.009446050971746445,31.68579999999821,2.83390000000594,34.74429999999984,9.74429999999984
2026-05-15T15:18:38.262+08:00,34.1503382,978,False,0.0143652099609375,-0.0047884033203125,9.816226806640625,0.0,0.0,0.0,0.3709968328475952,0.8063771724700928,9.684236526489258,-0.0041200327686965466,-0.0013873782008886337,0.009171622805297375,31.96969999999766,2.5015999999951077,34.85030000000222,9.850300000002221
2026-05-15T15:18:38.297+08:00,34.1851025,979,False,0.0143652099609375,0.009576806640625,9.801861596679688,0.0,0.0,0.0,0.3663604259490967,0.8124403953552246,9.67609977722168,-0.0063727316446602345,-0.002032069955021143,0.009614544920623302,31.765500000005886,2.6940999999993664,34.69169999999622,9.691699999996217
2026-05-15T15:18:38.332+08:00,34.2207692,980,False,0.0,-0.0047884033203125,9.80665,0.0,0.0,0.0,0.3548942804336548,0.8101980686187744,9.676807403564453,-0.006462575867772102,-0.0019066045060753822,0.009722423739731312,31.85160000000309,3.4381999999979485,35.58410000000123,10.584100000001229
2026-05-15T15:18:38.368+08:00,34.2557623,981,False,0.0143652099609375,0.0143652099609375,9.80665,0.0,0.0,0.0,0.3651539981365204,0.8122870922088623,9.677413940429688,-0.007005555089563131,-0.0016615544445812702,0.009627372957766056,32.093200000005595,2.5982000000013272,34.929400000002886,9.929400000002886
2026-05-15T15:18:38.403+08:00,34.2898375,982,False,0.0143652099609375,0.0047884033203125,9.801861596679688,0.0,0.0,0.0,0.36692744493484497,0.817457914352417,9.673074722290039,-0.006368367467075586,-0.0012446003966033459,0.009487270377576351,31.719199999997727,2.087699999997028,33.98440000000136,8.984400000001358
2026-05-15T15:18:38.436+08:00,34.328139099999994,983,False,0.0143652099609375,0.0,9.811438403320311,0.0,0.0,0.0,0.3689018189907074,0.8090288639068604,9.679529190063477,-0.004893461242318153,-0.0016887839883565903,0.009431957267224789,31.80789999999689,6.048800000002075,38.2372999999987,13.237299999998697
2026-05-15T15:18:38.475+08:00,34.3724692,984,False,0.0143652099609375,0.0143652099609375,9.811438403320311,0.0,0.0,0.0,0.3672027587890625,0.8173725605010986,9.681180953979492,-0.006768038496375084,-0.0015160450711846352,0.009383931756019592,32.11419999999521,11.343099999997719,44.18039999999479,19.18039999999479
2026-05-15T15:18:38.519+08:00,34.407964,985,False,0.009576806640625,0.0,9.811438403320311,0.0,0.0,0.0,0.36338555812835693,0.8068287372589111,9.683127403259277,-0.006038856692612171,-0.0016358732245862484,0.009589909575879574,31.80910000000381,3.189700000000073,35.30969999999911,10.309699999999111
2026-05-15T15:18:38.555+08:00,34.445933499999995,986,False,0.0143652099609375,0.009576806640625,9.801861596679688,0.0,0.0,0.0,0.3666861653327942,0.8145890235900879,9.672664642333984,-0.006076859310269356,-0.0015218909829854965,0.009526853449642658,32.02879999999908,5.356599999998934,37.88919999999507,12.889199999995071
2026-05-15T15:18:38.593+08:00,34.4816639,987,False,0.0143652099609375,0.0,9.80665,0.0,0.0,0.0,0.3676796853542328,0.8105926513671875,9.676485061645508,-0.005468546878546476,-0.0014814208261668682,0.009273472242057323,31.76040000000313,3.593000000002178,35.65670000000409,10.656700000004093
2026-05-15T15:18:38.629+08:00,34.516324399999995,988,False,0.0047884033203125,0.0047884033203125,9.80665,0.0,0.0,0.0,0.3602101802825928,0.8052597045898438,9.676687240600586,-0.005879933014512062,-0.0018202001228928566,0.009482779540121555,31.55980000000369,2.8299999999958914,34.591499999997666,9.591499999997666
2026-05-15T15:18:38.663+08:00,34.5528548,989,False,0.01915361328125,0.009576806640625,9.811438403320311,0.0,0.0,0.0,0.3695737421512604,0.8028280735015869,9.683149337768555,-0.0067368848249316216,-0.001898914109915495,0.00941682793200016,31.752000000004443,4.284399999995969,36.444699999997,11.444699999996999
2026-05-15T15:18:38.699+08:00,34.588302399999996,990,False,0.0047884033203125,0.0,9.801861596679688,0.0,0.0,0.0,0.3608831763267517,0.8119776248931885,9.671951293945312,-0.005721923429518938,-0.0012488807551562786,0.009532896801829338,31.727699999997583,3.4077000000038993,35.36280000000147,10.36280000000147
2026-05-15T15:18:38.735+08:00,34.627390399999996,991,False,0.009576806640625,0.009576806640625,9.792284790039062,0.0,0.0,0.0,0.3611128032207489,0.8063454627990723,9.665719985961914,-0.006621666718274355,-0.0023094480857253075,0.00968974456191063,31.816700000000253,6.659300000002588,38.970800000001304,13.970800000001304
2026-05-15T15:18:38.775+08:00,34.6646169,992,False,0.0143652099609375,0.0,9.801861596679688,0.0,0.0,0.0,0.3667411804199219,0.8066635131835938,9.670595169067383,-0.005496662575751543,-0.0014637429267168045,0.009351924061775208,32.17870000000289,4.335900000000947,36.88539999999563,11.885399999995627
2026-05-15T15:18:38.812+08:00,34.699701,993,False,0.009576806640625,0.0,9.801861596679688,0.0,0.0,0.0,0.3650290071964264,0.7894208431243896,9.675196647644043,-0.005318918265402317,-0.0015936107374727726,0.009403299540281296,31.59100000000592,3.1717999999969493,35.00839999999528,10.008399999995277
2026-05-15T15:18:38.846+08:00,34.7357644,994,False,0.0143652099609375,0.0143652099609375,9.801861596679688,0.0,0.0,0.0,0.3654613196849823,0.8168613910675049,9.671730041503906,-0.007276890333741903,-0.0018790094181895256,0.009627667255699635,31.775100000004386,3.8356999999962227,35.97570000000161,10.97570000000161
2026-05-15T15:18:38.883+08:00,34.783093699999995,995,False,0.0047884033203125,0.0,9.801861596679688,0.0,0.0,0.0,0.36008840799331665,0.8027334213256836,9.674367904663086,-0.005705252289772034,-0.001516010146588087,0.009476820938289165,32.08980000000139,14.543000000003303,47.22609999999605,22.226099999996052
2026-05-15T15:18:38.930+08:00,34.8172333,996,False,0.0143652099609375,0.009576806640625,9.801861596679688,0.0,0.0,0.0,0.36605361104011536,0.8092844486236572,9.672540664672852,-0.00628224341198802,-0.0017249570228159428,0.00947170052677393,31.75250000000318,2.0725000000041405,34.0328999999997,9.0328999999997
2026-05-15T15:18:38.964+08:00,34.851050099999995,997,False,0.009576806640625,0.0047884033203125,9.797073193359374,0.0,0.0,0.0,0.3647465705871582,0.7967863082885742,9.671899795532227,-0.006173719651997089,-0.001436844002455473,0.009450352750718594,31.625499999996975,1.9617999999965718,33.75830000000235,8.75830000000235
2026-05-15T15:18:38.998+08:00,34.884901799999994,998,False,0.0143652099609375,0.0047884033203125,9.80665,0.0,0.0,0.0,0.3668830990791321,0.8062686920166016,9.674600601196289,-0.005864162929356098,-0.0018388871103525162,0.00946993101388216,31.587399999999377,2.039600000003361,33.793200000005186,8.793200000005186
2026-05-15T15:18:39.032+08:00,34.920687199999996,999,False,0.009576806640625,0.0047884033203125,9.797073193359374,0.0,0.0,0.0,0.3642612397670746,0.7957444190979004,9.672142028808594,-0.005712088197469711,-0.0013974695466458797,0.009296904318034649,31.738599999997064,3.748999999999114,35.72199999999981,10.72199999999981
2026-05-15T15:18:39.068+08:00,34.9552676,1000,False,0.01915361328125,0.0047884033203125,9.801861596679688,0.0,0.0,0.0,0.37031790614128113,0.8081619739532471,9.671392440795898,-0.0064437673427164555,-0.0018361378461122513,0.009720493108034134,31.89779999999587,2.2670000000033497,34.3724000000023,9.372400000002301
2026-05-15T15:18:39.102+08:00,34.9938304,1001,False,0.009576806640625,0.0,9.80665,0.0,0.0,0.0,0.366306871175766,0.7859559059143066,9.680320739746094,-0.005271466448903084,-0.0016384655609726906,0.009142224676907063,31.734600000000057,6.511599999996065,38.50780000000498,13.507800000004977
2026-05-15T15:18:39.141+08:00,35.0279902,1002,False,0.009576806640625,0.0,9.801861596679688,0.0,0.0,0.0,0.3624430000782013,0.7943940162658691,9.676183700561523,-0.006078803446143866,-0.002005344722419977,0.00963094737380743,31.786300000000267,2.063900000003116,34.05980000000142,9.059800000001417
2026-05-15T15:18:39.175+08:00,35.074113399999995,1003,False,0.009576806640625,0.0,9.797073193359374,0.0,0.0,0.0,0.3635292947292328,0.7837011814117432,9.67336654663086,-0.0064252810552716255,-0.0017561884596943855,0.009502329863607883,31.712699999999927,13.8639999999981,46.05879999999729,21.05879999999729
2026-05-15T15:18:39.221+08:00,35.1088768,1004,False,0.0143652099609375,0.0143652099609375,9.811438403320311,0.0,0.0,0.0,0.36796045303344727,0.8043768405914307,9.681032180786133,-0.007390138693153858,-0.0019703898578882217,0.009538848884403706,31.916300000006004,2.130899999997382,34.39019999999715,9.39019999999715
2026-05-15T15:18:39.255+08:00,35.143190499999996,1005,False,0.009576806640625,0.0,9.80665,0.0,0.0,0.0,0.36380183696746826,0.7839665412902832,9.684709548950195,-0.0061761788092553616,-0.0017803385853767395,0.009430907666683197,31.724199999999314,2.2850000000005366,34.25229999999857,9.25229999999857
2026-05-15T15:18:39.290+08:00,35.1769861,1006,False,0.009576806640625,0.0,9.80665,0.0,0.0,0.0,0.3642106354236603,0.7873823642730713,9.680061340332031,-0.00576780503615737,-0.00192160252481699,0.009657246991991997,31.56229999999738,1.9917999999989888,33.729300000004514,8.729300000004514
2026-05-15T15:18:39.324+08:00,35.212337299999994,1007,False,0.0143652099609375,0.009576806640625,9.80665,0.0,0.0,0.0,0.36818280816078186,0.7848629951477051,9.68330192565918,-0.007236788980662823,-0.001810822170227766,0.00945631880313158,31.820700000004365,3.2181000000051085,35.29079999999851,10.290799999998512
2026-05-15T15:18:39.359+08:00,35.2464551,1008,False,0.0,0.0,9.811438403320311,0.0,0.0,0.0,0.35727575421333313,0.785130500793457,9.685153007507324,-0.00631755543872714,-0.001987458672374487,0.009527475573122501,31.51770000000198,2.3687999999992826,34.053800000002354,9.053800000002354
2026-05-15T15:18:39.393+08:00,35.2828659,1009,False,0.0,0.009576806640625,9.811438403320311,0.0,0.0,0.0,0.35464075207710266,0.7811894416809082,9.689131736755371,-0.006892139557749033,-0.0023810281418263912,0.009611334651708603,31.759700000002056,4.326899999995248,36.34840000000139,11.34840000000139
2026-05-15T15:18:39.430+08:00,35.3167653,1010,False,0.0047884033203125,0.009576806640625,9.811438403320311,0.0,0.0,0.0,0.3588656783103943,0.7900125980377197,9.686872482299805,-0.0070039331912994385,-0.0016541769728064537,0.009535890072584152,31.698599999998578,1.949700000004384,33.84020000000021,8.840200000000209
2026-05-15T15:18:39.464+08:00,35.351259299999995,1011,False,0.0143652099609375,0.0,9.801861596679688,0.0,0.0,0.0,0.3678570091724396,0.7735774517059326,9.680349349975586,-0.005611185450106859,-0.0015701218508183956,0.009395388886332512,31.86009999999584,2.3263000000000034,34.433299999996336,9.433299999996336
2026-05-15T15:18:39.499+08:00,35.385540299999995,1012,False,0.009576806640625,0.0047884033203125,9.80665,0.0,0.0,0.0,0.3663933277130127,0.7762036323547363,9.6821870803833,-0.005947660654783249,-0.0021070605143904686,0.009398018941283226,31.714999999998383,2.293399999999224,34.21930000000373,9.219300000003727
2026-05-15T15:18:39.533+08:00,35.4204794,1013,False,0.0143652099609375,0.0047884033203125,9.80665,0.0,0.0,0.0,0.3675224184989929,0.7754755020141602,9.684215545654297,-0.006887144409120083,-0.00209997920319438,0.009733677841722965,31.70920000000166,2.9402999999987856,34.87479999999721,9.874799999997208
2026-05-15T15:18:39.567+08:00,35.455455699999995,1014,False,0.0047884033203125,0.0,9.811438403320311,0.0,0.0,0.0,0.36175405979156494,0.7716174125671387,9.687532424926758,-0.005942408461123705,-0.0020619616843760014,0.009334059432148933,31.79389999999671,2.856700000002377,34.90800000000149,9.908000000001493
2026-05-15T15:18:39.602+08:00,35.491003299999996,1015,False,0.0143652099609375,0.0047884033203125,9.811438403320311,0.0,0.0,0.0,0.36748501658439636,0.7734534740447998,9.690336227416992,-0.006665951572358608,-0.0021354560740292072,0.009498657658696175,31.810000000000116,3.3510999999961655,35.48380000000151,10.483800000001509
2026-05-15T15:18:39.638+08:00,35.525484899999995,1016,False,0.009576806640625,0.0047884033203125,9.80665,0.0,0.0,0.0,0.36593097448349,0.7692954540252686,9.685373306274414,-0.006990634836256504,-0.0018872390501201153,0.009601667523384094,31.737300000003188,2.4251000000035106,34.41380000000294,9.413800000002936
2026-05-15T15:18:39.672+08:00,35.5612521,1017,False,0.0047884033203125,0.0047884033203125,9.80665,0.0,0.0,0.0,0.36088821291923523,0.767268180847168,9.685478210449219,-0.0064656394533813,-0.0024689636193215847,0.009601954370737076,31.75900000000098,3.6529999999999063,35.70440000000019,10.704400000000192
2026-05-15T15:18:39.708+08:00,35.597654,1018,False,0.009576806640625,0.0047884033203125,9.811438403320311,0.0,0.0,0.0,0.3640576899051666,0.7641091346740723,9.690391540527344,-0.006639149039983749,-0.00218015443533659,0.009394514374434948,31.746299999994676,4.3311000000016975,36.2889000000024,11.2889000000024
2026-05-15T15:18:39.745+08:00,35.6316196,1019,False,0.0143652099609375,0.0047884033203125,9.811438403320311,0.0,0.0,0.0,0.36948612332344055,0.7675430774688721,9.689886093139648,-0.006602909881621599,-0.0018917457200586796,0.009567317552864552,31.61869999999567,2.1003999999962275,33.893900000002475,8.893900000002475
2026-05-15T15:18:39.779+08:00,35.6656221,1020,False,0.009576806640625,0.0047884033203125,9.801861596679688,0.0,0.0,0.0,0.3656842112541199,0.7622394561767578,9.683975219726562,-0.006575644016265869,-0.00218306016176939,0.00957481563091278,31.875599999999338,1.8942000000023995,33.940700000002266,8.940700000002266
2026-05-15T15:18:39.812+08:00,35.701418999999994,1021,False,0.01915361328125,0.0047884033203125,9.816226806640625,0.0,0.0,0.0,0.3735382854938507,0.7571144104003906,9.694099426269531,-0.006602086126804352,-0.002524362411350012,0.009500490501523018,31.683499999999754,3.772399999995457,35.7335000000063,10.733500000006302
2026-05-15T15:18:39.848+08:00,35.7358177,1022,False,0.01915361328125,0.0047884033203125,9.811438403320311,0.0,0.0,0.0,0.3752228617668152,0.7575452327728271,9.693276405334473,-0.006571395788341761,-0.0017427392303943634,0.009315285831689835,31.68640000000522,2.44909999999976,34.337899999997035,9.337899999997035
2026-05-15T15:18:39.883+08:00,35.772856999999995,1023,False,0.0143652099609375,0.0047884033203125,9.811438403320311,0.0,0.0,0.0,0.37062397599220276,0.7573850154876709,9.693353652954102,-0.006849618162959814,-0.0025836415588855743,0.00963397603482008,31.690099999998722,5.105899999996666,36.98270000000292,11.982700000002922
2026-05-15T15:18:39.920+08:00,35.8074598,1024,False,0.0047884033203125,0.0,9.80665,0.0,0.0,0.0,0.3622051477432251,0.748436689376831,9.690864562988281,-0.006226012017577887,-0.002284619025886059,0.009451968595385551,31.728600000000995,2.5576999999969985,34.52980000000139,9.529800000001387
2026-05-15T15:18:39.954+08:00,35.8418919,1025,False,0.009576806640625,0.009576806640625,9.811438403320311,0.0,0.0,0.0,0.3651370704174042,0.7526383399963379,9.693160057067871,-0.007687310688197613,-0.002398618496954441,0.009552369825541973,31.713700000004508,2.4681999999955906,34.37260000000464,9.372600000004638
2026-05-15T15:18:39.988+08:00,35.875981499999995,1026,False,0.0047884033203125,0.009576806640625,9.811438403320311,0.0,0.0,0.0,0.3627573251724243,0.7503552436828613,9.695289611816406,-0.007210720330476761,-0.001977419015020132,0.009275542572140694,31.598699999996427,2.2438999999963016,34.03060000000124,9.030600000001243
2026-05-15T15:18:40.023+08:00,35.9110519,1027,False,0.0143652099609375,0.009576806640625,9.797073193359374,0.0,0.0,0.0,0.3680186867713928,0.7546453475952148,9.681550979614258,-0.00691921217367053,-0.0021520028822124004,0.009653602726757526,31.786799999999005,3.0233000000023935,35.01160000000425,10.01160000000425
2026-05-15T15:18:40.058+08:00,35.9453208,1028,False,0.009576806640625,0.0047884033203125,9.80665,0.0,0.0,0.0,0.3685459792613983,0.7441823482513428,9.688343048095703,-0.005803902167826891,-0.0021625463850796223,0.009176651947200298,31.70289999999909,2.302700000001323,34.20669999999859,9.206699999998591
2026-05-15T15:18:40.092+08:00,35.9839985,1029,False,0.01915361328125,0.0,9.80665,0.0,0.0,0.0,0.3735278844833374,0.7425978183746338,9.69135856628418,-0.006220862735062838,-0.0020233532413840294,0.009335892274975777,31.897999999998206,6.359500000002072,38.611899999999366,13.611899999999366
2026-05-15T15:18:40.130+08:00,36.0285367,1030,False,0.009576806640625,0.0047884033203125,9.816226806640625,0.0,0.0,0.0,0.3694419264793396,0.7404677867889404,9.69932746887207,-0.007205480709671974,-0.0024296240881085396,0.00937963742762804,32.05700000000178,11.407900000001803,44.34249999999906,19.342499999999063
2026-05-15T15:18:40.175+08:00,36.064710899999994,1031,False,0.01915361328125,0.0,9.811438403320311,0.0,0.0,0.0,0.3730383515357971,0.7451298236846924,9.697565078735352,-0.006609797477722168,-0.002191394567489624,0.009434887208044529,31.921799999999223,3.736399999993978,36.021800000000326,11.021800000000326
2026-05-15T15:18:40.212+08:00,36.100788099999995,1032,False,0.0047884033203125,0.009576806640625,9.811438403320311,0.0,0.0,0.0,0.3666325509548187,0.7372837066650391,9.696357727050781,-0.007798963226377964,-0.002482064999639988,0.009490005671977997,31.816799999994316,3.839200000001597,35.977700000003665,10.977700000003665
2026-05-15T15:18:40.248+08:00,36.1379588,1033,False,0.01915361328125,0.0,9.80665,0.0,0.0,0.0,0.3723662197589874,0.744509220123291,9.69410228729248,-0.006451040972024202,-0.002196909859776497,0.009391226805746555,32.24769999999921,4.42470000000128,37.06439999999844,12.064399999998443
2026-05-15T15:18:40.285+08:00,36.175947699999995,1034,False,0.009576806640625,0.0047884033203125,9.801861596679688,0.0,0.0,0.0,0.36984309554100037,0.7391078472137451,9.686302185058594,-0.007163628935813904,-0.001999394502490759,0.009529812261462212,31.863899999997614,5.67190000000295,37.90880000000385,12.90880000000385
2026-05-15T15:18:40.323+08:00,36.210013999999994,1035,False,0.01915361328125,0.009576806640625,9.797073193359374,0.0,0.0,0.0,0.3730989396572113,0.7491011619567871,9.682392120361328,-0.007241964340209961,-0.0024353484623134136,0.009599744342267513,31.703700000001334,2.079899999998247,33.95569999999992,8.955699999999922
2026-05-15T15:18:40.356+08:00,36.244868,1036,False,0.0047884033203125,0.0,9.811438403320311,0.0,0.0,0.0,0.3654040992259979,0.7365951538085938,9.693532943725586,-0.006152916233986616,-0.002201625145971775,0.009212702512741089,31.683699999994985,2.9105999999998744,34.79339999999809,9.793399999998087
2026-05-15T15:18:40.392+08:00,36.281934199999995,1037,False,0.009576806640625,0.009576806640625,9.80665,0.0,0.0,0.0,0.3649100065231323,0.7522664070129395,9.692342758178711,-0.007052414584904909,-0.0024182451888918877,0.009599750861525536,32.07050000000322,4.391400000002932,37.00390000000198,12.003900000001977
2026-05-15T15:18:40.429+08:00,36.318397,1038,False,0.0143652099609375,0.0,9.801861596679688,0.0,0.0,0.0,0.3690004050731659,0.7475366592407227,9.687660217285156,-0.006905103102326393,-0.0018933461979031563,0.00951844546943903,31.88769999999863,4.108600000002127,36.37799999999913,11.377999999999133
2026-05-15T15:18:40.465+08:00,36.3578426,1039,False,0.009576806640625,0.0,9.816226806640625,0.0,0.0,0.0,0.36944401264190674,0.7429521083831787,9.696529388427734,-0.00565149262547493,-0.002172829583287239,0.009247186593711376,32.00389999999942,6.961500000002729,39.30189999999811,14.301899999998113
2026-05-15T15:18:40.505+08:00,36.3929055,1040,False,0.009576806640625,0.0,9.811438403320311,0.0,0.0,0.0,0.36539164185523987,0.7404665946960449,9.699193954467773,-0.006776380818337202,-0.002093141432851553,0.009315705858170986,31.918799999999692,2.666299999994237,34.835999999998535,9.835999999998535
2026-05-15T15:18:40.540+08:00,36.4280992,1041,False,0.0143652099609375,0.0047884033203125,9.80665,0.0,0.0,0.0,0.36990705132484436,0.7514750957489014,9.689903259277344,-0.007616609334945679,-0.0020831716246902943,0.009822754189372063,31.697599999993997,3.1753000000023235,35.11420000000243,10.114200000002427
2026-05-15T15:18:40.575+08:00,36.4623366,1042,False,0.0143652099609375,0.023942016601562498,9.80665,0.0,0.0,0.0,0.37093305587768555,0.7632830142974854,9.688456535339355,-0.00836384017020464,-0.0021592057310044765,0.0095621133223176,31.57459999999901,2.366999999999564,34.13929999999965,9.13929999999965
2026-05-15T15:18:40.609+08:00,36.498825,1043,False,0.0047884033203125,0.0,9.797073193359374,0.0,0.0,0.0,0.3609996736049652,0.7537844181060791,9.682872772216797,-0.00601459015160799,-0.002002126071602106,0.009555874392390251,31.800599999996848,4.356399999998928,36.43210000000607,11.432100000006074
2026-05-15T15:18:40.646+08:00,36.5402625,1044,False,0.009576806640625,0.0143652099609375,9.811438403320311,0.0,0.0,0.0,0.3657853305339813,0.7665500640869141,9.689144134521484,-0.007051577791571617,-0.0023438632488250732,0.00969829224050045,31.667800000001023,9.191099999995345,41.366100000004735,16.366100000004735
2026-05-15T15:18:40.688+08:00,36.580817599999996,1045,False,0.01915361328125,0.009576806640625,9.801861596679688,0.0,0.0,0.0,0.3724060654640198,0.7691915035247803,9.68599796295166,-0.006943118292838335,-0.0014775581657886505,0.009459179826080799,32.21789999999913,7.271699999996883,40.158300000001645,15.158300000001645
2026-05-15T15:18:40.727+08:00,36.618626799999994,1046,False,0.01915361328125,0.0047884033203125,9.801861596679688,0.0,0.0,0.0,0.3751325011253357,0.7602121829986572,9.680610656738281,-0.005945781245827675,-0.0020755156874656677,0.009662584401667118,31.780500000003542,5.588500000001773,37.686199999996006,12.686199999996006
2026-05-15T15:18:40.765+08:00,36.658269499999996,1047,False,0.009576806640625,0.009576806640625,9.801861596679688,0.0,0.0,0.0,0.3672839105129242,0.7612807750701904,9.684331893920898,-0.006287676282227039,-0.0024055088870227337,0.00946357287466526,31.904999999994743,7.193600000000799,39.51119999999975,14.511199999999747
2026-05-15T15:18:40.805+08:00,36.707727,1048,False,0.0143652099609375,0.0,9.801861596679688,0.0,0.0,0.0,0.3676488697528839,0.7684187889099121,9.682369232177734,-0.006569258403033018,-0.0019592023454606533,0.009757697582244873,31.711500000000115,17.06490000000116,49.279200000000856,24.279200000000856
2026-05-15T15:18:40.854+08:00,36.7459041,1049,False,0.009576806640625,0.0143652099609375,9.801861596679688,0.0,0.0,0.0,0.3673076033592224,0.7713313102722168,9.681182861328125,-0.007231562398374081,-0.0020203255116939545,0.009663542732596397,32.048699999997154,5.377700000003927,37.83609999999982,12.836099999999817
2026-05-15T15:18:40.893+08:00,36.780241,1050,False,0.0047884033203125,0.0047884033203125,9.80665,0.0,0.0,0.0,0.3605892062187195,0.7668983936309814,9.687410354614258,-0.006500243674963713,-0.0022532138973474503,0.00952207576483488,31.802399999996567,2.2191999999989775,34.21799999999564,9.21799999999564
2026-05-15T15:18:40.927+08:00,36.8178245,1051,False,0.009576806640625,0.0047884033203125,9.80665,0.0,0.0,0.0,0.364629328250885,0.7627897262573242,9.686370849609375,-0.006354785989969969,-0.001897591631859541,0.009551229886710644,31.914700000001517,5.169699999996169,37.5173999999987,12.517399999998702
2026-05-15T15:18:40.965+08:00,36.8527438,1052,False,0.0143652099609375,0.009576806640625,9.811438403320311,0.0,0.0,0.0,0.3697623014450073,0.7735702991485596,9.689811706542969,-0.00670265406370163,-0.0018961825408041477,0.009475687518715858,31.674999999999898,2.9212000000029548,34.8485000000025,9.848500000002502
2026-05-15T15:18:40.999+08:00,36.8872716,1053,False,0.0047884033203125,-0.0047884033203125,9.821015209960937,0.0,0.0,0.0,0.3623826205730438,0.764481782913208,9.698871612548828,-0.005617725197225809,-0.0020746630616486073,0.00941606517881155,31.679900000000316,2.5767999999999347,34.45430000000016,9.45430000000016
2026-05-15T15:18:41.034+08:00,36.922103099999994,1054,False,0.0,0.0,9.80665,0.0,0.0,0.0,0.35606008768081665,0.7565579414367676,9.69024658203125,-0.006379798986017704,-0.0024309465661644936,0.009777156636118889,31.642699999999024,2.908899999994219,34.7689000000031,9.7689000000031
2026-05-15T15:18:41.068+08:00,36.9564102,1055,False,0.01915361328125,0.0047884033203125,9.801861596679688,-0.004261057744126781,0.003195793308095086,0.0,0.36882826685905457,0.7662324905395508,9.678472518920898,-0.010643262416124344,0.000517803244292736,0.009853887371718884,31.609299999999507,2.429100000000517,34.24700000000058,9.247000000000583
2026-05-15T15:18:41.103+08:00,36.9902254,1056,False,0.009576806640625,0.009576806640625,9.773131176757811,-0.0010652644360316954,0.0,0.0,0.3692410886287689,0.7747414112091064,9.654788970947266,-0.009043674916028976,-0.0008480730466544628,0.00975906103849411,31.54649999999748,2.0256999999972436,33.751399999999876,8.751399999999876
2026-05-15T15:18:41.137+08:00,37.0241821,1057,False,0.0047884033203125,-0.0143652099609375,9.797073193359374,0.0021305288720633907,0.0,0.0,0.3607402443885803,0.7577996253967285,9.676689147949219,-0.0037635210901498795,-0.0033186529763042927,0.009550774469971657,31.525800000004267,2.169900000005498,33.88369999999696,8.883699999996963
2026-05-15T15:18:41.170+08:00,37.0584582,1058,False,0.01915361328125,0.009576806640625,9.821015209960937,0.0,0.0,0.0,0.37184572219848633,0.7788181304931641,9.692437171936035,-0.0073740980587899685,-0.0018636980094015598,0.009654385969042778,31.688000000002603,2.338299999998128,34.21149999999784,9.21149999999784
2026-05-15T15:18:41.206+08:00,37.0932877,1059,False,0.023942016601562498,0.009576806640625,9.801861596679688,0.0,0.0010652644360316954,0.0,0.3765072822570801,0.7805030345916748,9.682157516479492,-0.008626897819340229,-0.0006183614023029804,0.010128539055585861,31.76429999999897,2.780000000001337,34.76589999999646,9.765899999996464
2026-05-15T15:18:41.240+08:00,37.1275876,1060,False,0.0143652099609375,-0.0143652099609375,9.811438403320311,0.0,0.0,0.0,0.3724944591522217,0.7676889896392822,9.685888290405273,-0.0035830140113830566,-0.0019971849396824837,0.009310740046203136,31.71830000000142,2.3398000000014463,34.22890000000223,9.228900000002227
2026-05-15T15:18:41.274+08:00,37.161590499999996,1061,False,0.0047884033203125,0.0,9.797073193359374,0.0,0.0,0.0,0.3621636629104614,0.7647576332092285,9.67923641204834,-0.00642427708953619,-0.00269576208665967,0.009776302613317966,31.52409999999861,2.2080999999971596,33.93990000000002,8.939900000000023
2026-05-15T15:18:41.308+08:00,37.1958231,1062,False,0.0047884033203125,0.0,9.80665,0.0,0.0010652644360316954,0.0,0.3576876223087311,0.7848763465881348,9.680614471435547,-0.008192995563149452,-0.0013871616683900356,0.01005054172128439,31.635700000002487,2.345399999995834,34.170199999998374,9.170199999998374
2026-05-15T15:18:41.343+08:00,37.229954299999996,1063,False,0.009576806640625,-0.0047884033203125,9.816226806640625,0.0,0.0,0.0,0.3659004867076874,0.76682448387146,9.693122863769531,-0.005219392944127321,-0.0014094752259552479,0.009070571511983871,31.699299999999653,2.191699999997354,34.06700000000029,9.067000000000291
2026-05-15T15:18:41.376+08:00,37.266042899999995,1064,False,0.0,0.028730419921875,9.801861596679688,0.0,0.0,0.0,0.3584597706794739,0.7944154739379883,9.677284240722656,-0.009666691534221172,-0.0025264332070946693,0.010047191753983498,32.00199999999853,3.641600000001688,36.02000000000061,11.020000000000607
2026-05-15T15:18:41.413+08:00,37.3020272,1065,False,0.0143652099609375,0.0,9.80665,0.0010652644360316954,-0.0010652644360316954,0.0,0.36592045426368713,0.7818522453308105,9.685141563415527,-0.005319333169609308,-0.0030964729376137257,0.009984939359128475,31.634699999997906,4.05669999999958,35.90810000000033,10.908100000000331
2026-05-15T15:18:41.449+08:00,37.3365267,1066,False,0.009576806640625,0.0,9.801861596679688,0.0021305288720633907,0.0,0.0,0.36690834164619446,0.7884402275085449,9.675161361694336,-0.003015105612576008,-0.0015444755554199219,0.009349734522402287,31.707299999993666,2.4855999999999767,34.434699999998486,9.434699999998486
2026-05-15T15:18:41.484+08:00,37.371393299999994,1067,False,0.01915361328125,0.0047884033203125,9.801861596679688,0.0010652644360316954,0.0,0.0,0.37153831124305725,0.7796354293823242,9.679698944091797,-0.005572310648858547,-0.0021637296304106712,0.009601996280252934,31.6436999999965,2.9228999999943994,34.79969999999355,9.79969999999355
2026-05-15T15:18:41.518+08:00,37.405449999999995,1068,False,0.0,-0.009576806640625,9.811438403320311,0.0,0.0,0.0,0.3600376844406128,0.7817142009735107,9.682832717895508,-0.0046197958290576935,-0.0018222532235085964,0.009341347962617874,31.69809999999984,2.1127999999990266,33.98399999999668,8.983999999996684
2026-05-15T15:18:41.552+08:00,37.440838899999996,1069,False,0.01915361328125,0.01915361328125,9.80665,0.0,0.0,0.0,0.36939969658851624,0.7919540405273438,9.683231353759766,-0.008687827736139297,-0.0020787869580090046,0.009934766218066216,31.650599999998974,3.427100000003236,35.31710000000032,10.317100000000323
2026-05-15T15:18:41.588+08:00,37.4769508,1070,False,0.0047884033203125,0.0143652099609375,9.80665,0.0,0.0,0.0,0.36105164885520935,0.8156228065490723,9.677331924438477,-0.007876718416810036,-0.0015576290898025036,0.009782199747860432,31.76990000000046,4.086100000002091,36.04310000000055,11.04310000000055
2026-05-15T15:18:41.624+08:00,37.5122855,1071,False,-0.0047884033203125,-0.01915361328125,9.840168823242188,-0.0010652644360316954,0.0010652644360316954,0.0,0.354205846786499,0.7686827182769775,9.711488723754883,-0.0030549392104148865,-0.0018116496503353119,0.009319230914115906,31.795999999999935,3.0895999999955848,35.25180000000461,10.251800000004607
2026-05-15T15:18:41.659+08:00,37.5477469,1072,False,0.009576806640625,0.0047884033203125,9.792284790039062,0.003195793308095086,-0.003195793308095086,0.0,0.36317187547683716,0.7976315021514893,9.675024032592773,-0.00643849978223443,-0.0025391574017703533,0.009971285238862038,31.83710000000417,3.073899999996854,35.4005000000015,10.4005000000015
2026-05-15T15:18:41.694+08:00,37.582262899999996,1073,False,0.0,-0.0143652099609375,9.811438403320311,0.0,-0.008522115488253563,0.008522115488253563,0.3622753918170929,0.7868096828460693,9.686615943908691,-0.004728255327790976,-0.00952940434217453,0.017764832824468613,31.871299999998826,2.296399999998755,34.45070000000072,9.450700000000722
2026-05-15T15:18:41.729+08:00,37.617952499999994,1074,False,0.01915361328125,-0.0047884033203125,9.80665,-0.0010652644360316954,0.0,0.01597896654047543,0.360377699136734,0.822073221206665,9.672011375427246,-0.006781694013625383,-0.004096622578799725,0.025034811347723007,31.866499999999576,3.2233000000019274,35.62660000000051,10.626600000000508
2026-05-15T15:18:41.765+08:00,37.6537461,1075,False,0.033518823242187495,0.0,9.811438403320311,0.0,0.004261057744126781,0.007456851052221868,0.3805811405181885,0.7886373996734619,9.673995018005371,-0.0085222739726305,0.002727820537984371,0.019181324169039726,32.0083000000011,3.30149999999918,35.72460000000177,10.724600000001772
2026-05-15T15:18:41.801+08:00,37.6911675,1076,False,0.023942016601562498,0.009576806640625,9.797073193359374,-0.0021305288720633907,0.0021305288720633907,-0.005326322180158476,0.38614413142204285,0.8059787750244141,9.671627044677734,-0.007377219386398792,0.0013977941125631332,0.006074285600334406,31.92059999999941,5.013400000002832,37.35600000000261,12.35600000000261
2026-05-15T15:18:41.838+08:00,37.7252754,1077,False,0.0,0.009576806640625,9.816226806640625,-0.006391586616190172,0.010652644360316953,-0.01597896654047543,0.35688498616218567,0.7798070907592773,9.685998916625977,-0.013095931150019169,0.001964736729860306,-0.0045228214003145695,31.697600000001103,2.167700000001105,34.041200000004324,9.041200000004324
2026-05-15T15:18:41.872+08:00,37.760846199999996,1078,False,0.009576806640625,-0.0718260498046875,9.90241806640625,0.012783173232380344,0.09587379924285258,0.049002164057457984,0.2764482796192169,0.8580482006072998,9.659341812133789,0.01146928034722805,0.06761796772480011,0.040493905544281006,31.86390000000472,3.3547000000027083,35.505199999995796,10.505199999995796
2026-05-15T15:18:41.907+08:00,37.7952356,1079,False,0.086191259765625,0.0047884033203125,10.0748005859375,0.035153726389045944,0.5837649109453691,0.3984088990758541,-0.06317632645368576,1.015350103378296,9.399460792541504,0.003118889406323433,0.4419698715209961,0.3117910921573639,31.598600000002364,2.4900000000016576,34.28170000000108,9.28170000000108
2026-05-15T15:18:41.942+08:00,37.830585199999994,1080,False,-0.2442085693359375,0.08140285644531249,10.51533369140625,0.3685814948669666,1.8556906475672132,0.45380264974950224,-1.114559292793274,0.8752250671386719,8.871368408203125,0.1623946577310562,1.4608749151229858,0.3723522424697876,31.76530000000355,2.959300000000553,35.17989999999571,10.179899999995712
2026-05-15T15:18:41.977+08:00,37.865397599999994,1081,False,-1.0103531005859374,0.0383072265625,10.462661254882812,1.090830782496456,2.849582366384785,0.03834951969714103,-1.9513401985168457,0.7205407619476318,8.673355102539062,0.7491970658302307,2.5441455841064453,0.08406700938940048,31.718700000006095,2.674599999998861,34.73209999999938,9.732099999999377
2026-05-15T15:18:42.012+08:00,37.902434899999996,1082,False,-2.360682836914062,0.967257470703125,9.145850341796875,1.695900982162459,1.919606513729115,-0.30466562870506486,-1.081972599029541,1.0745394229888916,9.927621841430664,1.1800825595855713,2.1957459449768066,-0.26042845845222473,31.749599999997713,4.938999999993143,36.973299999999654,11.973299999999654
2026-05-15T15:18:42.049+08:00,37.945253,1083,False,-2.7820623291015623,1.6711527587890624,9.926360083007811,2.0932446168022816,1.0130664786661423,-0.16831178089300786,-1.3945738077163696,1.4405755996704102,11.471078872680664,1.728672981262207,1.2020822763442993,-0.2618805468082428,31.869400000005044,10.494399999998905,42.75230000000363,17.75230000000363
2026-05-15T15:18:42.092+08:00,37.9858547,1084,False,-3.0310593017578125,2.04943662109375,8.705317236328124,2.3169501483689374,1.1323760955016922,0.15126754991650074,-2.662123680114746,2.226761817932129,10.331592559814453,2.140097141265869,1.0059478282928467,0.06659276783466339,31.882100000004243,7.945900000002837,40.49649999999616,15.49649999999616
2026-05-15T15:18:42.132+08:00,38.0216718,1085,False,-3.67749375,2.6671406494140624,8.034940771484374,1.9568907689902244,0.48682584726648476,0.3291667107337939,-2.750647783279419,2.412984609603882,8.83418083190918,2.006894588470459,0.7112360596656799,0.2519798278808594,31.95689999999729,3.3152999999970234,35.685399999998424,10.685399999998424
2026-05-15T15:18:42.168+08:00,38.0609445,1086,False,-3.5529952636718747,3.323151904296875,9.102754711914063,1.570199778710719,0.0681769239060285,0.2055960361541172,-2.617220878601074,2.0443789958953857,9.96822738647461,1.5442781448364258,0.17007434368133545,0.18261587619781494,31.875800000001675,6.791599999999676,39.205600000002505,14.205600000002505
2026-05-15T15:18:42.208+08:00,38.0989473,1087,False,-3.6008792968749996,4.754884497070313,8.441955053710936,1.388039560149299,0.33023197516982555,-0.010652644360316953,-3.279254198074341,2.915022373199463,9.314186096191406,1.0246983766555786,0.17293666303157806,0.02314372919499874,31.578800000005458,6.083799999998973,37.85590000000383,12.855900000003828
2026-05-15T15:18:42.246+08:00,38.1403957,1088,False,-3.816357446289062,4.587290380859375,8.25520732421875,1.216531985948196,-0.08096009713840885,0.23861923367109977,-3.0877249240875244,3.939256191253662,8.799614906311035,1.2749543190002441,0.0521307997405529,0.08215384930372238,31.856799999999907,9.15679999999952,41.385300000001735,16.385300000001735
2026-05-15T15:18:42.287+08:00,38.1768795,1089,False,-3.423708374023437,4.826710546875,7.3837179199218745,1.2740562654939076,-0.08415589044650393,0.2119876227703074,-3.063617467880249,4.309244155883789,8.309865951538086,1.1847094297409058,-0.09306564182043076,0.18397477269172668,31.949799999999584,4.097200000003909,36.36410000000012,11.364100000000121
2026-05-15T15:18:42.324+08:00,38.2128084,1090,False,-3.447650390625,5.104437939453125,6.564900952148437,0.7456851052221868,-0.5443501268121963,0.32810144629776217,-2.7128095626831055,4.080254077911377,7.580244064331055,0.9303901791572571,-0.3977266848087311,0.2091251164674759,31.827300000003333,3.57710000000111,35.86939999999572,10.869399999995721
2026-05-15T15:18:42.360+08:00,38.2484901,1091,False,-3.227383837890625,5.42047255859375,7.45075556640625,0.706270321089014,-1.1909656394834354,0.3344930329139523,-2.3206498622894287,4.199954986572266,8.65398120880127,0.61286461353302,-0.9626451134681702,0.19601212441921234,31.846899999997902,3.377800000002651,35.61429999999888,10.614299999998877
2026-05-15T15:18:42.396+08:00,38.2837627,1092,False,-2.6192566162109374,5.7125651611328125,7.1395093505859375,0.5826996465093374,-1.115331864525185,0.447411063133312,-2.5350921154022217,4.668408393859863,8.310493469238281,0.5826259851455688,-1.1638240814208984,0.2586098909378052,31.747000000002856,3.1405000000006567,35.204299999996636,10.204299999996636
2026-05-15T15:18:42.430+08:00,38.3216648,1093,False,-2.250549560546875,5.597643481445312,7.364564306640625,-0.03834951969714103,-1.629854587128494,0.618918637334415,-1.804468035697937,4.837198257446289,7.734294414520264,0.2660571038722992,-1.38166081905365,0.47181475162506104,31.801099999995586,5.716700000000685,37.82860000000454,12.828600000004542
2026-05-15T15:18:42.468+08:00,38.355981299999996,1094,False,-1.9823989746093749,6.023811376953125,6.818686328125,-0.3004045709609381,-1.9536949756821294,0.8053399136399617,-1.4733681678771973,4.908755779266357,8.242071151733398,-0.33578142523765564,-1.8672047853469849,0.5677310228347778,31.626400000000388,2.394200000004787,34.222500000005596,9.222500000005596
2026-05-15T15:18:42.503+08:00,38.392252899999995,1095,False,-1.0582371337890624,6.172251879882812,7.747636572265624,-0.35366779276252286,-1.6809872800580152,0.877777895290117,-1.5348097085952759,5.44232177734375,8.018182754516602,-0.3721083402633667,-1.7888644933700562,0.7145203351974487,31.701800000000446,4.246899999998277,36.20659999999987,11.206599999999867
2026-05-15T15:18:42.539+08:00,38.4290441,1096,False,-0.5410895751953124,5.597643481445312,7.580042456054687,-0.33236250404188894,-1.7630126416324559,0.99282645438154,-0.5322381258010864,5.318149089813232,8.020401000976562,-0.20313501358032227,-1.7349214553833008,0.7869062423706055,31.844999999997015,4.587799999995923,36.673600000000306,11.673600000000306
2026-05-15T15:18:42.576+08:00,38.4629863,1097,False,0.1197100830078125,5.592855078125,7.216123803710937,-0.5709817377129887,-1.940911802449749,0.8703210442378951,0.23149734735488892,4.515521049499512,7.794300079345703,-0.42075181007385254,-1.8657923936843872,0.779837965965271,31.58679999999947,2.1135000000001014,33.87920000000122,8.87920000000122
2026-05-15T15:18:42.609+08:00,38.4976463,1098,False,1.2401964599609374,5.204994409179688,8.355763793945313,-0.6402239260550489,-1.7001620399065858,0.8064051780759934,0.749337911605835,4.245971202850342,8.334228515625,-0.5519810914993286,-1.7513738870620728,0.6431246399879456,31.633199999994588,2.7682000000055496,34.599100000001215,9.599100000001215
2026-05-15T15:18:42.644+08:00,38.536856799999995,1099,False,2.5474305664062498,4.879382983398437,8.288726147460936,-1.1334413599377238,-3.3385387425233333,1.1185276578332801,3.1724398136138916,3.890878200531006,9.394404411315918,-0.8101309537887573,-2.4458043575286865,0.7631697654724121,31.672699999994336,7.0750000000003865,39.14929999999828,14.149299999998277
2026-05-15T15:18:42.684+08:00,38.5724758,1100,False,4.242525341796875,4.491522314453125,7.52737001953125,-1.3219931651153338,-2.797384409019232,0.5571333000445766,3.0990946292877197,2.7868103981018066,9.165771484375,-1.2369710206985474,-2.945957899093628,0.3706664443016052,31.953999999998928,3.0944999999960032,35.4194000000021,10.4194000000021
2026-05-15T15:18:42.720+08:00,38.6085256,1101,False,4.280832568359375,4.61602080078125,4.472368701171875,-1.3752563869169188,-0.8852347463423388,0.6849650323683801,2.41874361038208,3.9377293586730957,4.470091819763184,-1.367330551147461,-1.7567522525787354,0.5006645917892456,31.83260000000132,3.811299999995299,35.97840000000474,10.97840000000474
2026-05-15T15:18:42.756+08:00,38.644209999999994,1102,False,4.76924970703125,3.3327287109375,7.75721337890625,-0.9725864300969379,-0.7744472449950425,0.1139832946553914,4.4611968994140625,2.707298755645752,5.237964630126953,-0.9468043446540833,-0.6549075841903687,0.24634166061878204,31.800300000000448,3.5792999999983977,35.60900000000089,10.60900000000089
2026-05-15T15:18:42.791+08:00,38.6862942,1103,False,4.759672900390624,2.89219560546875,7.613561279296874,-0.9182579438593214,0.2514024069034801,0.248206613595385,4.182931423187256,2.0873732566833496,7.038662910461426,-0.8342971205711365,-0.28274005651474,0.17797841131687164,31.9769999999977,9.506799999996929,41.990200000000755,16.990200000000755
2026-05-15T15:18:42.833+08:00,38.7227806,1104,False,5.03740029296875,2.9544448486328125,7.575254052734374,-0.9853696033293182,0.9406284970159869,-0.012783173232380344,3.984426498413086,1.7222139835357666,6.052861213684082,-0.9600367546081543,0.8357289433479309,0.16419242322444916,31.86380000000355,4.197200000000123,36.312900000005754,11.312900000005754
2026-05-15T15:18:42.870+08:00,38.7581226,1105,False,4.874594580078124,2.6240450195312497,8.207323291015625,-0.643419719363144,1.5211976146532609,-0.03195793308095086,4.358150482177734,1.8771326541900635,7.148077011108398,-0.7323909401893616,1.336817979812622,0.0720665231347084,31.797799999999654,3.038099999997712,35.25290000000325,10.252900000003251
2026-05-15T15:18:42.905+08:00,38.7956832,1106,False,3.7397429931640622,2.6527754394531247,7.800309008789062,-0.5624596222247351,2.811232846687644,-0.2695119023160189,2.8177976608276367,1.3549611568450928,7.169684410095215,-0.5189135670661926,2.1816296577453613,0.08587878942489624,31.78410000000298,5.3352999999987105,37.49230000000381,12.492300000003809
2026-05-15T15:18:42.942+08:00,38.8301727,1107,False,1.6041151123046875,1.9919757812499999,8.882488159179687,-0.49747849162680174,5.037635517993888,-0.24607608472332163,-0.8960586786270142,1.1924493312835693,6.584694862365723,-0.43442192673683167,3.9682199954986572,-0.0828731507062912,31.73619999999744,2.434499999999673,34.38369999999935,9.383699999999351
2026-05-15T15:18:42.977+08:00,38.864005899999995,1108,False,0.679953271484375,2.0638018310546875,10.089165795898436,-0.5720470021490204,3.1979238369671497,-0.20879182946221228,1.5973669290542603,1.0535070896148682,9.392679214477539,-0.5154364109039307,3.8833510875701904,0.06893448531627655,31.56600000000509,1.99479999999852,33.744900000002076,8.744900000002076
2026-05-15T15:18:43.010+08:00,38.8993001,1109,False,-0.047884033203124995,2.308010400390625,9.710881933593749,-0.6040049352299712,2.528937771139245,0.2322276470549096,1.3068467378616333,0.6906712055206299,12.247058868408203,-0.5870488882064819,2.437307119369507,0.34777557849884033,31.82470000000137,3.122299999994027,35.2326000000005,10.232600000000502
2026-05-15T15:18:43.046+08:00,38.9352466,1110,False,-2.2457611572265623,1.4891934326171874,9.054870678710937,-0.2769687533682408,3.88928045595172,0.2066613005901489,-2.941322088241577,1.0664732456207275,10.257797241210938,-0.24420258402824402,2.945469379425049,0.5025897026062012,31.960500000003833,3.5462000000023863,35.87100000000021,10.871000000000208
2026-05-15T15:18:43.082+08:00,38.969795399999995,1111,False,-2.5857377929687497,2.0302830078125,9.045293872070312,0.730771403117743,2.7739485914265347,-0.2759034889322091,-1.9581023454666138,1.177419662475586,9.211816787719727,0.23119990527629852,3.204720973968506,0.2792377173900604,31.76149999999467,2.4660999999994715,34.488800000005426,9.488800000005426
2026-05-15T15:18:43.117+08:00,39.004797399999994,1112,False,-3.7301661865234372,2.1356278808593747,9.945513696289062,0.17789916081729312,2.141181516423708,-0.3621899082507764,-2.214500904083252,0.04344534873962402,11.452485084533691,0.5249714851379395,2.089115858078003,-0.18463076651096344,31.789700000004473,2.786499999999137,34.94029999999526,9.940299999995261
2026-05-15T15:18:43.152+08:00,39.0393501,1113,False,-4.223371728515625,2.2936451904296873,10.117896215820313,-0.3621899082507764,1.2250541014364495,-0.47936899621426293,-2.9183919429779053,-0.07514941692352295,11.645454406738281,-0.23379598557949066,1.462479591369629,-0.2661251723766327,31.53340000000071,2.758100000001207,34.49179999999785,9.491799999997852
2026-05-15T15:18:43.187+08:00,39.074973199999995,1114,False,-4.69263525390625,2.2266075439453124,8.566453540039062,-0.7595335428905988,1.4242585509743766,-0.5294364247077525,-4.175768852233887,0.38925039768218994,10.020247459411621,-0.561709463596344,1.240270972251892,-0.34168365597724915,31.901300000001243,3.2702999999969506,35.554900000001055,10.554900000001055
2026-05-15T15:18:43.222+08:00,39.1088635,1115,False,-4.7117888671875,1.5418658691406248,8.355763793945313,-0.3962783702037907,0.9960222476896352,-0.22157500269459263,-4.303372383117676,1.2609279155731201,8.96735954284668,-0.3942086100578308,1.2220066785812378,-0.1626601666212082,31.617199999999457,2.0351000000005115,33.819900000004566,8.819900000004566
2026-05-15T15:18:43.256+08:00,39.1434,1116,False,-5.023035083007812,1.1348515869140625,8.537723120117187,-0.5635248866607668,0.629571281694732,-0.37071202373903,-4.0910844802856445,0.3529834747314453,9.293702125549316,-0.27036187052726746,0.6852580904960632,-0.2620343565940857,31.791200000000686,2.4408999999963044,34.47359999999833,9.473599999998328
2026-05-15T15:18:43.290+08:00,39.182946099999995,1117,False,-5.147533569335937,0.9911994873046874,7.824251025390624,-0.5507417134283865,-0.0692421883420602,-0.45060685644140713,-4.228692531585693,-0.0920332670211792,9.237060546875,-0.5163060426712036,0.12706482410430908,-0.4149906635284424,31.78410000000298,7.175400000001275,39.48090000000093,14.48090000000093
2026-05-15T15:18:43.330+08:00,39.217072599999995,1118,False,-5.0182466796875,1.6998831787109374,7.996633544921875,-0.6647250080837779,-1.9142801915489565,-0.29933930652490637,-3.198267936706543,0.021539807319641113,10.03342056274414,-0.8177686333656311,-1.1273438930511475,-0.45205867290496826,31.67649999999611,2.1849000000031538,34.066000000002816,9.066000000002816
2026-05-15T15:18:43.364+08:00,39.25087,1119,False,-4.242525341796875,0.7278373046875,8.987833032226561,-0.5432848623761646,-3.0189594117138245,-0.07669903939428206,-3.2864627838134766,0.1051490306854248,11.273195266723633,-0.4562618136405945,-2.5991618633270264,-0.44004663825035095,31.66379999999691,1.895400000002212,33.73140000000063,8.731400000000633
2026-05-15T15:18:43.398+08:00,39.284641,1120,False,-3.0406361083984375,0.2346317626953125,9.011775048828124,-0.321709859681572,-3.0274815272020783,-0.5123921937312454,-3.713263750076294,-0.12191426753997803,10.170501708984375,-0.3070012331008911,-2.909445285797119,-0.46611642837524414,31.57690000000457,1.889600000005487,33.63789999999511,8.637899999995113
2026-05-15T15:18:43.432+08:00,39.3236285,1121,False,-1.6807295654296874,0.373495458984375,9.414000927734374,-0.5741775310210838,-3.7859498056566454,-0.3131877441933184,-2.2012276649475098,-0.5083650350570679,9.803607940673828,-0.4603547155857086,-3.2715790271759033,-0.4073164463043213,31.92739999999361,6.639199999995071,38.92359999999684,13.923599999996839
2026-05-15T15:18:43.470+08:00,39.3583893,1122,False,-0.4070142822265625,0.1771709228515625,10.084377392578125,-0.5528722423004498,-3.21709859681572,-0.2780340178042725,-1.6341503858566284,-0.6657630801200867,10.417264938354492,-0.6166771054267883,-3.282106876373291,-0.48849043250083923,31.717899999996746,2.6201000000014574,34.66680000000366,9.666800000003661
2026-05-15T15:18:43.505+08:00,39.392556899999995,1123,False,0.0526724365234375,0.3016694091796875,10.97502041015625,-0.0926780059347575,-0.44315000538918525,-0.10865697247523293,-2.719005584716797,0.47313153743743896,8.424413681030273,-0.3279702961444855,-1.519428014755249,-0.21630002558231354,31.657899999999017,2.2145000000008963,34.106800000003545,9.106800000003545
2026-05-15T15:18:43.540+08:00,39.4352233,1124,False,0.06703764648437499,0.0047884033203125,9.873687646484374,0.01171790879634865,-0.19600865622983193,-0.017044230976507126,-0.9126678705215454,0.537604808807373,7.262608528137207,-0.025768155232071877,-0.13774919509887695,-0.06587003171443939,31.888600000002043,10.10920000000226,42.59540000000328,17.59540000000328
2026-05-15T15:18:43.582+08:00,39.4746807,1125,False,0.2346317626953125,0.047884033203124995,9.648632690429688,0.0021305288720633907,0.09800432811491597,0.02769687533682408,-0.18594957888126373,0.34706950187683105,9.273813247680664,-0.02738882228732109,-0.0075885215774178505,0.045232098549604416,31.94090000000216,6.905499999994902,39.24039999999707,14.240399999997067
2026-05-15T15:18:43.621+08:00,39.5148741,1126,False,-0.105344873046875,0.19153613281249998,9.80665,0.04793689962142629,0.2545982002115752,0.1565938720966592,-0.3230460286140442,-0.3093454837799072,9.308996200561523,-0.10995423048734665,0.17848823964595795,0.15172933042049408,31.9862999999998,7.301200000000563,40.069299999998975,15.069299999998975
2026-05-15T15:18:43.662+08:00,39.5496773,1127,False,0.1388636962890625,-0.17238251953125,10.041281762695311,0.006391586616190172,0.10972223691126462,0.13954964112015208,0.0691864863038063,-0.46205800771713257,9.641063690185547,0.12714019417762756,0.2596634030342102,0.1594049334526062,31.80300000000358,2.6289999999988822,34.639900000001944,9.639900000001944
2026-05-15T15:18:43.696+08:00,39.586861199999994,1128,False,0.047884033203124995,0.047884033203124995,9.792284790039062,0.008522115488253563,0.0010652644360316954,0.020240024284602212,0.14795048534870148,-0.03255879878997803,10.057437896728516,-0.04298146814107895,0.10473661124706268,0.05785883218050003,31.691299999998535,5.120300000001521,37.1104000000031,12.110400000003096
2026-05-15T15:18:43.734+08:00,39.6244545,1129,False,-0.0047884033203125,0.0430956298828125,9.797073193359374,0.0,0.0010652644360316954,0.009587379924285258,0.06405168771743774,0.02702653408050537,9.806879043579102,-0.0019430434331297874,0.017066676169633865,0.007499447092413902,31.617000000004225,5.522599999999045,37.46640000000667,12.466400000006672
2026-05-15T15:18:43.772+08:00,39.6639333,1130,False,0.01915361328125,0.0383072265625,9.801861596679688,-0.008522115488253563,0.0,0.012783173232380344,0.20559442043304443,-0.5607187151908875,9.52143669128418,-0.002159612253308296,0.035759396851062775,0.02427409216761589,31.814700000005303,7.251599999996472,39.322299999994925,14.322299999994925
2026-05-15T15:18:43.810+08:00,39.700841,1131,False,0.0,0.033518823242187495,9.801861596679688,0.0,0.0,0.003195793308095086,0.18278032541275024,-0.17305588722229004,9.599695205688477,0.009698417037725449,0.011732668615877628,0.0033331108279526234,31.691800000004378,4.890500000001907,36.8222999999972,11.822299999997199
2026-05-15T15:18:43.848+08:00,39.742483899999996,1132,False,0.028730419921875,0.0383072265625,9.80665,0.0,0.0,0.004261057744126781,0.11465895920991898,0.5183371305465698,9.638187408447266,-0.00996945146471262,0.01237087044864893,0.015635885298252106,31.820199999998522,9.279599999999277,41.55579999999759,16.55579999999759
2026-05-15T15:18:43.890+08:00,39.7863208,1133,False,0.0047884033203125,0.033518823242187495,9.80665,0.003195793308095086,0.0,0.0010652644360316954,0.1724548190832138,0.49128150939941406,9.67900276184082,-6.79362565279007e-05,0.010676763020455837,0.012331572361290455,31.765299999996444,11.395399999997835,43.62400000000122,18.624000000001217
2026-05-15T15:18:43.933+08:00,39.827868699999996,1134,False,0.0047884033203125,0.023942016601562498,9.797073193359374,0.0,0.0,0.0010652644360316954,0.27951887249946594,0.02138364315032959,9.619277954101562,0.009452776983380318,0.009331650100648403,0.0061228154227137566,32.22600000000142,8.635600000005184,41.38649999999444,16.38649999999444
2026-05-15T15:18:43.974+08:00,39.8676232,1135,False,-0.009576806640625,0.033518823242187495,9.801861596679688,0.0021305288720633907,-0.0010652644360316954,0.0,0.254697322845459,-0.007642149925231934,9.670612335205078,-0.020516294986009598,0.009787467308342457,0.0015275669284164906,31.783600000004242,7.308899999998175,39.578999999996256,14.578999999996256
2026-05-15T15:18:44.014+08:00,39.9070616,1136,False,0.009576806640625,0.0383072265625,9.80665,0.004261057744126781,0.0010652644360316954,0.0,0.24194377660751343,0.5674256086349487,9.648042678833008,-0.019934315234422684,0.005234741605818272,0.018736330792307854,31.893199999998956,6.918599999998776,39.23600000000249,14.236000000002491
2026-05-15T15:18:44.053+08:00,39.9464184,1137,False,0.009576806640625,0.05746083984375,9.797073193359374,0.0010652644360316954,-0.0010652644360316954,0.0,0.31905651092529297,0.7028627395629883,9.631034851074219,-0.013265473768115044,0.006541544571518898,0.023815494030714035,31.764500000001306,7.153199999997639,39.245299999997485,14.245299999997485
2026-05-15T15:18:44.093+08:00,39.984894499999996,1138,False,0.028730419921875,0.0383072265625,9.82580361328125,-0.0021305288720633907,0.0010652644360316954,0.0,0.3783630132675171,0.30095624923706055,9.681831359863281,-0.008771872147917747,-0.0021750140003859997,0.004294645972549915,31.844200000001877,6.126699999995822,38.41610000000628,13.416100000006281
2026-05-15T15:18:44.132+08:00,40.0220742,1139,False,0.0,0.023942016601562498,9.787496386718749,-0.0010652644360316954,0.0010652644360316954,0.0,0.27833086252212524,0.4105461835861206,9.713481903076172,-0.016851812601089478,-0.0031860284507274628,0.01451168768107891,31.951899999995703,4.685799999997187,37.07750000000232,12.077500000002317
2026-05-15T15:18:44.169+08:00,40.0572787,1140,False,0.0047884033203125,0.033518823242187495,9.80665,-0.0010652644360316954,0.0,0.0010652644360316954,0.2583048939704895,0.7397196292877197,9.712067604064941,-0.012632451020181179,-0.013205008581280708,0.020575815811753273,31.67779999999709,3.2364000000058013,35.13370000000293,10.133700000002932
2026-05-15T15:18:44.204+08:00,40.091023299999996,1141,False,0.0,0.0526724365234375,9.787496386718749,0.0,0.0,0.0010652644360316954,0.2903486490249634,0.748197078704834,9.736454010009766,-0.013426673598587513,-0.006545871030539274,0.021122202277183533,31.576700000002234,1.8875000000022624,33.644899999998756,8.644899999998756
2026-05-15T15:18:44.237+08:00,40.1252723,1142,False,-0.009576806640625,0.028730419921875,9.840168823242188,0.0,0.0,0.0021305288720633907,0.3140522837638855,0.582758903503418,9.735404968261719,-0.00843857042491436,-0.00502509530633688,0.012999729253351688,31.700100000001896,2.2823999999985745,34.185899999997105,9.185899999997105
2026-05-15T15:18:44.272+08:00,40.163312399999995,1143,False,-0.009576806640625,0.0430956298828125,9.782707983398437,0.0010652644360316954,-0.0010652644360316954,0.0010652644360316954,0.3126108944416046,0.6331920623779297,9.698487281799316,-0.012091203592717648,-0.0032787639647722244,0.013426673598587513,31.783400000001905,5.928699999998344,37.97330000000443,12.973300000004429
2026-05-15T15:18:44.310+08:00,40.1970831,1144,False,0.0047884033203125,0.0430956298828125,9.811438403320311,0.003195793308095086,-0.0010652644360316954,0.0,0.3184612989425659,0.7263345718383789,9.704071044921875,-0.007852012291550636,-0.0050279563292860985,0.015281119383871555,31.642699999999024,1.8372000000042021,33.665200000001505,8.665200000001505
2026-05-15T15:18:44.344+08:00,40.2312173,1145,False,0.01915361328125,0.009576806640625,9.797073193359374,0.0021305288720633907,-0.0021305288720633907,0.0,0.3670160174369812,0.7741525173187256,9.690738677978516,-0.002662590704858303,-0.00017298245802521706,0.013393846340477467,31.76260000000042,2.116200000003232,34.07079999999496,9.07079999999496
2026-05-15T15:18:44.378+08:00,40.2652836,1146,False,0.0,0.0430956298828125,9.80665,0.004261057744126781,0.0,0.0,0.366625040769577,0.5545833110809326,9.705534934997559,-0.0071564470417797565,-0.002634377684444189,0.005360908806324005,31.57319999999686,2.2404999999992015,34.003800000000695,9.003800000000695
2026-05-15T15:18:44.412+08:00,40.2995783,1147,False,0.01915361328125,0.0526724365234375,9.801861596679688,0.0010652644360316954,0.0,0.0,0.3726253807544708,0.6222492456436157,9.71004867553711,-0.007230831775814295,-0.00039769522845745087,0.004516383167356253,31.620300000000157,2.408300000006136,34.23120000000068,9.231200000000683
2026-05-15T15:18:44.446+08:00,40.333558,1148,False,0.01915361328125,0.0430956298828125,9.801861596679688,0.003195793308095086,0.0,0.0,0.3915458619594574,0.7622663974761963,9.709358215332031,-0.008147653192281723,0.0008990839123725891,0.011479049921035767,31.6592,2.0475999999973737,33.91220000000317,8.912200000003168
2026-05-15T15:18:44.481+08:00,40.368671199999994,1149,False,0.0047884033203125,0.06703764648437499,9.80665,0.0,0.0,0.0,0.37755030393600464,0.8015272617340088,9.711132049560547,-0.012864229269325733,-0.0007094014436006546,0.01288043987005949,31.64770000000061,3.1524999999987813,35.05429999999876,10.054299999998761
2026-05-15T15:18:44.516+08:00,40.4030521,1150,False,0.0047884033203125,0.01915361328125,9.811438403320311,0.0,0.0,0.0,0.3688492774963379,0.6572813987731934,9.723701477050781,-0.0057676504366099834,-0.0005553839728236198,0.009601136669516563,31.820600000003196,2.2820000000010054,34.315599999999336,9.315599999999336
2026-05-15T15:18:44.550+08:00,40.436780399999996,1151,False,0.0,0.033518823242187495,9.811438403320311,0.0,0.0,0.0,0.36850813031196594,0.6933279037475586,9.71279239654541,-0.008592448197305202,-0.0002795197069644928,0.00961187295615673,31.52220000000483,1.974199999999371,33.65960000000001,8.659600000000012
2026-05-15T15:18:44.583+08:00,40.470801099999996,1152,False,0.0143652099609375,0.047884033203124995,9.811438403320311,-0.0021305288720633907,0.0010652644360316954,0.0,0.376689612865448,0.7477455139160156,9.70858097076416,-0.014183822087943554,0.0011351630091667175,0.011416223831474781,31.811699999998666,1.899899999997956,33.9535999999967,8.953599999996698
2026-05-15T15:18:44.618+08:00,40.505375799999996,1153,False,-0.0143652099609375,0.033518823242187495,9.801861596679688,-0.0021305288720633907,0.0,0.0,0.35456523299217224,0.7882568836212158,9.693939208984375,-0.011289005167782307,0.00037009594962000847,0.010922661051154137,31.743900000002157,2.5181000000031872,34.50759999999775,9.507599999997751
2026-05-15T15:18:44.652+08:00,40.539780099999994,1154,False,0.01915361328125,0.0526724365234375,9.80665,-0.0010652644360316954,0.0,0.0,0.3707183599472046,0.7367300987243652,9.697151184082031,-0.00940173864364624,-0.0009062383323907852,0.009402970783412457,31.621400000005906,2.4744999999981587,34.33660000000316,9.336600000003159
2026-05-15T15:18:44.687+08:00,40.5744453,1155,False,0.0047884033203125,0.06703764648437499,9.811438403320311,0.0,0.0,0.0,0.3721444606781006,0.7811112403869629,9.697778701782227,-0.010627596639096737,-0.0008593476377427578,0.009520746767520905,31.783699999998305,2.5420999999994365,34.60510000000028,9.605100000000277
2026-05-15T15:18:44.720+08:00,40.608897799999994,1156,False,0.0,0.028730419921875,9.801861596679688,0.0,-0.0010652644360316954,0.0,0.36314940452575684,0.774212121963501,9.701271057128906,-0.004649456590414047,-0.002930589020252228,0.009942936711013317,31.801099999995586,2.1105999999946334,34.38880000000211,9.388800000002107
2026-05-15T15:18:44.756+08:00,40.6433957,1157,False,0.0,0.023942016601562498,9.80665,0.0010652644360316954,-0.0010652644360316954,0.0,0.36314499378204346,0.7918121814727783,9.696130752563477,-0.0059946393594145775,-0.0013609039597213268,0.009750730358064175,31.94880000000211,2.1175999999982764,34.41229999999962,9.412299999999618
2026-05-15T15:18:44.790+08:00,40.6771591,1158,False,0.0,0.033518823242187495,9.80665,0.0010652644360316954,-0.0010652644360316954,0.0,0.3601926863193512,0.7515068054199219,9.69674015045166,-0.0068386271595954895,-0.0026713586412370205,0.009267890825867653,31.59000000000134,1.9300000000015416,33.69599999999906,8.69599999999906
2026-05-15T15:18:44.823+08:00,40.713111899999994,1159,False,0.009576806640625,0.047884033203124995,9.797073193359374,0.0010652644360316954,0.0010652644360316954,0.0,0.36264315247535706,0.8095338344573975,9.677515983581543,-0.00752602145075798,-0.0008938251994550228,0.009627065621316433,31.80780000000283,3.646299999999769,35.89099999999945,10.890999999999451
2026-05-15T15:18:44.860+08:00,40.753854,1160,False,0.0,0.0430956298828125,9.80665,0.0,0.0,0.0,0.3645182251930237,0.7802574634552002,9.692268371582031,-0.006721912883222103,-0.0012343176640570164,0.009471525438129902,31.720700000001045,8.527500000006683,40.60720000000373,15.60720000000373
2026-05-15T15:18:44.900+08:00,40.7881365,1161,False,0.01915361328125,0.05746083984375,9.801861596679688,0.0,0.0,0.0,0.37089604139328003,0.8307850360870361,9.682426452636719,-0.0077818408608436584,-0.0011684093624353409,0.009412813000380993,31.706999999997265,2.226300000003789,34.17800000000426,9.17800000000426
2026-05-15T15:18:44.935+08:00,40.8223754,1162,False,0.01915361328125,0.033518823242187495,9.816226806640625,-0.0010652644360316954,0.0,0.0,0.3762034475803375,0.7847554683685303,9.694023132324219,-0.00521000474691391,-0.002084145788103342,0.008898216299712658,31.712900000002264,2.308299999995711,34.18230000000477,9.182300000004773
2026-05-15T15:18:44.970+08:00,40.859421999999995,1163,False,0.0143652099609375,0.033518823242187495,9.797073193359374,0.0,0.0010652644360316954,0.0,0.3676565885543823,0.7976438999176025,9.674774169921875,-0.005379706621170044,-0.0015079816803336143,0.008868216536939144,31.691699999996104,4.860800000002996,36.9870999999975,11.987099999997497
2026-05-15T15:18:45.006+08:00,40.8980499,1164,False,0.0,0.0526724365234375,9.80665,-0.0010652644360316954,0.0,0.0,0.36065903306007385,0.7841331958770752,9.68531608581543,-0.009661577641963959,-0.0025309743359684944,0.009549886919558048,32.05409999999631,6.114300000000128,38.49980000000386,13.499800000003859
2026-05-15T15:18:45.045+08:00,40.933824099999995,1165,False,0.009576806640625,0.0430956298828125,9.80665,0.0,0.0010652644360316954,0.0,0.3609231412410736,0.8276050090789795,9.680144309997559,-0.007017488591372967,-0.0008178954012691975,0.00927191972732544,31.775299999999618,3.6680000000046675,35.70110000000426,10.70110000000426
2026-05-15T15:18:45.080+08:00,40.968884599999996,1166,False,0.0,0.0526724365234375,9.801861596679688,0.0,0.0,0.0,0.3601112961769104,0.7896385192871094,9.678796768188477,-0.006682686973363161,-0.0016661826521158218,0.008967967703938484,31.60259999999937,3.157600000001537,34.994999999995,9.994999999995002
2026-05-15T15:18:45.115+08:00,41.0053285,1167,False,0.0047884033203125,0.0383072265625,9.797073193359374,0.0,0.0,0.0,0.3577128052711487,0.824160099029541,9.669607162475586,-0.005177463870495558,-0.0018631760030984879,0.009226950816810131,32.088700000002746,3.734500000000196,36.351800000005596,11.351800000005596
2026-05-15T15:18:45.153+08:00,41.0443066,1168,False,0.0047884033203125,0.033518823242187495,9.80665,0.0010652644360316954,0.0,0.0,0.3622736930847168,0.769963264465332,9.683883666992188,-0.005008218809962273,-0.002042996697127819,0.009176651947200298,31.924799999998754,6.611499999998216,38.9010999999968,13.901099999996802
2026-05-15T15:18:45.191+08:00,41.078243199999996,1169,False,0.01915361328125,0.0383072265625,9.80665,0.0,0.0,0.0,0.3709281384944916,0.8099067211151123,9.677802085876465,-0.005597204901278019,-0.0015502171590924263,0.009110545739531517,31.631599999997206,2.0234000000058927,33.844299999998384,8.844299999998384
2026-05-15T15:18:45.225+08:00,41.1173437,1170,False,0.0,0.028730419921875,9.801861596679688,0.0,0.0,0.0,0.35957810282707214,0.7862358093261719,9.67862319946289,-0.006595430430024862,-0.0024170270189642906,0.009564715437591076,32.108000000000914,6.370199999999215,39.02699999999726,14.026999999997258
2026-05-15T15:18:45.264+08:00,41.1522082,1171,False,0.0047884033203125,0.0430956298828125,9.801861596679688,0.0010652644360316954,0.0,0.0,0.3568281829357147,0.8189728260040283,9.671380996704102,-0.006436909083276987,-0.002690159250050783,0.009563799016177654,31.796100000001104,2.7545000000017694,34.78239999999744,9.782399999997438
2026-05-15T15:18:45.299+08:00,41.186318299999996,1172,False,0.009576806640625,0.0526724365234375,9.811438403320311,0.0,0.0,0.0,0.36513784527778625,0.7843852043151855,9.688413619995117,-0.008154349401593208,-0.001999516040086746,0.009364878758788109,31.56049999999766,2.2712000000026933,34.02450000000101,9.024500000001012
2026-05-15T15:18:45.333+08:00,41.2216192,1173,False,0.0,0.0383072265625,9.801861596679688,0.0,0.0,0.0,0.3564842641353607,0.8084006309509277,9.675653457641602,-0.005773752462118864,-0.0018025576137006283,0.009344195015728474,31.783300000000736,3.221799999998609,35.22280000000677,10.222800000006771
2026-05-15T15:18:45.367+08:00,41.2557408,1174,False,0.0,0.0383072265625,9.801861596679688,-0.0010652644360316954,0.0,0.0,0.35586559772491455,0.7870438098907471,9.6781005859375,-0.006768704857677221,-0.0023092390038073063,0.009443036280572414,31.61360000000002,2.2674000000009187,34.0616999999952,9.061699999995199
2026-05-15T15:18:45.402+08:00,41.2902979,1175,False,0.009576806640625,0.047884033203124995,9.797073193359374,0.0,0.0,0.0,0.3625237047672272,0.8176703453063965,9.667264938354492,-0.0077473013661801815,-0.00157146155834198,0.00960206612944603,31.669900000004247,2.616899999999589,34.49640000000187,9.49640000000187
2026-05-15T15:18:45.438+08:00,41.325092,1176,False,0.0143652099609375,0.0383072265625,9.80665,0.0,0.0,0.0,0.3703271448612213,0.7741165161132812,9.684270858764648,-0.006501646712422371,-0.002152559347450733,0.009275626391172409,31.541900000000567,2.9879000000008205,34.73290000000162,9.73290000000162
2026-05-15T15:18:45.472+08:00,41.3612292,1177,False,0.0047884033203125,0.0430956298828125,9.80665,0.0010652644360316954,-0.0010652644360316954,0.0,0.363050252199173,0.7999017238616943,9.681503295898438,-0.005238603334873915,-0.003200711216777563,0.009322133846580982,31.58729999999821,4.164799999998081,36.05909999999568,11.05909999999568
2026-05-15T15:18:45.508+08:00,41.395539199999995,1178,False,0.0047884033203125,0.0430956298828125,9.801861596679688,0.0,-0.0010652644360316954,0.0,0.3598179817199707,0.7852809429168701,9.6823148727417,-0.006943105719983578,-0.003500029444694519,0.009616266004741192,31.816499999997916,2.165900000001386,34.24420000000339,9.244200000003389
2026-05-15T15:18:45.542+08:00,41.4297228,1179,False,0.0047884033203125,0.0383072265625,9.816226806640625,0.0,0.0,0.0,0.3601877987384796,0.7979867458343506,9.685626983642578,-0.006050159689038992,-0.0023705363273620605,0.009275291115045547,31.74099999999669,2.2111999999978593,34.124699999999564,9.124699999999564
2026-05-15T15:18:45.576+08:00,41.463948599999995,1180,False,0.0047884033203125,0.0383072265625,9.80665,0.0010652644360316954,0.0,0.0,0.36178410053253174,0.763007640838623,9.69050407409668,-0.005571975838392973,-0.0019058911129832268,0.009059618227183819,31.50579999999792,2.481199999998296,34.16449999999571,9.164499999995712
2026-05-15T15:18:45.610+08:00,41.4979065,1181,False,0.0,0.0430956298828125,9.80665,0.0,0.0,0.0,0.356950968503952,0.7852356433868408,9.682842254638672,-0.007045733276754618,-0.002426422666758299,0.009565785527229309,31.7323000000016,1.9970000000029131,33.89750000000191,8.897500000001912
2026-05-15T15:18:45.645+08:00,41.5321134,1182,False,0.009576806640625,0.033518823242187495,9.80665,0.0,0.0,0.0,0.36472088098526,0.7640523910522461,9.689043045043945,-0.00586296571418643,-0.002142537385225296,0.009064031764864922,31.596299999996802,2.36250000000382,34.152300000002356,9.152300000002356
2026-05-15T15:18:45.679+08:00,41.566675499999995,1183,False,0.0143652099609375,0.05746083984375,9.80665,0.0010652644360316954,0.0,0.0,0.3699868321418762,0.7946345806121826,9.680986404418945,-0.008251380175352097,-0.0021432857029139996,0.009640341624617577,31.650599999998974,2.644699999997613,34.492999999997664,9.492999999997664
2026-05-15T15:18:45.714+08:00,41.6008849,1184,False,0.0047884033203125,0.028730419921875,9.80665,0.0,0.0,0.0,0.3630020022392273,0.7562503814697266,9.692203521728516,-0.004952035844326019,-0.002400741446763277,0.009179582819342613,31.780799999999942,2.194799999998054,34.14709999999843,9.147099999998431
2026-05-15T15:18:45.747+08:00,41.6347287,1185,False,0.0047884033203125,0.047884033203124995,9.811438403320311,0.0010652644360316954,0.0,0.0,0.3606826961040497,0.7971155643463135,9.68588638305664,-0.007002648897469044,-0.0025948816910386086,0.009805847890675068,31.69130000000564,1.9247000000035541,33.78389999999598,8.783899999995981
2026-05-15T15:18:45.782+08:00,41.674572999999995,1186,False,0.01915361328125,0.0430956298828125,9.797073193359374,0.0,0.0,0.0,0.37272918224334717,0.767643928527832,9.683691024780273,-0.007243895437568426,-0.001782235223799944,0.009291098453104496,31.588399999996852,7.875200000000859,39.784099999998546,14.784099999998546
2026-05-15T15:18:45.822+08:00,41.7089207,1187,False,0.0,0.033518823242187495,9.80665,0.0,0.0,0.0,0.36370348930358887,0.7843515872955322,9.67895793914795,-0.00507015036419034,-0.002251978497952223,0.009272975847125053,31.68060000000139,2.2702999999992812,34.13410000000283,9.134100000002832
2026-05-15T15:18:45.856+08:00,41.743780699999995,1188,False,0.0047884033203125,0.0383072265625,9.80665,0.0010652644360316954,0.0,0.0,0.36036553978919983,0.7593710422515869,9.692880630493164,-0.0060944221913814545,-0.0026027457788586617,0.009109112434089184,31.808800000000303,2.7821000000045615,34.78919999999874,9.789199999998743
2026-05-15T15:18:45.890+08:00,41.782377399999994,1189,False,0.0143652099609375,0.047884033203124995,9.811438403320311,0.0,0.0,0.0,0.3685745298862457,0.8069939613342285,9.682683944702148,-0.007729020901024342,-0.0016666348092257977,0.00984407402575016,31.715699999999458,6.434699999999793,38.50670000000633,13.506700000006333
2026-05-15T15:18:45.929+08:00,41.8237816,1190,False,0.0,0.023942016601562498,9.80665,0.0,0.0,0.0,0.3608289062976837,0.7540328502655029,9.691685676574707,-0.0050996048375964165,-0.0019244388677179813,0.008969618007540703,31.759600000000887,9.060800000000313,41.31699999999938,16.316999999999382
2026-05-15T15:18:45.971+08:00,41.8584579,1191,False,0.0047884033203125,0.0383072265625,9.797073193359374,0.0,0.0,0.0,0.358693391084671,0.7990245819091797,9.673852920532227,-0.007169589400291443,-0.0024793511256575584,0.009922491386532784,31.81589999999801,2.1884999999954857,34.32109999999966,9.32109999999966
2026-05-15T15:18:46.004+08:00,41.892413299999994,1192,False,0.0047884033203125,0.047884033203124995,9.811438403320311,0.0,0.0,0.0,0.363136351108551,0.7684412002563477,9.692375183105469,-0.008655798621475697,-0.0021805372089147568,0.009500791318714619,31.716799999998102,2.0182999999960316,33.89669999999967,8.896699999999669
2026-05-15T15:18:46.040+08:00,41.927401499999995,1193,False,0.0143652099609375,0.0383072265625,9.80665,0.0,0.0010652644360316954,0.0,0.36638566851615906,0.8099608421325684,9.680835723876953,-0.006530522368848324,-0.0008605928160250187,0.00940291490405798,31.567200000004902,3.1693999999973244,34.93079999999793,9.93079999999793
2026-05-15T15:18:46.074+08:00,41.974543499999996,1194,False,0.0,0.047884033203124995,9.801861596679688,0.0010652644360316954,0.0,0.0,0.36319124698638916,0.7685196399688721,9.685090065002441,-0.006302664056420326,-0.002133176662027836,0.009305850602686405,31.62900000000235,15.02630000000238,47.0593000000008,22.059300000000803
2026-05-15T15:18:46.122+08:00,42.0092954,1195,False,0.01915361328125,0.0383072265625,9.801861596679688,0.0,0.0,0.0,0.36984679102897644,0.8072888851165771,9.677824020385742,-0.006231637671589851,-0.0020298254676163197,0.009550865739583969,31.791399999995917,2.3295000000018717,34.41180000000088,9.41180000000088
2026-05-15T15:18:46.156+08:00,42.0479638,1196,False,0.0047884033203125,0.033518823242187495,9.80665,0.0,0.0,0.0,0.3674934506416321,0.763803243637085,9.685555458068848,-0.005579336546361446,-0.0019750529900193214,0.009051979519426823,32.016900000002124,6.084300000004816,38.581199999995874,13.581199999995874
2026-05-15T15:18:46.195+08:00,42.0846302,1197,False,0.009576806640625,0.0383072265625,9.801861596679688,0.0,0.0,0.0,0.36242616176605225,0.7973670959472656,9.679035186767578,-0.006733859423547983,-0.002702930476516485,0.009625820443034172,31.932799999999872,4.193100000001948,36.572399999997174,11.572399999997174
2026-05-15T15:18:46.231+08:00,42.1214679,1198,False,-0.0047884033203125,0.0383072265625,9.792284790039062,0.0,0.0,0.0,0.35425013303756714,0.7700648307800293,9.67581558227539,-0.007576611824333668,-0.002023126929998398,0.009530322626233101,31.590300000004845,4.888900000004526,36.7331000000064,11.733100000006402
2026-05-15T15:18:46.268+08:00,42.160554,1199,False,0.033518823242187495,0.0526724365234375,9.80665,0.0,0.0,0.0,0.37978124618530273,0.8121471405029297,9.67707347869873,-0.007806841284036636,-0.0018734592013061047,0.009788907133042812,31.86489999999509,6.747599999997078,38.95560000000131,13.955600000001311
2026-05-15T15:18:46.307+08:00,42.1953939,1200,False,0.0,0.028730419921875,9.801861596679688,0.0,0.0,0.0,0.3651934862136841,0.7850947380065918,9.678115844726562,-0.0058350046165287495,-0.002239033579826355,0.009281075559556484,31.819499999997447,2.395799999995063,34.50099999999878,9.500999999998783
2026-05-15T15:18:46.342+08:00,42.2300901,1201,False,0.0143652099609375,0.047884033203124995,9.801861596679688,0.0,0.0,0.0,0.3649471700191498,0.812941312789917,9.675287246704102,-0.00786285474896431,-0.003832033136859536,0.010316960513591766,31.95819999999827,2.462400000005971,34.630599999999845,9.630599999999845
2026-05-15T15:18:46.377+08:00,42.264089899999995,1202,False,0.0,0.033518823242187495,9.801861596679688,0.0,0.0010652644360316954,0.0,0.3573956787586212,0.7898685932159424,9.6785888671875,-0.007261635269969702,-0.0007593119516968727,0.009456704370677471,31.614300000001094,2.1231999999997697,33.926099999995074,8.926099999995074
2026-05-15T15:18:46.410+08:00,42.298155699999995,1203,False,0.0143652099609375,0.033518823242187495,9.801861596679688,0.0,0.0,0.0,0.36779850721359253,0.8046286106109619,9.673828125,-0.005632967688143253,-0.0014386363327503204,0.009591763839125633,31.660499999993874,2.11529999999982,33.9950999999985,8.995099999998502
2026-05-15T15:18:46.445+08:00,42.332224399999994,1204,False,0.0,0.0383072265625,9.811438403320311,0.0,0.0,0.0,0.36120158433914185,0.8046016693115234,9.684749603271484,-0.006810469552874565,-0.001964195631444454,0.009229622781276703,31.733500000001413,2.0705000000020846,33.993499999994015,8.993499999994015
2026-05-15T15:18:46.479+08:00,42.3660536,1205,False,0.0,0.0430956298828125,9.816226806640625,0.0,0.0,0.0,0.35464951395988464,0.8139891624450684,9.686646461486816,-0.006914758123457432,-0.0024415599182248116,0.009736196137964725,31.624299999997163,1.976800000001333,33.76699999999744,8.766999999997438
2026-05-15T15:18:46.512+08:00,42.4001714,1206,False,0.01915361328125,0.033518823242187495,9.80665,0.0,0.0,0.0,0.37068313360214233,0.7935116291046143,9.683692932128906,-0.00596120348200202,-0.001415199600160122,0.009181058965623379,31.763499999996725,2.1064000000023952,34.055399999999736,9.055399999999736
2026-05-15T15:18:46.547+08:00,42.434067299999995,1207,False,0.0047884033203125,0.0430956298828125,9.80665,-0.0010652644360316954,0.0,0.0,0.3673664927482605,0.8141963481903076,9.676169395446777,-0.006892393808811903,-0.0020319484174251556,0.00955007504671812,31.562200000003315,2.102100000001883,33.83230000000026,8.83230000000026
2026-05-15T15:18:46.580+08:00,42.467799799999995,1208,False,0.0047884033203125,0.0383072265625,9.801861596679688,0.0,0.0010652644360316954,0.0,0.35601502656936646,0.8076949119567871,9.676928520202637,-0.007396922912448645,-0.001936749555170536,0.009516801685094833,31.614000000004694,1.8901000000042245,33.67279999999795,8.672799999997949
2026-05-15T15:18:46.615+08:00,42.5019864,1209,False,0.009576806640625,0.0383072265625,9.811438403320311,0.0,0.0,0.0,0.3650941848754883,0.8079390525817871,9.67959976196289,-0.00595783069729805,-0.0015864945016801357,0.00920166540890932,31.673599999997748,2.2650000000012938,34.1220999999976,9.122099999997602
2026-05-15T15:18:46.648+08:00,42.5356155,1210,False,0.0143652099609375,0.0430956298828125,9.80665,0.0,0.0,0.0,0.36917591094970703,0.8002097606658936,9.683738708496094,-0.006568447686731815,-0.0017949016764760017,0.009261546656489372,31.611599999997964,1.7883000000011862,33.566600000000335,8.566600000000335
2026-05-15T15:18:46.683+08:00,42.570132699999995,1211,False,0.0047884033203125,0.028730419921875,9.797073193359374,0.0,0.0,0.0,0.359391450881958,0.8032793998718262,9.671234130859375,-0.0059664431028068066,-0.0022269408218562603,0.009662066586315632,31.769599999996956,2.515899999998794,34.456300000002216,9.456300000002216
2026-05-15T15:18:46.717+08:00,42.606469499999996,1212,False,0.0047884033203125,0.047884033203124995,9.80665,0.0,0.0010652644360316954,0.0,0.3595334589481354,0.8031508922576904,9.677570343017578,-0.007737607695162296,-0.0018820813857018948,0.009668690152466297,31.803800000005822,4.214600000004509,36.27529999999979,11.275299999999788
2026-05-15T15:18:46.753+08:00,42.6434692,1213,False,0.009576806640625,0.0383072265625,9.816226806640625,0.0,0.0,0.0,0.3640230596065521,0.8019611835479736,9.690650939941406,-0.006816958077251911,-0.0017894557677209377,0.009190340526401997,31.76820000000191,4.8799999999999955,36.90800000000394,11.908000000003938
2026-05-15T15:18:46.790+08:00,42.6794851,1214,False,0.01915361328125,0.047884033203124995,9.801861596679688,0.0,-0.0010652644360316954,0.0,0.3733205199241638,0.7994515895843506,9.679704666137695,-0.006842524744570255,-0.0025725658051669598,0.009682085365056992,31.690099999998722,3.958000000004347,35.94149999999985,10.941499999999849
2026-05-15T15:18:46.826+08:00,42.7142087,1215,False,0.009576806640625,0.0526724365234375,9.797073193359374,0.0010652644360316954,0.0,0.0,0.3652682900428772,0.8113811016082764,9.67101001739502,-0.006555564235895872,-0.0027045835740864277,0.009607403539121151,31.55360000000229,2.8666999999984455,34.65810000000147,9.658100000001468
2026-05-15T15:18:46.862+08:00,42.7503785,1216,False,0.01915361328125,0.0430956298828125,9.816226806640625,0.0,0.0,0.0,0.3730597198009491,0.7934925556182861,9.68582534790039,-0.005376552697271109,-0.00220849784091115,0.009235449135303497,31.8499999999986,3.8677999999947588,35.95049999999844,10.950499999998442
2026-05-15T15:18:46.898+08:00,42.7851657,1217,False,0.0047884033203125,0.023942016601562498,9.792284790039062,0.0010652644360316954,0.0,0.0,0.3633666932582855,0.7805233001708984,9.672958374023438,-0.0030956128612160683,-0.0015301210805773735,0.009045349434018135,31.7481000000015,2.6525000000034993,34.724100000005365,9.724100000005365
2026-05-15T15:18:46.932+08:00,42.8201245,1218,False,0.0,0.0526724365234375,9.821015209960937,0.0010652644360316954,-0.0010652644360316954,0.0,0.3587988018989563,0.7989304065704346,9.689422607421875,-0.008319081738591194,-0.0041987113654613495,0.010000529699027538,32.071700000003034,2.41760000000113,34.89640000000094,9.896400000000938
2026-05-15T15:18:46.967+08:00,42.855021799999996,1219,False,0.009576806640625,0.0430956298828125,9.792284790039062,0.0,0.0010652644360316954,0.0,0.36057519912719727,0.7925450801849365,9.672493934631348,-0.006959776859730482,-0.0008037672378122807,0.009446610696613789,31.578799999998353,2.9360000000053788,34.75359999999483,9.753599999994833
2026-05-15T15:18:47.002+08:00,42.8898018,1220,False,-0.0143652099609375,0.0430956298828125,9.801861596679688,0.0,0.0010652644360316954,0.0,0.3511967957019806,0.7837100028991699,9.670848846435547,-0.00578300841152668,-0.001528460532426834,0.009497447870671749,31.696499999995353,2.7596999999985883,34.663799999997025,9.663799999997025
2026-05-15T15:18:47.037+08:00,42.927248399999996,1221,False,0.009576806640625,0.0430956298828125,9.811438403320311,-0.0010652644360316954,0.0,0.0,0.3615928590297699,0.781184196472168,9.692115783691406,-0.00710062263533473,-0.0015658936463296413,0.008955636061728,31.756500000000187,5.268800000003182,37.38110000000461,12.381100000004608
2026-05-15T15:18:47.074+08:00,42.9615351,1222,False,0.0047884033203125,0.023942016601562498,9.797073193359374,0.0,0.0,0.0,0.3608241677284241,0.7879610061645508,9.673264503479004,-0.005840720608830452,-0.0015285550616681576,0.009744463488459587,31.583300000001202,2.3443000000042957,34.12540000000064,9.125400000000639
2026-05-15T15:18:47.108+08:00,42.9954536,1223,False,0.009576806640625,0.01915361328125,9.80665,0.0,0.0,0.0,0.3661370873451233,0.7628664970397949,9.683115005493164,-0.004912693984806538,-0.0027109687216579914,0.009377202950417995,31.72959999999847,1.9682000000003086,33.862700000000245,8.862700000000245
2026-05-15T15:18:47.142+08:00,43.0314966,1224,False,0.033518823242187495,0.0383072265625,9.811438403320311,0.0,0.0,0.0,0.3843821883201599,0.7842981815338135,9.685079574584961,-0.008953112177550793,-0.0015619965270161629,0.009700522758066654,31.644000000000005,4.088400000000547,35.9849999999966,10.984999999996603
2026-05-15T15:18:47.178+08:00,43.067546799999995,1225,False,0.0047884033203125,0.047884033203124995,9.797073193359374,0.0,0.0,0.0,0.36915355920791626,0.7860255241394043,9.674629211425781,-0.009340811520814896,-0.0030307136476039886,0.00998484157025814,31.688699999996572,4.008999999996377,35.94240000000326,10.94240000000326
2026-05-15T15:18:47.215+08:00,43.103218299999995,1226,False,0.028730419921875,0.0526724365234375,9.80665,0.0,0.0,0.0,0.3773628771305084,0.813185453414917,9.680176734924316,-0.007969408296048641,-0.002977959346026182,0.009603787213563919,31.660099999996305,3.6802000000051294,35.57570000000254,10.575700000002541
2026-05-15T15:18:47.250+08:00,43.1370268,1227,False,0.0047884033203125,0.062249243164062495,9.801861596679688,0.0,0.0,0.0,0.3700151741504669,0.8043467998504639,9.673973083496094,-0.007774940691888332,-0.0018419665284454823,0.009566114284098148,31.64290000000136,1.9203000000018733,33.730900000001895,8.730900000001895
2026-05-15T15:18:47.284+08:00,43.1708753,1228,False,0.0,0.023942016601562498,9.801861596679688,0.0,0.0,0.0,0.35522061586380005,0.7884254455566406,9.681371688842773,-0.003158613108098507,-0.002777399029582739,0.009371432475745678,31.64379999999767,1.9548000000000343,33.78479999999939,8.784799999999393
2026-05-15T15:18:47.318+08:00,43.2056695,1229,False,0.0047884033203125,0.023942016601562498,9.80665,0.0,0.0,0.0,0.3616422712802887,0.7782979011535645,9.681249618530273,-0.005118850618600845,-0.0015421961434185505,0.009222774766385555,31.58109999999681,2.9436000000018225,34.72969999999975,9.729699999999752
2026-05-15T15:18:47.353+08:00,43.2471235,1230,False,0.0047884033203125,0.0526724365234375,9.792284790039062,0.0,0.0,0.0,0.3617525100708008,0.8104007244110107,9.666238784790039,-0.010429499670863152,-0.0017068269662559032,0.01038900576531887,31.90940000000353,8.983999999998105,41.384299999997154,16.384299999997154
2026-05-15T15:18:47.394+08:00,43.283524199999995,1231,False,0.0,0.0383072265625,9.830592016601562,0.0,0.0,0.0,0.35748544335365295,0.7967352867126465,9.700796127319336,-0.007256897632032633,-0.002906552981585264,0.009419268928468227,31.83909999999912,4.066699999995649,36.183399999998755,11.183399999998755
2026-05-15T15:18:47.430+08:00,43.3302553,1232,False,0.0,0.0526724365234375,9.787496386718749,0.0,0.0,0.0,0.3547448217868805,0.8049962520599365,9.66989517211914,-0.006528835743665695,-0.0014720945619046688,0.009834673255681992,31.86420000000112,13.927799999997603,46.648799999999824,21.648799999999824
2026-05-15T15:18:47.478+08:00,43.3689301,1233,False,0.01915361328125,0.033518823242187495,9.797073193359374,0.0,0.0,0.0,0.3709476590156555,0.8008968830108643,9.671186447143555,-0.006277789361774921,-0.0022530225105583668,0.009745330549776554,32.21990000000119,5.616099999997459,38.26940000000434,13.269400000004339
2026-05-15T15:18:47.516+08:00,43.4145421,1234,False,-0.0047884033203125,0.009576806640625,9.811438403320311,0.0,0.0,0.0,0.3617832660675049,0.7804467678070068,9.681320190429688,-0.0019103065133094788,-0.001820913515985012,0.008607890456914902,32.17890000000523,12.512700000002042,45.49550000000124,20.495500000001243
2026-05-15T15:18:47.561+08:00,43.452600499999996,1235,False,0.0047884033203125,0.023942016601562498,9.80665,0.0,0.0,0.0,0.35620519518852234,0.786409854888916,9.684967041015625,-0.00797438994050026,-0.002947197761386633,0.009979958645999432,31.80619999999834,5.6575000000052,37.96520000000214,12.965200000002142
2026-05-15T15:18:47.600+08:00,43.4966638,1236,False,-0.0047884033203125,0.0383072265625,9.80665,0.0,0.0,0.0,0.35280343890190125,0.8029849529266357,9.678106307983398,-0.00889640487730503,-0.0018729371950030327,0.01007690466940403,31.747400000000425,11.484400000000505,43.71870000000655,18.71870000000655
2026-05-15T15:18:47.644+08:00,43.5352957,1237,False,0.0,0.05746083984375,9.811438403320311,0.0,0.0,0.0,0.35482797026634216,0.8094453811645508,9.685787200927734,-0.008402010425925255,-0.002552601508796215,0.009556573815643787,31.92960000000511,6.255899999999315,38.500999999996566,13.500999999996566
2026-05-15T15:18:47.682+08:00,43.5702771,1238,False,0.0143652099609375,0.033518823242187495,9.801861596679688,0.0,0.0,0.0,0.3655396103858948,0.813178300857544,9.676316261291504,-0.005346325691789389,-0.0013636457733809948,0.009311270900070667,31.63229999999828,2.9628999999999905,34.91350000000182,9.913500000001818
2026-05-15T15:18:47.718+08:00,43.605040499999994,1239,False,0.023942016601562498,0.0383072265625,9.80665,0.0,0.0,0.0,0.37973061203956604,0.8043296337127686,9.676920890808105,-0.005614249501377344,-0.0017170058563351631,0.009575990960001945,31.74969999999888,2.532799999997337,34.54659999999876,9.546599999998762
2026-05-15T15:18:47.752+08:00,43.6403665,1240,False,0.0047884033203125,0.028730419921875,9.811438403320311,0.0,0.0,0.0,0.3640488088130951,0.7961950302124023,9.685566902160645,-0.0058821989223361015,-0.002450572792440653,0.009197873994708061,31.524999999994918,3.32989999999711,35.16109999999628,10.161099999996281
2026-05-15T15:18:47.787+08:00,43.6747052,1241,False,0.01915361328125,0.033518823242187495,9.816226806640625,0.0,0.0,0.0,0.37066003680229187,0.793259859085083,9.689413070678711,-0.007133337669074535,-0.002446675207465887,0.00982213206589222,31.906100000000492,1.923400000002573,34.11350000000368,9.113500000003683
2026-05-15T15:18:47.822+08:00,43.7085302,1242,False,0.0,0.062249243164062495,9.80665,0.0,0.0,0.0,0.36249393224716187,0.819587230682373,9.677202224731445,-0.00971276592463255,-0.002295267768204212,0.009768000803887844,31.592299999999796,1.9745000000028767,33.755299999995714,8.755299999995714
2026-05-15T15:18:47.856+08:00,43.742436999999995,1243,False,0.0047884033203125,0.047884033203124995,9.80665,0.0,0.0,0.0,0.35693755745887756,0.820112943649292,9.680580139160156,-0.007486728485673666,-0.0024703205563127995,0.009753486141562462,31.722100000003195,1.9532000000026528,33.84439999999955,8.844399999999553
2026-05-15T15:18:47.889+08:00,43.777276199999996,1244,False,-0.0047884033203125,0.0430956298828125,9.801861596679688,0.0,0.0,0.0,0.35429370403289795,0.7975404262542725,9.674919128417969,-0.005212634336203337,-0.0015556630678474903,0.00911444891244173,31.791599999998255,2.7748999999985813,34.77969999999431,9.779699999994307
2026-05-15T15:18:47.925+08:00,43.8168264,1245,False,0.0047884033203125,0.033518823242187495,9.80665,0.0,0.0,0.0,0.3598846197128296,0.7907569408416748,9.68203353881836,-0.005246439948678017,-0.0019570100121200085,0.009230224415659904,31.625099999999406,7.573000000000718,39.472199999998736,14.472199999998736
2026-05-15T15:18:47.963+08:00,43.851613799999996,1246,False,0.0,0.028730419921875,9.80665,0.0,0.0,0.0,0.3565116226673126,0.7908883094787598,9.6795654296875,-0.005563283339142799,-0.0018193474970757961,0.00928448885679245,31.759400000005655,2.6724999999956367,34.67559999999992,9.675599999999918
2026-05-15T15:18:47.999+08:00,43.887356999999994,1247,False,0.01915361328125,0.0430956298828125,9.80665,0.0,0.0,0.0,0.37066757678985596,0.7999050617218018,9.680116653442383,-0.007309846580028534,-0.0021779099479317665,0.00965507235378027,31.63950000000426,3.799399999998343,35.67009999999726,10.670099999997262
2026-05-15T15:18:48.034+08:00,43.922826699999995,1248,False,0.01915361328125,0.0526724365234375,9.811438403320311,0.0,0.0,0.0,0.3747371733188629,0.8035006523132324,9.68367862701416,-0.00798376277089119,-0.002032000571489334,0.009480583481490612,31.84109999999407,2.9450999999980354,35.36900000000287,10.36900000000287
2026-05-15T15:18:48.070+08:00,43.957269399999994,1249,False,0.0,0.047884033203124995,9.80665,0.0,0.0,0.0,0.3588257133960724,0.7902758121490479,9.684199333190918,-0.0068201893009245396,-0.0031033377163112164,0.009510303847491741,31.603699999998014,2.570599999998535,34.38529999999673,9.385299999996732
2026-05-15T15:18:48.104+08:00,43.9907658,1250,False,0.0143652099609375,0.033518823242187495,9.801861596679688,0.0,0.0,0.0,0.3658469617366791,0.794647216796875,9.67806625366211,-0.0055839321576058865,-0.0019810209050774574,0.009257538244128227,31.58249999999896,1.692299999994873,33.438499999995486,8.438499999995486
2026-05-15T15:18:48.137+08:00,44.0248193,1251,False,-0.0047884033203125,0.01915361328125,9.811438403320311,0.0,0.0,0.0,0.36006391048431396,0.7692327499389648,9.684074401855469,-0.0037990445271134377,-0.001860983669757843,0.008991238661110401,31.73169999999459,2.087699999997028,33.9979000000028,8.9979000000028
2026-05-15T15:18:48.172+08:00,44.0630147,1252,False,0.0143652099609375,0.033518823242187495,9.811438403320311,0.0,0.0,0.0,0.3648611605167389,0.7850518226623535,9.687366485595703,-0.007672326173633337,-0.0022768592461943626,0.009732348844408989,31.65130000000005,6.223600000005547,38.135699999997996,13.135699999997996
2026-05-15T15:18:48.210+08:00,44.1010151,1253,False,0.0,0.0526724365234375,9.797073193359374,0.0,0.0,0.0,0.36036446690559387,0.786203145980835,9.674076080322266,-0.009369544684886932,-0.0022282632999122143,0.0099922064691782,31.833800000001133,5.793699999998125,37.905100000003245,12.905100000003245
2026-05-15T15:18:48.248+08:00,44.1363555,1254,False,0.0143652099609375,0.05746083984375,9.80665,0.0,0.0,0.0,0.3665653467178345,0.8076596260070801,9.67924690246582,-0.007957680150866508,-0.00276191346347332,0.009720535017549992,31.662400000001867,3.3651000000034514,35.24640000000545,10.246400000005451
2026-05-15T15:18:48.284+08:00,44.171859399999995,1255,False,0.01915361328125,0.0526724365234375,9.811438403320311,0.0,0.0,0.0,0.37491899728775024,0.7964327335357666,9.68548583984375,-0.006094959564507008,-0.001675439067184925,0.009018615819513798,32.24140000000375,2.8981999999970753,35.37500000000193,10.375000000001933
2026-05-15T15:18:48.319+08:00,44.207233099999996,1256,False,0.01915361328125,0.047884033203124995,9.801861596679688,0.0,0.0,0.0,0.37485963106155396,0.7985632419586182,9.678202629089355,-0.005821165628731251,-0.001979019958525896,0.009623001329600811,31.710199999999134,3.3381000000005656,35.310400000000186,10.310400000000186
2026-05-15T15:18:48.354+08:00,44.242743399999995,1257,False,0.009576806640625,0.01915361328125,9.801861596679688,0.0,0.0,0.0,0.3675556480884552,0.7581157684326172,9.682535171508789,-0.003910967148840427,-0.0020286249928176403,0.008923019282519817,31.647300000003042,3.5100999999997384,35.42799999999602,10.427999999996018
2026-05-15T15:18:48.389+08:00,44.2785412,1258,False,0.0047884033203125,0.0383072265625,9.811438403320311,0.0,0.0,0.0,0.36259597539901733,0.7842366695404053,9.684391975402832,-0.007666661869734526,-0.0026558134704828262,0.009828636422753334,31.712699999999927,3.6546999999984564,35.70630000000108,10.706300000001079
2026-05-15T15:18:48.426+08:00,44.314511599999996,1259,False,0.009576806640625,0.05746083984375,9.80665,0.0,0.0,0.0,0.3641928434371948,0.7918541431427002,9.686321258544922,-0.010159078054130077,-0.002082962542772293,0.009843619540333748,31.817799999998897,3.5357000000004746,35.70599999999757,10.705999999997573
2026-05-15T15:18:48.461+08:00,44.348487299999995,1260,False,-0.009576806640625,0.0383072265625,9.797073193359374,0.0,0.0,0.0,0.3494119346141815,0.791212797164917,9.675052642822266,-0.006284367758780718,-0.002144938800483942,0.00959665235131979,31.627400000004968,2.0975999999990336,33.917600000002324,8.917600000002324
2026-05-15T15:18:48.496+08:00,44.3833656,1261,False,0.0143652099609375,0.05746083984375,9.801861596679688,0.0,0.0,0.0,0.3663853406906128,0.7928872108459473,9.678390502929688,-0.007838279008865356,-0.002154682297259569,0.009564518928527832,31.805999999996004,2.7545000000017694,34.79759999999743,9.79759999999743
2026-05-15T15:18:48.530+08:00,44.4197682,1262,False,0.009576806640625,0.0383072265625,9.80665,0.0,0.0,0.0,0.36655300855636597,0.8033294677734375,9.679931640625,-0.00635208236053586,-0.0015187072567641735,0.009565932676196098,31.74849999999907,4.20530000000241,36.33740000000074,11.337400000000741
2026-05-15T15:18:48.567+08:00,44.4547299,1263,False,0.0047884033203125,0.023942016601562498,9.797073193359374,0.0,0.0,0.0,0.361360639333725,0.775078535079956,9.677135467529297,-0.00458530755713582,-0.002566451206803322,0.009638871997594833,31.876099999998075,2.4855000000059135,34.605999999996584,9.605999999996584
2026-05-15T15:18:48.602+08:00,44.490883399999994,1264,False,0.01915361328125,0.0526724365234375,9.80665,0.0,0.0,0.0,0.37229713797569275,0.7986319065093994,9.678316116333008,-0.009893831796944141,-0.002280286978930235,0.009847627021372318,31.68589999999938,4.179700000001674,36.092400000001135,11.092400000001135
2026-05-15T15:18:48.638+08:00,44.525743,1265,False,0.0047884033203125,0.033518823242187495,9.811438403320311,0.0,0.0,0.0,0.3629228174686432,0.7984881401062012,9.686593055725098,-0.007314004469662905,-0.001804401632398367,0.009708279743790627,31.64049999999463,2.928300000000661,34.771899999995526,9.771899999995526
2026-05-15T15:18:48.672+08:00,44.561754,1266,False,0.0,0.047884033203124995,9.80665,0.0,0.0,0.0,0.3552248775959015,0.8200061321258545,9.680118560791016,-0.0070101250894367695,-0.0028603929094970226,0.009859749116003513,31.794699999998954,3.925299999998799,35.92919999999822,10.929199999998218
2026-05-15T15:18:48.709+08:00,44.5965584,1267,False,0.009576806640625,0.05746083984375,9.792284790039062,0.0,0.0,0.0,0.3628977835178375,0.8134872913360596,9.668961524963379,-0.008252715691924095,-0.0015506870113313198,0.009682679548859596,31.625699999999313,2.905900000001793,34.73009999999732,9.730099999997321
2026-05-15T15:18:48.743+08:00,44.6337664,1268,False,0.0047884033203125,0.023942016601562498,9.801861596679688,0.0,0.0,0.0,0.3626292943954468,0.7967276573181152,9.674322128295898,-0.0034848921932280064,-0.0015853806398808956,0.009349489584565163,31.689999999997553,5.191899999999805,37.14809999999602,12.14809999999602
2026-05-15T15:18:48.780+08:00,44.6752092,1269,False,0.0,0.028730419921875,9.80665,0.0,0.0,0.0,0.35718339681625366,0.8020060062408447,9.680377960205078,-0.0049064247868955135,-0.0021728817373514175,0.009365752339363098,31.777099999999336,9.26470000000279,41.3374000000033,16.3374000000033
2026-05-15T15:18:48.822+08:00,44.7112797,1270,False,0.023942016601562498,0.0430956298828125,9.811438403320311,0.0,0.0,0.0,0.3731445372104645,0.8291745185852051,9.680426597595215,-0.009164727292954922,-0.0017063748091459274,0.010152369737625122,31.752000000004443,3.9228999999991743,35.94299999999606,10.942999999996061
2026-05-15T15:18:48.858+08:00,44.7542719,1271,False,0.009576806640625,0.0526724365234375,9.801861596679688,0.0,0.0,0.0,0.36887726187705994,0.8189811706542969,9.671731948852539,-0.008025756105780602,-0.0020623793825507164,0.009713169187307358,31.728899999997395,10.69569999999942,42.88660000000277,17.886600000002773
2026-05-15T15:18:48.902+08:00,44.7913169,1272,False,0.0,0.033518823242187495,9.801861596679688,0.0,0.0,0.0,0.35526296496391296,0.8024330139160156,9.678407669067383,-0.005244225729256868,-0.0029024467803537846,0.00936296209692955,31.654600000003086,4.801399999998068,36.69299999999964,11.692999999999643
2026-05-15T15:18:48.938+08:00,44.830069599999995,1273,False,0.0,0.047884033203124995,9.816226806640625,0.0,0.0,0.0,0.35549262166023254,0.8288173675537109,9.683509826660156,-0.007375501096248627,-0.0018451507203280926,0.009540926665067673,31.746599999998182,6.6089999999974225,38.68330000000242,13.683300000002419
2026-05-15T15:18:48.977+08:00,44.865132599999995,1274,False,0.0143652099609375,0.033518823242187495,9.801861596679688,0.0,0.0,0.0,0.3651403486728668,0.8205795288085938,9.677411079406738,-0.005964705254882574,-0.0013609486632049084,0.009318860247731209,31.505300000006287,3.261399999999526,34.97979999999501,9.97979999999501
2026-05-15T15:18:49.012+08:00,44.907044,1275,False,0.0,0.047884033203124995,9.801861596679688,0.0,0.0,0.0,0.3607942759990692,0.812746524810791,9.671344757080078,-0.006968724075704813,-0.002610506024211645,0.009806142188608646,31.830000000006464,9.711199999998144,41.81289999999649,16.81289999999649
2026-05-15T15:18:49.054+08:00,44.945726699999994,1276,False,0.0047884033203125,0.0430956298828125,9.811438403320311,0.0,0.0,0.0,0.3588309586048126,0.7994651794433594,9.686422348022461,-0.006518279667943716,-0.002544684801250696,0.00938125979155302,31.708899999998152,6.274799999999914,38.56580000000065,13.56580000000065
2026-05-15T15:18:49.092+08:00,44.985837499999995,1277,False,0.023942016601562498,0.047884033203124995,9.816226806640625,0.0,0.0,0.0,0.3746083080768585,0.8314836025238037,9.683688163757324,-0.006812375038862228,-0.0014246818609535694,0.009391870349645615,32.11729999999591,7.328999999998587,39.96510000000342,14.965100000003417
2026-05-15T15:18:49.133+08:00,45.0214764,1278,False,0.009576806640625,0.0430956298828125,9.801861596679688,0.0,0.0,0.0,0.36853259801864624,0.8068501949310303,9.676263809204102,-0.0057300725020468235,-0.0020894003100693226,0.009325413964688778,31.76249999999925,3.485599999997646,35.5497999999983,10.5497999999983
2026-05-15T15:18:49.168+08:00,45.0575238,1279,False,0.0,0.023942016601562498,9.801861596679688,0.0,0.0,0.0,0.35458895564079285,0.7999494075775146,9.674528121948242,-0.004986266139894724,-0.0028538857586681843,0.00955959502607584,31.711500000000115,4.031700000005856,35.99050000000403,10.990500000004033
2026-05-15T15:18:49.204+08:00,45.0980638,1280,False,0.0143652099609375,0.0383072265625,9.797073193359374,0.0,0.0,0.0,0.3676801025867462,0.7826504707336426,9.673685073852539,-0.0073560625314712524,-0.0019368445500731468,0.009523593820631504,31.751999999997338,8.227700000006166,40.40969999999788,15.409699999997883
2026-05-15T15:18:49.245+08:00,45.133154,1281,False,0.0047884033203125,0.047884033203124995,9.797073193359374,0.0,0.0,0.0,0.36144647002220154,0.8229179382324219,9.666671752929688,-0.008106588385999203,-0.0018433411605656147,0.009626554325222969,31.697399999998765,3.0602000000001794,34.988399999996034,9.988399999996034
2026-05-15T15:18:49.280+08:00,45.1671555,1282,False,0.0,0.0430956298828125,9.801861596679688,0.0,0.0,0.0,0.3549696207046509,0.7969498634338379,9.676424026489258,-0.00671041663736105,-0.002731987275183201,0.009299366734921932,31.79699999999741,1.9168000000036045,33.908199999999056,8.908199999999056
2026-05-15T15:18:49.314+08:00,45.201601,1283,False,0.0047884033203125,0.033518823242187495,9.80665,0.0,0.0,0.0,0.3599708080291748,0.794661283493042,9.678743362426758,-0.0048746271058917046,-0.0016978145577013493,0.009139413014054298,31.621900000004644,2.5592000000003168,34.38529999999673,9.385299999996732
2026-05-15T15:18:49.348+08:00,45.2372496,1284,False,0.023942016601562498,0.047884033203124995,9.797073193359374,0.0,0.0,0.0,0.3762165307998657,0.7892434597015381,9.674373626708984,-0.007715555373579264,-0.0014867275021970272,0.009704167023301125,31.83130000000034,3.5123999999981947,35.58919999999688,10.589199999996879
2026-05-15T15:18:49.384+08:00,45.2710715,1285,False,0.0047884033203125,0.028730419921875,9.801861596679688,0.0,0.0,0.0,0.3636203110218048,0.8011138439178467,9.67302417755127,-0.0055226413533091545,-0.002417705487459898,0.00925955269485712,31.593499999999608,1.931599999998923,33.72900000000101,8.729000000001008
2026-05-15T15:18:49.418+08:00,45.305029399999995,1286,False,0.0047884033203125,0.033518823242187495,9.816226806640625,0.0,0.0,0.0,0.3601190447807312,0.7868616580963135,9.689340591430664,-0.006292168982326984,-0.003007102757692337,0.009652169421315193,31.576999999998634,2.113399999998933,33.886400000000094,8.886400000000094
2026-05-15T15:18:49.452+08:00,45.339419199999995,1287,False,0.023942016601562498,0.05746083984375,9.80665,0.0,0.0,0.0,0.374938040971756,0.8063631057739258,9.679450988769531,-0.009817286394536495,-0.0014446908608078957,0.00983600877225399,31.626200000005156,2.482899999996846,34.32560000000251,9.32560000000251
2026-05-15T15:18:49.487+08:00,45.375501099999994,1288,False,0.0143652099609375,0.0526724365234375,9.830592016601562,-0.004261057744126781,0.0021305288720633907,0.0,0.37273064255714417,0.7970001697540283,9.698616027832031,-0.010092521086335182,-0.000798818189650774,0.00947840791195631,32.028199999999174,3.4559999999999036,36.0131999999993,11.013199999999301
2026-05-15T15:18:49.523+08:00,45.4103493,1289,False,-0.033518823242187495,-0.0143652099609375,9.835380419921874,-0.009587379924285258,0.003195793308095086,0.0,0.3326234221458435,0.7590844631195068,9.710027694702148,-0.0039014341309666634,-0.0008527305908501148,0.008760016411542892,32.2117999999989,2.31589999999926,34.775099999997394,9.775099999997394
2026-05-15T15:18:49.557+08:00,45.4451709,1290,False,0.01915361328125,0.06703764648437499,9.730035546875,0.0,0.0,0.0,0.3633289337158203,0.8194224834442139,9.610828399658203,-0.025058617815375328,0.0004671309143304825,0.012111225165426731,31.780099999998868,2.747200000001726,34.75230000000096,9.752300000000957
2026-05-15T15:18:49.591+08:00,45.4794761,1291,False,0.023942016601562498,0.062249243164062495,9.811438403320311,-0.0021305288720633907,0.0,0.0,0.3835015296936035,0.8370418548583984,9.66425895690918,-0.012210646644234657,-0.002804767806082964,0.011119169183075428,31.72310000000067,2.2536999999971385,34.241999999998995,9.241999999998995
2026-05-15T15:18:49.627+08:00,45.515408,1292,False,0.0,0.0,9.82580361328125,0.0,-0.0010652644360316954,0.0,0.3605462908744812,0.8035602569580078,9.700855255126953,0.0020179711282253265,-0.00398844201117754,0.008968687616288662,31.948299999996266,2.5896000000003028,34.939100000002554,9.939100000002554
2026-05-15T15:18:49.662+08:00,45.5514988,1293,False,0.028730419921875,0.0909796630859375,9.792284790039062,0.0,0.0,0.0,0.3765689730644226,0.8385236263275146,9.659158706665039,-0.020501509308815002,-0.0018710754811763763,0.01088742259889841,31.712699999999927,3.8687999999993394,36.025699999996164,11.025699999996164
2026-05-15T15:18:49.699+08:00,45.585961499999996,1294,False,0.0047884033203125,0.023942016601562498,9.797073193359374,0.0,-0.0010652644360316954,0.0,0.3637734055519104,0.906336784362793,9.658548355102539,-0.001901642419397831,-0.0032416866160929203,0.011277059093117714,31.71700000000044,2.4536999999966724,34.39350000000019,9.393500000000188
2026-05-15T15:18:49.732+08:00,45.621575799999995,1295,False,0.0,-0.009576806640625,9.816226806640625,0.0010652644360316954,0.0,0.0,0.3559343218803406,0.8295214176177979,9.675867080688477,0.0002738628536462784,-0.0032046358101069927,0.009649601764976978,31.64480000000225,3.641299999998182,35.547399999998675,10.547399999998675
2026-05-15T15:18:49.769+08:00,45.656437399999994,1296,False,-0.033518823242187495,0.05746083984375,9.773131176757811,0.0,0.0,0.0,0.33349692821502686,0.8554034233093262,9.64107894897461,-0.016698362305760384,-0.0022224518470466137,0.010781320743262768,31.791499999997086,2.7078999999972098,34.77970000000141,9.779700000001412
2026-05-15T15:18:49.804+08:00,45.6918204,1297,False,0.0,0.0047884033203125,9.80665,0.0,-0.0010652644360316954,0.0,0.34312403202056885,0.8776755332946777,9.661012649536133,-0.0026763062924146652,-0.0023344755172729492,0.010836934670805931,31.74200000000127,3.3542000000039707,35.320399999996255,10.320399999996255
2026-05-15T15:18:49.839+08:00,45.727815,1298,False,0.0,0.06703764648437499,9.792284790039062,0.0021305288720633907,-0.0010652644360316954,0.0,0.3612876832485199,0.9277946949005127,9.645675659179688,-0.010871389880776405,-0.0007657301612198353,0.009906102903187275,31.629899999998656,4.104499999996847,35.93399999999747,10.933999999997468
2026-05-15T15:18:49.874+08:00,45.7674032,1299,False,0.023942016601562498,0.023942016601562498,9.816226806640625,0.0,0.0,0.0,0.3696068525314331,0.9402384757995605,9.668105125427246,-0.004737189505249262,-0.0017769457772374153,0.011014256626367569,31.8432000000044,7.317200000002799,39.524399999997684,14.524399999997684
2026-05-15T15:18:49.914+08:00,45.8030336,1300,False,0.01915361328125,0.01915361328125,9.792284790039062,0.0010652644360316954,-0.0010652644360316954,0.0,0.3744547367095947,0.906440258026123,9.650108337402344,-0.003708572592586279,-0.0010322160087525845,0.009919133968651295,31.80799999999806,3.4232000000002927,35.51029999999855,10.510299999998551
2026-05-15T15:18:49.950+08:00,45.837396399999996,1301,False,0.0430956298828125,0.047884033203124995,9.811438403320311,0.0,0.0,0.0,0.3897946774959564,0.9216158390045166,9.662174224853516,-0.01040917169302702,-0.0017582937143743038,0.009980658069252968,31.644100000001174,2.463900000002184,34.301999999996724,9.301999999996724
2026-05-15T15:18:49.984+08:00,45.8712081,1302,False,-0.0047884033203125,0.009576806640625,9.797073193359374,0.0,0.0,0.0,0.3564242124557495,0.9576995372772217,9.658281326293945,-0.004492541309446096,-0.0017309077084064484,0.009473449550569057,31.59760000000489,1.9710999999986711,33.75469999999581,8.754699999995808
2026-05-15T15:18:50.018+08:00,45.905218399999995,1303,False,0.0,0.05746083984375,9.82580361328125,0.0021305288720633907,0.0,0.0,0.35077470541000366,0.9553005695343018,9.675458908081055,-0.009113768115639687,-0.0031814253889024258,0.009856238029897213,31.75979999999612,2.011200000005431,33.95450000000011,8.95450000000011
2026-05-15T15:18:50.052+08:00,45.939147899999995,1304,False,0.009576806640625,0.033518823242187495,9.797073193359374,0.0,0.0010652644360316954,0.0,0.3557499349117279,0.9568734169006348,9.659930229187012,-0.007134405896067619,0.001373549923300743,0.009738776832818985,31.66530000000023,2.0327999999949498,33.873400000004494,8.873400000004494
2026-05-15T15:18:50.086+08:00,45.9744679,1305,False,-0.0143652099609375,0.01915361328125,9.80665,0.0,0.0,0.0,0.34949156641960144,0.9126052856445312,9.657491683959961,-0.0037471000105142593,-0.0011819112114608288,0.009553523734211922,31.701500000004046,3.318499999998892,35.25699999999432,10.25699999999432
2026-05-15T15:18:50.120+08:00,46.0133078,1306,False,0.0143652099609375,0.0383072265625,9.816226806640625,0.0010652644360316954,-0.0010652644360316954,0.0,0.35929742455482483,0.9541792869567871,9.677423477172852,-0.007428376004099846,-0.0009564599022269249,0.008955307304859161,31.737700000000757,6.709399999998311,38.73819999999739,13.738199999997391
2026-05-15T15:18:50.160+08:00,46.047736099999995,1307,False,0.0143652099609375,0.01915361328125,9.811438403320311,0.0,0.0,0.0,0.36508238315582275,0.9447658061981201,9.666024208068848,-0.006314800586551428,-0.0002187793143093586,0.00996822863817215,31.7419000000001,2.3465999999956466,34.32200000000307,9.322000000003072
2026-05-15T15:18:50.194+08:00,46.082492699999996,1308,False,0.0430956298828125,0.05746083984375,9.80665,0.0,0.0,0.0,0.3876219689846039,0.9568338394165039,9.659440994262695,-0.00922767911106348,-0.0005609169602394104,0.009610222652554512,31.752000000004443,2.6468999999949006,34.701399999995886,9.701399999995886
2026-05-15T15:18:50.228+08:00,46.1198555,1309,False,0.0143652099609375,0.0526724365234375,9.801861596679688,0.0,0.0,0.0,0.3702395558357239,0.9503188133239746,9.65325927734375,-0.00901118479669094,-0.0012315683998167515,0.00966272410005331,31.82809999999847,5.007199999994327,37.29210000000194,12.292100000001938
2026-05-15T15:18:50.267+08:00,46.1583605,1310,False,0.0143652099609375,0.033518823242187495,9.80665,0.0,0.0,0.0,0.3630654811859131,0.9409010410308838,9.661993026733398,-0.004776672460138798,-0.0015676859766244888,0.009562826715409756,31.865400000000932,6.147499999997308,38.33060000000188,13.33060000000188
2026-05-15T15:18:50.305+08:00,46.1962645,1311,False,0.009576806640625,0.0383072265625,9.787496386718749,0.0,0.0010652644360316954,0.0,0.36032167077064514,0.9353282451629639,9.644742965698242,-0.0058074165135622025,0.0009493576362729073,0.00909168180078268,31.84710000000024,5.528699999999276,37.771199999994565,12.771199999994565
2026-05-15T15:18:50.344+08:00,46.231443399999996,1312,False,-0.023942016601562498,0.009576806640625,9.811438403320311,-0.0010652644360316954,0.0,0.0,0.3372548818588257,0.9068818092346191,9.662574768066406,-0.004560600034892559,-0.0009483792819082737,0.009184206835925579,31.801700000002597,2.996199999998339,35.0925999999987,10.092599999998697
2026-05-15T15:18:50.378+08:00,46.2728572,1313,False,0.0,0.033518823242187495,9.80665,0.0,0.0,0.0,0.3437398374080658,0.909369945526123,9.662162780761719,-0.008396976627409458,-0.00062910420820117,0.00967493001371622,31.719000000002495,9.358399999996436,41.35519999999815,16.35519999999815
2026-05-15T15:18:50.420+08:00,46.308757,1314,False,0.0,0.06703764648437499,9.80665,0.0,0.0,0.0,0.35178351402282715,0.9339227676391602,9.653322219848633,-0.01094894576817751,-0.0002925693988800049,0.010201353579759598,32.04470000000015,3.509200000003432,35.790099999999825,10.790099999999825
2026-05-15T15:18:50.455+08:00,46.3424373,1315,False,0.0143652099609375,0.047884033203124995,9.816226806640625,0.0,0.0,0.0,0.36051124334335327,0.9268546104431152,9.664724349975586,-0.0059919715858995914,-0.001089991070330143,0.00934565719217062,31.632899999998187,1.8205000000008909,33.62119999999891,8.621199999998908
2026-05-15T15:18:50.490+08:00,46.377437,1316,False,0.01915361328125,0.05746083984375,9.80665,0.0010652644360316954,0.0,0.0,0.36863628029823303,0.9174692630767822,9.657712936401367,-0.004673056770116091,-0.0003860723227262497,0.008985265158116817,31.562699999994948,3.19640000000021,34.94110000000461,9.94110000000461
2026-05-15T15:18:50.524+08:00,46.4139554,1317,False,0.033518823242187495,0.023942016601562498,9.801861596679688,0.0010652644360316954,0.0,0.0,0.37956011295318604,0.8972165584564209,9.654865264892578,-0.002918318845331669,-0.000663380604237318,0.009383022785186768,31.74320000000108,4.351599999999678,36.45230000000055,11.452300000000548
2026-05-15T15:18:50.560+08:00,46.4496342,1318,False,0.009576806640625,0.0047884033203125,9.821015209960937,0.0,0.0,0.0,0.3700273633003235,0.8657300472259521,9.665555953979492,-0.001584683544933796,-0.0012537697330117226,0.008801131509244442,31.727599999996414,3.6450999999999567,35.59479999999837,10.594799999998372
2026-05-15T15:18:50.597+08:00,46.485011,1319,False,0.0,0.0430956298828125,9.782707983398437,0.0,0.0,0.0,0.34914135932922363,0.8778800964355469,9.640717506408691,-0.010194145143032074,-0.002268629614263773,0.010130532085895538,31.75139999999743,3.3124000000057663,35.305600000000936,10.305600000000936
2026-05-15T15:18:50.632+08:00,46.5193799,1320,False,-0.0143652099609375,0.0383072265625,9.816226806640625,0.0,-0.0021305288720633907,0.0,0.3408348560333252,0.8891088962554932,9.662384033203125,-0.008223158307373524,-0.0035485459957271814,0.009801176376640797,31.665500000002567,2.249700000000132,34.17509999999879,9.175099999998793
2026-05-15T15:18:50.666+08:00,46.553547099999996,1321,False,0.0,0.047884033203124995,9.792284790039062,0.0,0.0,0.0,0.34656575322151184,0.8873867988586426,9.648754119873047,-0.006744235288351774,-0.0007654270157217979,0.009536274708807468,31.727100000004782,2.069499999997504,34.08939999999916,9.08939999999916
2026-05-15T15:18:50.701+08:00,46.5875894,1322,False,0.01915361328125,0.05746083984375,9.80665,0.0010652644360316954,0.0,0.0,0.3669651448726654,0.9059114456176758,9.651826858520508,-0.006973528768867254,-0.0009618289768695831,0.009718610905110836,31.744599999996126,1.9962000000006697,33.9852000000036,8.985200000003601
2026-05-15T15:18:50.734+08:00,46.6216327,1323,False,0.009576806640625,0.0143652099609375,9.797073193359374,-0.0010652644360316954,-0.0021305288720633907,0.0,0.36481359601020813,0.8597075939178467,9.652562141418457,-0.00051850825548172,-0.002414710819721222,0.00929500162601471,31.60029999999381,2.204800000001228,33.98450000000253,8.984500000002527
2026-05-15T15:18:50.768+08:00,46.6586054,1324,False,0.0383072265625,0.033518823242187495,9.797073193359374,0.0010652644360316954,0.0,0.0,0.3814651668071747,0.8805069923400879,9.648128509521484,-0.007142815738916397,-0.0022126734256744385,0.010028893128037453,31.835100000002114,4.5278000000053,36.905400000001976,11.905400000001976
2026-05-15T15:18:50.805+08:00,46.698138,1325,False,0.023942016601562498,0.0383072265625,9.82580361328125,0.0,0.0,0.0,0.3807782232761383,0.8718338012695312,9.670970916748047,-0.007023178972303867,-0.001261669211089611,0.009734335355460644,31.80900000000264,7.241900000003909,39.41319999999848,14.413199999998483
2026-05-15T15:18:50.845+08:00,46.7377238,1326,False,-0.009576806640625,0.047884033203124995,9.787496386718749,0.0010652644360316954,-0.0010652644360316954,0.0,0.349385142326355,0.891272783279419,9.64804458618164,-0.006265266332775354,-0.004314502701163292,0.009688226506114006,31.921000000004085,7.162600000000907,39.46559999999977,14.465599999999768
2026-05-15T15:18:50.885+08:00,46.7719813,1327,False,0.0,0.0526724365234375,9.80665,0.0,0.0,0.0,0.3501676023006439,0.8676853179931641,9.661373138427734,-0.007198168430477381,-0.002431137952953577,0.009390030987560749,31.571400000004246,2.3843999999968446,34.15319999999866,9.153199999998662
2026-05-15T15:18:50.919+08:00,46.8066877,1328,False,0.0,0.033518823242187495,9.80665,0.0,0.0,0.0,0.35287919640541077,0.8882162570953369,9.65793228149414,-0.004291225224733353,-9.06866043806076e-05,0.00924527645111084,31.6592,2.803799999995249,34.64749999999839,9.647499999998388
2026-05-15T15:18:50.954+08:00,46.840407199999994,1329,False,0.0143652099609375,0.047884033203124995,9.811438403320311,0.0,0.0,0.0,0.36503735184669495,0.865178108215332,9.667951583862305,-0.00664996262639761,-0.0012830700725317001,0.009443197399377823,31.684300000001997,1.795199999996555,33.65020000000385,8.65020000000385
2026-05-15T15:18:50.987+08:00,46.8776498,1330,False,0.028730419921875,0.033518823242187495,9.801861596679688,0.0,0.0,0.0,0.376750648021698,0.8794138431549072,9.657854080200195,-0.005599947180598974,-0.0008947895839810371,0.00962170772254467,31.729800000000807,5.150000000000432,37.18030000000283,12.18030000000283
2026-05-15T15:18:51.024+08:00,46.920092999999994,1331,False,0.033518823242187495,0.033518823242187495,9.835380419921874,0.0,0.0,0.0,0.38847780227661133,0.839113712310791,9.68667221069336,-0.005097454879432917,-0.0020198035053908825,0.009287153370678425,31.893499999995356,10.002799999995204,42.29130000000225,17.291300000002252
2026-05-15T15:18:51.067+08:00,46.960035399999995,1332,False,0.033518823242187495,0.0383072265625,9.7683427734375,0.0010652644360316954,0.0,0.0,0.3800482451915741,0.8823115825653076,9.63460922241211,-0.005861205514520407,-0.0010710782371461391,0.009760481305420399,31.903800000002036,7.6079000000035535,39.831399999997075,14.831399999997075
2026-05-15T15:18:51.107+08:00,46.9955466,1333,False,0.0,0.0383072265625,9.830592016601562,-0.0021305288720633907,0.0,0.0,0.3659437298774719,0.8346643447875977,9.678293228149414,-0.007409570273011923,-0.004030331503599882,0.009787647984921932,31.673999999995317,3.539299999999912,35.429600000000505,10.429600000000505
2026-05-15T15:18:51.142+08:00,47.030082699999994,1334,False,0.0,0.0383072265625,9.787496386718749,0.0,0.0010652644360316954,0.0,0.34732815623283386,0.8614070415496826,9.654048919677734,-0.006249493453651667,-0.0005329661071300507,0.009217850863933563,31.75080000000463,2.483400000002689,34.439499999997736,9.439499999997736
2026-05-15T15:18:51.177+08:00,47.0651715,1335,False,-0.0047884033203125,0.0430956298828125,9.82580361328125,-0.0010652644360316954,0.0,0.0,0.3550858497619629,0.816725492477417,9.683679580688477,-0.008271868340671062,-0.0024267355911433697,0.009925526566803455,31.755400000001544,3.0307999999976687,35.01409999999794,10.014099999997939
2026-05-15T15:18:51.212+08:00,47.0992684,1336,False,0.0,0.033518823242187495,9.792284790039062,0.0,0.0021305288720633907,0.0,0.34898972511291504,0.8576812744140625,9.658788681030273,-0.005071643739938736,0.0008007586002349854,0.009239778853952885,31.55840000000154,2.2333000000003267,34.005499999999245,9.005499999999245
2026-05-15T15:18:51.246+08:00,47.1376685,1337,False,0.0047884033203125,0.0383072265625,9.801861596679688,0.0,0.0010652644360316954,0.0,0.359864741563797,0.8077898025512695,9.66756820678711,-0.007278203032910824,-0.0012105251662433147,0.00958390161395073,31.886899999996388,6.07339999999823,38.299499999993714,13.299499999993714
2026-05-15T15:18:51.284+08:00,47.173918099999995,1338,False,0.033518823242187495,0.023942016601562498,9.816226806640625,-0.0010652644360316954,0.0,0.0,0.38331443071365356,0.8268632888793945,9.681041717529297,-0.004637892823666334,-0.0006302874535322189,0.008914598263800144,31.706499999998528,4.232199999997022,36.19290000000319,11.192900000003192
2026-05-15T15:18:51.321+08:00,47.2082866,1339,False,0.0143652099609375,0.0430956298828125,9.787496386718749,0.0,0.0,0.0,0.3751085102558136,0.8040335178375244,9.663440704345703,-0.009352758526802063,-0.002888527698814869,0.010307105258107185,31.784200000004148,2.2469999999970014,34.29230000000416,9.292300000004161
2026-05-15T15:18:51.355+08:00,47.2425834,1340,False,0.0047884033203125,0.033518823242187495,9.80665,0.0,0.0010652644360316954,0.0,0.3577497601509094,0.8230595588684082,9.670524597167969,-0.006662166677415371,-0.0026463926769793034,0.009364291094243526,31.786400000001436,2.236299999999858,34.23740000000208,9.237400000002083
2026-05-15T15:18:51.390+08:00,47.277245099999995,1341,False,0.0047884033203125,0.023942016601562498,9.801861596679688,0.0,0.0,0.0,0.36024248600006104,0.7847449779510498,9.677106857299805,-0.005464594811201096,-0.0010545491240918636,0.009032667614519596,31.838499999999215,2.445900000004997,34.59959999999995,9.599599999999953
2026-05-15T15:18:51.424+08:00,47.311169899999996,1342,False,0.0,0.0430956298828125,9.80665,0.0021305288720633907,0.0010652644360316954,0.0,0.35666367411613464,0.8127312660217285,9.67518424987793,-0.006982042454183102,-0.0014105113223195076,0.00955199170857668,31.631900000000712,2.030399999995325,33.861000000001695,8.861000000001695
2026-05-15T15:18:51.458+08:00,47.345297099999996,1343,False,0.0,0.0383072265625,9.821015209960937,0.0,0.0,0.0,0.35698288679122925,0.7854883670806885,9.697288513183594,-0.006477534770965576,-0.0020544803701341152,0.009184066206216812,31.852499999999395,1.9804000000007704,34.063400000000854,9.063400000000854
2026-05-15T15:18:51.493+08:00,47.3814856,1344,False,-0.009576806640625,0.023942016601562498,9.777919580078125,0.0,0.0,0.0,0.3469824194908142,0.7847821712493896,9.658263206481934,-0.004640818107873201,-0.0015937150456011295,0.00951443798840046,31.717999999997915,4.148400000005381,36.122799999994015,11.122799999994015
2026-05-15T15:18:51.529+08:00,47.421312,1345,False,0.062249243164062495,0.086191259765625,9.749189160156249,-0.012783173232380344,-0.005326322180158476,-0.007456851052221868,0.4040571451187134,0.8041801452636719,9.619646072387695,-0.025083383545279503,-0.004878561943769455,0.004922714550048113,31.711000000001377,7.688699999995663,39.758400000003746,14.758400000003746
2026-05-15T15:18:51.568+08:00,47.463958899999994,1346,False,-0.05746083984375,-0.105344873046875,10.079588989257813,0.018109495412538822,0.185356011869515,0.03728425526110934,0.19843770563602448,0.7401628494262695,9.76976203918457,0.030174845829606056,0.11227266490459442,0.02175210416316986,31.94080000000099,9.970899999999006,42.46519999999521,17.465199999995207
2026-05-15T15:18:51.610+08:00,47.5031871,1347,False,-0.9097966308593749,0.38786066894531246,11.731588134765625,0.7574030140185354,2.052764568233077,1.0226538585904275,-1.9952648878097534,1.7596487998962402,9.866539001464844,0.3026507794857025,1.2856353521347046,0.6516690254211426,31.790400000005548,7.031099999998958,39.14990000000529,14.149900000005289
2026-05-15T15:18:51.650+08:00,47.541129,1348,False,-0.63206923828125,0.852335791015625,12.090718383789062,1.4881744171362785,1.6415724959248426,0.3451456772742693,-0.6257206201553345,1.2825779914855957,10.753691673278809,1.012847661972046,1.9379849433898926,0.5299263596534729,32.03730000000604,5.24530000000567,37.819399999996506,12.819399999996506
2026-05-15T15:18:51.688+08:00,47.5781804,1349,False,-0.44053310546874996,0.239420166015625,10.40041201171875,1.3070794630108902,1.2005530194077207,-0.036218990825077645,0.3490348160266876,-0.16477537155151367,11.932412147521973,1.4993888139724731,1.3270936012268066,-0.014677985571324825,31.88949999999835,4.762799999994627,36.93119999999794,11.931199999997943
2026-05-15T15:18:51.725+08:00,47.614196199999995,1350,False,-2.916137622070312,1.8770541015625,9.935936889648437,1.6756609578778567,3.125485855316994,0.040480048569204424,-3.4683680534362793,1.6402113437652588,9.937616348266602,1.0761157274246216,2.043278694152832,-0.030980980023741722,32.328999999997166,3.184300000000917,35.9431999999984,10.943199999998399
2026-05-15T15:18:51.761+08:00,47.650935999999994,1351,False,-2.93050283203125,2.408566870117187,9.581595043945311,1.597896654047543,3.548395836421577,0.28336033998443094,-4.570694923400879,2.855644702911377,7.541164875030518,1.4364345073699951,3.4588587284088135,0.08548817783594131,31.855100000001357,4.572400000000698,36.667500000000075,11.667500000000075
2026-05-15T15:18:51.798+08:00,47.686712699999994,1352,False,-5.559336254882812,1.838746875,8.21690009765625,1.437041724206757,3.8796930760274346,0.19707392066586363,-5.160009384155273,2.873884677886963,8.738178253173828,1.5252323150634766,3.674060583114624,-0.05165742710232735,31.86690000000425,3.4550000000024284,35.677399999997306,10.677399999997306
2026-05-15T15:18:51.834+08:00,47.7206273,1353,False,-5.53539423828125,2.212242333984375,7.575254052734374,1.1536813842223261,3.255448116512861,0.007456851052221868,-5.6750264167785645,1.8912484645843506,8.79646110534668,1.1037507057189941,3.3773839473724365,-0.1018516942858696,31.689499999998816,1.9514000000029341,33.847299999997915,8.847299999997915
2026-05-15T15:18:51.868+08:00,47.754452099999995,1354,False,-6.885723974609375,2.1452046874999997,6.842628344726562,0.9044095061909093,3.157443788397945,0.07137271721412358,-6.324034214019775,2.840181827545166,7.9958906173706055,0.8722438812255859,3.0463128089904785,-0.2727319002151489,31.661899999996024,1.920499999997105,33.75000000000483,8.750000000004832
2026-05-15T15:18:51.901+08:00,47.7885977,1355,False,-6.7085530517578125,3.1364041748046874,5.468356591796875,0.8745821019820219,2.430933443024329,0.5379585401960062,-6.545401096343994,3.762665271759033,6.9413161277771,0.6886093020439148,2.5488216876983643,0.30430227518081665,31.744699999997295,2.0888000000027773,34.088400000001684,9.088400000001684
2026-05-15T15:18:51.935+08:00,47.822393,1356,False,-7.062894897460937,3.2034418212890623,5.425260961914062,1.1174623933972485,1.486043888264215,0.9416937614520187,-5.857259273529053,5.11129903793335,6.8066253662109375,1.0520719289779663,1.7376476526260376,0.709065318107605,31.601999999999464,1.9613999999990028,33.72939999999858,8.729399999998577
2026-05-15T15:18:51.969+08:00,47.8567981,1357,False,-7.211335400390625,4.276044165039062,4.4005426513671875,1.268729943313749,0.7510114274023453,1.4871091527002467,-6.301083564758301,5.2396016120910645,6.405393600463867,1.212800145149231,0.8329828381538391,1.3318146467208862,31.632099999995944,2.4342000000032726,34.34349999999853,9.343499999998528
2026-05-15T15:18:52.003+08:00,47.897085999999994,1358,False,-6.124367846679687,4.61602080078125,4.53940634765625,1.2207930436923229,0.7925567404075814,1.3432984538359678,-6.543252944946289,5.172630310058594,4.690048694610596,1.3021670579910278,0.8664882183074951,1.2805981636047363,32.40319999999741,7.300999999998226,40.229099999997686,15.229099999997686
2026-05-15T15:18:52.044+08:00,47.932802599999995,1359,False,-6.87614716796875,5.702988354492187,3.6008792968749996,0.807470442512025,-0.1874865407415784,1.406149055561838,-5.670154571533203,4.9305901527404785,4.3918843269348145,0.9084308743476868,0.13892419636249542,1.3149867057800293,31.921300000000485,3.2537999999959766,35.56429999999722,10.564299999997218
2026-05-15T15:18:52.079+08:00,47.9670109,1360,False,-5.439626171875,5.391742138671875,3.1220389648437497,0.5826996465093374,-0.7861651537913912,0.8937568618305924,-5.108433246612549,5.076398849487305,4.481940746307373,0.7078126668930054,-0.6394643783569336,1.024540662765503,31.515899999995156,2.383100000002969,34.07810000000211,9.07810000000211
2026-05-15T15:18:52.114+08:00,48.0012549,1361,False,-5.315127685546875,5.875370874023437,3.0837317382812497,0.3984088990758541,-1.8652780274914986,0.30999195088522336,-4.226222038269043,4.402705192565918,4.492082118988037,0.47068995237350464,-1.6008137464523315,0.40495285391807556,31.70130000000171,2.274700000000962,34.176399999999774,9.176399999999774
2026-05-15T15:18:52.148+08:00,48.0355816,1362,False,-5.597643481445312,7.230489013671875,3.2417490478515623,0.040480048569204424,-2.559830439784164,0.024501082028728992,-4.845726013183594,5.687783718109131,4.679562568664551,-0.027860689908266068,-2.5391647815704346,0.16358214616775513,31.58690000000064,2.4985000000015134,34.26900000000188,9.269000000001881
2026-05-15T15:18:52.182+08:00,48.0704504,1363,False,-5.468356591796875,6.828263134765624,3.9983167724609374,-0.009587379924285258,-2.052764568233077,0.04367584187729951,-6.220290660858154,7.143947124481201,3.4970693588256836,0.011947089806199074,-2.270066976547241,0.15160581469535828,31.696700000004796,2.9287999999993986,34.801500000000374,9.801500000000374
2026-05-15T15:18:52.218+08:00,48.104720799999996,1364,False,-5.57370146484375,6.272808349609375,4.007893579101562,-0.44101947651712187,-3.1553132595258817,0.22050973825856093,-5.1451735496521,6.814662456512451,3.920382022857666,-0.1284784972667694,-2.6437788009643555,0.38329005241394043,31.66180000000196,2.3802999999986696,34.21279999999882,9.212799999998822
2026-05-15T15:18:52.252+08:00,48.1388391,1365,False,-5.329492895507812,6.349422802734375,4.304774584960938,-0.8564726065694831,-2.7537085671419326,0.4814995250863263,-5.645425319671631,6.520051956176758,4.687394142150879,-0.7291277647018433,-2.959803819656372,0.5804011225700378,31.664499999997986,2.207200000000853,34.058899999998005,9.058899999998005
2026-05-15T15:18:52.286+08:00,48.173637199999995,1366,False,-4.659116430664063,6.081272216796875,4.8506525634765625,-0.99282645438154,-2.204032118149578,0.46658582298188256,-5.812963962554932,6.493756294250488,3.2450923919677734,-0.9158544540405273,-2.2125277519226074,0.6208147406578064,31.726199999994265,2.800999999998055,34.73019999999849,9.73019999999849
2026-05-15T15:18:52.320+08:00,48.2135235,1367,False,-3.902548706054687,5.95677373046875,5.702988354492187,-1.1238539800134386,-1.9398465380137173,0.643419719363144,-4.433243274688721,6.2939982414245605,4.103044033050537,-1.0335354804992676,-1.7843819856643677,0.7265018224716187,31.73269999999917,7.637799999997696,39.797800000002326,14.797800000002326
2026-05-15T15:18:52.361+08:00,48.2567794,1368,False,-2.7820623291015623,5.353434912109375,6.9910688476562495,-1.1973572260996255,-1.8194716567421356,0.8266452023605956,-3.224825143814087,6.074833869934082,6.1340107917785645,-1.097221851348877,-1.6891474723815918,0.8853362202644348,31.62690000000623,11.240100000001974,43.10850000000244,18.108500000002437
2026-05-15T15:18:52.404+08:00,48.292437199999995,1369,False,-2.5570073730468748,5.61200869140625,8.279149340820313,-1.1472897976061358,-1.660747255773413,1.1281150377575653,-2.513824462890625,6.006180286407471,7.506569862365723,-1.1749756336212158,-1.6105070114135742,1.1644433736801147,31.658900000003598,3.737899999997296,35.59549999999945,10.595499999999447
2026-05-15T15:18:52.439+08:00,48.332823299999994,1370,False,-1.7525556152343749,4.458003491210937,8.116343627929687,-1.0428938828750298,-1.9217370426011784,1.3667342714286652,-1.6801148653030396,5.745052337646484,8.23715591430664,-0.8122120499610901,-1.718840479850769,1.3881491422653198,31.769199999999387,8.228299999998967,40.31309999999877,15.31309999999877
2026-05-15T15:18:52.480+08:00,48.3678599,1371,False,-0.1771709228515625,4.1946413085937495,8.030152368164062,-0.8990831840107508,-0.8309062601047223,1.199487754971689,-1.4403544664382935,4.4817399978637695,6.853424549102783,-0.7460269927978516,-1.052098274230957,1.2801252603530884,31.502099999997313,3.264099999995551,34.9562999999975,9.956299999997498
2026-05-15T15:18:52.514+08:00,48.4017268,1372,False,0.7900865478515624,3.27526787109375,8.71489404296875,-1.2463593901570835,-1.0993528979847096,1.36353847812057,0.5505906939506531,3.488288402557373,7.251398086547852,-0.828510046005249,-0.7429991960525513,1.353130578994751,31.582600000000127,1.9564000000045212,33.77970000000374,8.779700000003743
2026-05-15T15:18:52.549+08:00,48.438765499999995,1373,False,1.70467158203125,3.687070556640625,9.121908325195312,-1.0673949649037588,-1.1675298218907382,1.4040185266897744,1.733588695526123,3.6803665161132812,8.88446044921875,-1.209291934967041,-1.032724380493164,1.4626933336257935,31.939900000004684,4.684699999998543,36.95760000000092,11.957600000000923
2026-05-15T15:18:52.586+08:00,48.4777321,1374,False,1.7621324218749999,3.0406361083984375,9.193734375,-1.0439591473110614,-1.0428938828750298,1.1867045817393087,1.7958753108978271,3.194915294647217,9.056678771972656,-0.8729022145271301,-1.0929973125457764,1.2511279582977295,32.09609999999685,6.149100000001795,38.85089999999991,13.85089999999991
2026-05-15T15:18:52.625+08:00,48.515358899999995,1375,False,2.6910826660156246,2.767697119140625,9.423577734375,-0.8447546977731344,-1.4935007393164368,1.2431635968489885,2.819258451461792,3.2284445762634277,8.998262405395508,-0.7819771766662598,-1.2153289318084717,1.2800734043121338,32.00379999999825,5.060899999996593,37.466799999997136,12.466799999997136
2026-05-15T15:18:52.662+08:00,48.5501193,1376,False,3.5625720703124997,2.6431986328124997,9.452308154296874,-0.5400890690680695,-1.2495551834651786,1.0077401564859838,3.221057891845703,2.607754945755005,9.338561058044434,-0.5928868055343628,-1.2817939519882202,1.0395972728729248,31.81550000000044,2.5867000000019402,34.68610000000183,9.68610000000183
2026-05-15T15:18:52.697+08:00,48.5857952,1377,False,3.4428619873046875,2.01112939453125,9.3086560546875,-0.34834147058236437,-1.1025486912928046,0.8341020534128175,3.471898317337036,2.2711730003356934,8.682032585144043,-0.17991076409816742,-1.1117347478866577,0.8485317826271057,31.70319999999549,3.6580999999955566,35.614799999997615,10.614799999997615
2026-05-15T15:18:52.732+08:00,48.6270057,1378,False,4.4196962646484375,2.1116858642578125,8.738836059570312,-0.37816887479125183,-0.9938917188175718,0.7211840231934578,4.1133222579956055,1.8185176849365234,8.181517601013184,-0.33858683705329895,-0.9368349313735962,0.7230067253112793,31.93329999999861,8.784200000000908,41.13940000000582,16.13940000000582
2026-05-15T15:18:52.774+08:00,48.665875899999996,1379,False,4.740519287109374,2.27927998046875,9.0021982421875,-0.17470336750919804,-0.5976133486137811,0.6072007285380664,4.545460224151611,2.4519481658935547,8.101924896240234,-0.2793520390987396,-0.623839259147644,0.6183575391769409,31.822800000000484,6.167800000000057,38.660499999998876,13.660499999998876
2026-05-15T15:18:52.813+08:00,48.707535299999996,1380,False,5.348646508789062,2.35589443359375,9.107543115234375,0.036218990825077645,-0.24501082028728993,0.360059379378713,4.863739013671875,2.272608757019043,8.015933990478516,-0.004436134826391935,-0.23289011418819427,0.3880246877670288,31.92190000000039,9.02370000000019,41.501400000001354,16.501400000001354
2026-05-15T15:18:52.855+08:00,48.746260899999996,1381,False,6.023811376953125,2.4516625,9.303867651367186,0.33768882622204743,0.1629854587128494,0.07350324608618698,5.617462158203125,2.122206687927246,8.1972017288208,0.25022831559181213,0.16919182240962982,0.09444441646337509,31.766599999997425,6.378300000001502,38.51479999999441,13.514799999994409
2026-05-15T15:18:52.893+08:00,48.7804596,1382,False,5.827486840820312,2.389413256835937,8.920795385742187,0.5443501268121963,0.6072007285380664,-0.25885925795570197,5.685317039489746,2.044692277908325,8.092408180236816,0.5375865697860718,0.5523139238357544,-0.22975225746631622,31.623699999997257,2.2688999999971315,34.083799999997666,9.083799999997666
2026-05-15T15:18:52.927+08:00,48.8149774,1383,False,5.626373901367187,2.9448680419921875,8.71489404296875,0.7595335428905988,1.430650137590567,-0.6370281327469538,4.915763854980469,2.435126304626465,7.339263439178467,0.57996666431427,1.2266861200332642,-0.6019278168678284,31.598500000001195,2.667500000001155,34.45430000000016,9.45430000000016
2026-05-15T15:18:52.962+08:00,48.851388799999995,1384,False,5.276820458984375,2.7246014892578123,9.3852705078125,0.8532768132613879,1.944107595757844,-0.9193232082953531,4.680004119873047,2.3242669105529785,7.87735652923584,0.7853067517280579,1.8975131511688232,-0.8317331075668335,31.582600000000127,4.499100000003864,36.33419999999887,11.334199999998873
2026-05-15T15:18:52.998+08:00,48.8904782,1385,False,4.089296435546875,3.6104561035156246,8.494627490234375,0.978978016713128,2.207227911457673,-1.230380423616608,4.1874918937683105,2.877358913421631,8.254575729370117,0.7163264751434326,2.1031911373138428,-1.1342086791992188,31.70469999999881,6.948500000000024,38.975899999996955,13.975899999996955
2026-05-15T15:18:53.037+08:00,48.9281899,1386,False,2.1356278808593747,3.1124621582031247,8.877699755859375,1.108940277908995,2.522546184523055,-1.2250541014364495,2.3123397827148438,3.508108139038086,8.976415634155273,1.0442259311676025,2.301900625228882,-1.2402050495147705,31.927899999999454,5.149899999999263,37.61740000000202,12.617400000002021
2026-05-15T15:18:53.075+08:00,48.9659755,1387,False,1.0869675537109373,3.787627026367187,8.188169677734374,1.1419634754259773,1.3699300647367603,-0.8543420776974197,2.317537546157837,4.102813720703125,9.155916213989258,0.9801858067512512,1.694464087486267,-0.8961700797080994,32.30800000000045,4.7941999999991936,37.68059999999451,12.680599999994513
2026-05-15T15:18:53.112+08:00,49.0027548,1388,False,-0.622492431640625,3.821145849609375,7.977479931640625,1.0727212870839171,1.4594122773634226,-0.9182579438593214,0.3810337781906128,4.14181661605835,9.234310150146484,1.0428539514541626,1.1533652544021606,-0.8987730145454407,31.882100000004243,4.380199999999945,36.68069999999801,11.680699999998012
2026-05-15T15:18:53.150+08:00,49.0409608,1389,False,-1.005564697265625,4.127603662109375,7.484274389648437,0.6785734457521899,1.2815131165461295,-0.9672601079167794,-0.9359817504882812,3.1275277137756348,7.870693206787109,0.7364758849143982,1.377206563949585,-0.9060755968093872,31.90150000000358,5.798599999998544,38.04080000000454,13.040800000004538
2026-05-15T15:18:53.188+08:00,49.077407699999995,1390,False,-0.565031591796875,3.88818349609375,7.153874560546875,0.4761732029061678,1.2644688855696224,-1.1941614327915304,-0.5809152126312256,3.486380100250244,7.139034748077393,0.473438560962677,1.3403806686401367,-1.1444188356399536,31.771900000002518,4.293199999999331,36.37940000000128,11.379400000001283
2026-05-15T15:18:53.224+08:00,49.1203837,1391,False,-2.384624853515625,4.338293408203125,6.564900952148437,0.48895637613854814,1.9142801915489565,-1.2250541014364495,-2.16426420211792,3.489253520965576,6.987160682678223,0.3172411620616913,1.5749164819717407,-1.1454404592514038,31.75939999999855,10.57829999999882,42.84849999999807,17.84849999999807
2026-05-15T15:18:53.267+08:00,49.1615389,1392,False,-3.4907460205078125,4.103661645507812,6.612784985351562,0.44528053426124864,2.3137543550608424,-1.3177321073712072,-3.946136713027954,4.179853916168213,6.021844863891602,0.42531368136405945,2.206751823425293,-1.2794370651245117,31.944500000001597,8.51159999999851,40.94779999999787,15.94779999999787
2026-05-15T15:18:53.309+08:00,49.197666,1393,False,-4.299986181640625,3.6918589599609373,6.0908490234374995,0.0937432703707892,1.8386464165907062,-0.8404936400290076,-3.6646854877471924,3.879321575164795,6.679404258728027,0.27305081486701965,2.0399558544158936,-0.8747351765632629,32.013500000005024,3.4226000000003864,35.943799999998305,10.943799999998305
2026-05-15T15:18:53.345+08:00,49.2352454,1394,False,-6.196193896484375,4.328716601562499,6.210559106445312,-0.08096009713840885,1.437041724206757,-0.38669099027950543,-4.809497833251953,4.079842567443848,7.639449119567871,-0.16637875139713287,1.409232258796692,-0.3935163617134094,31.756999999998925,5.432900000002405,37.51909999999725,12.519099999997252
2026-05-15T15:18:53.382+08:00,49.274408199999996,1395,False,-6.215347509765625,4.927267016601562,7.187393383789062,-0.447411063133312,-0.18961706961364178,-0.026631610900792385,-4.631706237792969,3.9674630165100098,8.83098030090332,-0.4178670048713684,0.3623247742652893,-0.05997828021645546,31.798999999999467,6.9747000000006665,39.086100000005786,14.086100000005786
2026-05-15T15:18:53.422+08:00,49.326038499999996,1396,False,-6.0525417968749995,5.42047255859375,8.48505068359375,-0.7211840231934578,-1.2889699675983515,0.03728425526110934,-4.436450958251953,4.908938884735107,10.202329635620117,-0.7270119786262512,-0.9901800751686096,0.06751834601163864,32.103399999996896,18.565399999999954,51.49720000000002,26.49720000000002
2026-05-15T15:18:53.474+08:00,49.362366699999995,1397,False,-5.942408520507812,5.894524487304687,9.351751684570312,0.2759034889322091,-0.15872440096872262,0.05858954398174324,-6.297987461090088,5.224991321563721,10.417417526245117,-0.3221304416656494,-0.7393835783004761,0.016629759222269058,32.09789999999657,3.454800000000091,35.89759999999842,10.89759999999842
2026-05-15T15:18:53.510+08:00,49.4018423,1398,False,-5.698199951171874,6.009446166992187,9.198522778320312,0.28762139772855777,-0.8234494090525005,0.39201731245966387,-5.012928009033203,5.950191020965576,9.135650634765625,0.304401695728302,-0.4876333475112915,0.24922877550125122,31.858300000003226,7.219700000000273,39.41599999999568,14.415999999995677
2026-05-15T15:18:53.549+08:00,49.441177599999996,1399,False,-4.6351744140625,5.947196923828125,8.767566479492187,0.62211443064251,-0.42290998110458305,0.46978161628997767,-4.620117664337158,5.040689468383789,10.19266128540039,0.3712591826915741,-0.6137474775314331,0.3545638620853424,31.689200000002415,7.084899999995287,39.24319999999426,14.24319999999426
2026-05-15T15:18:53.588+08:00,49.4767752,1400,False,-3.902548706054687,5.013458276367187,7.144297753906249,1.0194580652823324,-0.09587379924285258,0.4601942363656924,-4.063517093658447,5.459101676940918,7.710239887237549,1.1274372339248657,-0.15480895340442657,0.3884408175945282,31.756600000001356,3.2118999999966036,35.236900000001015,10.236900000001015
2026-05-15T15:18:53.624+08:00,49.5201679,1401,False,-3.4428619873046875,5.109226342773437,6.478709692382812,0.9203884727313848,0.018109495412538822,0.5283711602717209,-3.253594398498535,4.323829650878906,7.035177230834961,1.0179736614227295,-0.04428447037935257,0.4469091594219208,32.27609999999714,10.438999999998089,43.30749999999739,18.30749999999739
2026-05-15T15:18:53.667+08:00,49.5617654,1402,False,-2.365471240234375,4.860229370117187,5.382165332031249,0.7243798165015528,0.47191214516204105,0.37923413922728355,-2.9184458255767822,4.15571403503418,5.732697486877441,0.8214449286460876,0.37178483605384827,0.3918246626853943,31.814900000000534,9.096499999998287,41.42829999999975,16.42829999999975
2026-05-15T15:18:53.709+08:00,49.598925799999996,1403,False,-2.4899697265625,4.8650177734375,5.118803149414062,0.0234358175926973,0.3238403885536354,0.3930825768956956,-2.080205202102661,3.533362865447998,5.462958335876465,0.3300325572490692,0.38653552532196045,0.37407487630844116,31.799100000000635,4.962600000006034,37.055999999999756,12.055999999999756
2026-05-15T15:18:53.746+08:00,49.6381788,1404,False,-2.0350714111328125,4.8506525634765625,6.009446166992187,-0.16724651645697616,0.6157228440263199,-0.08628641931856733,-2.1223747730255127,3.688495635986328,5.922362327575684,-0.19380247592926025,0.4795072376728058,0.0373939573764801,31.94739999999996,6.585299999997574,38.96470000000107,13.964700000001073
2026-05-15T15:18:53.785+08:00,49.6755943,1405,False,-3.8690298828125,5.0948611328124995,5.66946953125,-0.4857605828304531,-0.17150757420110296,-0.5028048138069602,-2.251678943634033,3.123204231262207,7.085944175720215,-0.48138710856437683,0.011911657638847828,-0.4601595997810364,31.912599999998292,4.948800000001086,37.25939999999639,12.25939999999639
2026-05-15T15:18:53.822+08:00,49.7159151,1406,False,-4.338293408203125,5.0948611328124995,5.7125651611328125,-1.129180302193597,-0.9875001322013816,-0.3632551726868081,-3.2586491107940674,4.009099960327148,7.429553031921387,-0.9201034903526306,-0.8611931204795837,-0.4229760766029358,31.811799999999835,7.997899999999447,40.25340000000455,15.253400000004547
2026-05-15T15:18:53.863+08:00,49.7532305,1407,False,-2.5234885498046875,4.036623999023437,6.5505357421875,-1.4945660037524686,-0.755272485146472,-0.7744472449950425,-3.2341222763061523,3.006547451019287,6.92566442489624,-1.182103157043457,-0.6827431321144104,-0.7000971436500549,32.00509999999923,4.7476999999958025,37.09140000000133,12.091400000001329
2026-05-15T15:18:53.900+08:00,49.791199899999995,1408,False,-5.023035083007812,4.5585599609375,7.575254052734374,-1.4114753777419964,-1.1036139557288365,-0.9619337857366209,-3.526824712753296,3.140195846557617,7.89152717590332,-1.620814561843872,-1.0350126028060913,-0.9307599663734436,31.65429999999958,5.944099999993568,37.90139999999553,12.901399999995533
2026-05-15T15:18:53.938+08:00,49.8293592,1409,False,-2.437297290039062,2.499546533203125,6.957550024414062,-2.3787354856587757,-2.192314209353229,-0.5773733243291789,-2.6641600131988525,2.292994260787964,8.30185317993164,-1.4963480234146118,-1.549580693244934,-0.8757234811782837,31.844299999988834,5.897199999992608,38.040499999993926,13.040499999993926
2026-05-15T15:18:53.976+08:00,49.8642236,1410,False,-2.5761609863281247,3.9743747558593747,10.486603271484375,-1.8865833162121324,-0.9491506125042406,0.46125950080172406,-2.758425235748291,3.7132434844970703,10.031890869140625,-2.3470964431762695,-1.4725098609924316,0.1760753095149994,31.87240000001168,2.681600000002504,34.77759999999819,9.777599999998188
2026-05-15T15:18:54.011+08:00,49.89946449999999,1411,False,-1.7908628417968748,3.414131567382812,11.812990991210937,-1.2261193658724814,-0.24288029141522655,-0.12996226119586685,-2.3989224433898926,3.2049036026000977,10.048599243164062,-1.3113833665847778,-0.340562105178833,0.10594427585601807,31.69949999998778,3.2448999999985517,35.18610000000422,10.186100000004217
2026-05-15T15:18:54.046+08:00,49.9334025,1412,False,-2.5713725830078125,3.4428619873046875,12.717999218749998,-0.4761732029061678,0.6018744063579079,-0.33555829734998405,-2.186953067779541,2.633660316467285,11.483697891235352,-0.6091349720954895,0.4010612368583679,-0.3287793695926666,31.731000000007725,1.8905000000017935,33.84140000000002,8.841400000000021
2026-05-15T15:18:54.080+08:00,49.96832379999999,1413,False,-3.845087866210937,2.9544448486328125,12.229582080078124,0.3877562547155371,1.619201942768177,-0.3515372638904595,-4.029321193695068,2.4280407428741455,11.670186996459961,0.09984999895095825,1.2684577703475952,-0.26670074462890625,31.517399999998474,3.1058000000001584,34.8160000000064,9.816000000006397
2026-05-15T15:18:54.115+08:00,50.00261259999999,1414,False,-5.070919116210937,3.1747114013671873,10.194510668945313,0.978978016713128,2.7632959470662177,-0.5837649109453691,-5.865915775299072,2.778280258178711,9.278827667236328,0.7563722133636475,2.5076305866241455,-0.42953264713287354,31.731499999992252,2.1483000000017682,34.16880000000333,9.16880000000333
2026-05-15T15:18:54.149+08:00,50.0378223,1415,False,-5.693411547851563,2.7820623291015623,9.035717065429687,1.1600729708385162,3.578223240630465,-0.5102616648591821,-6.674907684326172,2.6900134086608887,8.356800079345703,1.1367484331130981,3.497498035430908,-0.4219803214073181,31.699700000004327,3.194999999990955,35.13449999999807,10.13449999999807
2026-05-15T15:18:54.185+08:00,50.07384499999999,1416,False,-6.086060620117187,2.6479870361328124,8.628702783203124,1.2932310253424781,4.263188272998844,-0.019174759848570515,-7.281774520874023,3.4725818634033203,8.511541366577148,1.1807608604431152,4.122767448425293,-0.05843212082982063,31.804800000003297,3.8259000000095966,35.93880000001093,10.938800000010929
2026-05-15T15:18:54.221+08:00,50.10882219999999,1417,False,-6.1818286865234375,2.9927520751953125,6.957550024414062,1.2069446060239108,5.405151748424823,0.35579832163458625,-8.52840805053711,3.657599449157715,6.833616256713867,1.099868655204773,5.171971321105957,0.2854817807674408,31.880499999999756,2.6981999999975415,34.897000000000844,9.897000000000844
2026-05-15T15:18:54.256+08:00,50.143218399999995,1418,False,-7.144297753906249,3.1747114013671873,4.917690209960937,0.8096009713840885,3.883954133771561,0.5443501268121963,-6.478004455566406,3.19315767288208,7.09490966796875,0.8843916654586792,4.375352382659912,0.5388578176498413,31.604799999996658,2.516199999988089,34.333900000007134,9.333900000007134
2026-05-15T15:18:54.290+08:00,50.17733629999999,1419,False,-8.001421948242188,3.318363500976562,4.007893579101562,0.5368932757599745,3.0391994359984267,0.7840346249193277,-6.6287055015563965,2.762770652770996,7.418429374694824,0.552645206451416,2.9068381786346436,0.7402704358100891,31.599999999997408,2.2807999999940876,34.05469999999866,9.054699999998661
2026-05-15T15:18:54.324+08:00,50.21477949999999,1420,False,-7.6087728759765625,3.821145849609375,3.83072265625,0.31744880193744524,2.524676713395118,0.8096009713840885,-7.7281694412231445,3.5557026863098145,5.487432956695557,0.3215937912464142,2.5162878036499023,0.7416080832481384,31.815699999995672,5.163400000000706,37.384399999993434,12.384399999993434
2026-05-15T15:18:54.362+08:00,50.248955699999996,1421,False,-7.029376074218749,4.314351391601562,2.3223756103515623,0.2822950755483993,0.7520766918383769,0.5933522908696544,-5.519291400909424,3.843161106109619,4.801931858062744,0.16592718660831451,1.2419846057891846,0.6343935132026672,31.7836999999912,2.0139000000085616,34.10039999999981,9.100399999999809
2026-05-15T15:18:54.396+08:00,50.283148999999995,1422,False,-8.001421948242188,4.3813890380859375,1.599326708984375,0.33236250404188894,0.6455502482352073,0.6093312574101297,-6.8076910972595215,4.170542240142822,3.826258659362793,0.3854300379753113,0.32155346870422363,0.5677036643028259,31.660899999991443,2.2825000000068485,34.129399999997645,9.129399999997645
2026-05-15T15:18:54.430+08:00,50.31800629999999,1423,False,-8.001421948242188,4.199429711914062,1.3934253662109375,0.2759034889322091,0.7957525337156764,0.45167212087743885,-8.617443084716797,4.043042182922363,1.3543038368225098,0.42646291851997375,0.748784065246582,0.49390724301338196,31.61109999999212,2.983100000008676,34.79399999999089,9.793999999990888
2026-05-15T15:18:54.465+08:00,50.3520728,1424,False,-7.273584643554687,4.453215087890625,1.3263877197265623,0.05539375067364816,0.818123086872342,0.26418558013586046,-7.641902923583984,3.7907657623291016,0.5464034080505371,0.17029596865177155,0.9880658984184265,0.2761293351650238,31.760699999992426,1.9501999999960162,33.93889999999544,8.938899999995442
2026-05-15T15:18:54.499+08:00,50.3859181,1425,False,-6.53138212890625,4.189852905273438,1.3359645263671873,-0.019174759848570515,0.10972223691126462,0.08415589044650393,-6.036561489105225,3.965935230255127,2.0186312198638916,0.05145174264907837,0.41826874017715454,0.08794225752353668,31.65909999999883,1.9266999999985046,33.78000000000725,8.780000000007249
2026-05-15T15:18:54.533+08:00,50.420147,1426,False,-6.426037255859375,3.768473413085937,0.737414111328125,-0.2961435132168113,0.0468716351853946,-0.2300971181828462,-6.110489845275879,3.119697093963623,1.8944642543792725,-0.0634271502494812,-0.0693167969584465,-0.179049551486969,31.75119999998799,2.2091000000017402,34.16730000000712,9.167300000007117
2026-05-15T15:18:54.567+08:00,50.4542673,1427,False,-6.9336080078124995,4.4005426513671875,2.2601263671875,-0.6253102239506052,-1.7427726173478535,-0.4378236832090268,-5.197248935699463,3.0226378440856934,3.8017690181732178,-0.5735539793968201,-1.2749918699264526,-0.37395378947257996,31.65740000000028,2.174399999987031,34.053100000008385,9.053100000008385
2026-05-15T15:18:54.601+08:00,50.488371099999995,1428,False,-8.719682446289061,4.3239281982421875,2.6527754394531247,-0.8383631111569443,-3.0988542444162017,-0.5667206799688619,-7.044482707977295,4.020679950714111,5.757657051086426,-0.7804862856864929,-3.0993731021881104,-0.3450053036212921,31.77239999999415,2.0894999999967467,34.03949999999156,9.039499999991563
2026-05-15T15:18:54.635+08:00,50.5233238,1429,False,-8.595183959960938,4.678270043945313,4.534617944335937,-1.2921657609064465,-4.433630582763916,-0.2535329357755435,-8.293368339538574,4.495992183685303,6.429705619812012,-1.0988529920578003,-4.239856719970703,-0.08060246706008911,31.68789999999433,2.979499999995028,34.889699999993695,9.889699999993695
2026-05-15T15:18:54.670+08:00,50.559211399999995,1430,False,-8.997409838867187,5.492298608398437,6.358999609374999,-0.9587379924285259,-3.927629975648861,0.11717908796348649,-9.856585502624512,6.137079238891602,6.266315937042236,-1.2763086557388306,-4.184685707092285,0.2660084068775177,31.723600000006513,3.8674999999983584,35.82339999999817,10.823399999998173
2026-05-15T15:18:54.706+08:00,50.5941213,1431,False,-7.072471704101562,4.007893579101562,6.4643444824218745,-0.5741775310210838,-2.0996362034184717,0.02982740420888747,-9.3909330368042,5.372532367706299,4.046446800231934,-0.37611696124076843,-2.434013605117798,0.08507238328456879,31.801599999994323,2.7681999999913387,34.80910000000392,9.809100000003923
2026-05-15T15:18:54.741+08:00,50.630536899999996,1432,False,-5.5449710449218745,4.371812231445312,7.163451367187499,-0.5464806556842597,-1.6138756205880185,0.12144014570761327,-6.703606128692627,4.18810510635376,4.001957416534424,-0.41915929317474365,-1.3237178325653076,0.14970773458480835,31.728199999989215,4.361299999999346,36.35040000000345,11.350400000003447
2026-05-15T15:18:54.778+08:00,50.66536839999999,1433,False,-5.5832782714843745,4.448426684570312,7.345410693359375,-0.2929477199087162,-1.4636733351075495,0.1352885833760253,-5.27754545211792,4.885331630706787,6.9538140296936035,-0.477590411901474,-1.3812557458877563,0.19438695907592773,31.899100000003955,2.583399999991798,34.768799999994826,9.768799999994826
2026-05-15T15:18:54.812+08:00,50.702139,1434,False,-5.65031591796875,4.055777612304687,7.939172705078125,-0.10546117916713783,-0.5049353426790236,0.05326322180158477,-6.172377109527588,4.459637641906738,7.131101608276367,-0.0066333552822470665,-0.8129996061325073,0.04455525428056717,31.678799999994567,4.692199999993818,36.70639999999992,11.706399999999917
2026-05-15T15:18:54.849+08:00,50.7362624,1435,False,-5.295974072265625,4.261678955078125,8.202534887695313,-0.06285060172587002,-0.395213105767759,0.050067428493489684,-5.527835369110107,4.181663990020752,6.93887996673584,-0.04993509501218796,-0.2280263751745224,0.029699472710490227,31.557000000006497,2.0529999999894244,33.795999999995274,8.795999999995274
2026-05-15T15:18:54.883+08:00,50.774468299999995,1436,False,-5.137956762695312,3.84987626953125,7.536946826171874,-0.08628641931856733,-0.7243798165015528,0.15765913653269092,-4.388885974884033,4.558679103851318,7.9957146644592285,-0.0010902304202318192,-0.5411547422409058,0.15711575746536255,31.695600000006152,6.262100000000714,38.13829999999996,13.138299999999958
2026-05-15T15:18:54.922+08:00,50.80933759999999,1437,False,-5.137956762695312,3.6439749267578123,7.4220251464843745,-0.14487596330031058,-0.30892668644919163,0.16831178089300786,-5.075948715209961,3.909369468688965,7.658254623413086,-0.028717979788780212,-0.501944363117218,0.18643951416015625,31.540100000000848,3.0948999999935722,34.80059999999696,9.800599999996962
2026-05-15T15:18:54.956+08:00,50.84336259999999,1438,False,-4.61602080078125,3.7110125732421873,7.905653881835937,-0.07882956826634546,-0.3962783702037907,0.07669903939428206,-4.590687274932861,3.770045757293701,7.189042091369629,-0.09355752170085907,-0.25284087657928467,0.1311781257390976,31.68820000000494,2.0647999999994227,33.961300000001415,8.961300000001415
2026-05-15T15:18:54.990+08:00,50.8774179,1439,False,-4.3622354248046875,3.289633081054687,7.220912207031249,-0.21305288720633908,-0.8607336643136099,0.014913702104443736,-3.57145619392395,3.5149946212768555,7.861515998840332,-0.050653256475925446,-0.6673157215118408,0.046016085892915726,31.71110000000965,2.0728999999874986,33.98909999999944,8.98909999999944
2026-05-15T15:18:55.025+08:00,50.91259219999999,1440,False,-4.520252734375,3.42849677734375,7.292738256835937,-0.5656554155328303,-0.6338323394388587,-0.08415589044650393,-4.196560859680176,3.1355109214782715,7.354728698730469,-0.44825607538223267,-0.7888882160186768,-0.013287615962326527,31.851899999992384,2.8421000000093954,34.995899999998414,9.995899999998414
2026-05-15T15:18:55.059+08:00,50.9485248,1441,False,-3.9504327392578125,3.1364041748046874,7.551312036132812,-0.28122981111236756,-0.10226538585904275,-0.23435817592697297,-4.378485679626465,3.4272336959838867,6.520234107971191,-0.39276373386383057,-0.18577998876571655,-0.1903262436389923,31.753399999999488,3.8940999999965697,35.850300000006996,10.850300000006996
2026-05-15T15:18:55.096+08:00,50.9864925,1442,False,-4.826710546875,2.1691467041015624,7.235277416992187,-0.8479504910812296,-0.2950782487807796,-0.6743123880080631,-3.9914231300354004,2.088644027709961,6.898679733276367,-0.43314293026924133,-0.18299666047096252,-0.5299687385559082,31.810600000000022,5.780000000001451,37.89759999999376,12.897599999993759
2026-05-15T15:18:55.133+08:00,51.021411799999996,1443,False,-3.9743747558593747,2.5953145996093747,7.613561279296874,-1.4935007393164368,0.11291803021935971,-0.6093312574101297,-4.263797283172607,1.7311177253723145,7.172159671783447,-1.3868958950042725,-0.042895469814538956,-0.5887752771377563,31.840000000002533,2.664300000006392,34.84040000000732,9.840400000007321
2026-05-15T15:18:55.168+08:00,51.0576241,1444,False,-3.4332851806640625,0.7326257080078125,7.105990527343749,-1.98565290876308,0.1384843766841204,-0.8500810199532929,-3.5317296981811523,1.6503920555114746,6.890225887298584,-1.6600518226623535,0.17610712349414825,-0.6725030541419983,31.800700000005122,4.028500000003987,36.14740000000438,11.147400000004382
2026-05-15T15:18:55.204+08:00,51.0935327,1445,False,-4.611232397460937,1.7429788085937499,8.518569506835936,-2.0293287506403797,-0.6402239260550489,-0.6146575795902882,-2.9874768257141113,1.7122690677642822,9.00405502319336,-2.1326656341552734,-0.45166704058647156,-0.5293821096420288,31.74270000000945,3.8037000000059606,35.84669999999335,10.846699999993348
2026-05-15T15:18:55.241+08:00,51.13352209999999,1446,False,-3.9791631591796874,0.49320554199218747,8.911218579101561,-1.54569869668199,-0.3036003642690332,-0.45167212087743885,-3.9876441955566406,2.6301963329315186,9.284436225891113,-1.6591805219650269,-0.5597385764122009,-0.3382706046104431,32.01669999999979,7.486000000000104,39.899199999993584,14.899199999993584
2026-05-15T15:18:55.280+08:00,51.17681999999999,1447,False,-3.9983167724609374,0.296881005859375,9.744400756835937,-1.4104101133059646,-0.33023197516982555,-0.29933930652490637,-3.837797164916992,1.3977274894714355,9.002473831176758,-1.2771971225738525,-0.2535814940929413,-0.21597512066364288,31.964699999988966,10.706799999994132,43.16079999999545,18.160799999995447
2026-05-15T15:18:55.324+08:00,51.217878799999994,1448,False,-4.6351744140625,0.16759411621093748,10.793061083984375,-0.5795038532012423,-0.026631610900792385,-0.13102752563189854,-3.992114782333374,1.8624377250671387,10.362407684326172,-0.9257313013076782,-0.15058785676956177,-0.0988394170999527,31.797300000008022,8.629499999997847,40.871100000003935,15.871100000003935
2026-05-15T15:18:55.364+08:00,51.25353869999999,1449,False,-4.410119458007812,-0.047884033203124995,10.505756884765624,0.3856257258434737,0.009587379924285258,0.004261057744126781,-4.066556453704834,2.054821014404297,10.4461669921875,0.2210553139448166,0.05544726178050041,-0.03248123079538345,31.638000000000943,3.594299999988948,35.59890000001076,10.598900000010758
2026-05-15T15:18:55.400+08:00,51.2888581,1450,False,-4.2137949218749995,0.0,10.251971508789062,0.8117315002561518,0.0692421883420602,-0.03195793308095086,-3.765908718109131,1.4020366668701172,10.110608100891113,0.809090256690979,0.09026968479156494,-0.05129087343811989,31.748500000006175,3.2313999999900034,35.23470000000373,10.234700000003727
2026-05-15T15:18:55.436+08:00,51.32716959999999,1451,False,-4.180276098632812,0.45010991210937495,9.749189160156249,1.3315805450396192,-0.07563377495825037,0.006391586616190172,-3.5008814334869385,1.6329877376556396,10.180408477783203,1.0802189111709595,-0.02210264652967453,-0.06474310904741287,31.680100000002653,6.268099999999777,38.246700000001965,13.246700000001965
2026-05-15T15:18:55.474+08:00,51.36104589999999,1452,False,-3.6104561035156246,0.5123591552734374,9.710881933593749,2.192314209353229,-0.08415589044650393,0.14487596330031058,-3.243452310562134,2.6041147708892822,10.041296005249023,1.9576495885849,-0.051963482052087784,0.03465164080262184,31.619999999989545,2.002799999999638,33.80669999999952,8.806699999999523
2026-05-15T15:18:55.508+08:00,51.3952836,1453,False,-4.0988732421875,0.70868369140625,8.001421948242188,2.0261329573322846,0.13954964112015208,0.13422331893999362,-3.619812250137329,1.3262240886688232,8.190288543701172,2.189194679260254,0.07863181829452515,0.058795806020498276,31.70629999999619,2.280499999997687,34.17420000000959,9.174200000009591
2026-05-15T15:18:55.542+08:00,51.4310694,1454,False,-4.410119458007812,1.7238251953125,8.418013037109375,1.804557954637692,0.26525084457189213,0.3451456772742693,-4.075412750244141,1.7597136497497559,7.95172119140625,1.6766403913497925,0.25748974084854126,0.1792653650045395,31.62799999999777,3.8583999999985963,35.721499999993966,10.721499999993966
2026-05-15T15:18:55.578+08:00,51.4647258,1455,False,-3.907337109375,2.212242333984375,8.365340600585936,1.4285196087185035,0.35899411494268135,0.35579832163458625,-3.8601202964782715,2.656614065170288,8.00214672088623,1.4221221208572388,0.405231237411499,0.27329692244529724,31.604200000003857,1.7664000000081614,33.55919999999912,8.559199999999123
2026-05-15T15:18:55.612+08:00,51.49963509999999,1456,False,-4.515464331054687,2.269703173828125,8.662221606445312,0.8937568618305924,0.16405072314888108,0.005326322180158476,-3.6420674324035645,2.1526622772216797,8.656241416931152,1.024436593055725,0.2222079485654831,0.027083884924650192,31.635999999991782,2.9973000000040884,34.84940000001302,9.84940000001302
2026-05-15T15:18:55.647+08:00,51.534856500000004,1457,False,-4.563348364257812,3.385401147460937,7.752424975585937,0.8703210442378951,0.01171790879634865,-0.15339807878856412,-3.9992265701293945,3.0287766456604004,8.24860954284668,0.5938733816146851,-0.028141096234321594,-0.18861113488674164,31.7359999999951,3.1601999999963937,35.15339999999867,10.153399999998669
2026-05-15T15:18:55.682+08:00,51.57562399999999,1458,False,-4.299986181640625,3.3327287109375,8.125920434570313,0.6647250080837779,-0.49002164057457986,-0.006391586616190172,-3.57367205619812,4.181267738342285,8.274381637573242,0.7551063299179077,-0.35865387320518494,-0.04539910703897476,31.714699999994878,8.558400000012512,40.67940000000192,15.67940000000192
2026-05-15T15:18:55.722+08:00,51.60999339999999,1459,False,-4.486733911132812,3.299209887695312,8.17859287109375,0.7467503696582184,-0.2119876227703074,-0.0234358175926973,-4.1210408210754395,3.9946322441101074,8.13045883178711,0.6944010257720947,-0.3558304011821747,0.003762145061045885,31.83620000000076,2.1104999999863594,34.18659999999818,9.18659999999818
2026-05-15T15:18:55.757+08:00,51.644942,1460,False,-5.276820458984375,3.6343981201171873,7.297526660156249,0.6956176767286971,0.5336974824518794,-0.14594122773634227,-5.33355712890625,3.760171890258789,6.434617042541504,0.6449398398399353,0.26832032203674316,-0.16136927902698517,31.854200000012156,2.747799999994527,34.889100000000894,9.889100000000894
2026-05-15T15:18:55.792+08:00,51.684936699999994,1461,False,-4.261678955078125,3.7205893798828122,7.240065820312499,0.6977482056007605,0.2673813734439555,-0.11078750134729631,-4.302488327026367,3.8263235092163086,6.539573669433594,0.6868394613265991,0.5266154408454895,-0.17339129745960236,31.899999999993156,7.6500999999922215,39.93520000000217,14.935200000002169
2026-05-15T15:18:55.832+08:00,51.719771699999995,1462,False,-4.529829541015625,3.907337109375,8.02536396484375,1.4274543442824719,0.19281286292173686,0.26525084457189213,-3.7761294841766357,5.169612407684326,8.28906536102295,1.069090723991394,0.24360156059265137,0.10933522135019302,31.68589999999938,2.7831000000020367,34.67620000000693,9.67620000000693
2026-05-15T15:18:55.867+08:00,51.75696789999999,1463,False,-3.5625720703124997,4.113238452148437,6.2584431396484375,1.8194716567421356,0.2599245223917337,0.0234358175926973,-3.7654881477355957,4.7317304611206055,6.915012359619141,1.7440470457077026,0.2521061599254608,0.017142537981271744,31.689000000000078,5.111200000001759,37.13190000000566,12.131900000005658
2026-05-15T15:18:55.904+08:00,51.798521300000004,1464,False,-3.73495458984375,4.75009609375,6.68461103515625,1.4839133593921516,0.28549086885649433,-0.26525084457189213,-3.2880992889404297,3.8100156784057617,6.228632926940918,1.5563361644744873,0.2687993049621582,-0.30821898579597473,31.812099999996235,8.98950000001264,41.39910000000668,16.399100000006683
2026-05-15T15:18:55.946+08:00,51.83385079999999,1465,False,-4.42448466796875,5.578489868164062,5.7508723876953125,1.0897655180604244,0.8873652752144022,-0.482564789522358,-4.411962509155273,4.733177185058594,5.4614057540893555,0.9668432474136353,0.5795763731002808,-0.510042667388916,31.78450000000055,2.9721000000080267,35.12070000000733,10.120700000007332
2026-05-15T15:18:55.980+08:00,51.872215499999996,1466,False,-5.118803149414062,5.999869360351562,6.339845996093749,0.7456851052221868,0.8330367889767858,-0.40160469238394914,-4.872961044311523,5.765819072723389,5.503666400909424,0.7052030563354492,0.8457530736923218,-0.519588828086853,31.822000000005346,6.147400000003245,38.3036000000061,13.3036000000061
2026-05-15T15:18:56.019+08:00,51.919226699999996,1467,False,-5.501875415039062,6.0908490234374995,6.234501123046875,0.5017395493709285,0.8863000107783705,-0.4356931543369634,-5.168704032897949,5.98921537399292,6.274999618530273,0.48663946986198425,0.8276803493499756,-0.46610531210899353,32.22379999999703,13.843600000001288,46.81089999999699,21.81089999999699
2026-05-15T15:18:56.066+08:00,51.95651649999999,1468,False,-6.0525417968749995,6.057330200195312,5.233724829101562,0.13954964112015208,0.5688512088409253,-0.05752427954571155,-5.426604747772217,6.25115442276001,5.805012226104736,0.22169914841651917,0.6311113834381104,-0.14845295250415802,31.895399999996243,4.690499999995268,36.93950000000257,11.939500000002568
2026-05-15T15:18:56.104+08:00,51.99036529999999,1469,False,-5.798756420898437,5.80354482421875,5.128379956054687,-0.1874865407415784,0.2982740420888747,0.08202536157444054,-5.424055099487305,5.810558319091797,5.723503589630127,-0.02897913195192814,0.37789544463157654,0.08394211530685425,31.517899999997212,2.075899999994135,33.77319999999884,8.773199999998837
2026-05-15T15:18:56.137+08:00,52.0243809,1470,False,-5.468356591796875,5.884947680664062,5.53539423828125,-0.4559331786215656,0.24074976254316316,0.15233281435253243,-5.257859230041504,5.702435493469238,5.592744827270508,-0.38305649161338806,0.2651280462741852,0.16691303253173828,31.681599999998866,2.080800000001659,33.94810000000348,8.948100000003478
2026-05-15T15:18:56.170+08:00,52.058861300000004,1471,False,-5.6311623046875,5.865794067382812,5.655104321289063,-0.6412891904910806,0.26098978682776536,0.06498113059793342,-5.3225250244140625,5.315043926239014,5.913898944854736,-0.5993953943252563,0.23017571866512299,0.11303295940160751,31.67460000000233,2.5380999999953247,34.418399999992744,9.418399999992744
2026-05-15T15:18:56.206+08:00,52.09354979999999,1472,False,-5.7077767578125,5.453991381835937,5.492298608398437,-0.9587379924285259,-0.0905474770626941,0.08628641931856733,-5.184088230133057,5.096795558929443,5.997321605682373,-0.7685582041740417,0.010815073736011982,0.12112646549940109,31.70460000001185,2.685400000004279,34.623200000012844,9.623200000012844
2026-05-15T15:18:56.241+08:00,52.132492,1473,False,-6.172251879882812,5.142745166015625,5.813121630859374,-0.9310411170917018,0.49960902049886513,-0.004261057744126781,-6.107213973999023,4.715857028961182,6.078202247619629,-0.8937537670135498,0.18690957129001617,0.06455222517251968,31.945800000002578,6.454000000005067,38.86389999999551,13.86389999999551
2026-05-15T15:18:56.280+08:00,52.176590399999995,1474,False,-6.177040283203125,4.936843823242187,6.009446166992187,-0.8863000107783705,0.7637946006347256,-0.10439591473110614,-6.3872528076171875,4.745614528656006,5.280532360076904,-0.8558677434921265,0.6972633004188538,-0.0426320843398571,32.0526000000001,10.961100000002943,43.967300000005594,18.967300000005594
2026-05-15T15:18:56.323+08:00,52.2146063,1475,False,-6.105214233398437,4.448426684570312,6.148309863281249,-1.0205233297183642,0.248206613595385,-0.19174759848570516,-5.3461995124816895,4.214065074920654,6.542616844177246,-0.8754264116287231,0.4776216745376587,-0.10840113461017609,31.836300000009032,5.673800000010942,37.83369999999309,12.833699999993087
2026-05-15T15:18:56.362+08:00,52.25100449999999,1476,False,-6.358999609374999,3.9887399658203124,5.899312890625,-1.2634036211335906,-0.632767075002827,-0.08415589044650393,-5.071503162384033,3.444713592529297,7.500970840454102,-1.0883526802062988,-0.3361615240573883,-0.08951801806688309,31.74729999999215,4.2934000000087735,36.293599999993376,11.293599999993376
2026-05-15T15:18:56.398+08:00,52.28681999999999,1477,False,-6.062118603515625,3.7301661865234372,5.683834741210937,-1.2783173232380345,-0.2492718780314167,-0.10972223691126462,-6.101391315460205,3.43318510055542,6.448920249938965,-1.2050622701644897,-0.4566138982772827,-0.06928308308124542,31.809899999998947,3.668399999995131,35.74609999999723,10.746099999997227
2026-05-15T15:18:56.433+08:00,52.3275177,1478,False,-4.874594580078124,3.361459130859375,6.382941625976562,-1.3592774203764433,-0.8511462843893246,-0.160854929840786,-4.796987533569336,3.405101776123047,6.193288803100586,-1.2022873163223267,-0.49738210439682007,-0.0690644308924675,31.861300000002757,8.398499999998421,40.63510000000292,15.635100000002922
2026-05-15T15:18:56.474+08:00,52.3614929,1479,False,-5.7317187744140625,3.1651345947265623,6.7037646484375,-1.3358416027837459,0.014913702104443736,-0.07882956826634546,-5.3730950355529785,2.757546901702881,7.038628101348877,-1.307878017425537,-0.3952150344848633,-0.06081092730164528,31.707199999999602,1.9276999999959799,33.829300000007834,8.829300000007834
2026-05-15T15:18:56.509+08:00,52.395527200000004,1480,False,-5.027823486328125,3.337517114257812,7.690175732421874,-1.1558119130943894,0.17257283863713466,0.007456851052221868,-5.506575107574463,3.2564096450805664,6.576850891113281,-1.2234828472137451,0.24861353635787964,0.051918115466833115,31.57459999999901,2.1495000000015807,33.91030000000228,8.91030000000228
2026-05-15T15:18:56.543+08:00,52.43155779999999,1481,False,-5.559336254882812,2.7246014892578123,7.967903124999999,-0.9938917188175718,-0.13102752563189854,-0.136353847812057,-4.41380500793457,2.924872398376465,8.165055274963379,-0.9161332249641418,0.0071821073070168495,-0.034852758049964905,31.736699999996176,3.996899999989978,35.95329999998853,10.95329999998853
2026-05-15T15:18:56.577+08:00,52.4663245,1482,False,-5.942408520507812,2.5522189697265625,7.848193041992187,-0.894822126266624,0.13209279006793023,0.10652644360316954,-5.503108978271484,2.6727349758148193,8.42584228515625,-0.8516390323638916,-0.079819455742836,0.08243700861930847,31.66869999999733,2.8427999999962594,34.69750000000715,9.697500000007153
2026-05-15T15:18:56.613+08:00,52.50059019999999,1483,False,-5.6024318847656245,2.77727392578125,8.580818749999999,-0.4985437560628334,0.19174759848570516,0.08202536157444054,-5.512120246887207,2.8775734901428223,8.142627716064453,-0.6704393029212952,0.2334262728691101,0.12840679287910461,31.69239999999718,2.3007000000063726,34.184199999998555,9.184199999998555
2026-05-15T15:18:56.647+08:00,52.535381799999996,1484,False,-5.932831713867187,2.499546533203125,8.877699755859375,-0.2503371424674484,0.25566346464760686,0.10120012142301106,-5.253593921661377,2.5830767154693604,9.001703262329102,-0.20957112312316895,0.24068914353847504,0.08745818585157394,31.61250000000848,2.9062000000124044,34.732000000005314,9.732000000005314
2026-05-15T15:18:56.682+08:00,52.56981139999999,1485,False,-6.995857250976562,2.039859814453125,8.695740429687499,0.10546117916713783,0.6998787344728239,0.04367584187729951,-6.422691345214844,1.8279845714569092,9.10589599609375,0.10143457353115082,0.45637497305870056,0.05694516748189926,31.646200000011504,2.502100000000951,34.36860000000763,9.368600000007632
2026-05-15T15:18:56.717+08:00,52.6038619,1486,False,-5.185840795898438,2.5665841796874997,7.690175732421874,0.33768882622204743,1.4700649217237396,0.01384843766841204,-6.410497188568115,2.7108983993530273,6.487068176269531,0.21633149683475494,1.4579659700393677,-0.07883676886558533,31.636399999996456,2.1569000000027927,33.97689999999898,8.976899999998977
2026-05-15T15:18:56.751+08:00,52.637684300000004,1487,False,-5.80354482421875,2.375048046875,7.8721350585937495,0.5816343820733056,0.7403587830420283,0.14807175660840566,-4.375654697418213,2.8995823860168457,8.139721870422363,0.5129754543304443,1.0635873079299927,0.06683743000030518,31.539800000004448,2.048500000000786,33.7667999999951,8.7667999999951
2026-05-15T15:18:56.784+08:00,52.672043,1488,False,-6.4834980957031245,2.5570073730468748,7.378929516601562,0.9523464058123357,1.3156015784991437,0.07243798165015529,-5.922268867492676,2.8191332817077637,8.432430267333984,0.7851281762123108,0.9141339063644409,0.03875115513801575,31.853900000001545,2.274800000009236,34.30380000000355,9.303800000003548
2026-05-15T15:18:56.818+08:00,52.70703879999999,1489,False,-6.253654736328125,3.0071172851562498,6.698976245117187,1.23783727466883,1.5957661251754796,0.15339807878856412,-6.7619948387146,3.23197603225708,6.127763748168945,1.096701741218567,1.6095887422561646,0.010053151287138462,31.725600000001464,3.0023999999997386,34.93810000000508,9.938100000005079
2026-05-15T15:18:56.854+08:00,52.741022900000004,1490,False,-7.426813549804687,2.93050283203125,6.009446166992187,1.1068097490369315,1.1195929222693117,0.24074976254316316,-6.204736709594727,3.517164707183838,6.475822448730469,1.1735060214996338,1.2842034101486206,0.0831841304898262,31.709800000001565,1.9755999999944152,33.90829999999312,8.908299999993119
2026-05-15T15:18:56.888+08:00,52.77487649999999,1491,False,-7.4794859863281244,3.356670727539062,4.529829541015625,0.8926915973945607,1.3795174446610454,0.26631610900792385,-7.362961292266846,3.0998001098632812,5.500863075256348,0.858060359954834,1.1773858070373535,0.1860221028327942,31.582700000001296,2.017299999991451,33.791800000003036,8.791800000003036
2026-05-15T15:18:56.922+08:00,52.809589700000004,1492,False,-7.4028715332031245,3.6822821533203123,4.309562988281249,0.6498113059793341,0.9587379924285259,0.3387540906580791,-7.115181922912598,3.6444411277770996,4.446760654449463,0.6771498322486877,1.1485652923583984,0.2202010452747345,31.855399999997758,2.449599999991392,34.65479999999843,9.654799999998431
2026-05-15T15:18:56.957+08:00,52.84344,1493,False,-8.322244970703125,3.9695863525390624,4.333505004882812,0.6838997679323484,0.520914309219499,0.6072007285380664,-7.180856704711914,4.223294734954834,5.420395851135254,0.6535679697990417,0.5613306760787964,0.47332650423049927,31.753899999998225,1.8598999999994703,33.7848000000065,8.784800000006499
2026-05-15T15:18:56.990+08:00,52.87701179999999,1494,False,-7.8912886718749995,4.505887524414062,3.878606689453125,0.8000135914598032,1.5936355963034163,0.5049353426790236,-8.918841361999512,4.608541488647461,3.4683918952941895,0.6712847948074341,1.1992689371109009,0.42822787165641785,31.5231999999952,1.8144999999947231,33.50990000001275,8.509900000012749
2026-05-15T15:18:57.023+08:00,52.912910499999995,1495,False,-8.135497241210937,4.204218115234375,3.9552211425781247,0.9906959255094767,1.1217234511413752,0.5965480841777494,-7.873370170593262,4.715254306793213,3.5371973514556885,1.0094884634017944,1.475381851196289,0.4458305537700653,31.952500000002715,3.3892000000008693,35.8413000000013,10.841300000001297
2026-05-15T15:18:57.060+08:00,52.947097400000004,1496,False,-7.915230688476562,4.697423657226563,3.1316157714843746,0.7094661143971092,0.6359628683109221,0.3291667107337939,-7.1287617683410645,4.105957508087158,4.42869758605957,0.810072124004364,0.7449777126312256,0.3241693377494812,31.679599999989705,2.2758000000067113,34.12619999998867,9.126199999988671
2026-05-15T15:18:57.094+08:00,52.981332800000004,1497,False,-7.340622290039062,4.520252734375,2.925714428710937,0.7744472449950425,0.6253102239506052,0.36112464381474474,-7.346027374267578,4.617004871368408,3.811633586883545,0.7440532445907593,0.5730311274528503,0.26259952783584595,32.00000000001069,1.986200000004601,34.17530000000113,9.17530000000113
2026-05-15T15:18:57.128+08:00,53.0163058,1498,False,-6.924031201171875,4.754884497070313,2.4899697265625,0.7222492876294895,0.08948221262666241,0.2695119023160189,-6.555675506591797,4.874596118927002,2.9721479415893555,0.7739431858062744,0.31179308891296387,0.25883227586746216,31.741100000004963,2.9490000000009786,34.913700000004155,9.913700000004155
2026-05-15T15:18:57.163+08:00,53.050590799999995,1499,False,-7.4603323730468745,4.620809204101562,2.3223756103515623,0.5635248866607668,-0.22157500269459263,-0.08096009713840885,-6.617842674255371,4.145541191101074,3.363140821456909,0.654365599155426,-0.23109278082847595,-0.0411447174847126,32.002200000007974,1.8242000000014968,34.22510000000045,9.225100000000452
2026-05-15T15:18:57.197+08:00,53.0846348,1500,False,-9.605537060546874,6.2201359130859375,3.5098996337890624,0.3856257258434737,-0.5592638289166401,0.06604639503396512,-8.374850273132324,5.205037593841553,4.006862163543701,0.2173820286989212,-0.6108697056770325,-0.005182208027690649,31.672799999995505,2.1215000000012196,33.98099999999715,8.980999999997152
2026-05-15T15:18:57.232+08:00,53.1183003,1501,False,-6.354211206054687,4.740519287109374,2.480392919921875,0.14487596330031058,-1.069525493775822,-0.0468716351853946,-7.249288082122803,5.622034072875977,3.092297315597534,0.37917476892471313,-0.7690754532814026,0.034791670739650726,31.574500000004946,1.863799999995308,33.60829999999737,8.60829999999737
2026-05-15T15:18:57.266+08:00,53.152532199999996,1502,False,-7.690175732421874,4.88417138671875,3.0933085449218747,-0.3025350998330015,-2.7025758742124113,-0.03195793308095086,-5.5716776847839355,4.366829872131348,4.692170143127441,-0.03235851973295212,-2.2084109783172607,0.21426428854465485,31.7698000000064,2.068500000007134,34.17000000000314,9.170000000003142
2026-05-15T15:18:57.299+08:00,53.1864353,1503,False,-7.728482958984374,5.91846650390625,3.342305517578125,-0.5038700782429919,-2.165682598452437,-0.060720072853806636,-8.019193649291992,5.3319411277771,4.318389892578125,-0.6491594910621643,-2.634511709213257,0.15975496172904968,31.61249999999427,2.045499999994149,33.837500000004184,8.837500000004184
2026-05-15T15:18:57.333+08:00,53.220470199999994,1504,False,-6.943184814453125,5.05655390625,4.989516259765625,-0.5166532514753722,-1.5968313896115114,-0.19387812735776855,-8.18626880645752,5.305196285247803,2.6349048614501953,-0.35439833998680115,-1.533447504043579,-0.05808435380458832,31.67609999999854,2.1042999999991707,33.96769999999094,8.967699999990941
2026-05-15T15:18:57.368+08:00,53.254425499999996,1505,False,-6.8569935546875,4.486733911132812,5.070919116210937,-0.4186489233604563,-1.7214673286272197,-0.15339807878856412,-6.576147079467773,5.017455577850342,4.3062968254089355,-0.3198069930076599,-1.4908503293991089,-0.026272431015968323,31.607800000003294,2.075599999997735,33.88720000000944,8.887200000009443
2026-05-15T15:18:57.402+08:00,53.28851569999999,1506,False,-6.507440112304687,4.927267016601562,5.530605834960937,-0.7957525337156764,-2.0474382460529186,-0.1629854587128494,-6.089597702026367,4.517226696014404,6.018648147583008,-0.6694288849830627,-1.9473514556884766,0.013116663321852684,31.594800000007695,2.1387999999973317,34.02439999999274,9.024399999992738
2026-05-15T15:18:57.434+08:00,53.323502500000004,1507,False,-6.306327172851562,5.090072729492187,5.597643481445312,-0.7669903939428206,-1.9270633647813369,-0.09480853480682089,-6.309138298034668,5.388618469238281,5.737914562225342,-0.8811477422714233,-1.9913737773895264,0.03975565731525421,31.613700000008294,2.8905000000065684,34.926399999989144,9.926399999989144
2026-05-15T15:18:57.470+08:00,53.3583053,1508,False,-6.244077929687499,4.620809204101562,6.0908490234374995,-0.6881608256764752,-0.7840346249193277,0.003195793308095086,-7.123922824859619,5.4085798263549805,4.580477714538574,-0.6001689434051514,-1.0961673259735107,0.07312005758285522,31.58539999999732,2.963999999991529,34.730899999999565,9.730899999999565
2026-05-15T15:18:57.505+08:00,53.398388600000004,1509,False,-5.683834741210937,4.42448466796875,6.617573388671874,-0.7360977252979015,-0.8617989287496416,-0.05539375067364816,-5.9037251472473145,4.4943366050720215,5.243373394012451,-0.624241054058075,-0.6043552756309509,0.030085880309343338,31.848499999995283,7.758899999998903,40.00019999999438,15.00019999999438
2026-05-15T15:18:57.545+08:00,53.4389736,1510,False,-5.530605834960937,4.189852905273438,6.87614716796875,-0.74142404747806,-0.3387540906580791,-0.024501082028728992,-5.459885120391846,4.409768581390381,6.595858573913574,-0.7201851010322571,-0.48613935708999634,0.011177491396665573,32.185299999994754,7.679400000000669,40.42439999999203,15.424399999992033
2026-05-15T15:18:57.585+08:00,53.47654709999999,1511,False,-5.65031591796875,3.9360675292968748,6.900089184570312,-0.8543420776974197,-0.29188245547268454,-0.14274543442824716,-5.495233535766602,4.034634113311768,6.464717864990234,-0.7571269273757935,-0.2662796974182129,-0.06414355337619781,31.74610000000655,5.489400000001865,37.45709999999747,12.457099999997467
2026-05-15T15:18:57.623+08:00,53.51658139999999,1512,False,-5.396530541992187,3.6200329101562496,7.038952880859375,-0.9725864300969379,-0.5017395493709285,-0.17044230976507124,-4.8938751220703125,3.738473892211914,7.098923683166504,-0.9112799167633057,-0.406902015209198,-0.08377525210380554,32.10890000001143,7.491099999995754,39.94959999999992,14.949599999999919
2026-05-15T15:18:57.664+08:00,53.5532453,1513,False,-4.553771557617187,3.5960908935546874,7.149086157226562,-1.150485590914231,-0.5102616648591821,-0.4751079384701361,-4.450974464416504,3.324418544769287,7.28756046295166,-1.107632040977478,-0.5120462775230408,-0.3253507614135742,31.97579999999789,4.242699999991828,36.531199999998876,11.531199999998876
2026-05-15T15:18:57.700+08:00,53.58904,1514,False,-5.233724829101562,2.6001030029296874,7.1203557373046875,-1.5744608364548458,-0.28442560442046266,-0.25566346464760686,-4.767276763916016,2.906242847442627,6.961739540100098,-1.2628463506698608,-0.42157182097435,-0.23901726305484772,31.97329999998999,3.3754000000101314,35.7205000000107,10.720500000010702
2026-05-15T15:18:57.736+08:00,53.6272403,1515,False,-4.783614916992187,2.0829554443359375,8.346186987304687,-1.856755912003245,-0.43036683215680493,-0.5763080598931472,-4.479181289672852,1.981889009475708,7.823503494262695,-1.6329121589660645,-0.38755837082862854,-0.3372338116168976,31.712999999996327,6.037599999999088,38.129699999998934,13.129699999998934
2026-05-15T15:18:57.774+08:00,53.6703512,1516,False,-6.234501123046875,0.8092401611328125,8.690952026367187,-2.3073627684446523,-0.6721818591359998,-0.5667206799688619,-4.928018093109131,1.111126184463501,9.26089096069336,-1.9380457401275635,-0.6832541823387146,-0.4350263774394989,32.22279999999955,9.962300000012192,42.79160000000104,17.79160000000104
2026-05-15T15:18:57.818+08:00,53.71214909999999,1517,False,-3.9504327392578125,0.9002198242187499,9.629479077148437,-1.290035232034383,-0.2620550512637971,-0.12889699675983513,-4.712693691253662,2.3395423889160156,9.217704772949219,-1.710927963256836,-0.3612308204174042,-0.12721961736679077,32.173200000002566,8.918100000002482,41.59170000001211,16.59170000001211
2026-05-15T15:18:57.859+08:00,53.748403100000004,1518,False,-4.448426684570312,0.258573779296875,9.117119921875,-0.5635248866607668,0.1384843766841204,-0.1832254829974516,-4.096553802490234,2.204329252243042,8.504920959472656,-0.5884250402450562,0.09264850616455078,-0.11940138041973114,31.71980000000474,4.227099999994266,36.185900000006654,11.185900000006654
2026-05-15T15:18:57.895+08:00,53.7822091,1519,False,-5.046977099609375,0.277727392578125,8.643067993164061,0.08735168375459902,0.9331716459637651,-0.01597896654047543,-5.126630783081055,1.2802841663360596,7.947333335876465,-0.030745849013328552,0.675051748752594,-0.10094257444143295,31.535700000006273,2.014100000010899,33.71920000000728,8.719200000007277
2026-05-15T15:18:57.929+08:00,53.8174734,1520,False,-5.396530541992187,0.28730419921875,8.623914379882812,0.27909928224030417,0.9203884727313848,-0.009587379924285258,-5.14937162399292,1.1163630485534668,8.040257453918457,0.25254321098327637,1.017709732055664,-0.08982793241739273,31.655499999999392,3.1723000000027923,35.133799999996995,10.133799999996995
2026-05-15T15:18:57.965+08:00,53.85268189999999,1521,False,-5.717353564453124,0.44532150878906246,8.054094384765625,0.7861651537913912,1.024784387462491,0.08415589044650393,-5.09731912612915,1.5174262523651123,8.502347946166992,0.5838959217071533,0.979232907295227,-0.04192185774445534,31.58310000000597,3.36520000000462,35.13639999999896,10.136399999998957
2026-05-15T15:18:57.999+08:00,53.892658,1522,False,-6.095637426757812,0.6847416748046875,7.991845141601562,0.9470200836321772,1.0748518159559806,0.33023197516982555,-5.664385795593262,1.5897202491760254,8.260584831237793,0.9235855340957642,1.0540889501571655,0.17378218472003937,31.829699999988748,7.462200000006192,39.893300000002796,14.893300000002796
2026-05-15T15:18:58.040+08:00,53.9344201,1523,False,-5.961562133789062,1.407790576171875,7.417236743164062,1.1941614327915304,0.9086705639350361,0.5177185159114039,-5.5582194328308105,1.8399760723114014,7.82000732421875,0.9904627799987793,1.006221055984497,0.40039336681365967,32.29369999999676,8.338399999999524,41.350300000004836,16.350300000004836
2026-05-15T15:18:58.082+08:00,53.975635499999996,1524,False,-6.129156249999999,1.924938134765625,6.72291826171875,1.5680692498386555,0.5922870264336226,0.7627293361986939,-5.398021697998047,2.914414882659912,7.634770393371582,1.4021103382110596,0.6828800439834595,0.6040367484092712,31.86199999998962,8.837400000004436,41.05230000000404,16.05230000000404
2026-05-15T15:18:58.122+08:00,54.0151776,1525,False,-6.4643444824218745,2.3511060302734372,6.976703637695312,0.9012137128828143,0.7360977252979015,0.7850998893553595,-6.019295692443848,1.9895167350769043,7.234090805053711,1.1604838371276855,0.6302965879440308,0.7139323353767395,31.66559999999663,7.384500000000571,39.43410000000824,14.434100000008243
2026-05-15T15:18:58.162+08:00,54.056334899999996,1526,False,-7.455543969726562,3.1316157714843746,6.282385156249999,1.1334413599377238,1.4881744171362785,0.8277104667966273,-7.586869239807129,3.057260036468506,5.845446586608887,0.8538867831230164,1.2193012237548828,0.6764702200889587,32.0085999999975,8.376200000000722,40.71840000000293,15.71840000000293
2026-05-15T15:18:58.204+08:00,54.09106609999999,1527,False,-7.034164477539062,2.882618798828125,6.373364819335937,0.7094661143971092,1.7736652859927728,0.7211840231934578,-7.58297872543335,2.790710926055908,5.423826217651367,1.003476619720459,1.7800251245498657,0.615149199962616,31.7732000000035,2.6060999999941714,34.61320000000967,9.61320000000967
2026-05-15T15:18:58.238+08:00,54.12523999999999,1528,False,-7.292738256835937,3.84987626953125,5.746083984375,0.5283711602717209,1.2325109524886715,0.3398193550941108,-6.45465612411499,2.8252978324890137,6.165896415710449,0.44521063566207886,1.475069284439087,0.28812360763549805,31.735800000006975,2.121599999995283,34.09849999999892,9.098499999998921
2026-05-15T15:18:58.273+08:00,54.1592711,1529,False,-7.60398447265625,3.6487633300781246,4.716577270507813,0.6135923151542565,2.091114087930218,0.3451456772742693,-7.946189880371094,3.7441296577453613,5.285058975219727,0.5480595231056213,1.6762864589691162,0.20106038451194763,31.77410000000691,1.9679000000110136,33.93930000000012,8.939300000000117
2026-05-15T15:18:58.306+08:00,54.19358489999999,1530,False,-7.963114721679687,3.4428619873046875,4.165910888671875,0.33342776847792066,1.9771307932748265,0.2055960361541172,-8.149657249450684,3.414395809173584,3.6287126541137695,0.48896920680999756,2.1268365383148193,0.06856677681207657,31.646600000001968,2.3366000000066833,34.25489999999343,9.254899999993427
2026-05-15T15:18:58.341+08:00,54.2348126,1531,False,-7.963114721679687,3.9600095458984375,3.825934252929687,0.3387540906580791,1.629854587128494,0.04261057744126781,-7.380459785461426,3.5167407989501953,4.526637077331543,0.20269083976745605,1.7196835279464722,-0.0327167771756649,31.830100000007633,8.89940000000422,41.151700000000346,16.151700000000346
2026-05-15T15:18:58.382+08:00,54.269546399999996,1532,False,-7.742848168945312,4.027047192382812,3.2513258544921873,0.44847632756934375,2.2264026713062433,-0.05539375067364816,-8.285627365112305,4.19665002822876,3.629697561264038,0.36081209778785706,1.9309496879577637,-0.20575964450836182,31.838300000003983,2.2021000000052027,34.39309999998841,9.393099999988408
2026-05-15T15:18:58.416+08:00,54.306989099999996,1533,False,-8.882488159179687,4.027047192382812,1.8818425048828125,0.33342776847792066,2.014415048535936,-0.15446334322459582,-8.67426872253418,4.005056858062744,2.178999662399292,0.3569442927837372,2.0832953453063965,-0.2736794054508209,31.66699999999878,5.414400000006481,37.3294000000044,12.329400000004398
2026-05-15T15:18:58.453+08:00,54.342654499999995,1534,False,-8.48505068359375,3.9408559326171875,1.6041151123046875,0.044741106313331204,0.6998787344728239,-0.15872440096872262,-7.495273590087891,3.8119969367980957,3.197160243988037,0.15195979177951813,1.0617612600326538,-0.21575787663459778,31.732099999999264,3.6094000000019832,35.57669999999291,10.576699999992911
2026-05-15T15:18:58.489+08:00,54.3769607,1535,False,-8.71489404296875,3.9504327392578125,1.9871873779296874,-0.10120012142301106,-1.0535465272353468,-0.3494067350183961,-6.742980003356934,3.456587314605713,4.678310871124268,-0.05400948226451874,-0.6618481278419495,-0.2856411933898926,31.588400000003958,2.482499999999277,34.24449999999979,9.244499999999789
2026-05-15T15:18:58.524+08:00,54.4121818,1536,False,-9.160215551757812,4.017470385742187,3.0933085449218747,-0.16511598758491278,-2.6674221478233653,-0.21944447382252924,-7.426731586456299,3.971203327178955,5.611896991729736,-0.08398407697677612,-2.436133623123169,-0.1053028404712677,31.7864999999955,3.141700000000469,35.16309999999123,10.163099999991232
2026-05-15T15:18:58.559+08:00,54.4461543,1537,False,-8.623914379882812,3.5290532470703124,4.04141240234375,0.07669903939428206,-2.836799193152405,-0.08522115488253562,-8.6740083694458,4.731217384338379,5.0747175216674805,0.14848089218139648,-2.8944239616394043,0.13409726321697235,31.673100000006116,2.0730000000099835,33.915499999991994,8.915499999991994
2026-05-15T15:18:58.593+08:00,54.480384799999996,1538,False,-7.541735229492187,3.5051112304687497,5.008669873046875,-0.049002164057457984,-3.52496001882888,-0.1374191122480887,-7.790233135223389,3.733407497406006,4.959537506103516,0.12467695772647858,-3.1993231773376465,0.20202645659446716,31.646899999998368,2.3482999999941967,34.16830000000459,9.168300000004592
2026-05-15T15:18:58.627+08:00,54.5152037,1539,False,-7.331045483398437,3.4668040039062498,6.224924316406249,-0.11824435239951818,-4.148139713907422,-0.3238403885536354,-7.160983085632324,3.3159451484680176,7.254780292510986,-0.031893033534288406,-3.9656858444213867,0.06434968113899231,31.732099999999264,2.843300000009208,34.754899999995814,9.754899999995814
2026-05-15T15:18:58.662+08:00,54.54970879999999,1540,False,-7.1395093505859375,3.6296097167968746,5.382165332031249,-0.07882956826634546,-3.017894147277793,-0.409061543436171,-8.614763259887695,3.6803245544433594,5.186982154846191,-0.08922475576400757,-3.4597039222717285,-0.10047753900289536,31.787200000010785,2.3948999999987564,34.42760000000078,9.42760000000078
2026-05-15T15:18:58.696+08:00,54.584576,1541,False,-6.315903979492187,3.7110125732421873,6.1626750732421876,-0.2492718780314167,-1.6394419670527791,-0.1874865407415784,-8.045552253723145,3.7359137535095215,2.4715466499328613,-0.18563613295555115,-1.7249808311462402,-0.1497766375541687,31.65799999999308,2.9571000000032654,34.79910000000075,9.799100000000749
2026-05-15T15:18:58.732+08:00,54.6200719,1542,False,-5.482721801757812,3.299209887695312,6.938396411132812,-0.37071202373903,-1.7512947328361073,-0.24607608472332163,-5.724074363708496,3.718172550201416,5.132906913757324,-0.2575285732746124,-1.3887972831726074,-0.055971093475818634,31.851900000006594,3.3063000000055354,35.434699999996155,10.434699999996155
2026-05-15T15:18:58.767+08:00,54.65398329999999,1543,False,-5.774814404296874,2.9927520751953125,7.671022119140624,-0.49641322719077,-1.9206717781651468,-0.21624868051443416,-5.224587917327881,3.1709866523742676,8.161521911621094,-0.3509443402290344,-1.8434767723083496,-0.1614774465560913,31.792800000005172,1.8505000000033078,33.8229000000041,8.822900000004097
2026-05-15T15:18:58.800+08:00,54.68840949999999,1544,False,-4.1946413085937495,3.42849677734375,7.75721337890625,-0.44847632756934375,-1.5329155234496097,-0.15765913653269092,-5.0005974769592285,3.718994140625,7.527332305908203,-0.5717979073524475,-1.6500130891799927,-0.04002916440367699,31.620599999996557,2.5569999999959236,34.36229999999796,9.362299999997958
2026-05-15T15:18:58.835+08:00,54.723455799999996,1545,False,-4.448426684570312,2.73896669921875,8.33182177734375,-0.47404267403410444,-1.654355669157223,-0.20026971397395874,-3.99271297454834,3.732050895690918,7.793274879455566,-0.32388007640838623,-1.478376865386963,-0.03929160535335541,31.706200000002127,3.0605999999977485,34.97910000000104,9.97910000000104
2026-05-15T15:18:58.871+08:00,54.759495,1546,False,-3.6152445068359373,2.9927520751953125,8.566453540039062,-0.4420847409531536,-2.0367856016926016,-0.02982740420888747,-3.3734467029571533,3.6152329444885254,8.894609451293945,-0.44775819778442383,-1.8529026508331299,0.10052727907896042,31.968599999999014,3.203900000002591,35.96789999998862,10.967899999988617
2026-05-15T15:18:58.906+08:00,54.7944916,1547,False,-2.7198130859375,2.5953145996093747,8.834604125976561,-0.43036683215680493,-2.290318537468145,-0.1864212763055467,-2.5806360244750977,3.3812780380249023,9.242620468139648,-0.3388385474681854,-2.1400721073150635,0.03164806589484215,31.758699999997475,2.967600000005177,34.925299999997605,9.925299999997605
2026-05-15T15:18:58.941+08:00,54.82882169999999,1548,False,-3.2704794677734372,2.1883003173828124,9.581595043945311,-0.3909520480236322,-2.495914573622262,-0.10546117916713783,-2.680224895477295,3.190262794494629,9.770612716674805,-0.2735871970653534,-2.4492383003234863,0.07955432683229446,31.58309999999176,2.477700000000027,34.268100000005575,9.268100000005575
2026-05-15T15:18:58.976+08:00,54.8638426,1549,False,-1.407790576171875,2.29843359375,8.82981572265625,-0.4910869050106116,-2.9177592902908134,0.14913702104443735,-1.8151475191116333,3.4860644340515137,9.30465316772461,-0.42810681462287903,-2.6734747886657715,0.3473433554172516,31.524400000009223,3.225299999996878,34.95009999998899,9.950099999988993
2026-05-15T15:18:59.010+08:00,54.89909709999999,1550,False,-1.0773907470703123,2.1883003173828124,9.375693701171874,-0.7882956826634545,-3.6730317754372854,0.035153726389045944,-0.5413439869880676,2.9760236740112305,10.07673168182373,-0.5852476358413696,-3.377603769302368,0.4346334934234619,31.717999999997915,3.2855999999981123,35.191699999998605,10.191699999998605
2026-05-15T15:18:59.046+08:00,54.93318889999999,1551,False,0.5410895751953124,2.1356278808593747,9.356540087890625,-0.5912217619975909,-3.070092104643346,0.30999195088522336,-0.6958803534507751,3.2931718826293945,9.378963470458984,-0.6407204866409302,-3.1940221786499023,0.47063860297203064,31.586099999998396,2.1956000000074027,34.026800000006574,9.026800000006574
2026-05-15T15:18:59.080+08:00,54.96836089999999,1552,False,2.480392919921875,1.8195932617187498,9.34696328125,-0.30892668644919163,-1.9973708175594287,0.26844663787998724,0.7380397915840149,3.119095802307129,7.074230194091797,-0.2747483253479004,-1.9868029356002808,0.46110662817955017,31.82809999999847,3.015800000000013,35.09189999999762,10.091899999997622
2026-05-15T15:18:59.115+08:00,55.003222199999996,1553,False,2.1021090576171875,1.2306196533203124,10.041281762695311,-0.5486111845563231,-2.7963191445832005,0.07137271721412358,2.962127685546875,1.9881870746612549,9.569265365600586,-0.2912876605987549,-2.2981832027435303,0.39541545510292053,31.72829999999749,2.7663000000046623,34.77119999999445,9.771199999994451
2026-05-15T15:18:59.150+08:00,55.0380263,1554,False,3.299209887695312,1.4604630126953124,8.628702783203124,-0.49641322719077,-2.517219862342896,0.28868666216458944,2.7884604930877686,2.3643431663513184,9.477533340454102,-0.6021779775619507,-2.5905373096466064,0.43604350090026855,31.74950000000365,2.6507999999978438,34.728099999995266,9.728099999995266
2026-05-15T15:18:59.184+08:00,55.073541899999995,1555,False,4.764461303710937,1.1635820068359375,8.810662109374999,-0.4378236832090268,-1.961151826734351,0.03728425526110934,3.5974416732788086,2.140493631362915,7.265071868896484,-0.3129386603832245,-1.920203685760498,0.3112701177597046,31.678099999993492,3.464399999998591,35.41609999999196,10.416099999991957
2026-05-15T15:18:59.221+08:00,55.1086849,1556,False,5.0182466796875,1.2880804931640624,8.418013037109375,-0.14381069886427889,-1.1707256151988332,-0.05432848623761646,4.3821187019348145,1.9964063167572021,6.710196018218994,-0.23258927464485168,-1.2458966970443726,0.055919013917446136,31.602100000000632,3.2085999999935666,35.03979999999274,10.039799999992738
2026-05-15T15:18:59.255+08:00,55.143570999999994,1557,False,5.453991381835937,1.2737152832031249,8.303091357421874,0.0692421883420602,-0.2748382244961774,-0.0916127414987258,4.429825305938721,2.242260217666626,6.300914287567139,0.027798397466540337,-0.38439199328422546,-0.05963350459933281,31.66020000000458,2.929499999993368,34.818500000000085,9.818500000000085
2026-05-15T15:18:59.290+08:00,55.178042399999995,1558,False,5.190629199218749,1.3838485595703125,8.259995727539062,0.3238403885536354,1.04928546949122,-0.32703618186173045,4.11641263961792,1.9481556415557861,5.659231185913086,0.18483436107635498,0.794421374797821,-0.34977301955223083,31.73110000000179,2.419099999997343,34.37270000000581,9.372700000005807
2026-05-15T15:18:59.325+08:00,55.21327289999999,1559,False,4.180276098632812,1.62805712890625,8.432378247070313,0.4814995250863263,2.4810008715178187,-0.5155879870393405,2.8606512546539307,2.0028276443481445,5.521471977233887,0.3420150578022003,2.17252254486084,-0.6634807586669922,31.60480000001087,3.331500000001597,35.16920000001278,10.16920000001278
2026-05-15T15:18:59.361+08:00,55.24787359999999,1560,False,2.834734765625,1.5514426757812498,8.743624462890624,0.482564789522358,2.944390901191606,-0.12676646788777174,2.0563108921051025,2.9156150817871094,6.6605024337768555,0.4001074433326721,2.8916075229644775,-0.43886804580688477,31.723299999995902,2.4425000000007913,34.39880000000528,9.39880000000528
2026-05-15T15:18:59.394+08:00,55.2823628,1561,False,2.3223756103515623,1.599326708984375,9.270348828125,0.45060685644140713,3.5153726389045947,-0.17044230976507124,1.439405918121338,2.81955623626709,8.29590892791748,0.3790859282016754,3.3704726696014404,-0.4091627597808838,31.70459999999764,2.483400000002689,34.41709999999887,9.417099999998868
2026-05-15T15:18:59.430+08:00,55.31729899999999,1562,False,-0.181959326171875,2.370259643554687,8.98304462890625,0.5518069778644182,3.946804735497431,-0.11824435239951818,-0.3635205030441284,3.14670467376709,8.824376106262207,0.2652757465839386,3.6943843364715576,-0.4050367474555969,31.526799999994637,3.1093000000055326,34.86390000000483,9.863900000004833
2026-05-15T15:18:59.464+08:00,55.352056899999994,1563,False,-0.5315127685546874,2.0254946044921875,9.026140258789061,0.022370553156665602,2.130528872063391,0.42823630328474155,0.5590695738792419,3.0626940727233887,10.168489456176758,0.21360914409160614,2.7335660457611084,0.18647751212120056,31.732200000007538,2.7283999999951902,34.68690000001118,9.686900000011178
2026-05-15T15:18:59.499+08:00,55.38625739999999,1564,False,-0.9433154541015625,1.369483349609375,9.610325463867188,0.08309062601047223,2.1869878871730704,0.1810949541253882,-0.5569667220115662,2.1856026649475098,10.798805236816406,0.07231899350881577,2.029907703399658,0.1936015784740448,31.614799999999832,2.272200000007274,34.12249999999517,9.12249999999517
2026-05-15T15:18:59.533+08:00,55.42123529999999,1565,False,-1.8148048583984373,2.269703173828125,9.605537060546874,0.07882956826634546,1.6671388423896032,0.23542344036300467,-1.2013285160064697,2.4926340579986572,9.863250732421875,-0.04944726079702377,1.7520294189453125,0.13254845142364502,31.781800000004523,2.821199999999635,34.893399999987196,9.893399999987196
2026-05-15T15:18:59.568+08:00,55.456167300000004,1566,False,-0.8667010009765624,2.0877438476562498,10.127473022460936,0.2311623826188779,0.2929477199087162,0.28868666216458944,0.08742079883813858,3.1664414405822754,10.841695785522461,0.13000306487083435,0.857698380947113,0.24416571855545044,31.693099999998253,2.8930999999943197,34.84339999999975,9.843399999999747
2026-05-15T15:18:59.603+08:00,55.4912296,1567,False,-1.2832920898437499,1.8914193115234375,10.261548315429687,0.6956176767286971,-0.28762139772855777,-0.044741106313331204,-0.012476617470383644,1.9699275493621826,11.923027992248535,0.5494465827941895,-0.19440168142318726,-0.013822734355926514,31.733899999991877,3.0039000000101623,34.96079999999324,9.960799999993242
2026-05-15T15:18:59.638+08:00,55.5258561,1568,False,-0.1292868896484375,2.437297290039062,9.270348828125,0.7584682784545671,-1.0024138343058253,0.022370553156665602,0.11576098948717117,2.7156033515930176,10.395126342773438,0.6934226751327515,-0.7584145069122314,0.02054562419652939,31.692899999995916,2.63459999999327,34.55900000000156,9.55900000000156
2026-05-15T15:18:59.672+08:00,55.5605168,1569,False,-0.507570751953125,2.2361843505859373,8.911218579101561,0.7350324608618698,-1.0439591473110614,-0.3238403885536354,0.0026499275118112564,2.6027352809906006,9.187591552734375,0.8104901313781738,-1.095200777053833,-0.2236286699771881,31.668899999999667,2.660699999992744,34.57769999999982,9.577699999999822
2026-05-15T15:18:59.707+08:00,55.596232099999995,1570,False,-1.5610194824218748,2.748543505859375,7.704540942382812,0.26525084457189213,-0.6253102239506052,-0.5230448380915624,-1.362906575202942,2.120257616043091,7.39860725402832,0.36059290170669556,-0.8772377371788025,-0.4637260437011719,31.683299999997416,3.7216000000057647,35.63760000000116,10.637600000001157
2026-05-15T15:18:59.743+08:00,55.6311463,1571,False,-2.1116858642578125,2.916137622070312,8.078036401367187,0.12144014570761327,-0.36112464381474474,-0.4324973610288683,-2.1636641025543213,2.6373538970947266,6.956294059753418,0.05841905623674393,-0.4133075475692749,-0.4915779232978821,31.753000000009024,2.8487999999953217,34.81700000000387,9.817000000003873
2026-05-15T15:18:59.778+08:00,55.6653403,1572,False,-0.565031591796875,3.2130186279296873,8.9255837890625,-0.16618125202094447,-0.3856257258434737,-0.223705531566656,-1.0540522336959839,3.4151058197021484,7.782651901245117,-0.10033693164587021,-0.20863568782806396,-0.2594628930091858,31.63419999999917,2.2727000000060116,34.108499999987885,9.108499999987885
2026-05-15T15:18:59.812+08:00,55.6995563,1573,False,-0.3591302490234375,2.7916391357421872,9.050082275390624,-0.9001484484467825,-1.115331864525185,0.05432848623761646,0.4333895146846771,3.2209997177124023,9.392053604125977,-0.5510824918746948,-0.7718128561973572,0.02353094518184662,31.60370000000512,2.3092999999931862,34.14139999999577,9.14139999999577
2026-05-15T15:18:59.847+08:00,55.733474599999994,1574,False,0.08140285644531249,1.7956512451171873,5.090072729492187,-1.3550163626323164,3.954261586549653,-0.4783037317782312,-4.890153408050537,1.5153543949127197,3.8869874477386475,-1.019073247909546,1.6799042224884033,-0.5893522500991821,31.651299999992943,1.994500000009225,33.83969999998726,8.83969999998726
2026-05-15T15:18:59.880+08:00,55.7675924,1575,False,-3.5625720703124997,2.212242333984375,17.702727075195313,-0.9299758526556701,-0.11717908796348649,-0.5379585401960062,1.1487045288085938,1.2235283851623535,12.31889533996582,-0.9941362142562866,1.3564612865447998,-0.4734051823616028,31.692800000001853,2.1813000000037164,34.048600000005536,9.048600000005536
2026-05-15T15:18:59.915+08:00,55.80162179999999,1576,False,-2.7150246826171873,1.7238251953125,8.499415893554687,-0.346210941710301,-0.5081311359871187,-0.1629854587128494,-1.3774452209472656,2.69981050491333,14.13607406616211,-0.7261674404144287,-0.5483935475349426,-0.46692171692848206,31.701400000002877,2.077400000004559,33.96700000000408,8.967000000004077
2026-05-15T15:18:59.948+08:00,55.835554099999996,1577,False,-1.3646949462890625,1.5514426757812498,9.548076220703125,-0.8575378710055147,-1.5180018213451658,0.27377296006014573,-1.6126458644866943,1.8284566402435303,9.498758316040039,-0.33487075567245483,-0.785528838634491,0.03582974150776863,31.63059999999973,2.0193000000006123,33.86519999999393,8.865199999993933
2026-05-15T15:18:59.983+08:00,55.8694543,1578,False,-1.1875240234375,1.120486376953125,8.815450512695312,-1.0887002536243926,-2.426672385280202,0.24181502697919485,-0.4021659195423126,1.78352689743042,9.75001049041748,-0.9333420395851135,-1.8544095754623413,0.24526186287403107,31.57489999999541,1.994500000009225,33.7890999999928,8.7890999999928
2026-05-15T15:19:00.016+08:00,55.904651599999994,1579,False,0.9097966308593749,0.6464344482421874,11.6837041015625,-1.0727212870839171,-0.779773567175201,0.19600865622983193,-1.1314549446105957,0.9277911186218262,10.477991104125977,-0.9075585007667542,-1.2860829830169678,0.20243947207927704,31.830799999994497,3.0193999999994503,35.10940000001028,10.109400000010282
2026-05-15T15:19:00.052+08:00,55.9396771,1580,False,0.076614453125,0.6368576416015624,9.624690673828125,-0.5773733243291789,-0.007456851052221868,-0.017044230976507126,-0.5374475717544556,1.3813683986663818,8.352548599243164,-0.8175194263458252,-0.3024062216281891,0.004600221756845713,31.786900000000173,2.835699999991448,34.95340000000624,9.95340000000624
2026-05-15T15:19:00.087+08:00,55.9736156,1581,False,0.023942016601562498,0.38786066894531246,9.730035546875,-0.6977482056007605,-0.026631610900792385,0.022370553156665602,0.2439379096031189,0.6842643022537231,9.08613395690918,-0.5247483253479004,0.001275569200515747,-3.769621253013611e-05,31.728999999998564,1.871899999997595,33.78739999999425,8.78739999999425
2026-05-15T15:19:00.120+08:00,56.008440699999994,1582,False,0.0526724365234375,0.033518823242187495,10.046070166015625,-0.6849650323683801,0.03408846195301425,0.022370553156665602,-0.07518079876899719,0.8023650646209717,9.670916557312012,-0.5729672908782959,-0.05022608861327171,-0.0038367644883692265,31.670899999994617,2.8941000000060058,34.76419999999791,9.764199999997913
2026-05-15T15:19:00.155+08:00,56.043778399999994,1583,False,-0.0047884033203125,-0.05746083984375,9.94072529296875,-0.06285060172587002,0.03408846195301425,0.0905474770626941,0.16137637197971344,0.645988941192627,10.084714889526367,-0.33771154284477234,0.051421210169792175,0.05408418923616409,31.80689999999231,3.162099999997281,35.26250000000175,10.26250000000175
2026-05-15T15:19:00.190+08:00,56.080589,1584,False,-0.1292868896484375,-0.0143652099609375,9.82580361328125,0.017044230976507126,0.13954964112015208,0.05965480841777494,-0.08410459011793137,0.6437479257583618,9.796403884887695,0.08022598177194595,0.10747218132019043,0.07248225063085556,31.64890000000753,4.787299999989614,36.73899999999719,11.73899999999719
2026-05-15T15:19:00.227+08:00,56.1200894,1585,False,0.105344873046875,0.0526724365234375,9.787496386718749,0.0021305288720633907,-0.017044230976507126,0.20346550728205381,0.300527423620224,0.23456883430480957,9.601340293884277,-0.027007097378373146,0.09569812566041946,0.16981466114521027,31.889999999989982,7.0279000000113,39.34920000000375,14.349200000003748
2026-05-15T15:19:00.267+08:00,56.1565705,1586,False,-0.009576806640625,-0.0047884033203125,9.80665,-0.003195793308095086,0.0,0.014913702104443736,0.16957075893878937,0.31700754165649414,9.9007568359375,-0.04430227726697922,0.015844285488128662,0.09053079783916473,31.710600000010913,4.360300000001871,36.35850000000573,11.358500000005733
2026-05-15T15:19:00.304+08:00,56.20140239999999,1587,False,0.0,0.01915361328125,9.811438403320311,-0.0010652644360316954,0.0021305288720633907,0.006391586616190172,0.22487466037273407,-1.0028645992279053,9.746650695800781,0.012676142156124115,-0.010387439280748367,-0.003793205600231886,31.794300000001385,12.5819000000007,44.722000000007256,19.722000000007256
2026-05-15T15:19:00.348+08:00,56.2371174,1588,False,-0.01915361328125,0.009576806640625,9.80665,-0.0010652644360316954,0.004261057744126781,0.0021305288720633907,0.1786022037267685,0.28885722160339355,9.695913314819336,-0.020545750856399536,0.032879073172807693,0.00249165459536016,31.7833999999948,3.3625000000085947,35.56110000000956,10.56110000000956
2026-05-15T15:19:00.384+08:00,56.272434000000004,1589,False,-0.0143652099609375,0.01915361328125,9.80665,0.0,-0.0021305288720633907,0.0,0.24944451451301575,-0.047327637672424316,9.721446990966797,-0.016913259401917458,0.006745246239006519,0.006865553557872772,31.647599999999443,3.3005000000088103,35.16030000000114,10.160300000001143
2026-05-15T15:19:00.419+08:00,56.30689389999999,1590,False,-0.0143652099609375,0.028730419921875,9.801861596679688,-0.0010652644360316954,-0.0021305288720633907,0.0010652644360316954,0.11386435478925705,0.23820245265960693,9.731956481933594,0.0054343752562999725,-0.03143277391791344,0.005545876454561949,31.618899999998007,2.4877000000032012,34.39559999999631,9.395599999996307
2026-05-15T15:19:00.454+08:00,56.34166549999999,1591,False,-0.023942016601562498,0.0,9.801861596679688,0.0,-0.0021305288720633907,0.0010652644360316954,0.11242495477199554,-0.3921046853065491,9.671354293823242,0.013688242062926292,-0.022050507366657257,0.016180749982595444,31.770600000001537,2.7386000000007016,34.708600000001866,9.708600000001866
2026-05-15T15:19:00.488+08:00,56.379588,1592,False,-0.0430956298828125,0.0,9.801861596679688,0.0,-0.004261057744126781,0.0,0.07738365978002548,0.20623958110809326,9.79609203338623,-0.01743784360587597,-0.018735839053988457,0.015135868452489376,31.70200000000989,5.90090000000032,37.86170000000766,12.861700000007659
2026-05-15T15:19:00.527+08:00,56.4150664,1593,False,-0.023942016601562498,0.0047884033203125,9.801861596679688,0.0,0.0,0.0,0.2443045675754547,-0.047423720359802246,9.733816146850586,-0.014958429150283337,-0.010349541902542114,0.008388224057853222,31.876999999994382,3.2430000000118753,35.41620000000023,10.41620000000023
2026-05-15T15:19:00.562+08:00,56.4497631,1594,False,-0.028730419921875,0.0,9.80665,0.0,0.003195793308095086,0.0,0.20703433454036713,0.3387671709060669,9.7024507522583,-0.013594350777566433,-0.0022599766962230206,0.026517175137996674,31.695400000003815,2.6596000000012054,34.63669999999297,9.63669999999297
2026-05-15T15:19:00.597+08:00,56.4837751,1595,False,-0.0047884033203125,0.028730419921875,9.797073193359374,0.0,0.003195793308095086,0.0,0.25426095724105835,-0.7453126907348633,9.717856407165527,-0.010838529095053673,-0.0063421037048101425,0.008208566345274448,31.680699999995454,2.00030000000595,33.86840000000291,8.868400000002907
2026-05-15T15:19:00.630+08:00,56.51773299999999,1596,False,-0.0143652099609375,0.0143652099609375,9.821015209960937,0.0,-0.0010652644360316954,0.0,0.256870299577713,0.3652310371398926,9.788808822631836,-0.00875245314091444,-0.010801092721521854,0.01761060580611229,31.737700000007862,1.9929999999988013,33.897699999997144,8.897699999997144
2026-05-15T15:19:00.664+08:00,56.55581769999999,1597,False,-0.0047884033203125,0.01915361328125,9.801861596679688,0.0010652644360316954,0.0,0.0,0.24364161491394043,-0.3165586590766907,9.790843963623047,-0.00640606414526701,-0.009574320167303085,0.012460152618587017,31.778500000001486,5.600499999999897,38.02329999999188,13.023299999991877
2026-05-15T15:19:00.703+08:00,56.593131299999996,1598,False,-0.0143652099609375,0.0047884033203125,9.80665,0.0,0.0021305288720633907,0.0010652644360316954,0.2220771312713623,0.45682787895202637,9.7708740234375,-0.009266866371035576,-0.006891264114528894,0.01693980023264885,31.807299999996985,5.071700000002011,37.21539999999379,12.215399999993792
2026-05-15T15:19:00.740+08:00,56.6342961,1599,False,-0.0383072265625,0.0047884033203125,9.797073193359374,0.0,0.0010652644360316954,0.0010652644360316954,0.27246785163879395,-0.24064934253692627,9.77736759185791,-0.0013032164424657822,-0.0025209449231624603,0.009017330594360828,31.845200000006457,8.882400000004509,41.07890000000225,16.07890000000225
2026-05-15T15:19:00.782+08:00,56.6731302,1600,False,-0.01915361328125,0.028730419921875,9.80665,0.0,-0.0021305288720633907,0.0,0.251480370759964,0.5365242958068848,9.74364948272705,-0.014541210606694221,-0.001935015432536602,0.011839308775961399,31.66470000000743,6.54450000000395,38.49310000001083,13.493100000010827
2026-05-15T15:19:00.820+08:00,56.7096624,1601,False,-0.0143652099609375,0.01915361328125,9.797073193359374,0.0,-0.0021305288720633907,0.0,0.31638529896736145,0.07537436485290527,9.758544921875,-0.009994271211326122,-0.006476776674389839,0.004709484055638313,31.68309999999508,4.437199999998143,36.42319999998733,11.423199999987332
2026-05-15T15:19:00.857+08:00,56.74468639999999,1602,False,-0.01915361328125,0.0047884033203125,9.816226806640625,0.0,0.0,0.0,0.2999456822872162,0.542392373085022,9.711454391479492,-0.009887408465147018,-0.004175684414803982,0.012323974631726742,31.729800000007913,2.9009999999942693,34.92880000000298,9.92880000000298
2026-05-15T15:19:00.892+08:00,56.7808818,1603,False,-0.0143652099609375,0.0,9.80665,0.0,0.0,0.0,0.3302489221096039,-0.30569279193878174,9.74802303314209,-0.0015243450179696083,-0.002403455786406994,-0.00011629913933575153,31.8121999999903,4.025600000005625,36.10919999999851,11.10919999999851
2026-05-15T15:19:00.927+08:00,56.8224426,1604,False,-0.0143652099609375,0.0,9.816226806640625,0.0,0.0,0.0,0.3618387281894684,0.565184473991394,9.761866569519043,-0.012394114397466183,-0.0003654542379081249,0.008244581520557404,31.977400000002376,9.126599999987661,41.44840000000727,16.44840000000727
2026-05-15T15:19:00.970+08:00,56.8629196,1605,False,-0.023942016601562498,0.01915361328125,9.792284790039062,0.0,0.0010652644360316954,0.0,0.3417952060699463,0.10345315933227539,9.760547637939453,-0.007574796210974455,-0.00472138449549675,0.0027902042493224144,31.721400000009226,8.23009999999158,40.33390000000736,15.333900000007361
2026-05-15T15:19:01.009+08:00,56.90242959999999,1606,False,-0.033518823242187495,0.023942016601562498,9.801861596679688,0.0,0.0,0.0,0.332072377204895,0.5169180631637573,9.745827674865723,-0.014228577725589275,-0.0016288789920508862,0.006155233830213547,31.954799999994066,6.774399999997627,39.33819999998889,14.338199999988888
2026-05-15T15:19:01.050+08:00,56.9448732,1607,False,-0.009576806640625,0.023942016601562498,9.797073193359374,0.0,0.0,0.0,0.3604981601238251,0.14135408401489258,9.767221450805664,-0.0027916915714740753,-0.0005689202807843685,0.0024565670173615217,31.81670000000736,9.932800000001407,42.30330000000038,17.303300000000377
2026-05-15T15:19:01.092+08:00,56.9805702,1608,False,-0.023942016601562498,0.009576806640625,9.821015209960937,0.0,0.0,0.0,0.35252270102500916,0.5995793342590332,9.759958267211914,-0.009319054894149303,-0.00222692359238863,0.010303594172000885,31.894100000002368,3.2314999999982774,35.437799999996855,10.437799999996855
2026-05-15T15:19:01.128+08:00,57.015097999999995,1609,False,-0.0143652099609375,0.009576806640625,9.753977563476562,-0.01384843766841204,-0.0021305288720633907,0.0,0.3507636785507202,0.3040950298309326,9.716313362121582,-0.012570229358971119,-0.0037350477650761604,0.0020828712731599808,31.658699999994155,2.4214999999969677,34.32890000000555,9.328900000005547
2026-05-15T15:19:01.162+08:00,57.0497314,1610,False,-0.0383072265625,-0.009576806640625,9.816226806640625,-0.020240024284602212,0.006391586616190172,0.004261057744126781,0.3315642476081848,0.4929698705673218,9.732613563537598,-0.021779587492346764,-0.0009300471283495426,0.007557531353086233,31.607899999997358,2.7855000000016616,34.57199999999716,9.57199999999716
2026-05-15T15:19:01.197+08:00,57.08533539999999,1611,False,-0.023942016601562498,-0.0143652099609375,9.835380419921874,0.014913702104443736,-0.036218990825077645,-0.0010652644360316954,0.3888762593269348,0.08360123634338379,9.834962844848633,0.000848761759698391,-0.021087441593408585,-0.001080315443687141,31.688299999999003,3.607700000003433,35.53069999999536,10.530699999995363
2026-05-15T15:19:01.232+08:00,57.1222968,1612,False,-0.0383072265625,0.047884033203124995,9.749189160156249,0.010652644360316953,0.02769687533682408,0.0,0.2823629081249237,0.4794957637786865,9.69481086730957,-0.0026984577998518944,-0.007766888942569494,0.004016931168735027,31.71619999999109,4.854899999997997,36.85859999998797,11.858599999987973
2026-05-15T15:19:01.269+08:00,57.157246,1613,False,-0.023942016601562498,0.0047884033203125,9.816226806640625,0.0010652644360316954,0.0,0.0,0.3485524356365204,0.2513999938964844,9.695196151733398,0.008104786276817322,0.016512781381607056,0.0003256851341575384,31.754500000005237,2.896800000002031,34.859999999994784,9.859999999994784
2026-05-15T15:19:01.304+08:00,57.1931759,1614,False,-0.01915361328125,0.0,9.80665,0.0010652644360316954,0.0010652644360316954,0.0,0.36113354563713074,0.421123743057251,9.76842975616455,-0.0012045707553625107,-7.879501208662987e-05,-0.0007847208762541413,31.58820000000162,4.038300000004824,35.84539999999947,10.845399999999472
2026-05-15T15:19:01.340+08:00,57.2287659,1615,False,-0.01915361328125,0.0143652099609375,9.801861596679688,0.0,0.0010652644360316954,0.0,0.35430705547332764,0.18678081035614014,9.77801513671875,-0.0002912813797593117,-0.006908323150128126,-0.0005325711099430919,31.733599999995477,3.494299999999839,35.502800000003276,10.502800000003276
2026-05-15T15:19:01.375+08:00,57.2634571,1616,False,-0.01915361328125,-0.01915361328125,9.801861596679688,0.0,0.0,0.0,0.3465493619441986,0.4874528646469116,9.725067138671875,-0.0023164013400673866,-0.0010659457184374332,0.003150337375700474,31.575899999992885,2.87360000000092,34.63279999999713,9.632799999997133
2026-05-15T15:19:01.411+08:00,57.30095469999999,1617,False,-0.01915361328125,0.023942016601562498,9.80665,0.0,0.0021305288720633907,0.0,0.33978694677352905,0.45434772968292236,9.727989196777344,-0.007604740094393492,-0.0025600851513445377,0.0018272593151777983,31.77270000000476,5.364000000000146,37.42769999999496,12.427699999994957
2026-05-15T15:19:01.448+08:00,57.338616099999996,1618,False,-0.023942016601562498,-0.0047884033203125,9.801861596679688,0.0,0.0,0.0,0.3419875502586365,0.542060375213623,9.73835563659668,-0.006588890682905912,-0.002269116695970297,0.004235947038978338,31.676699999991342,5.372799999989297,37.38069999999993,12.380699999999933
2026-05-15T15:19:01.486+08:00,57.374337,1619,False,-0.01915361328125,0.009576806640625,9.797073193359374,0.0,0.0010652644360316954,0.0,0.34342965483665466,0.37476837635040283,9.729475975036621,-0.002061711624264717,-0.002219382207840681,0.002503221156075597,31.64189999999678,3.716900000000578,35.63769999999522,10.63769999999522
2026-05-15T15:19:01.522+08:00,57.409964099999996,1620,False,-0.0143652099609375,0.0047884033203125,9.80665,0.0,-0.0010652644360316954,0.0,0.3529359698295593,0.5137377977371216,9.738569259643555,-0.004897065926343203,-0.0028528491966426373,0.0029759397730231285,31.817699999990623,3.147499999997194,35.245099999997365,10.245099999997365
2026-05-15T15:19:01.557+08:00,57.445837600000004,1621,False,-0.0383072265625,-0.01915361328125,9.753977563476562,0.0021305288720633907,0.0021305288720633907,0.0,0.316049724817276,0.5164309740066528,9.674606323242188,0.0017119860276579857,-0.001509679015725851,0.0016651934711262584,31.79449999998951,3.7346000000013646,35.77830000000404,10.778300000004037
2026-05-15T15:19:01.593+08:00,57.48053999999999,1622,False,0.0047884033203125,0.0383072265625,9.868899243164062,0.004261057744126781,-0.004261057744126781,0.0,0.36327624320983887,0.5715184211730957,9.758896827697754,-0.008385739289224148,-0.0052033974789083,0.0034384464379400015,31.698700000006852,2.780200000003674,34.64409999999418,9.644099999994182
2026-05-15T15:19:01.627+08:00,57.5180733,1623,False,-0.033518823242187495,0.01915361328125,9.797073193359374,-0.0010652644360316954,0.0021305288720633907,0.0,0.3324451744556427,0.5525252819061279,9.723295211791992,-0.0023536672815680504,-0.0029964917339384556,0.0010053401347249746,31.692300000003115,5.570099999999911,37.47210000000223,12.472100000002229
2026-05-15T15:19:01.665+08:00,57.553313599999996,1624,False,-0.0047884033203125,0.0,9.787496386718749,0.0010652644360316954,0.0,0.0,0.3474882245063782,0.6261731386184692,9.696538925170898,-0.005901319440454245,-0.002357000019401312,0.00714484229683876,31.63000000000693,3.3451000000042086,35.17269999998973,10.172699999989732
2026-05-15T15:19:01.700+08:00,57.5875295,1625,False,0.0,0.028730419921875,9.82580361328125,0.003195793308095086,0.0,0.0,0.36126771569252014,0.710878849029541,9.700576782226562,-0.00504568824544549,-0.0008223745971918106,0.00440373457968235,31.53340000000071,2.3637000000036323,34.12529999999947,9.12529999999947
2026-05-15T15:19:01.734+08:00,57.623626,1626,False,-0.028730419921875,-0.0143652099609375,9.777919580078125,0.0,0.004261057744126781,0.0,0.3282688856124878,0.6629799604415894,9.686400413513184,-0.002625958062708378,-0.00035672448575496674,0.007200659718364477,31.785800000008635,3.915599999999131,35.9976999999958,10.997699999995803
2026-05-15T15:19:01.771+08:00,57.665797999999995,1627,False,-0.009576806640625,0.0143652099609375,9.816226806640625,0.0010652644360316954,-0.0010652644360316954,0.0,0.3452533185482025,0.7079989910125732,9.691390991210938,-0.0057450863532722,-0.0018508476205170155,0.004627597983926535,31.833000000005995,9.890299999995023,42.08390000000861,17.08390000000861
2026-05-15T15:19:01.813+08:00,57.7011117,1628,False,-0.028730419921875,0.028730419921875,9.840168823242188,0.0,-0.0010652644360316954,0.0,0.34087052941322327,0.7131297588348389,9.73968505859375,-0.00997335184365511,-0.003180772066116333,0.006806336808949709,31.745600000007812,3.1369999999952825,35.23160000000303,10.231600000003027
2026-05-15T15:19:01.848+08:00,57.736479599999996,1629,False,-0.028730419921875,-0.0047884033203125,9.777919580078125,0.0021305288720633907,0.0,0.0,0.3176100552082062,0.7638101577758789,9.668693542480469,-0.0026702117174863815,-0.002501743845641613,0.007657766342163086,31.750500000001125,3.2708999999897514,35.27809999999931,10.278099999999313
2026-05-15T15:19:01.883+08:00,57.773434800000004,1630,False,-0.028730419921875,0.0430956298828125,9.80665,0.0010652644360316954,0.0010652644360316954,0.0,0.33583876490592957,0.755896806716919,9.680706024169922,-0.009882686659693718,-0.001138388179242611,0.008550534024834633,31.725200000011,4.714500000005728,36.894200000006094,11.894200000006094
2026-05-15T15:19:01.920+08:00,57.81044609999999,1631,False,-0.0047884033203125,-0.0047884033203125,9.792284790039062,0.0,0.0,0.0,0.3415510058403015,0.7898044586181641,9.67629337310791,-0.003103642724454403,-6.968574598431587e-05,0.0066521260887384415,31.695499999997878,4.943100000005529,36.89890000001128,11.898900000011281
2026-05-15T15:19:01.957+08:00,57.848285000000004,1632,False,0.0,0.028730419921875,9.816226806640625,0.0,0.0,0.0,0.36122632026672363,0.7902860641479492,9.687567710876465,-0.009394031018018723,-0.002370344940572977,0.008994819596409798,31.892900000002555,5.580899999998223,37.723999999997204,12.723999999997204
2026-05-15T15:19:01.996+08:00,57.8854403,1633,False,-0.0143652099609375,0.009576806640625,9.792284790039062,0.0,0.0,0.0,0.3376016318798065,0.8639154434204102,9.663235664367676,-0.007116486318409443,-0.0013886657543480396,0.009664724580943584,31.757099999992988,4.756900000003839,36.83949999999925,11.839499999999248
2026-05-15T15:19:02.032+08:00,57.9231977,1634,False,-0.01915361328125,0.009576806640625,9.80665,0.0,0.0,0.0,0.3375374972820282,0.8064684867858887,9.6766357421875,-0.006418072152882814,-0.0020343493670225143,0.009727333672344685,31.672200000002704,5.656600000008893,37.65099999999677,12.65099999999677
2026-05-15T15:19:02.070+08:00,57.96129859999999,1635,False,-0.009576806640625,0.033518823242187495,9.797073193359374,0.0,0.0010652644360316954,0.0,0.34069424867630005,0.8786730766296387,9.660472869873047,-0.00864667072892189,0.00021490314975380898,0.009395920671522617,31.794300000001385,5.787600000005,38.000600000003715,13.000600000003715
2026-05-15T15:19:02.108+08:00,58.004592,1636,False,-0.047884033203124995,0.0,9.801861596679688,0.0010652644360316954,-0.0010652644360316954,0.0,0.3164893090724945,0.8286185264587402,9.675867080688477,-0.00393869960680604,-0.002749428618699312,0.009320707060396671,31.64439999999047,11.097599999999375,43.170299999999884,18.170299999999884
2026-05-15T15:19:02.152+08:00,58.042997400000004,1637,False,-0.023942016601562498,0.01915361328125,9.801861596679688,0.0021305288720633907,0.0,0.0,0.3233654797077179,0.861743688583374,9.664568901062012,-0.005255755037069321,-0.002313484437763691,0.00982830859720707,32.328300000003196,4.936499999999455,38.05269999999439,13.052699999994388
2026-05-15T15:19:02.190+08:00,58.0839555,1638,False,-0.0047884033203125,0.009576806640625,9.80665,0.0,0.0,0.0,0.3467628061771393,0.8385264873504639,9.675063133239746,-0.0056301867589354515,-0.000542717520147562,0.00941416248679161,31.58369999999877,9.037800000001539,40.89559999999892,15.895599999998922
2026-05-15T15:19:02.231+08:00,58.1243472,1639,False,-0.0047884033203125,0.0047884033203125,9.797073193359374,0.0,0.0,0.0,0.3482712507247925,0.8522853851318359,9.658966064453125,-0.004693599883466959,-0.0009750868193805218,0.009535057470202446,31.7867999999919,8.154500000003395,40.27510000000234,15.27510000000234
2026-05-15T15:19:02.270+08:00,58.159206299999994,1640,False,0.0047884033203125,0.023942016601562498,9.787496386718749,0.0,0.0,0.0,0.35372698307037354,0.8490903377532959,9.65555191040039,-0.007654702290892601,-0.0018607750535011292,0.009636396542191505,31.67320000000018,2.6368000000047687,34.554900000003386,9.554900000003386
2026-05-15T15:19:02.306+08:00,58.19385489999999,1641,False,0.0,0.0047884033203125,9.80665,0.0,0.0,0.0,0.35231077671051025,0.8675603866577148,9.661844253540039,-0.005621136631816626,-0.0011999541893601418,0.009472372010350227,31.672600000007378,2.6486999999946192,34.48690000000454,9.486900000004539
2026-05-15T15:19:02.341+08:00,58.229156599999996,1642,False,-0.0143652099609375,0.01915361328125,9.801861596679688,0.0,0.0010652644360316954,0.0,0.34002506732940674,0.8506488800048828,9.665937423706055,-0.006572927348315716,-0.001569922547787428,0.009506596252322197,31.631500000003143,3.343100000009258,35.24460000001284,10.244600000012838
2026-05-15T15:19:02.376+08:00,58.26848129999999,1643,False,-0.028730419921875,0.023942016601562498,9.801861596679688,0.0,0.0,0.0,0.32572853565216064,0.8595352172851562,9.664422988891602,-0.007139916066080332,-0.0015185852535068989,0.009291266091167927,31.858400000004394,6.97169999999403,39.255600000004165,14.255600000004165
2026-05-15T15:19:02.415+08:00,58.304175099999995,1644,False,-0.023942016601562498,0.009576806640625,9.801861596679688,0.0,0.0,0.0,0.3285802900791168,0.8321161270141602,9.668453216552734,-0.005156943574547768,-0.0011171861551702023,0.009137719869613647,31.848199999998883,3.4586000000018657,35.5785999999938,10.578599999993799
2026-05-15T15:19:02.451+08:00,58.33792799999999,1645,False,-0.023942016601562498,0.023942016601562498,9.797073193359374,0.0010652644360316954,-0.0010652644360316954,0.0,0.3303966224193573,0.853198766708374,9.658526420593262,-0.005434576887637377,-0.001975600142031908,0.00919725839048624,31.598000000002457,1.9265000000103782,33.68820000000028,8.688200000000279
2026-05-15T15:19:02.484+08:00,58.3728309,1646,False,-0.0143652099609375,0.0,9.821015209960937,0.0,-0.0010652644360316954,0.0,0.3382633328437805,0.8343908786773682,9.683267593383789,-0.0043810950592160225,-0.002587859984487295,0.00931242574006319,31.715499999990016,2.884999999992033,34.8419999999976,9.841999999997597
2026-05-15T15:19:02.520+08:00,58.4089549,1647,False,0.0,0.0143652099609375,9.80665,0.0010652644360316954,-0.0010652644360316954,0.0,0.3496946692466736,0.8309757709503174,9.670195579528809,-0.005375963635742664,-0.0018583121709525585,0.009579257108271122,31.79049999999961,3.985399999990591,36.054800000002274,11.054800000002274
2026-05-15T15:19:02.556+08:00,58.44529419999999,1648,False,0.0,0.0047884033203125,9.811438403320311,0.0,0.0,0.0,0.3528062105178833,0.8112349510192871,9.676094055175781,-0.005446069873869419,-0.00209241034463048,0.009299478493630886,31.71480000000315,4.243700000003514,36.25979999999629,11.25979999999629
2026-05-15T15:19:02.592+08:00,58.480642700000004,1649,False,-0.01915361328125,0.0,9.811438403320311,0.0,0.0021305288720633907,0.0,0.33593904972076416,0.826204776763916,9.67127799987793,-0.0053702834993600845,-0.0005396050401031971,0.009406720288097858,31.770899999997937,3.1132000000013704,35.223899999991204,10.223899999991204
2026-05-15T15:19:02.628+08:00,58.51550259999999,1650,False,0.0,0.028730419921875,9.801861596679688,0.0,0.0021305288720633907,0.0,0.3481045961380005,0.8285408020019531,9.666030883789062,-0.008887084200978279,0.0005490444600582123,0.009357590228319168,31.78030000000831,2.747100000007663,34.78210000000104,9.782100000001037
2026-05-15T15:19:02.663+08:00,58.551326599999996,1651,False,-0.023942016601562498,0.009576806640625,9.801861596679688,0.0,0.0,0.0,0.3370380699634552,0.8357832431793213,9.66427993774414,-0.0063232844695448875,-0.001049642451107502,0.009426221251487732,31.77809999999681,3.6960000000050286,35.763799999998014,10.763799999998014
2026-05-15T15:19:02.698+08:00,58.58621049999999,1652,False,-0.033518823242187495,0.0,9.80665,0.0,0.0,0.0,0.3225098252296448,0.7957334518432617,9.675765991210938,-0.004431211855262518,-0.003149915486574173,0.00948665477335453,31.682099999997604,2.9193999999961306,34.8067000000043,9.806700000004298
2026-05-15T15:19:02.733+08:00,58.62063069999999,1653,False,-0.0143652099609375,0.0143652099609375,9.797073193359374,0.0,0.0,0.0,0.3353288471698761,0.8306806087493896,9.661382675170898,-0.0077898227609694,-0.0008301865309476852,0.009537065401673317,31.630500000005668,2.509799999998563,34.34819999999661,9.34819999999661
2026-05-15T15:19:02.767+08:00,58.655131999999995,1654,False,-0.009576806640625,0.0,9.797073193359374,0.0,-0.0010652644360316954,0.0,0.3454118072986603,0.8090906143188477,9.66285514831543,-0.0053432234562933445,-0.001928308978676796,0.009525510482490063,31.66610000000958,2.586000000007971,34.43860000000143,9.43860000000143
2026-05-15T15:19:02.801+08:00,58.69118929999999,1655,False,-0.009576806640625,0.0,9.797073193359374,0.0,-0.0010652644360316954,0.0,0.34376949071884155,0.82155442237854,9.662275314331055,-0.00511825829744339,-0.002794126980006695,0.00945997703820467,31.693099999998253,4.020199999999363,35.9813000000031,10.981300000003102
2026-05-15T15:19:02.838+08:00,58.7282951,1656,False,-0.0047884033203125,0.028730419921875,9.797073193359374,0.0010652644360316954,0.0,0.0,0.34755322337150574,0.8229484558105469,9.66075325012207,-0.00878201425075531,-0.0018386086449027061,0.010210096836090088,31.675700000008078,4.98890000000074,37.01549999999543,12.015499999995427
2026-05-15T15:19:02.875+08:00,58.7623246,1657,False,-0.028730419921875,0.0047884033203125,9.80665,0.0,0.0,0.0,0.3287975490093231,0.8257119655609131,9.670238494873047,-0.004898803774267435,-0.0018421928398311138,0.009307144209742546,31.737000000006788,1.9276999999959799,33.94839999999988,8.948399999999879
2026-05-15T15:19:02.909+08:00,58.7968513,1658,False,-0.0047884033203125,0.0383072265625,9.80665,0.0,0.0010652644360316954,0.0,0.3439315855503082,0.8400733470916748,9.670454025268555,-0.00913845282047987,-0.0004792548716068268,0.009731984697282314,31.651600000003555,2.6022000000125445,34.47049999999763,9.470499999997628
2026-05-15T15:19:02.943+08:00,58.83161729999999,1659,False,-0.023942016601562498,0.0047884033203125,9.80665,0.0,0.0,0.0,0.33337363600730896,0.8445343971252441,9.671039581298828,-0.005333748180419207,-0.0011742380447685719,0.009817683137953281,31.760599999998362,2.7096999999969285,34.70360000000028,9.703600000000279
2026-05-15T15:19:02.978+08:00,58.8651892,1660,False,-0.023942016601562498,-0.0047884033203125,9.80665,0.0,0.0,0.0,0.33111751079559326,0.8159165382385254,9.67317008972168,-0.004019928630441427,-0.0023393919691443443,0.009749086573719978,31.552400000009584,1.7658000000011498,33.49140000000261,8.491400000002614
2026-05-15T15:19:03.012+08:00,58.8995429,1661,False,-0.0047884033203125,0.009576806640625,9.811438403320311,0.0,0.0,0.0,0.3464634418487549,0.8208527565002441,9.677858352661133,-0.008105184882879257,-0.001226835884153843,0.009396885521709919,31.630100000000994,2.4391999999977543,34.2933999999957,9.2933999999957
2026-05-15T15:19:03.046+08:00,58.9335619,1662,False,-0.009576806640625,0.023942016601562498,9.801861596679688,0.0,0.0,0.0,0.3461950421333313,0.8547267913818359,9.663524627685547,-0.008112046867609024,-0.0009363563731312752,0.010059655643999577,31.611500000011006,2.140600000004156,33.961899999994216,8.961899999994216
2026-05-15T15:19:03.081+08:00,58.9672503,1663,False,-0.0143652099609375,0.009576806640625,9.797073193359374,0.0,0.0,0.0,0.3382793068885803,0.8347790241241455,9.66465950012207,-0.006086849141865969,-0.0019977763295173645,0.009307396598160267,31.654500000001917,1.801299999996786,33.62669999999923,8.626699999999232
2026-05-15T15:19:03.114+08:00,59.00275119999999,1664,False,-0.0143652099609375,0.033518823242187495,9.792284790039062,0.0,0.0,0.0,0.33946681022644043,0.8571913242340088,9.656103134155273,-0.007933503948152065,-0.0012538395822048187,0.009771854616701603,32.01740000000086,3.14510000001178,35.437500000000455,10.437500000000455
2026-05-15T15:19:03.150+08:00,59.037498,1665,False,-0.009576806640625,0.009576806640625,9.811438403320311,0.0,0.0,0.0,0.34352561831474304,0.8256204128265381,9.678590774536133,-0.005857288837432861,-0.0017701429314911366,0.00924108736217022,31.6967000000119,2.693800000002966,34.682000000003654,9.682000000003654
2026-05-15T15:19:03.184+08:00,59.0720029,1666,False,-0.0143652099609375,0.0047884033203125,9.811438403320311,0.0,0.0,0.0,0.3406442701816559,0.8413136005401611,9.677007675170898,-0.004382279235869646,-0.0009832647629082203,0.009101411327719688,32.17980000000864,2.004500000012399,34.44050000000232,9.440500000002316
2026-05-15T15:19:03.218+08:00,59.1059583,1667,False,-0.009576806640625,0.023942016601562498,9.80665,0.0,-0.0010652644360316954,0.0,0.34383121132850647,0.8266100883483887,9.675260543823242,-0.00810569990426302,-0.0026751342229545116,0.009745617397129536,31.645699999998556,2.035399999996912,33.89369999999303,8.893699999993032
2026-05-15T15:19:03.252+08:00,59.14240699999999,1668,False,-0.023942016601562498,0.0047884033203125,9.801861596679688,0.0,0.0,0.0,0.32985275983810425,0.8434560298919678,9.666709899902344,-0.006512525025755167,-0.0016756304539740086,0.009679112583398819,31.730700000011325,4.343800000000897,36.390700000012544,11.390700000012544
2026-05-15T15:19:03.290+08:00,59.1798814,1669,False,-0.023942016601562498,0.0143652099609375,9.792284790039062,0.0,0.0,0.0,0.3304436504840851,0.8143630027770996,9.664471626281738,-0.006323631852865219,-0.0019167307764291763,0.009557916782796383,31.826999999992722,5.334200000007172,37.40790000000516,12.407900000005156
2026-05-15T15:19:03.326+08:00,59.2143282,1670,False,-0.009576806640625,0.0383072265625,9.797073193359374,0.0,0.0,0.0,0.3408772051334381,0.8599302768707275,9.658841133117676,-0.009725742042064667,-0.0012541525065898895,0.009858699515461922,31.647100000000705,2.464299999999753,34.360200000008945,9.360200000008945
2026-05-15T15:19:03.362+08:00,59.2483893,1671,False,-0.023942016601562498,0.0047884033203125,9.811438403320311,0.0,0.0,0.0,0.33389344811439514,0.8131363391876221,9.678725242614746,-0.0037188041023910046,-0.0019031595438718796,0.009265330620110035,31.71640000000764,2.0751999999930604,33.97359999999594,8.97359999999594
2026-05-15T15:19:03.396+08:00,59.282314400000004,1672,False,-0.0047884033203125,0.01915361328125,9.80665,0.0,0.0,0.0,0.3443703353404999,0.8406834602355957,9.674232482910156,-0.006224879063665867,-0.0013356851413846016,0.009557231329381466,31.629099999989307,2.0597999999978356,33.863800000005995,8.863800000005995
2026-05-15T15:19:03.429+08:00,59.3183255,1673,False,-0.01915361328125,0.009576806640625,9.811438403320311,0.0,0.0,0.0,0.33893272280693054,0.8166613578796387,9.680221557617188,-0.006800492759793997,-0.001507484819740057,0.00956337247043848,31.705000000002315,3.964899999999716,35.955400000005966,10.955400000005966
2026-05-15T15:19:03.465+08:00,59.3559058,1674,False,-0.023942016601562498,-0.0047884033203125,9.811438403320311,0.0,0.0,0.0,0.33045753836631775,0.8181512355804443,9.680164337158203,-0.004541228991001844,-0.0020465985871851444,0.009282299317419529,31.995399999999563,5.164800000002856,37.495199999995066,12.495199999995066
2026-05-15T15:19:03.503+08:00,59.3914673,1675,False,-0.0143652099609375,0.0430956298828125,9.80665,0.0,0.0,0.0,0.3392699658870697,0.8178114891052246,9.673959732055664,-0.012439647689461708,-0.0015129130333662033,0.009969732724130154,31.62120000000357,3.6426000000062686,35.490899999999215,10.490899999999215
2026-05-15T15:19:03.539+08:00,59.4262902,1676,False,-0.01915361328125,0.009576806640625,9.801861596679688,0.0,0.0010652644360316954,0.0,0.332838773727417,0.8502407073974609,9.667470932006836,-0.005539660342037678,-0.0008422192186117172,0.009974488988518715,31.792600000002835,2.694700000006378,34.74369999999283,9.743699999992828
2026-05-15T15:19:03.573+08:00,59.463835599999996,1677,False,-0.028730419921875,0.009576806640625,9.811438403320311,0.0,0.0,0.0,0.3317084312438965,0.8168551921844482,9.67758560180664,-0.004648606758564711,-0.0016002049669623375,0.009292329661548138,31.894800000003443,5.098600000010833,37.48200000001134,12.48200000001134
2026-05-15T15:19:03.610+08:00,59.49859789999999,1678,False,-0.009576806640625,0.033518823242187495,9.801861596679688,0.0,0.0,0.0,0.3407631516456604,0.8388018608093262,9.670310974121094,-0.009431183338165283,-0.0009265085682272911,0.009737776592373848,31.845499999988647,2.550700000000461,34.69719999999654,9.697199999996542
2026-05-15T15:19:03.645+08:00,59.53308249999999,1679,False,-0.009576806640625,0.0,9.80665,0.0,0.0,0.0,0.344307541847229,0.8157455921173096,9.674153327941895,-0.004364462569355965,-0.0015820576809346676,0.009802784770727158,31.74669999999935,2.476700000002552,34.424399999991806,9.424399999991806
2026-05-15T15:19:03.680+08:00,59.5679238,1680,False,-0.009576806640625,0.009576806640625,9.811438403320311,0.0,0.0,0.0,0.34522780776023865,0.8348298072814941,9.675875663757324,-0.00504951411858201,-0.0017882902175188065,0.009304625913500786,31.619399999996745,2.7944999999931497,34.67659999999739,9.676599999997393
2026-05-15T15:19:03.715+08:00,59.601914199999996,1681,False,-0.01915361328125,0.01915361328125,9.797073193359374,0.0,0.0,0.0,0.3358737528324127,0.8344600200653076,9.667608261108398,-0.008271755650639534,-0.0014166436158120632,0.00989567395299673,31.627400000004968,2.059199999990824,33.88040000000103,8.880400000001032
2026-05-15T15:19:03.748+08:00,59.635588999999996,1682,False,-0.0143652099609375,0.0143652099609375,9.80665,0.0,0.0,0.0,0.3388790488243103,0.8224482536315918,9.671601295471191,-0.006257436238229275,-0.0019324598833918571,0.009401320479810238,31.639100000006692,1.8098000000037473,33.611800000002745,8.611800000002745
2026-05-15T15:19:03.783+08:00,59.6696328,1683,False,-0.0143652099609375,0.01915361328125,9.80665,0.0,0.0,0.0,0.34097087383270264,0.8197853565216064,9.677253723144531,-0.005610181484371424,-0.0011935513466596603,0.008931909687817097,31.564599999995835,2.23509999999294,33.9787000000058,8.978700000005801
2026-05-15T15:19:03.817+08:00,59.71282789999999,1684,False,-0.028730419921875,0.009576806640625,9.801861596679688,0.0,0.0,0.0,0.3270450234413147,0.8329372406005859,9.668996810913086,-0.005946141667664051,-0.0016142288222908974,0.009519306011497974,31.887299999993957,10.644900000002622,43.12279999999191,18.122799999991912
2026-05-15T15:19:03.859+08:00,59.7468899,1685,False,-0.01915361328125,0.0143652099609375,9.811438403320311,0.0,0.0,0.0,0.33324140310287476,0.8182907104492188,9.678786277770996,-0.006193171720951796,-0.0019914256408810616,0.009165922179818153,31.63340000000403,2.013399999995613,33.86120000000403,8.861200000004033
2026-05-15T15:19:03.893+08:00,59.7808476,1686,False,-0.0047884033203125,0.009576806640625,9.80665,0.0,0.0,0.0,0.34759393334388733,0.8068976402282715,9.677957534790039,-0.005552366375923157,-0.0011007441207766533,0.009096675552427769,31.711299999997777,1.9900000000063756,33.89540000000579,8.895400000005793
2026-05-15T15:19:03.927+08:00,59.8154387,1687,False,-0.0143652099609375,0.01915361328125,9.792284790039062,0.0,0.0,0.0,0.34238317608833313,0.8094546794891357,9.663883209228516,-0.006947431247681379,-0.0021941610611975193,0.009780185297131538,31.693399999994654,2.645999999998594,34.526899999988814,9.526899999988814
2026-05-15T15:19:03.963+08:00,59.850584999999995,1688,False,-0.009576806640625,0.023942016601562498,9.80665,0.0,0.0,0.0,0.342441201210022,0.8266499042510986,9.672049522399902,-0.006737077608704567,-0.0024287193082273006,0.009243590757250786,31.745700000001875,3.105399999995484,35.0832999999966,10.083299999996598
2026-05-15T15:19:03.997+08:00,59.884323499999994,1689,False,-0.009576806640625,0.0047884033203125,9.80665,0.0,0.0,0.0,0.3447696268558502,0.7995197772979736,9.67756462097168,-0.004790884908288717,-0.0012380932457745075,0.009130802936851978,31.61980000000142,1.7793999999895505,33.596799999997984,8.596799999997984
2026-05-15T15:19:04.031+08:00,59.9233591,1690,False,-0.028730419921875,0.0143652099609375,9.811438403320311,0.0,0.0,0.0,0.3322906494140625,0.7950849533081055,9.682266235351562,-0.006225793156772852,-0.0028930511325597763,0.009418695233762264,31.94249999999954,6.7051999999989675,38.97170000000472,13.971700000004716
2026-05-15T15:19:04.071+08:00,59.9570604,1691,False,-0.028730419921875,0.0,9.797073193359374,0.0,0.0,0.0,0.32456186413764954,0.7856485843658447,9.676584243774414,-0.0058189514093101025,-0.001968128141015768,0.009464684873819351,31.597599999997783,1.7847000000017488,33.58629999999607,8.586299999996072
2026-05-15T15:19:04.103+08:00,59.9916999,1692,False,-0.01915361328125,0.0,9.797073193359374,0.0,0.0,0.0,0.3351883590221405,0.7837762832641602,9.666019439697266,-0.005540664307773113,-0.0014919121749699116,0.009306500665843487,31.571599999992372,2.7862000000027365,34.57740000000342,9.577400000003422
2026-05-15T15:19:04.139+08:00,60.025577299999995,1693,False,-0.009576806640625,0.01915361328125,9.801861596679688,0.0,0.0,0.0,0.3451826870441437,0.7896418571472168,9.673736572265625,-0.007721876259893179,-0.0016521066427230835,0.00929084699600935,31.736899999998514,1.8816999999984318,33.81120000000237,8.811200000002373
