{
  "input_mean": [
    -0.060763850808143616,
    -0.2515414357185364,
    4.050241470336914,
    -0.0014366101240739226,
    -0.006543613504618406,
    -0.006204989738762379
  ],
  "input_std": [
    5.338221549987793,
    6.203567981719971,
    5.0449018478393555,
    1.7568377256393433,
    1.1962006092071533,
    0.9401544332504272
  ],
  "mode": "per_channel_zscore",
  "target_mean": [
    -0.048652198165655136,
    -0.5621722340583801,
    4.886996269226074,
    -0.003312346525490284,
    -0.00709508266299963,
    -0.004849586170166731
  ],
  "target_std": [
    5.188231468200684,
    5.5958781242370605,
    4.626745223999023,
    1.5295557975769043,
    1.1243131160736084,
    0.9114053249359131
  ]
}