{
  "models": [
    {
      "acc_channel_rmse_improvement": 0.8632811041971835,
      "acc_channel_rmse_mean": 0.6543113461305011,
      "acc_norm_rmse": 0.5194322629863402,
      "gyr_channel_rmse_improvement": 0.25722122156912036,
      "gyr_channel_rmse_mean": 0.14835823458748693,
      "gyr_norm_rmse": 0.1874870328080199,
      "hf_ratio_improvement_mean": 8.380928338118602,
      "input_acc_channel_rmse_mean": 1.5175924503276845,
      "input_acc_norm_rmse": 1.2639799455173248,
      "input_gyr_channel_rmse_mean": 0.4055794561566073,
      "input_gyr_norm_rmse": 0.6296109158252916,
      "input_rmse_mean": 0.961585953242146,
      "model_name": "tcn_causal",
      "model_role": "trained",
      "num_windows": 8675,
      "pearson_mean": 0.8500384953761287,
      "psd_distance_mean": 0.05957238784896856,
      "rmse_mean": 0.401334790358994
    },
    {
      "acc_channel_rmse_improvement": 0.8624582303134684,
      "acc_channel_rmse_mean": 0.6551342200142163,
      "acc_norm_rmse": 0.5198626204033621,
      "gyr_channel_rmse_improvement": 0.2568429281845318,
      "gyr_channel_rmse_mean": 0.14873652797207543,
      "gyr_norm_rmse": 0.18785083956824566,
      "hf_ratio_improvement_mean": 8.350262059890456,
      "input_acc_channel_rmse_mean": 1.5175924503276845,
      "input_acc_norm_rmse": 1.2639799455173248,
      "input_gyr_channel_rmse_mean": 0.4055794561566073,
      "input_gyr_norm_rmse": 0.6296109158252916,
      "input_rmse_mean": 0.961585953242146,
      "model_name": "tcn",
      "model_role": "trained_comparison",
      "num_windows": 8675,
      "pearson_mean": 0.8506660973123985,
      "psd_distance_mean": 0.06155901001745205,
      "rmse_mean": 0.40193537399314583
    },
    {
      "acc_channel_rmse_improvement": 0.83292325477403,
      "acc_channel_rmse_mean": 0.6846691955536547,
      "acc_norm_rmse": 0.5355764723274996,
      "gyr_channel_rmse_improvement": 0.25002688549022845,
      "gyr_channel_rmse_mean": 0.15555257066637887,
      "gyr_norm_rmse": 0.1994953588040288,
      "hf_ratio_improvement_mean": 8.312333848643899,
      "input_acc_channel_rmse_mean": 1.5175924503276845,
      "input_acc_norm_rmse": 1.2639799455173248,
      "input_gyr_channel_rmse_mean": 0.4055794561566073,
      "input_gyr_norm_rmse": 0.6296109158252916,
      "input_rmse_mean": 0.961585953242146,
      "model_name": "gru",
      "model_role": "trained_comparison",
      "num_windows": 8675,
      "pearson_mean": 0.8384584708689795,
      "psd_distance_mean": 0.06557387778778742,
      "rmse_mean": 0.4201108831100167
    },
    {
      "acc_channel_rmse_improvement": 0.9247897205968441,
      "acc_channel_rmse_mean": 0.5928027297308406,
      "acc_norm_rmse": 0.43379984247023157,
      "gyr_channel_rmse_improvement": 0.28150960210223636,
      "gyr_channel_rmse_mean": 0.12406985405437099,
      "gyr_norm_rmse": 0.15456667435674873,
      "hf_ratio_improvement_mean": 8.347195119936837,
      "input_acc_channel_rmse_mean": 1.5175924503276845,
      "input_acc_norm_rmse": 1.2639799455173248,
      "input_gyr_channel_rmse_mean": 0.4055794561566073,
      "input_gyr_norm_rmse": 0.6296109158252916,
      "input_rmse_mean": 0.961585953242146,
      "model_name": "transformer",
      "model_role": "trained_comparison",
      "num_windows": 8675,
      "pearson_mean": 0.8812540304243703,
      "psd_distance_mean": 0.055480322133939795,
      "rmse_mean": 0.3584362918926058
    },
    {
      "acc_channel_rmse_improvement": 0.22107982388215353,
      "acc_channel_rmse_mean": 1.296512626445531,
      "acc_norm_rmse": 1.2825834936909486,
      "gyr_channel_rmse_improvement": 0.031012056742886065,
      "gyr_channel_rmse_mean": 0.3745673994137212,
      "gyr_norm_rmse": 0.5524927622535848,
      "hf_ratio_improvement_mean": 1.9772192057843112,
      "input_acc_channel_rmse_mean": 1.5175924503276845,
      "input_acc_norm_rmse": 1.2639799455173248,
      "input_gyr_channel_rmse_mean": 0.4055794561566073,
      "input_gyr_norm_rmse": 0.6296109158252916,
      "input_rmse_mean": 0.961585953242146,
      "model_name": "identity",
      "model_role": "baseline",
      "num_windows": 8675,
      "pearson_mean": 0.7237306247999981,
      "psd_distance_mean": 0.23345941200749176,
      "rmse_mean": 0.8355400129296261
    },
    {
      "acc_channel_rmse_improvement": 0.5647132717692055,
      "acc_channel_rmse_mean": 0.9528791785584789,
      "acc_norm_rmse": 0.8888362576828609,
      "gyr_channel_rmse_improvement": 0.20995330587270788,
      "gyr_channel_rmse_mean": 0.1956261502838994,
      "gyr_norm_rmse": 0.2523880496975008,
      "hf_ratio_improvement_mean": 8.03496208551679,
      "input_acc_channel_rmse_mean": 1.5175924503276845,
      "input_acc_norm_rmse": 1.2639799455173248,
      "input_gyr_channel_rmse_mean": 0.4055794561566073,
      "input_gyr_norm_rmse": 0.6296109158252916,
      "input_rmse_mean": 0.961585953242146,
      "model_name": "lowpass",
      "model_role": "baseline",
      "num_windows": 8675,
      "pearson_mean": 0.8378146367771437,
      "psd_distance_mean": 0.14025837324995857,
      "rmse_mean": 0.5742526644211893
    },
    {
      "acc_channel_rmse_improvement": 0.5369158002194179,
      "acc_channel_rmse_mean": 0.9806766501082667,
      "acc_norm_rmse": 0.9266201901179268,
      "gyr_channel_rmse_improvement": 0.21165249996823973,
      "gyr_channel_rmse_mean": 0.19392695618836758,
      "gyr_norm_rmse": 0.24137775764279926,
      "hf_ratio_improvement_mean": 8.148843703710034,
      "input_acc_channel_rmse_mean": 1.5175924503276845,
      "input_acc_norm_rmse": 1.2639799455173248,
      "input_gyr_channel_rmse_mean": 0.4055794561566073,
      "input_gyr_norm_rmse": 0.6296109158252916,
      "input_rmse_mean": 0.961585953242146,
      "model_name": "butterworth",
      "model_role": "baseline",
      "num_windows": 8675,
      "pearson_mean": 0.7957813680402447,
      "psd_distance_mean": 0.12844160607609034,
      "rmse_mean": 0.5873018031483171
    },
    {
      "acc_channel_rmse_improvement": 0.5181932032398171,
      "acc_channel_rmse_mean": 0.9993992470878674,
      "acc_norm_rmse": 0.9497954978626383,
      "gyr_channel_rmse_improvement": 0.20238748123980013,
      "gyr_channel_rmse_mean": 0.20319197491680718,
      "gyr_norm_rmse": 0.2589586050391683,
      "hf_ratio_improvement_mean": 8.256381306001165,
      "input_acc_channel_rmse_mean": 1.5175924503276845,
      "input_acc_norm_rmse": 1.2639799455173248,
      "input_gyr_channel_rmse_mean": 0.4055794561566073,
      "input_gyr_norm_rmse": 0.6296109158252916,
      "input_rmse_mean": 0.961585953242146,
      "model_name": "savgol",
      "model_role": "baseline",
      "num_windows": 8675,
      "pearson_mean": 0.780179011785039,
      "psd_distance_mean": 0.12822371904632174,
      "rmse_mean": 0.6012956110023372
    },
    {
      "acc_channel_rmse_improvement": 0.44132513400335416,
      "acc_channel_rmse_mean": 1.0762673163243306,
      "acc_norm_rmse": 1.049492213335264,
      "gyr_channel_rmse_improvement": 0.1451772649058496,
      "gyr_channel_rmse_mean": 0.26040219125075764,
      "gyr_norm_rmse": 0.36570957918812436,
      "hf_ratio_improvement_mean": 7.674758101538621,
      "input_acc_channel_rmse_mean": 1.5175924503276845,
      "input_acc_norm_rmse": 1.2639799455173248,
      "input_gyr_channel_rmse_mean": 0.4055794561566073,
      "input_gyr_norm_rmse": 0.6296109158252916,
      "input_rmse_mean": 0.961585953242146,
      "model_name": "wiener",
      "model_role": "baseline",
      "num_windows": 8675,
      "pearson_mean": 0.735116304518502,
      "psd_distance_mean": 0.14556886299905977,
      "rmse_mean": 0.668334753787544
    }
  ]
}