{
  "acc_channel_rmse_improvement": 0.9169552492065843,
  "acc_channel_rmse_mean": 0.6006372011211001,
  "acc_norm_rmse": 0.4339369468452135,
  "gyr_channel_rmse_improvement": 0.2796132965055656,
  "gyr_channel_rmse_mean": 0.1259661596510416,
  "gyr_norm_rmse": 0.15657045795657384,
  "hf_ratio_improvement_mean": 8.429222637241438,
  "input_acc_channel_rmse_mean": 1.5175924503276845,
  "input_acc_norm_rmse": 1.2639799455173248,
  "input_gyr_channel_rmse_mean": 0.4055794561566073,
  "input_gyr_norm_rmse": 0.6296109158252916,
  "input_rmse_mean": 0.961585953242146,
  "num_windows": 8675,
  "pearson_mean": 0.8840361247472517,
  "psd_distance_mean": 0.05689843602539759,
  "rmse_mean": 0.3633016803860709
}