{
  "acc_channel_rmse_improvement": 0.19247931522710648,
  "acc_channel_rmse_mean": 1.83292131237164,
  "acc_norm_rmse": 1.9772035341723408,
  "gyr_channel_rmse_improvement": 0.062253589728856494,
  "gyr_channel_rmse_mean": 0.5909196695551414,
  "gyr_norm_rmse": 0.9031399381024288,
  "hf_ratio_improvement_mean": 1.3062829350029566,
  "input_acc_channel_rmse_mean": 2.025400627598747,
  "input_acc_norm_rmse": 2.102935926260422,
  "input_gyr_channel_rmse_mean": 0.6531732592839978,
  "input_gyr_norm_rmse": 1.0548053896336518,
  "input_rmse_mean": 1.3392869434413723,
  "num_windows": 3023,
  "pearson_mean": 0.7824835697522454,
  "psd_distance_mean": 0.41320392998884414,
  "rmse_mean": 1.2119204909633907
}