model_name,model_role,num_windows,rmse_mean,acc_norm_rmse,gyr_norm_rmse,pearson_mean,hf_ratio_improvement_mean,psd_distance_mean
tcn,trained,8633,0.1149470106961942,0.11704267433318163,0.12046247527407998,0.8482231873755904,5.604348611996455,0.006799978851749512
