model_name,model_role,num_windows,rmse_mean,acc_norm_rmse,gyr_norm_rmse,pearson_mean,hf_ratio_improvement_mean,psd_distance_mean
tcn,trained,8633,0.11521065324407441,0.11844074482135548,0.12107232184494324,0.8515794242291285,5.704485004812201,0.006408100128727035
