{
  "acc_channel_rmse_improvement": 0.8356492628292408,
  "acc_channel_rmse_mean": 0.6819431874984437,
  "acc_norm_rmse": 0.5352461585623645,
  "gyr_channel_rmse_improvement": 0.25241305287735044,
  "gyr_channel_rmse_mean": 0.15316640327925687,
  "gyr_norm_rmse": 0.19412963338986694,
  "hf_ratio_improvement_mean": 8.338441086318698,
  "input_acc_channel_rmse_mean": 1.5175924503276845,
  "input_acc_norm_rmse": 1.2639799455173248,
  "input_gyr_channel_rmse_mean": 0.4055794561566073,
  "input_gyr_norm_rmse": 0.6296109158252916,
  "input_rmse_mean": 0.961585953242146,
  "num_windows": 8675,
  "pearson_mean": 0.8391028999384299,
  "psd_distance_mean": 0.06332085725639255,
  "rmse_mean": 0.4175547953888502
}