time_s,acc_x,acc_y,acc_z,gyr_x,gyr_y,gyr_z
0.0,0.7461297655983866,0.18463272083496213,9.712290805474483,-0.005675975219433044,0.0010942065173403647,0.009878526935013735
0.025,0.7368097217957309,0.16540537802082803,9.721626732253561,-0.0066990606147551285,0.0011657217292255823,0.008968010132122286
0.05,0.7682239491082576,0.18773698816717616,9.734967283052852,0.0004817947824444789,0.0005448789046248288,0.012811664636841854
0.075,0.7467295510514951,0.17227436848235644,9.726125902241005,0.002026698849495354,0.003561846652703991,0.013075410784983988
0.1,0.7399945783264836,0.1828758997170423,9.720935138051283,-0.005527269120458093,0.0023506448622713774,0.009857955558913197
0.125,0.7511973396776429,0.18779520052735793,9.703646265802155,-0.006641555094386455,0.0006200887236600104,0.01091703828439834
0.15,0.7492752937289656,0.16835111888407708,9.739588746398528,-0.0025864509450495223,0.0007614191803083958,0.010080133845376801
0.175,0.7648608548215083,0.19347480589555338,9.721478422591925,0.0004962609892571938,0.003019803623721078,0.011425054971627161
0.2,0.7625601860716786,0.18323608503823852,9.721901147691185,-0.004742674395728418,-0.002071967277096824,0.012188501843079076
0.225,0.7477099692350615,0.1672505319114328,9.761455782629907,-0.0022880702086493948,0.0032682908667680624,0.010038947879658087
0.25,0.7231255244861186,0.19882803833404686,9.675602704120655,0.00013081671399434018,0.006255863252271992,0.011806974547114624
0.275,0.7468485126034127,0.17334617135358127,9.704304928093311,-0.005916429166939666,-0.0032498801804818223,0.011298603574119105
0.3,0.7652756164570562,0.17124501181051682,9.79260666842804,-0.006782625904002744,-0.005816661646324816,0.008650973479240638
0.325,0.755176716432017,0.1824199054447617,9.774083592372815,0.005282513381978167,0.009540518442573335,0.013016103457492172
0.35,0.7348321692006599,0.17243293962237283,9.6644717680626,-0.001115692185901331,0.005747774934695879,0.01150105817941986
0.375,0.752972591413582,0.20633867889155216,9.645973314382701,-0.006581834156264482,-0.003813255824771187,0.011150556002024243
0.4,0.7941219033160019,0.15967121952917263,9.777088376006521,-0.011128770812967297,-0.0020852019310333954,0.009858078621073268
0.425,0.7101627229594898,0.18763134499664247,9.793649328506485,-0.009506745669473403,0.005447142784363893,0.011830565001837446
0.45,0.7359556760389927,0.17448053013726825,9.664295239120129,0.000723865221652166,0.006194465943915314,0.011970842903093994
0.475,1.0546339980617365,0.2663802217595109,10.143618571172206,0.005329908370796362,0.06059065611900324,0.08557796841376647
0.5,0.6542126815171099,0.38155271424426995,9.72253156910195,0.017118275784500748,0.0872194776722812,0.2324607824983393
0.525,0.43778944653546165,-0.058851998424078324,9.451981351202226,-0.04804461659167177,0.0380797500189684,0.11824802420781556
0.55,0.6915555403219402,0.2538531667993324,9.505590458263914,-0.08118293777821226,0.04258083796308758,0.03469114522554991
0.575,0.6859382560434175,-0.15177214574880177,9.801836328166877,-0.030364168994178986,0.01134095379500798,-0.026527146309251466
0.6,0.8715733582462715,0.2361877930700939,9.976989428909553,0.007144844079177555,0.06051699269786193,0.02002403895050066
0.625,0.8797197242152188,0.4175643608508014,10.29897576095424,0.043790865076937566,0.06763099575224624,0.18558491501297486
0.65,0.36496830654947493,0.016026809243888815,9.124894605007329,0.05618161059938153,0.10114379791032034,0.16951176118705077
0.675,0.4826141092810637,0.3073280260698333,9.442357428021875,-0.19684199345706177,0.08595263897352086,0.0014826666306463408
0.7,0.7213487502471145,0.39160434566702274,10.076374160595995,-0.3683595991324802,0.10507007928340698,-0.003971415910864827
0.725,0.6975383946658417,0.24307694587146844,10.179450615953485,-0.5039757607734892,0.09056307485315779,-0.04904657215264005
0.75,0.4478447582182142,0.13555177053713513,9.827365324474446,-0.5622916969061136,0.12671475629827486,-0.19146026167252592
0.775,0.5056820148102991,0.3940730175503371,9.827009856275671,-0.854374940554332,0.14165062576146742,-0.2214693688620758
0.8,0.6130015370354622,0.03572080573176735,9.997612374897471,-1.3171854971193016,0.16547318171362496,-0.15466964021794422
0.825,0.48572648278889796,0.23230387785442325,9.786965308147533,-1.9577586474087987,0.17387113092613704,-0.13200172925964718
0.85,0.5028578458827169,-0.6227191610195367,9.571677150309517,-2.445974439212707,0.16107192855687436,-0.1535346347996134
0.875,0.39261534772713347,-4.54843923997016,9.029238839590843,-0.5127523361816226,0.15620452614149702,0.14416637115568476
0.9,0.22908767070152863,-5.3121938382130525,8.579960860835545,-0.011710709360462323,0.21426546687899684,0.22478776594690444
0.925,0.14091501226462924,-0.9686805880246957,10.362702666777261,0.11720987154598647,0.2866095609804347,-0.16131807542484441
0.95,0.7490640476484055,-1.0116235280686834,10.043409643503717,-0.5267295312629058,0.2866069356534417,0.00609930364087569
0.975,-0.03157918769543733,-2.5584705948067095,9.47358584777923,-0.11458071250572238,0.3492752897705996,0.0934168536311553
1.0,0.006769902535684262,-2.1500922246445775,10.032023750207212,-0.07994351996711534,0.44157522677031313,0.05250412456192338
1.025,0.2740840289286366,-1.4055794747508898,10.435865289667325,-0.42573872349133535,0.5558326051741985,0.13025996596894965
1.05,-0.03622829148298992,-3.061818892457233,10.029648059283744,-0.3557646343648196,0.6945623094810583,0.2319700258688712
1.075,-0.5318449516661422,-2.9730225243952826,9.471529081580151,-0.17196148075095516,0.7760031179634387,0.16190143054019052
1.1,-0.4071444401217803,-2.191657951180881,9.833622250883371,0.26504780852594934,0.845518913178813,0.14234072216168622
1.125,-0.5304816828578367,-2.7804249136791834,9.67306487636015,0.5902252223560732,0.9527773610510943,0.07172587447522955
1.15,-0.951782390802826,-2.4605879262662698,10.219279786048345,0.9933114123408178,1.0912936803515683,0.028903743152377672
1.175,-1.2819146793990808,-2.305051417550079,10.315451563533102,1.0808844231646852,1.278495130605389,0.08200014931239027
1.2,-1.4936926400399513,-1.7685960938750391,10.469936981348189,1.0043461053183096,1.4786074861158007,0.1041071336232808
1.225,-1.7664230738889566,-0.8122940497928903,9.795959445720452,0.5418063087839101,1.4751150303532974,0.05101335438631897
1.25,-1.93010352612165,-0.404503140584512,8.999782446853427,0.39145396662609844,1.5049965115013026,0.12253216948459762
1.275,-2.5376918864099127,-0.6022964722702981,9.482639247911315,-0.19729244782740862,1.5430044879797031,0.25504700313033213
1.3,-3.481147791894498,-0.9369309297549626,8.66842030132495,-0.5666131558271713,1.4348742850914007,0.2833929964078416
1.325,-3.346999203375853,-1.784942946754032,8.039846462845633,-0.6889037347555793,1.2659666704750447,0.24212518406011255
1.35,-3.658296037622624,-2.1880943108825166,8.649687116787529,-0.6534685009546488,1.2672635459594899,0.23556808611580546
1.375,-4.1527870547115615,-2.109698156760676,8.48613330399415,-0.4168976985123848,1.2394365753500487,0.20273048054651133
1.4,-5.009082438147244,-1.6989734702449826,8.313683941561804,-0.6803865570253349,1.0507011461264955,0.20027300779106277
1.425,-5.264197399053357,-2.4810177460506195,6.857100092427977,-0.6130676027369677,0.8535817305752268,0.19605573281225014
1.45,-4.66198913569929,-2.9347746874676877,6.140908341854218,-0.031466984531059394,0.7368118730462542,0.11559371468463413
1.475,-4.828174805868,-2.0180299059978797,7.023392777947257,0.12939055305683758,0.936424401286572,-0.10360161103347203
1.5,-5.399180948700232,-0.537567018241919,8.54534518791517,-0.18907314197139952,0.9645651346543879,-0.018895089870792345
1.525,-5.979880108410942,-0.34459643841890775,8.699013479192347,-0.3980813302845975,0.6365049343439722,0.31760036442142325
1.55,-5.405603615978263,-1.3801672169173795,8.190142899912813,-0.24339515420130128,0.4092480159848299,0.420764315293972
1.575,-4.872434833813406,-1.4224716018809824,7.90998615649104,-0.11536619133934098,0.48352219816148684,0.5269870170459026
1.6,-5.5519145807450645,-2.511252638160733,7.573970146647339,0.07391331640850489,0.6453437572126552,0.46444798454633185
1.625,-6.599425506496549,-2.709930781543162,8.433708496966423,0.11905782094611408,0.6434613200551141,0.13974009752570263
1.65,-7.859961174884414,-2.1937151259510754,9.921205294716117,-0.42051996562008503,0.3273416327502152,-0.05927252230423219
1.675,-7.0217952690475105,-1.8829609248500148,8.900896607789631,-0.45234201666595925,0.07666836579051314,0.04486019394279409
1.7,-6.28858450346649,-2.5605787679385177,7.974803793349752,-0.259344169530672,0.0032170992349443016,-0.0021634869906151603
1.725,-7.163592640204656,-1.1656190818542063,7.709014605028328,0.14300687948851398,0.003228333926122297,0.05811850916032763
1.75,-6.761839752679137,-1.178037366421031,7.448192517776641,0.4102190640938526,-0.06672054739793438,0.36886723396214466
1.775,-7.004751610804718,-2.003215526531446,7.46923186968607,0.12331218774414858,0.002881527634147014,0.3488031705779715
1.8,-7.797869147956865,-3.089760807711734,9.44887353506078,-0.4994806920777901,-0.05022307030370941,0.13434344034883305
1.825,-7.414985034105983,-3.9905840444593585,7.9448670177949285,-0.2387385103255543,-0.34116779913865364,-0.19206101817501242
1.85,-7.380442931621574,-2.8585717797128267,7.79018979475164,0.31230249414514843,-0.48339764532630963,-0.3741311128263711
1.875,-7.520472996822,-1.834331157346283,9.902886943924269,0.626459590052227,-0.6082274435388657,-0.32739597324764325
1.9,-7.170792863997312,-2.148534851061132,9.667125153502976,0.5109310584877438,-0.8062009303239256,-0.3873624684238658
1.925,-6.9356852832629325,-2.6286375981317307,9.738986036168663,0.3279404693425275,-1.0473873749661367,-0.4801112460284053
1.95,-5.72581545397413,-2.63016004223356,8.653995248122222,0.18654135174628303,-1.2208148392080562,-0.7177445132462366
1.975,-4.792802225177925,-2.206125337541514,9.35686194173703,0.13853517289230843,-1.2598367325193671,-1.011778155071863
2.0,-4.141705417451983,-1.416442363818296,9.629400484106252,0.1928951574927798,-1.3119049181293005,-0.9964966640606423
2.025,-2.4608449803711494,-0.3917470601348427,8.282626941764963,-0.1273081881822036,-1.2146789300439227,-0.9566165833013326
2.05,-2.36602874701874,1.0618699020208633,7.444309726629738,-0.6255734542501247,-0.8211309673346988,-0.4458487136984346
2.075,-2.0891443619843346,-0.06688727529876526,9.307473565439022,-1.8254090658557667,-0.3047909975176637,0.3750472148486979
2.1,-2.9527705854426056,-5.014888779355596,9.027530205882961,-1.701420748833213,-0.1342124969331277,0.5623954447048836
2.125,-2.300364623295931,-7.853221597277487,11.018747140787106,-1.5165931549932399,0.5012560686153541,0.34953920395991317
2.15,-3.659147668688845,-6.285717580331903,6.166455742194247,-1.0109457234048331,0.4563324972870819,-0.09228600770547041
2.175,-6.271567374052364,-4.917022832668134,6.716294126620065,-0.8618484453530417,-0.05119872049613265,-0.3601388561764808
2.2,-3.83874725839781,-3.26618526039255,4.730262475957412,-0.7014855502957759,-0.5863112531655486,-0.698268951154694
2.225,-2.9692923629660415,-1.3175901741657996,7.885001589986604,-0.4971812670308213,-0.2818679391576474,-0.9819899538659487
2.25,-3.6096056888779233,-0.8169797187061852,9.142997660270286,-0.24556432465064043,-0.336001746854728,-0.7913925834972464
2.275,-2.394733086482429,-1.5742605139733334,8.366448511509335,0.09813465699089255,-0.5084619433343716,-0.4549296791009729
2.3,-3.889272150666636,-2.012486912002662,8.59999724111118,0.30338928555410216,-0.7018524957080023,0.24859844122685096
2.325,-2.1586305949182187,-4.904336397618145,9.534193130051587,0.7261875396461239,-1.1302200578244612,0.5363564027155647
2.35,2.0172210556268912,-3.892494085800539,5.718774989114308,1.1220594124834455,-1.1834588431989685,0.017889411182720208
2.375,1.6382487602424565,-0.6794705436972713,5.333929164367277,0.611731445376884,-0.5741179223385627,-0.30012592477118766
2.4,-1.6765188367516641,-0.6195122519367756,5.600521271772929,-0.22362801958770692,-0.060776909638912906,-0.22154610118669116
2.425,-2.6686337820753034,-3.9289064435872567,9.904450208360583,-0.2481863462686099,-0.267032401411807,0.17125335405498257
2.45,-3.5383848865057828,-2.216952018687613,11.076918218344007,-0.0369481385543294,-0.3679756379326471,0.4954066710152696
2.475,-1.677205430789831,-3.3679455485830916,8.368389090101777,0.004898046556469327,-0.3504493416712965,0.611045731842622
2.5,-1.5231185571974113,-4.20957670662342,6.371306339069358,-0.44008963646799293,-0.1799882539923167,0.32650299987636733
2.525,-2.7665854168973936,-4.6840515202011295,6.371871085263195,-0.8416183044374961,0.22659437488403414,0.07942698938438936
2.55,-3.5625979363812954,-5.134134168963059,8.572666354303761,-0.7411866647109489,0.10625464013802262,-0.13204801233944705
2.575,-3.4188820976023826,-4.508533012718523,8.75291652650499,0.1643609182585505,-0.32630124575943154,-0.17348830604697585
2.6,-2.4527868056104074,-1.0321855181385522,9.776760604917078,1.0169574881826549,-0.8127828371754977,0.3165012457150422
2.625,-2.402392513863542,-2.544081445101168,8.936722410091877,1.1913536330949368,-0.9158040850300909,0.8228547433184623
2.65,-1.8930582988380165,-5.323235120117525,9.318432724756555,0.7731061581935962,-0.9837304637103141,0.5666704132530906
2.675,-0.25795972272316653,-3.6706902126180196,6.903541345549896,0.6640858622967752,-0.875537243906405,0.1480050868967841
2.7,0.3645054534880045,-1.5082914019760707,6.677136308212643,-0.09286555087108479,-0.09728589818152297,0.1618542818044191
2.725,-1.166115349137021,-2.653255129099195,8.323865868429756,-0.9464640544563532,0.3265966204734681,0.2642542192101211
2.75,-1.9272589124056014,-3.5054394702754945,8.549329139340399,-1.175561220003292,0.35779676332062965,0.3606042181653639
2.775,-1.418090498953759,-3.472317033817844,8.656537316267544,-0.2671723736939954,0.26835491995281646,0.42769200226077825
2.8,-1.2132977923515176,-3.3176916241231504,8.655183558432254,0.7686054534279801,0.21992267193476067,0.5200812778093871
2.825,-1.5962571235306555,-3.5563861171661024,8.845735176958037,0.9301033810384374,0.29259218412004295,0.5005337971972825
2.85,-2.6097993003027886,-3.562464692266678,8.576728958500635,-0.12016464233356125,0.44807540599030327,0.13397627349449662
2.875,-3.0249086815774913,-3.571179976972276,8.865895825245829,-0.7451614674260287,0.3164813069786683,-0.10447791022776845
2.9,-3.1436800412848616,-2.9407844754409047,8.001727337483013,-0.2581630660962287,0.1203676996576945,0.015844534701571496
2.925,-3.7159084529205892,-3.4204703502535754,9.71158794061885,0.418277596024667,-0.03153753102414937,0.05708666763550205
2.95,-3.1301966094347122,-3.121432159018043,9.024790932212468,0.37421266486532817,-0.03726779220831247,-0.1053935610191992
2.975,-2.8899745332422677,-2.2966633868638233,8.812057369608889,0.18268134903144564,-0.04734440798617121,-0.08721248559977005
3.0,-2.830487701446985,-2.835462492756355,8.361243524392965,-0.20386225977535377,-0.08348799899294174,-0.11847494517593475
3.025,-1.9606304964255212,-2.9787421634543443,8.723006698309165,0.052338994863765996,-0.06962547546553936,-0.12018123612215116
3.05,-2.010096803315189,-2.424524773320257,8.971995139275121,0.6073741417188281,-0.06723367246735226,-0.059966378487198053
3.075,-1.6279579907961788,-1.8282190214584753,9.246054394773118,0.24234378169700355,-0.019460035806752197,-0.012823487988648713
3.1,-2.0052056609409687,-2.602444353792789,8.674818349163996,-0.42622884504807773,0.01866243964453622,0.02200610982195181
3.125,-1.84733819508601,-3.5482424906414627,7.98977206787702,-0.18138589540966432,-0.03164856579666323,0.09391809503204698
3.15,-1.5430888787412098,-3.52681653966215,8.375027740502816,0.19544842802110235,-0.0020316071868485648,0.09261281798065707
3.175,-2.0563499469585995,-2.4283247100513012,9.543961650837593,-0.06050634974664202,0.19889609085809667,0.0011239878579371327
3.2,-2.4851965396650137,-2.744148475643907,9.384020323867338,-0.3006883474441271,0.1396374927147124,0.045498613052142325
3.225,-2.3569434922723107,-3.3212409803845633,8.056483457322518,-0.2702940977218403,0.0997783810781575,0.11566416956931054
3.25,-1.8370004438783476,-3.6447517893651504,8.543237234221596,-0.08806837473282987,0.16356039138346715,0.12138993445671224
3.275,-2.0300409833603608,-5.24283544138747,7.728089122755039,-0.327605102244014,0.3649102322939967,-0.1774057034055851
3.3,-3.27242074294331,-4.717235151288653,8.374805804661925,-0.4297944883449807,0.26987241541717183,-0.47814345065490305
3.325,-3.5581002461825846,-4.850344780222825,8.81034524548327,-0.20063451937968177,0.09917192056333095,-0.5177307491921496
3.35,-3.5130899793111863,-3.990281400171132,9.736019730025335,0.27477956963474404,-0.04053880072615768,-0.43696477899829606
3.375,-3.2573182858289984,-3.0064776015046015,10.318257944952489,0.34430286593575216,-0.32818796848605436,-0.17988742579019829
3.4,-3.5823031381405404,-2.2794652168778393,10.356066289313937,-0.021552441012086067,-0.4220501223685465,0.04026640429831617
3.425,-2.7561343226637565,-3.0439410820378634,10.19966697497874,0.04031715199345462,-0.5405577097654568,0.2385271735510667
3.45,-0.805037071488189,-3.797165642891906,7.294621324862656,0.2906273506103001,-0.4485470216489409,0.22296622442446787
3.475,-1.0154292090155876,-4.120939003988423,7.791370058369766,0.04648142170609663,-0.03636632868745963,0.06750136999332428
3.5,-2.2506771369558516,-4.621881198506588,10.19676249982638,-0.1637605803606449,0.07782133013878367,-0.15034117388584942
3.525,-1.9502339738898415,-3.4525931515397676,9.820099230423313,0.05576955679661967,-0.07749464064903809,-0.270574111236432
3.55,-1.6557514257623918,-1.9952450767016878,7.846261373618679,0.15496896367013113,-0.07388662341504362,-0.04503625727487915
3.575,-1.6855910985049087,-3.05921568294101,9.03925011648399,0.528214675361866,-0.020764800271359424,0.24510662213218398
3.6,-2.118391547019993,-3.256324066760813,9.989800825029876,0.31327257301718153,-0.12429034102210058,0.23380306990671568
3.625,-2.183354117537945,-2.748054698450473,9.223512052461004,0.1550396024226142,-0.20145147710915842,0.20844453764293258
3.65,-2.9183318623038503,-5.049936935756074,9.848674327131173,0.0030958109733410957,-0.16701037430077076,0.10819017110779422
3.675,-3.078866122839405,-5.706924051214743,11.405623712505536,0.3894286069439945,-0.5070381881320839,-0.21709354414489918
3.7,-2.4250559965949434,-3.9906652037632577,9.208186960108165,0.4982650705062458,-0.5720460693045516,-0.4697495006464807
3.725,-2.0216209273440406,-2.758597836408965,9.187375042724575,0.32209522981257305,-0.46092071070402807,-0.4644368335318371
3.75,-2.1932586832579024,-3.0865850007609037,11.151882363321837,0.37516440033199006,-0.6284937195280594,-0.34914836424265727
3.775,-2.167578375959863,-3.498734971975173,10.815236416876381,0.8121999712803923,-0.7965703223903101,-0.2867529201614645
3.8,-2.011144088838625,-3.7408440567803236,11.00629931705243,0.8468740853531077,-0.8475546384884369,-0.299822804027766
3.825,-1.414103542010012,-3.2199866424336565,10.574702437919024,1.5775145270284319,-0.9293013830603905,-0.27950878228475967
3.85,-0.5301894931688967,-1.675910833678528,10.724476357639718,1.3816999405385442,-1.0205642671440553,-0.2735390460656406
3.875,0.3272775140750068,-0.9610274736101786,10.304856660452408,0.6232896845356871,-0.9759648498866574,-0.25512227077838145
3.9,1.2432249245048663,-1.238753851472559,9.054440735521316,0.09934411256035196,-0.6912676800691054,-0.21959879559203627
3.925,1.3184759354780478,-1.0007043468530725,9.000809655465705,0.7138149083778427,-0.2371498772171417,-0.08786591657421287
3.95,0.7397540145988211,0.022135983464758105,9.27134777993464,0.8360742115333181,0.08857927286571268,0.18075793408733748
3.975,0.5405639388778541,-1.1264167755570105,9.857853573945881,0.7499367770477962,0.21205524618002447,0.35581757395425756
4.0,0.7099628620206548,-0.06939656258374313,9.945613039771557,0.42498237225314844,0.24476080726604774,0.32916292342935444
4.025,0.24991144563422485,-0.5216610829085286,10.682454176664871,-0.30490349604482836,0.29691301946205423,0.2613892368912062
4.05,-0.19788453026311859,-2.3307616710155172,9.407842973258084,-0.5331551902972249,0.18469414256300862,0.0696250603737258
4.075,-0.07010537436381378,-1.2884931436054348,9.750906282314999,0.1786954744568045,0.06753161559047915,0.068632610043603
4.1,0.4914324703958835,-0.8535536365685596,9.77795278055699,0.36662343327752916,0.04861673388330755,0.054664365004239567
4.125,0.4068845599352512,-0.4117471492748357,9.653839728834292,-0.32594164776273654,0.1306059244678438,-0.09284222632300486
4.15,-0.47442731683721456,-1.4345586446268144,9.31795108736417,-0.7470975635508015,0.12827139054460354,-0.11572427531512117
4.175,-0.6942671816386304,-1.635118578148796,9.172156921092837,-0.35366482063331617,0.0002617270267870192,-0.019545943194630884
4.2,-0.44612637534079974,-1.118149848816987,9.61118467109153,0.2830522050250946,-0.10567624452911839,-0.01256199672240847
4.225,-0.42428359366324847,-0.7008294415395697,10.275539482009913,0.809573297592435,-0.2188977663807993,0.003417886014442168
4.25,-0.5570948162005975,-0.6160834236225787,10.177840849566323,0.7709097194365778,-0.34985436315449364,0.04267983951446504
4.275,-0.08185363145001107,-0.25185003845905674,9.311460174159615,0.6120408248131667,-0.4225283228307128,0.052763307723109436
4.3,0.26439101219661554,0.09864753954620953,8.859289211186027,0.36913997295517276,-0.37714508025163146,0.07932118472164143
4.325,0.644471889666669,-0.4710988308740639,7.646424210040179,0.46978622242942614,-0.30222798233544973,0.05829384317346708
4.35,0.39106217023313156,-0.40398789181417544,9.08188998712548,0.8769995370266094,-0.2765618608011279,0.02241630777649461
4.375,0.20428847326755395,0.7447357151671602,10.274464151927656,0.6624188784482239,-0.34998543525077574,0.011938009579581918
4.4,0.11386253710053476,0.9028918384902926,9.887870890209715,0.05597299239495621,-0.5218297973737948,-0.006717713016977647
4.425,0.2956997848658957,-0.13782969193988676,7.815549366560166,-0.4600611046410754,-0.5911912910639026,0.06909516163690059
4.45,0.6960867910155961,-0.598102040429725,7.631792724766928,0.3478192340372668,-0.4506371982270716,0.07162597826057236
4.475,0.6841143642435245,-0.2842331340594363,7.999233158878508,0.8165139579785606,-0.11695534053964382,0.03585408907560482
4.5,1.0348032590471412,1.1542484746972193,8.706389751072404,0.29167391122280056,0.13926944931226046,-0.1001566004078293
4.525,0.655485183368176,0.5596508333208328,9.310013796618838,-1.144284290363188,0.23644293388131943,-0.14786936988981003
4.55,0.6904278161375846,-1.0134096622711541,8.726768325228758,-1.5458275506714543,0.18313180213037916,-0.07302148228139616
4.575,0.5630418462439448,-1.4623357815262694,8.686101968435967,-0.7764803127418715,0.218006018880274,-0.11135228292791774
4.6,0.12370548935989051,-2.2260141702955583,8.344546081235073,-0.0961311646715453,0.36084483742797746,-0.11841678268923192
4.625,0.5160310241883415,-1.1347306845164122,8.304357740870154,0.27713042918864916,0.5378747812804728,-0.11904643539475912
4.65,0.43740858532838445,-0.7360828757284663,9.225428252465374,0.03734517847420613,0.6222541749279209,-0.2004279393161093
4.675,-0.08762611655123531,-0.8042108777055181,9.298405121011466,-0.06259982257612716,0.49086197562035633,-0.27376083866674233
4.7,-0.3391637162457204,-0.7361495828069716,9.182003016057688,-0.4444054751000253,0.30492866592670814,-0.19129353364732127
4.725,-0.1974334128119692,-0.5577351853856587,9.343183713054467,-0.06345750894846057,0.1169968621381316,0.03576212971688173
4.75,-0.3018868280334345,-0.2235390958767503,9.625738737783324,0.34012049811734013,-0.01786991160307124,0.24750727773079895
4.775,-0.6498868791431991,-0.9879718143003335,8.94851187056885,1.3389719675245753,-0.008290610886408482,0.42234425467442793
4.8,-0.8647156660555372,-0.7506424956478301,9.977557782647953,1.7525978227033177,-0.02830031978694888,0.40075181610511357
4.825,-0.407404221421546,-1.0953092165943674,9.506074522444862,2.045841167246221,-0.12619909396098816,0.1963696223173167
4.85,-0.28741103254252726,0.17964406870702018,9.415899061127261,1.6389009296621713,-0.38123581349947633,0.03195582597685225
4.875,0.2831400704437376,1.3885046260251013,9.210984509016448,2.054201887614896,-0.4756151475991617,0.057669274762446404
4.9,0.16606483534869815,2.566731207135087,9.139606494885241,2.552906967827541,-0.3080597932073099,0.18039874903297592
4.925,-0.10605431529271915,2.0434449620222757,10.880261409851997,2.1892483206517412,-0.48681671337340043,0.21739021221032848
4.95,0.5622206904209676,2.9157845765359056,9.66792513936118,1.284091077471727,-0.5408224963289073,0.050898717970775664
4.975,1.4312755953677647,3.0635781536296527,8.620177930332806,1.068127725252768,-0.3438009971380218,-0.04702396162861883
5.0,0.43812079395072057,2.430903247072405,9.869355438111844,1.5180960920882116,-0.11318425681455699,-0.22022545106512142
5.025,0.37160364512077015,2.4745178008791493,9.574332932669,3.452184410344192,-0.2030945325749815,-0.48510983027317994
5.05,0.815165183749361,5.463877694699956,8.776389836415834,3.4835504424183497,-0.4121006033999293,-0.38790935362702456
5.075,1.110060182816928,8.413528068473441,8.02705521451192,2.8274919113733348,-0.24812790226723277,-0.07158567443859436
5.1,0.8429055482292631,7.513769818148509,9.643211976637287,0.3723930584296136,-0.20445494428389166,0.11109097341057539
5.125,0.648152741584093,5.643059434136741,9.260152193221737,-0.5712944584114984,-0.3675056878841235,0.1350794167670627
5.15,1.0500037927775507,4.812018095725262,8.309992538588912,0.5408226371494698,-0.48752408603692104,0.10751992588147422
5.175,0.9666863048407076,4.564209784629554,8.159728460696732,1.2516718259886472,-0.48217027984288086,0.01859282806578921
5.2,1.6271269253068903,6.3955095681406275,6.779528491577569,0.9547879862144969,-0.34938528903685623,0.016631968407201617
5.225,1.5403806453017899,6.413847064333866,7.0882783018004085,0.060514235377913624,-0.07897004914354872,0.07976155909266046
5.25,1.4136085181675448,6.691394953901702,7.581510522786933,-0.948586021601264,0.09485394947541169,-0.06431609236888096
5.275,1.491184564675201,5.41177680952632,7.198081763617065,-0.7292352150877028,0.21775786747969347,-0.10122018326741104
5.3,1.4698180880507266,5.3574588823750595,7.112832586843056,0.8342365923832846,0.24817815125365275,0.015980500431600066
5.325,1.4158363802578284,5.8188631099689,7.576962445420689,1.7987795939978812,0.4715967756249526,0.17082520697767722
5.35,1.215911866654835,7.343890243971277,9.120976835038254,0.657125455717405,0.6401554074423341,0.14652523329628866
5.375,1.1758210811649843,5.504691445350075,8.639798142597357,-0.5373971344340821,0.4386299881183643,0.014709314780805335
5.4,0.8091189440263601,5.123770236427477,9.353048016635837,-0.6291086765112545,0.3741050804837191,-0.13864235178518777
5.425,0.2564837471364558,5.369378898027841,10.197615094269304,-0.8133463688244775,0.35277731588471817,-0.35137648004698746
5.45,0.6412874059226952,6.017659293963031,9.936612413440471,-0.7959663365129962,0.06772790110714648,-0.21200029712172677
5.475,1.5019404331929767,6.326671752388044,8.383549421401312,-0.342784485946119,-0.06823979967266511,-0.14082921041207855
5.5,1.1799803252805174,6.70199685016317,9.527792464326236,0.12838865876518307,-0.021732102427743764,-0.02134282152264407
5.525,1.071767825661252,6.798268581793339,9.222794320546509,-0.758693878336875,-0.034951149575089185,0.15841290805528113
5.55,0.921991463699714,5.487097328662622,8.25366864741676,-1.2603288006989584,-0.02646954392494228,0.35071891286631646
5.575,1.2402029846183757,4.027779583543477,8.00185202338846,-1.016719962728925,-0.039462430299669296,0.2629651975401645
5.6,0.5207772331403073,4.131161495862042,7.718740666781961,-0.12998152284368988,-0.007601730084564963,-0.052268081712999105
5.625,0.6757607663779746,5.28894829346659,5.737759890266505,-0.08910966756425956,0.02461963895264607,-0.018284903456909456
5.65,0.6756940215226989,6.050507593318609,7.963039700528582,0.19208617260322153,0.09262735250044843,0.19751405282764833
5.675,0.7597151313917464,6.858969357527898,7.217671793113742,0.05588756088550064,0.06886277253461479,0.4091559587518131
5.7,0.61246170268214,4.8132214045231,6.770423095774175,-0.4855921376353876,0.11815722071574082,0.4201192625534165
5.725,0.49122481871758605,3.2851577815527744,6.442022874643968,-0.10498615649589331,0.17573305817107765,0.132024856576557
5.75,0.3007898204887377,4.592036051076894,6.482240081710371,1.2415216319391245,0.1568548299276793,-0.11872095481663111
5.775,0.3100716395142246,6.8332895306777175,7.674876804664506,1.0138391115319112,0.10745258720097327,-0.18644605473970752
5.8,0.29109416714824204,8.395148125467301,7.236551289337701,-0.0621200451811805,0.08903235613306375,-0.1967035837626844
5.825,-0.13127681754097784,7.564189098378103,6.665138560440598,-0.8921459005450586,0.21099107100617673,-0.06886056282309123
5.85,-0.16739881678215784,5.633025493845614,5.660001006050202,-0.9040201884628192,0.47855104624974143,-0.05215898540929104
5.875,-0.11343350753769134,5.1625610420841594,5.731138711691736,-0.24484917821044452,0.4912857747579442,-0.01857271978350144
5.9,-0.2391506292855752,5.203855915886787,7.300144887431989,0.46082574843021784,0.3895222080147152,0.02488276455843365
5.925,-0.24855234304443818,5.951009851578483,8.604300528809125,0.577935484066134,0.1903161424158794,-0.0061171753434137565
5.95,0.05625745075443668,6.7065462062627965,7.9709946402595016,-0.06446954601786642,-0.015268392945632762,0.033681993039426206
5.975,-0.06555831724696333,6.4962723669412545,7.715932446708188,-0.5252139993072473,-0.10156275527864508,-0.011159978400379616
6.0,0.029917967215795614,5.921767579642444,7.3587677015947675,-0.19009909338004194,-0.08974384172742075,0.05780121034277523
6.025,-0.02776247508236635,4.41326759456149,7.666005283768642,0.5274243271667066,-0.040762865217782523,0.22974025974126489
6.05,0.1508897288259681,4.514525883742467,8.107838272536839,0.6486977277606327,-0.022709673361528106,0.35644767083543244
6.075,0.11217083211069892,5.057149059037315,9.764339521407507,0.4708382781424713,-0.12157015041202036,0.21181203399625714
6.1,0.3505692511667859,5.563281814978849,9.58284802119996,-0.26731805216678706,-0.3589446415534519,0.019275955068915385
6.125,0.8587620945874846,6.403607384338088,6.372565644550508,-0.3492859869819344,-0.27423980319655034,0.05320193464314335
6.15,0.598279124710794,5.63551700450802,7.042438726533745,-0.13106448311963304,0.17101758561925087,0.1059118855254009
6.175,0.5356256496015316,5.574002670484911,8.137940504810908,0.054007589076174936,0.3337987997524657,0.11893265552821199
6.2,0.45652969083481876,4.652133124161986,8.840643884117668,0.21344885488030635,0.1634523696749738,0.02590363263948929
6.225,0.4702074440999591,4.434015498632913,7.589311208878913,0.17155076783220233,0.10338484614430363,-0.16860090166396052
6.25,0.4941426211846787,5.743609603100667,7.67192624411598,-0.07566340555382588,0.3166399606726621,-0.2827115074881323
6.275,0.04851732653102166,5.9384280123982425,8.57013030577547,-0.32353894497418695,0.4099175878211678,-0.34899769166409284
6.3,-0.047953584159480284,6.321446582368273,8.733745725628422,-0.09210832172450455,0.3450376595744045,-0.16038432509915818
6.325,0.21268777759937307,5.680164193142658,8.294603270150049,0.09311741072846341,0.258390499965952,0.029550041583253646
6.35,0.2528339702667231,5.26978019334514,8.470739042049189,-0.09753336987187251,0.14392902486241793,0.019412839967144987
6.375,-0.05002306268017777,4.73153356035716,8.459357905871167,-0.3382497943137994,-0.005801600062002005,-0.06012709919323399
6.4,-0.10564632322184095,4.795949261063339,8.443905137761659,-0.19529607895747267,-0.10762948110436368,-0.08963309709611746
6.425,-0.09948740108531223,4.69002250318133,8.472268817701373,0.07787756111584242,-0.16716745482385056,-0.11740429722273417
6.45,-0.13338148063730998,5.338179980249534,7.916364655024115,0.36171268306105986,-0.16791632475222637,-0.10434829932238524
6.475,-0.07181689360073613,5.941761707726107,7.868818019313339,0.5506661582191612,-0.06386765942960446,0.03429157653322047
6.5,0.0054095449354045685,5.967122393089278,8.127134717743646,0.3172663868667096,0.013897556018470546,0.14930104793422191
6.525,0.01033537932199928,5.689422195413914,8.296352413466222,0.04297848736173575,-0.013500507492943405,0.11901162534193918
6.55,0.010500281606317975,5.444512516924489,8.280551033828894,-0.043912241394645356,-0.01455515123992279,0.04158510090262339
6.575,0.05537215174122396,5.200541891909217,8.001276496412297,-0.024492221010688802,-0.012553763997314218,0.014202447974321587
6.6,0.21056966744146796,5.013518312850358,7.62451915322243,0.01526149458494099,-0.058700775316302314,0.0093188388922016
6.625,0.079680185922087,5.298013137539102,7.60563881588677,0.21830483401340178,0.010003830352303648,-0.014171715798146052
6.65,-0.041517008709597014,5.756331269723886,8.087615635778619,0.1917108355045739,0.08556522851586405,0.04125623755465555
6.675,-0.17112439221580314,5.88305969641394,8.411070724737408,-0.03422853129861729,0.0791047909592932,0.04623119334849686
6.7,-0.25247882400993993,5.761629126081125,8.042391937166032,-0.061972704240474824,0.042312615878395674,0.03514295640167419
6.725,-0.09615761591702787,5.573393752641515,7.8945483507903536,-0.09948799383117148,0.054637039493202984,0.058788192359239634
6.75,-0.1180572568817595,5.6341629380745655,8.07653285066993,-0.13566793826225568,0.05500945795215254,0.027870981853518186
6.775,-0.03884534910052284,5.739559083716942,7.985555883483791,-0.18778313374965322,0.008775412101471418,0.03666526633762791
6.8,0.22986552805828772,5.616728900980048,7.803818347170118,-0.0856405989833727,0.016549447781044172,0.0884976961164054
6.825,0.2803163445559216,5.661587628451825,8.133963757891417,0.04970554988767979,0.043091776833189335,0.09736466709090101
6.85,0.1560565672791186,5.3891555040370855,8.357816442003069,0.01782383632506816,0.005768176475459241,0.022496466473762924
6.875,-0.06128396191632645,5.426147745009838,8.576724975650933,-0.02680621347373487,-0.05612105266283016,-0.047363334017110736
6.9,0.08614201396425145,5.658669053787415,8.317557827499355,-0.11074310279608882,-0.1110581337857323,-0.06385691475576696
6.925,0.21424078352133008,6.060215146502309,8.335582992501793,-0.3015534953749849,-0.1281738253178141,-0.07432623212922512
6.95,0.11294894341867948,5.687438180563394,8.033453155296005,-0.37935911049077947,-0.14787284456733416,-0.05639323856819713
6.975,0.08456656019274289,5.416613241656657,7.975722379806855,-0.016683478557240367,-0.13313665590610307,0.011095630598123006
7.0,0.06905193226845202,5.574827036114936,8.094460973025255,0.3356213706178103,-0.10690631776258679,0.0906430272721914
7.025,0.1702478267825127,5.827441816289402,8.343538136747473,0.1701379422851569,-0.1350609039384178,0.1634055038005455
7.05,0.23178297411670612,5.4436033291991945,8.28241321615971,-0.07421849923576411,-0.1536658496724272,0.1723877223721048
7.075,0.2791312268070657,5.197309118539848,8.05082309633622,-0.12185372008523719,-0.17702627985223213,0.11101617910947872
7.1,0.2638748157815756,4.985455129823489,7.924832481750885,0.0936087948489083,-0.18394706036585726,0.0579781646544168
7.125,0.1285911931262085,5.401145479524127,7.912744724597368,0.20569704571985428,-0.08183284555601521,0.006664902124527814
7.15,0.19651559924052567,5.938586215461246,8.01808100386232,0.10441149703117059,-0.00719100169814589,0.05367624091986248
7.175,0.19778303543728057,5.868570420655028,7.872423958937811,-0.09030901786266331,0.02373179819883845,0.09084460336712781
7.2,0.35309726174619915,5.077360494495086,7.246973802137892,0.12188905487017299,0.029975039146657306,0.12854830028052616
7.225,0.45623607699530705,4.866945077017538,7.445550696807839,0.3928857026685581,0.06404423445039512,0.09344445955912097
7.25,0.4724292528595146,5.340642709045828,8.098814373990509,0.396345886300497,0.07501306257770539,-0.018153244018268067
7.275,0.5068222297195535,5.682882251523581,7.960600758896614,-0.03650957235192283,0.05170275620100973,-0.07896028161613065
7.3,0.5379109661750641,5.609960330266285,7.69089399225969,-0.2737357951299612,0.06240775638753047,-0.12307334642091508
7.325,0.3149590177340515,5.397199451715633,7.754769027639022,-0.17507300427039552,0.10366310975533465,-0.18272668931382605
7.35,0.24672300969056318,5.559753521543886,7.756644832682401,0.06728601840689667,0.13182314281818377,-0.18231159076285708
7.375,0.1733544560305375,5.519752696369849,8.079225052294875,0.13316132596042138,0.1500965337785755,-0.14255566507199685
7.4,0.030193358913465876,5.826653953398628,8.375587878555848,0.053283325984296616,0.12337280328116809,-0.13528529519721416
7.425,-0.11428748389617344,5.962566752494726,8.35054773748436,-0.11323130866122987,0.09768748377119475,-0.1243719307051147
7.45,-0.07269766630563619,5.641955760838033,8.045444901282044,-0.05001551381981153,0.04792478283098721,-0.04731001573602524
7.475,0.0792051013121331,5.714501525527263,7.836693261859221,0.1239815944652972,0.014138010607116037,0.050797520804815484
7.5,0.1535337790458078,5.866440972730708,8.0466341652127,0.2009560390862979,0.005172332652156355,0.10884963183530644
7.525,0.009336909236048505,5.944499018509695,8.352347687854786,-0.009694243979968415,-0.015861122923415974,0.12493426536088943
7.55,0.07257372003850503,5.599321828364718,8.12474492444416,-0.05780961961642618,-0.044413420673304865,0.08064381361828178
7.575,0.139817142344098,5.7808371938910454,8.062784045427835,0.00397915295449008,-0.060485947691281,0.033283203851979005
7.6,0.09866795235503215,5.945693392800689,8.215291693679676,0.006985263766814922,-0.10242806064522546,0.02532423358299392
7.625,0.1361256785411712,6.035485027809537,8.168574236445771,-0.09920605606994722,-0.13595200583019418,0.03180434836297294
7.65,0.14883772165460346,6.006744656817258,7.650799403649595,-0.09381534920469276,-0.08698457204037788,0.04574675326789722
7.675,0.22197848194664954,5.893755749648925,7.422963533256437,-0.11959864983231015,-0.03941252834945625,0.1090509667833888
7.7,0.19518987930460932,5.464698921323322,7.566597343989356,-0.06428736233432321,0.02978675494379225,0.15755840545021363
7.725,0.06373060465878616,5.287846456208266,8.08003142227334,0.050703752335971956,0.06039421506335263,0.1280633253704351
7.75,0.1354827868986886,5.23849176325539,8.139430578633839,0.10077168618429029,0.06469406644113485,0.023653794640288623
7.775,0.2168198367839133,5.438737082948541,8.170421672418282,-0.05347501519790117,0.04513469073721956,-0.08600502782186507
7.8,0.13394766771610334,5.207258589154674,7.79168047556888,-0.09943339943579464,-0.0022863267514042374,-0.14830245300610345
7.825,0.16432551701388035,5.359699824754013,7.814265460536513,0.04877134609091631,-0.020202583064527217,-0.15290345160264024
7.85,0.20624296225609465,5.695030202883252,7.844940951552432,0.19793991582703785,0.027330016976741058,-0.13802221955698374
7.875,0.18745808324417157,6.043551926590504,8.08345395163971,0.07966462081181384,0.03737444321433571,-0.09768726350619264
7.9,0.1621946511362008,5.9927199503539,7.944552620303371,-0.1315959058961315,0.03008340422115096,-0.0509942160528363
7.925,0.12440858006683225,5.62293450237,7.846888980352328,-0.09464830081662504,0.014905450089223655,-0.0138567078400073
7.95,0.1452350465154068,5.696419726392186,7.970512641496444,0.07533755277888562,-0.011456156047208763,0.014499459607538009
7.975,0.1710163981154918,5.655271109384002,7.972128234572261,0.12548348528309042,-0.02352478050123867,0.050446421246476685
8.0,0.0503954229467444,5.531667163914962,8.16547191934067,0.016423665522634637,-0.05507287101242345,0.07300329924222324
8.025,0.09344239039618649,5.494034096051981,7.953324035941787,0.0252206048882687,-0.0786142899768819,0.07125558217782355
8.05,0.2296144571433103,5.689929972632009,7.939357969002261,0.08090320680132251,-0.0720875627253286,0.03646835649688995
8.075,0.229737852406951,5.835076454967947,7.796795929464689,0.04722783123750398,-0.058608330491294366,0.04892437821398508
8.1,0.25208158538667946,5.85680878814072,7.680744971216175,0.07880583759933689,-0.004727148453183885,0.06060664590429421
8.125,0.17417810124863958,5.718149622973923,8.062621747334338,0.08291521077115688,0.031719351766282614,0.0592813222128307
8.15,0.1130226626753288,5.6526680905911375,8.266989073445211,-0.008019498823511892,-0.042583917423985894,0.06596028766952765
8.175,0.21547474063288746,5.750768342397113,7.832204541048092,0.00826967546174917,-0.07122118348769647,0.04197639808713006
8.2,0.31925440815822603,6.18929864211541,7.644454412405496,-0.11385713009528083,0.005147558362118624,0.047783339684192024
8.225,0.34211812797440283,6.644645729702957,8.355749933330316,-0.7466682080830157,0.031191847928868817,0.08659276490493055
8.25,0.2664644055794787,5.985449148469161,8.541598587375667,-1.400459741441928,-0.00946093365109269,0.07154777849701494
8.275,0.3587480139185457,5.438686040467188,8.288750549087952,-1.823684676944789,-0.05567588224279496,0.075187852571192
8.3,0.36198771110962463,4.723861498176171,8.300172434420347,-1.8747661970310863,-0.015665428371744772,0.057361765571916114
8.325,0.35458946103595634,4.777756480074977,8.9286785628455,-1.8190902547891803,0.07522285813601957,-0.017503209016729006
8.35,0.35663123493052323,4.006191084132485,8.679922241043483,-1.6786539068108481,0.039371296840431766,-0.02729758904700585
8.375,0.33314205917259954,3.827203019355043,8.986418189720522,-1.5954317575650352,0.0018179856457558891,0.034271408201800205
8.4,0.33776037481261295,3.355641650261063,9.32054146622017,-1.7241974305109784,0.03105716925785595,0.029159526505564845
8.425,0.17765471776379807,3.290222897194217,9.837841399568461,-2.21148537600823,0.07882125080680118,0.029724540534502904
8.45,0.2599067465481766,2.526517637298719,9.419730020783092,-2.8713420925808606,0.07157323223067723,-0.06407077283299731
8.475,0.27125140291603295,2.199902302939851,9.282387116523209,-3.3327556882503853,0.09334083683527278,-0.1391710828929329
8.5,0.24187367402157317,1.1183807504639929,9.314764539215789,-3.7896555865403747,0.11622568280553139,-0.11137184888343717
8.525,0.16613396454928847,0.41862957049728844,9.753131899858957,-4.145030417880247,0.1709561672108333,-0.05928012707547364
8.55,0.0865631180690597,-1.1124900328258087,9.25252472547355,-4.652599282534668,0.202733892590807,-0.04510193808331814
8.575,-0.04476990531888461,-2.372134458136422,8.672358505424782,-4.717578006355043,0.09909141782305642,-0.037673217622049754
8.6,0.14500924225589995,-3.926872190804364,8.345511147250761,-4.649274095616189,0.07061280200350495,0.00618224348350702
8.625,0.09063454996839802,-5.148325320377029,8.107234287201818,-4.162048440756846,0.16261107728876809,0.01404609224997785
8.65,-0.1381598475505537,-5.935149665578894,7.464766311572221,-3.5606640335829223,0.26498734362432524,0.03531476226621151
8.675,-0.14171337447809057,-6.325304260140197,7.114087623400157,-3.1498345082372414,0.23837280528485114,-0.007135263448967218
8.7,-0.07970804215370433,-6.633253916315593,7.065706502146113,-2.963186338971088,0.23581183795106025,-0.032623904721279476
8.725,-0.34770971373704884,-6.872495727936613,6.510370297338769,-3.2053464632497874,0.16875242127071963,0.008928691525134362
8.75,-0.23900710690444185,-7.237515415816138,5.655478587122129,-3.730247284224129,0.04140465915262248,-0.020156718184455302
8.775,0.22099515829369767,-8.869449262703542,4.755880079350545,-3.763862170124069,0.14038747206456761,-0.10715351943009235
8.8,-0.36218320062875853,-9.152664655914041,4.28396144741689,-2.6989763240875466,0.2356518320937513,-0.12244778728802462
8.825,-0.4112816926032444,-9.210321503368679,3.722905242887055,-2.1914736012925005,0.10996899495002191,-0.024289490582562745
8.85,-0.07742190913738806,-8.30279017330566,4.0390172661892025,-2.696145137544757,0.10329403827191955,0.03799078920272278
8.875,-0.3524184267148747,-8.647154715618049,3.066139911813928,-3.8319831277942873,0.1414681727313349,0.0632473748227288
8.9,-0.42286068142525923,-9.15582076433052,0.9159173865101955,-4.554579961142229,0.08525698275185986,-0.07743615111623016
8.925,-0.04967274821464719,-9.709208990191911,-0.5939101389565291,-4.408257658776543,0.03328179569488414,-0.23988645143542567
8.95,0.08024315576241658,-9.999247904525879,-1.1995721109721038,-4.023757781708961,0.12501080235364953,-0.19617517615763394
8.975,-0.08250890338173111,-9.903692415247397,-1.9134150714802882,-3.597234422245118,0.20805703868133482,0.044914705609485336
9.0,-0.17223437372307476,-10.193264310718193,-3.59104638736065,-2.6576862517429234,0.18478258829228886,0.02787565630891791
9.025,-0.1287649359644975,-9.296134084309603,-3.3684826975165434,-1.8220925919379487,0.1697267328350046,-0.008963475442216675
9.05,0.2813270933832292,-8.585793367951934,-2.9577204878685035,-2.1765361260719094,0.17583829252815167,0.07061514243183764
9.075,-0.47784906298153346,-7.666434845071359,-3.062441326716701,-3.5103710567090842,0.16523592879395385,0.14359725303691168
9.1,0.18249245672169853,-7.369274722242291,-5.33433220453043,-4.341389265943547,0.10041913512299724,0.11742437896920462
9.125,0.5033429402004285,-8.157490915426719,-6.798736205161513,-3.9677138199699784,0.2864145436385239,0.25886105677095916
9.15,-0.48720843436103295,-9.005821422749834,-6.743834643222848,-2.6198784690039423,0.31175521041942356,0.3256820864200253
9.175,-0.7932773726630759,-7.549300912546059,-6.618136811752309,-1.5709773141569432,-0.0010039812669589013,0.15735765348673839
9.2,0.023386181310800815,-6.81230376701515,-7.505042474971937,-1.29586848904321,-0.1617880298862543,-0.013856500835062489
9.225,0.21953534626560312,-5.902326910376018,-7.38728098896442,-1.68070202925896,0.018270709355271437,0.13534629375594076
9.25,-0.5514070134765362,-5.485279002561537,-7.975856626357597,-2.227204135907198,0.026343042225624967,0.21947067034839182
9.275,-0.4623944727646122,-5.123402471392935,-8.273650774405183,-2.530944854267219,-0.12339922245761052,0.11508769074120644
9.3,0.29366861124346216,-5.384172384925463,-8.674025825862484,-2.956261197471066,-0.043492367774820455,0.047396692577413344
9.325,-0.6247159585105155,-5.68600108595082,-8.134342644248358,-2.6314916872626988,-0.03448785251851923,0.05326553548006077
9.35,-0.3137502420277111,-4.954436223292758,-9.588499575360483,-1.8322178409745074,-0.1405973424390994,-0.10760309999148106
9.375,0.19790007689824324,-3.261214108490606,-9.573054255231163,-1.0784892925392895,-0.09221429860253143,-0.07391601745458087
9.4,-0.05383431801501199,-3.4377641390580926,-9.646871584790533,-1.5038532245654757,0.035411118906360305,0.10576410465663989
9.425,-0.3821980164714792,-3.546607593687515,-8.831445077375351,-1.4982831220446136,0.04175613175209618,0.13913409662389295
9.45,-0.41449571371399035,-4.622918824522905,-8.785416851986621,-1.218060855259221,-0.007714012845458232,-0.01791336808074035
9.475,-0.42580340468799555,-3.7626461652904286,-9.695552876246683,-1.014640465733829,-0.10086310201407604,-0.1335238083808913
9.5,-0.0067983900215709825,-2.095067119683896,-10.338716787588416,-0.7102838318061377,-0.07274348053136638,-0.11814251338097106
9.525,0.13002704143575833,-2.286234230797608,-9.91285828318824,-0.17185073958275007,0.11754396572347514,-0.06942186716633539
9.55,-0.30124185424228567,-2.7213705456778183,-9.349086925825958,0.19523646357551966,0.17315358119800597,-0.07791132381644107
9.575,-0.3950143750065848,-2.523684903898779,-9.475580757240454,0.3432887783500576,0.05470667830767356,-0.14376075696957696
9.6,-0.1578522415857722,-2.415199163266925,-10.25757209450887,0.5203778911161899,0.0577822594768253,-0.14992226775639345
9.625,-0.005442718948059852,-2.585130376097618,-9.830645635430454,0.7697994467594548,0.14695450867984883,-0.11824914393559678
9.65,-0.20816024830610202,-3.3815167786705294,-9.340420898311908,0.874220852819675,0.17349238444183623,-0.0981139501086689
9.675,-0.4487005886733151,-3.8286656400502985,-9.175614470607156,0.9751560826411979,0.07893612656335076,-0.12585292454705974
9.7,-0.30473697759925295,-4.467097525725251,-9.658173232983348,1.479374634738341,0.002124443280877638,-0.2907209083443196
9.725,-0.04167127361859246,-4.246759785536063,-9.745313333336066,2.185208753969208,-0.02667618356908446,-0.3707110135301224
9.75,0.16017680129768996,-4.419758585845858,-9.44184333504305,2.567499281427622,-0.026701943891993055,-0.24369599308776332
9.775,0.05285748029004564,-4.988805090693651,-8.948263778724145,2.8228572956744906,-0.04557736361568265,-0.11401400146536878
9.8,-0.06666545560971257,-5.8793288602664795,-8.48105564186788,3.417222158764479,-0.1372352825992115,-0.06469289015764909
9.825,0.11706151762909461,-6.393764525925437,-7.646049318088514,3.6795315191777935,-0.20167476994239275,-0.06938951878952201
9.85,0.04577234722052468,-6.923138949814194,-7.398860139059768,3.8460885469509756,-0.19817318089112904,-0.07578031103144736
9.875,0.04455989596508218,-7.793269357776637,-7.434896209143291,4.227242184297672,-0.16323416997673418,0.006001362616794112
9.9,0.11705341705524257,-7.892198194548908,-6.044804236568514,4.629729364668944,-0.12666829188645576,0.0715384381410275
9.925,-0.20048808677706506,-8.07532692022455,-3.985622998609521,4.381046324215451,-0.06067345684857875,0.13306327127472498
9.95,-0.1716216076803203,-8.55850272747455,-3.5486379431718453,3.7282685159360693,-0.1456403352480401,0.07088335532899073
9.975,-0.20286474955102035,-9.515060941967514,-2.9430369690758003,3.4614532028329696,-0.17481593481211602,0.008673302839288776
10.0,0.10912613275092249,-9.972831743026124,-2.524571070587507,3.7883878418810375,-0.15715627560188458,-0.01933980695037836
10.025,0.07102353480323303,-10.169027260952383,-1.400480180448598,4.308767150054454,-0.0037397342517381236,0.07978463639290545
10.05,-0.1786804998929889,-9.997254814407917,0.25471752614555876,4.838530681307716,0.15052995618043014,0.17212457622955632
10.075,-0.318063195737365,-9.357579989536381,1.0144797907413503,5.024612974870957,0.13616258281433172,0.2207200686316628
10.1,-0.3642450651253237,-9.25167067255454,2.284736830118528,4.736270015248941,0.06867788118182805,0.2066647366900791
10.125,-0.34320228440752026,-9.217021710791512,3.253984677506082,4.96581441185987,0.1289208555175131,0.11306690147625652
10.15,-0.3955858545573157,-8.601124866740353,4.3072396913964415,5.697782430492117,0.018847744008776837,0.042870799224285466
10.175,-0.5245516161231603,-6.889593914254938,5.795443192492348,5.954212547546563,-0.035610190099726116,0.0739145059790662
10.2,-0.3540056967221659,-5.746914557147597,7.022093003262082,4.873910364344366,-0.05574970347188036,0.07001859611108753
10.225,-0.28167962699948057,-5.492812628580274,7.30315398952278,4.395405487409695,-0.009343364782691514,0.005349163886901006
10.25,-0.2682036304159052,-4.35952327585273,7.9990612774314975,4.012420630909707,-0.06121283864000367,-0.006873686985569408
10.275,-0.36857123692919813,-4.068464988369555,8.616671432127932,3.9447205520167574,-0.030242253991336423,-0.012024752934289182
10.3,-0.3779901295732428,-2.669527651707054,9.044152807884807,3.8442451116972447,-0.024301400088494837,0.037492735223988105
10.325,-0.31461154031733024,-2.9194263637309876,8.735573822311082,4.276573184626904,-0.04981928496232729,0.09139594326853184
10.35,-0.42299759037102413,-1.6778401929320663,8.974197374622312,5.612438474293041,-0.02766678795824251,0.06485511570625671
10.375,-0.4024320538961255,1.403237300571579,9.99727264880735,5.536320382236162,-0.100938665631115,0.09279951537617229
10.4,0.06856420336285517,3.6035576857151432,9.504732000386626,3.633040014192571,-0.1982157335004821,0.11061582758136373
10.425,-0.07279971473035099,4.156456923099301,8.985260477885772,2.019115721897732,-0.09755787029030616,0.036205224979547215
10.45,-0.15402312630966686,2.188467531446939,8.405580649341445,2.187921806146211,0.10977420642054007,-0.024323123167938672
10.475,-0.453733287907884,2.0776985318721874,8.572829331850393,3.3188275208627007,0.18281469716001392,-0.06534563689055735
10.5,-0.39351402182622053,3.388471932947048,8.736249063802282,4.379010635107624,0.05598058164477772,0.041366472644419575
10.525,-0.13043363205792424,5.498439335773433,8.850982610711796,3.227443083245488,-0.03500933457897955,0.17799743486690128
10.55,-0.38695755080672223,5.624158648438358,7.712492117618058,2.537614250161604,-0.17075995508469527,0.01569148782724228
10.575,-0.2992747906253844,6.41233673628401,5.689352616449404,2.8941149381827684,-0.06894307454844284,-0.1770049324853907
10.6,0.020984014617233475,5.915513968009779,6.339667200661461,3.9289778384955283,0.01869249395312625,-0.14649080831854
10.625,-0.20667084279993414,8.851039030334219,7.560686296732635,3.0429466625549115,0.09540009085592928,0.135489421080055
10.65,0.02088380619838852,8.082863986707924,6.0587992511613,2.247190888025562,0.05716717971243342,0.24269422950621128
10.675,-0.09868194902042453,8.16664653181326,5.574286514890491,1.9975091178709254,0.04684794750148452,0.30306029004542323
10.7,-0.5199825535594585,7.7604730697050215,4.06941451548388,2.4954347366407075,0.02514489608479454,0.08838220368835153
10.725,0.013171162883178909,9.93122766613568,4.976286696796974,2.478831187585422,-0.015188716144832342,0.04863313682787257
10.75,-0.051294326417795806,9.452476327958367,4.126231147765843,1.6070494177673627,0.03488969183585484,0.07905938978501936
10.775,-0.1268753899270057,9.6314616299663,3.58136660228142,1.2182135072334397,0.06850253751352867,0.18666963345496032
10.8,-0.3399604268463879,8.773884169336524,2.3508608378484173,1.4242707244264787,0.0946896501081391,0.15271353565768678
10.825,-0.2545132150959761,8.199047878694067,1.7011056134981222,2.5796120354549945,0.059481215415563615,0.06344177006851266
10.85,-0.023702889424321395,9.167614002229914,2.506520441578712,3.207010954356682,0.10481477642541993,0.08685547334587312
10.875,0.08629002184081881,9.172160792592996,1.7362029667108414,3.2179616153156494,0.19132390762409218,0.1801019672950434
10.9,-0.02834900214494875,9.866870043705438,0.8428084615780966,3.2473578420738938,0.14079638909842074,0.2681137000584413
10.925,-0.27127077736011956,8.687760946520125,-1.4532078028706448,4.0087802220491655,0.037330319996676346,0.18975740476299968
10.95,-0.16011949897401137,9.487059437209863,-2.0701413606953474,4.70332775543403,0.04541008120359769,-0.007194901178921336
10.975,-0.011746847083091917,9.72275204743865,-2.997404638619905,4.338762826063081,0.05499900312532014,-0.07660976549582718
11.0,0.15183831602373346,9.83490515207007,-4.098177201017265,4.447231449475036,0.003527721498005304,0.0033016580977803956
11.025,0.10936870251793346,9.086124935126945,-5.697345865366424,4.642573547560443,-0.03664646830981183,0.005950815865286056
11.05,-0.07782658009876066,8.409226752960032,-6.386064201165018,4.937043776261967,-0.0550741469403504,0.0021096987410423977
11.075,-5.7567029727111085e-05,8.394755337895727,-6.199498132679066,4.2414177110099205,-0.06325169669437979,-0.04674948221789629
11.1,0.4170445964325048,7.690611024595325,-6.529360654276824,3.1727384859916423,0.0509452524492123,0.0041839198540934135
11.125,0.2885922787384806,6.984332887478678,-7.104652684840496,2.5629457721832978,0.21393130171363642,0.06804193909544509
11.15,0.22044079896138602,5.326032251381743,-8.1092773736167,2.8175815394650146,0.2932961060120397,0.16499335161495288
11.175,0.02299118558817694,4.731649844321274,-8.868071557132742,3.098603425691071,0.23158534809141615,0.1263437194716685
11.2,-0.1369192739877982,4.244213859018406,-9.45616713243409,3.248381481307754,0.061472250907190336,-0.028526032501000977
11.225,0.3968061963247117,3.9666038236167593,-9.531934003591518,3.584220150769932,-0.013097782913016116,0.025576743157251162
11.25,0.45969997292006276,3.188813516605359,-9.873413243636481,3.7723810614874442,0.09337439666574003,0.1384644805723734
11.275,0.29666221389236785,2.126790563869742,-9.78938615439171,3.5759949564253497,0.1670727453921209,0.11962017590107255
11.3,0.22957114705776402,1.4561593604281815,-10.12885445744152,2.9521803979090917,0.10330739585296299,0.06898220620130002
11.325,0.2358646701991013,0.8253658897296365,-10.394408935465435,2.731392554662301,0.04991766301748798,0.037950522792443334
11.35,0.05163066091299012,0.9863139383214217,-9.998613830009516,2.4539551566016025,0.005713307449745801,0.04650150525938837
11.375,0.18880475353759005,0.08169233254022923,-10.027836083250401,1.8597718424257788,-0.04913528655109649,0.09904541867631127
11.4,0.3502688920891837,-0.6835562389189426,-9.806365989995154,1.4512599326729534,-0.1450450489219852,0.12528622129473593
11.425,0.20130170421245389,-1.1461214954181438,-9.59153761412286,1.2766375982486344,-0.1485747591288658,0.11479127941510955
11.45,-0.01853222931761061,-0.0773956973022186,-9.355122496898563,0.6958958718941618,-0.16361310603062593,0.08178384585402791
11.475,0.04934084190184065,-1.349161039836074,-9.851312417178072,-0.04142931382214305,-0.2504833862837777,0.11437864203616951
11.5,0.26017161990364623,-1.4278081184468185,-9.984518661108861,-0.049157665076457725,-0.25258815927997214,0.17169782806950762
11.525,0.20258613744010023,-1.7714836261158204,-9.974085839539665,0.099539050669461,-0.17115794673668347,0.16778199884285888
11.55,-0.03624804175323773,-1.3160937175663334,-9.593395609182574,-0.1187187887946633,-0.11568653049375698,0.13005878293466058
11.575,-0.004906355027810054,-2.0293981228768505,-9.541143221076249,-0.10288314335698458,-0.06836640253529526,0.12369276796712142
11.6,-0.08914621556254079,-1.8043159113304368,-9.385774941635225,0.19712516280416872,0.008316777929995734,0.08106305867837155
11.625,-0.17019982907097608,-1.2496145797633027,-9.733488467092423,0.12902404767312364,0.011856831451502313,0.03330990037472625
11.65,-0.02248158969754043,-1.5536089020853663,-10.23798952873091,-0.08516206796253298,-0.04740346223142384,0.08169236974662251
11.675,0.0012801670184195216,-1.786568143726641,-9.932871722746576,0.048879415087167886,-0.00654211448727544,0.15478982171567912
11.7,-0.11145781676864898,-1.8091701534186484,-9.590778002774243,0.027855686357023332,0.03557035925219608,0.09960251321251314
11.725,-0.11570583543775473,-1.5840699909531963,-9.69580557615102,-0.19989009041677422,-0.0010695148583485122,0.04582367009681357
11.75,-0.012812722216863338,-2.125797909120042,-10.181095202728107,-0.06086643179605923,0.005904447411871613,0.06528729514366567
11.775,0.013654401414686615,-1.5102735731080172,-10.012335626651282,0.15443596049914618,0.08539982727959174,0.05026002474454286
11.8,-0.05643837373707126,-1.2135413174232543,-9.734222483753006,-0.05188756373694086,0.10563308859970554,0.0307506322590554
11.825,-0.01878601764453164,-1.7621541700435763,-9.749106687946496,-0.299978834884441,0.05728261684743988,0.03511991569583689
11.85,0.1274502018692481,-1.9155682537308887,-9.796603494172809,-0.06345020041541731,0.058389515544639316,0.039543221868048394
11.875,0.06344366521836882,-1.23673995761424,-9.478624742585023,0.009764377852865094,0.09614546331374689,0.013198209815404127
11.9,0.11091530100082678,-1.0144805857784305,-9.42033695191417,-0.33003014915332024,0.09629649448796915,-0.030283723584885618
11.925,0.15805256938795914,-1.2374524920566723,-9.794934720896643,-0.4724329639849761,0.09132907799639002,-0.022976950944361533
11.95,0.2428167549181861,-1.3102181328807216,-9.765492692555126,-0.32425847659737633,0.07080622958827448,0.018340280129847297
11.975,0.20615223347716677,-1.2476732769466834,-9.70042211522027,-0.35756466483346677,0.04654268139346754,0.013373443694006448
12.0,0.18969274562944444,-1.2667043085245735,-9.76415766896284,-0.46661117359209386,0.048732312440149576,-0.030697916024455534
12.025,0.149797440017384,-0.8902681019263828,-9.750709073010672,-0.5409464641937175,0.06270918923909469,-0.07255472350088968
12.05,0.14274384961675549,-0.30077271456432497,-9.75900463232379,-0.6871455536336022,0.05013075955505005,-0.08211021640456317
12.075,0.07250419647058387,0.6084146629311561,-9.857402084698307,-1.3889582549987691,-0.025853610205051197,-0.10203886926137438
12.1,-0.03258403254611763,1.347888324780646,-10.094615956398592,-2.472606044567516,-0.15769914913354519,-0.16124813953573652
12.125,0.26082793706706664,1.69238259761962,-9.624196167734405,-3.413449244932856,-0.15461450726937787,-0.15787188289927326
12.15,0.2876654356033178,1.2031312662457896,-9.300546080622953,-3.6147360231011505,0.02733621346142927,-0.15263466119616262
12.175,0.14986386600727158,2.0586403911032685,-9.490378443750151,-3.271976389940719,0.15724811257840682,-0.18576115452923259
12.2,-0.008349387678344054,2.846835692024772,-10.373275402161761,-2.8572326012071,0.08318513176235454,-0.2753452023587683
12.225,0.1417476605547596,3.795855971426893,-10.29006635187738,-2.547241718608462,-0.11624478635751465,-0.17721790125240008
12.25,0.15537195181844132,3.5056405508404183,-9.414941158404252,-2.2432857324505413,-0.14317172817617632,-0.040722718080756566
12.275,0.009447125649447743,4.733559628394842,-8.477018057187824,-2.1760800636859314,-0.05598668809298664,-0.03910720652273464
12.3,-0.04034646162031195,5.4144613059005176,-8.542388665566254,-2.746480027555232,-0.02787822272994,-0.15374094670788077
12.325,0.09840083375485417,7.229634721828968,-7.963760650974219,-3.4757788306258917,-0.040595083084810274,-0.16293119085137311
12.35,0.00849637705269047,7.442456580841795,-7.440866644564304,-4.071511306925732,0.011811127031087103,-0.04734882498205163
12.375,-0.18651323851814963,8.566813681632784,-6.536994995713765,-4.7339940155803815,0.023423310448168217,-0.0057455667937164855
12.4,-0.1548194584116226,8.262301332594323,-6.4518518066576975,-5.558726238867867,-0.048589693949761974,-0.04593051500650996
12.425,-0.004324775399252249,8.9263992045114,-5.46505626163775,-5.682978306358197,-0.06825235315812486,-0.06441013624815037
12.45,-0.1183632252801877,9.749883619967795,-3.626102521611593,-5.781372906810855,0.02224783518914124,0.03470485049387073
12.475,-0.2384944738023329,10.148578950055208,-3.2324189248285946,-5.65661468495479,-0.04222110457419257,0.1213290754780207
12.5,-0.20249799685807213,9.570533071172743,-1.8968312533151894,-5.157053651975935,-0.16331703380778134,0.03319775742278984
12.525,0.014353352933963913,9.033213192001858,-0.10781760536273279,-4.137767663333128,-0.20726144687482445,0.08265037950341772
12.55,0.05374394117898092,9.999949323371117,1.7903046887421301,-4.04049782152126,-0.17147169906175563,0.23686195076631347
12.575,-0.15442564383465984,10.889674966910947,3.0676188057379794,-4.8428999075686265,-0.129405445617704,0.24109053658381388
12.6,-0.2308648067942192,11.335820398068767,3.8106941505826626,-6.446715431432193,-0.2174363878495949,0.12700830998387072
12.625,0.020582839939583826,8.63814898382037,3.6090844369945283,-7.401401195352328,-0.41456132688798886,0.07871461078473999
12.65,0.20835124034030883,6.990267206127424,5.004633805571108,-6.919143766248863,-0.355836549413728,0.016682503943894943
12.675,0.2858734749379555,4.8043436649941285,6.162779901736121,-5.419116641567687,0.08997583013024532,-0.11582023261299607
12.7,-0.07320815383044178,5.124606064005859,8.134103800148122,-4.352928304441994,0.15209417349438364,0.07167981084525027
12.725,0.29041240214888936,2.9181594085434277,8.910276737776027,-4.519608224789348,-0.09513441263665774,0.02876706129868695
12.75,0.42043163632070957,3.094958119474176,9.139829142539295,-4.813580792161076,-0.16775662188861473,-0.015110902569747942
12.775,0.2845976313546025,0.8980775230335697,8.652736177023847,-5.121749207944854,0.022670290796461306,-0.06102751648613737
12.8,0.241317189355693,-0.9388239698622788,7.916206051237139,-4.069156609499827,0.2064271102760717,-0.10281819370588263
12.825,0.12176362643833089,-2.9040767002780408,8.078495780857214,-1.4538766714380935,0.19083161532393056,-0.14958183969302463
12.85,0.09691678366079619,-2.3368760329442413,9.370960345085216,0.8187086837083977,0.14320825540841348,-0.0417513169174493
12.875,0.18307205625822193,-0.5111868725908374,10.17015644196554,1.6580403801008665,0.2637756842303821,0.07638764599572519
12.9,0.10606422692852002,1.3449548518271024,10.094591798283961,0.5312016551008726,0.291514836350849,-0.027545925496001968
12.925,0.18919739316971573,0.7838332124426359,9.603495967034904,-0.42617714284679653,0.24022404999661973,-0.12836693966190313
12.95,0.10921299498550159,0.3544119472096695,9.997474394149672,-0.7508375211803735,0.26331848744886327,-0.0828079351835011
12.975,-0.26840808321850274,-0.29302773249912234,10.076615038199504,-0.13321262176426765,0.3191593201809641,-0.0010262949454221712
13.0,-0.2824818953598357,0.3477480955980909,10.036950225743864,0.02191784126806439,0.2352131364997259,0.0776050466858261
13.025,-0.18746577383001642,0.1283308240931319,9.74315856800534,0.019685700782339943,0.09058938655887833,0.08880979455890152
13.05,-0.12465147278098615,0.17614010280791492,9.847019227552131,-0.04725953730470112,0.06293289028251815,0.08907168229260125
13.075,-0.32766489113958946,-0.24450477776080454,9.99432585186578,-0.016463216164387114,0.020067098388048488,0.08047824441927796
13.1,-0.40461241413741567,-0.301282797947215,9.692396479133992,0.16113499824706032,-0.060024443140848704,0.06422589310045364
13.125,-0.28150867945290636,0.14215438970863065,9.552020954787329,0.07152509816731546,-0.1356519589566959,0.0929635683930365
13.15,-0.20430210892157039,0.15595627799451467,9.882198798048403,-0.005212246093863838,-0.10490834633467373,0.1041506493209771
13.175,-0.20458234648640986,0.12756596306229656,9.805614356985242,0.036972371481575735,-0.04247916080191396,0.1001461754816104
13.2,-0.2500894070762282,-0.04168955985322173,9.877736535599515,0.02824498944131453,-0.06555995395009576,0.08340225526040261
13.225,-0.2330169363078673,0.0982419214923963,9.91775463402116,0.0034750750357708626,-0.09152730893548605,0.0825099540753954
13.25,-0.18590408544947473,0.26194596426653255,9.668880511522659,-0.015521034005067874,-0.12104055618292699,0.14546914539977618
13.275,-0.12189850972371472,0.1616594001393686,9.677119135290146,-0.023398191727412233,-0.1291630538724511,0.17595257282355822
13.3,-0.18499384231999808,0.1360717753194457,9.616525096889994,-0.16381458196599089,-0.1412901260770713,0.1305370814344834
13.325,-0.13914699431195993,-0.01108995945248456,9.673686680918465,-0.5761656166215439,-0.13941566683718615,0.08092375941254117
13.35,-0.1527976043510494,0.324177403797935,9.507030548677037,-0.9355550315135938,-0.10353927761510606,0.01947756354220395
13.375,0.03801701539252846,0.3865180830344094,9.681751459599138,-1.6904726564925665,-0.11752500586871911,0.007111044334158311
13.4,0.04487957604255186,-0.3157010444355211,10.005143404479796,-2.2535085447786503,-0.06791159304515763,0.02354989426046595
13.425,-0.036561037091228175,-1.5779923478739128,9.508289769592016,-2.6983136405886885,-0.03465835715360979,0.007637447114793663
13.45,-0.03595562620643975,-2.6051266552076635,8.957776241377971,-2.3699284076631106,-0.01945085600780448,-0.00822267225154139
13.475,0.09182128348327148,-3.2202435583159863,9.176387144048842,-1.9122908211726293,0.0770394036117563,0.02959562079186489
13.5,-0.03185391417686134,-3.5129953364056776,9.170885143498941,-1.4897747379760022,0.05428403569845583,0.007105763493266078
13.525,0.0333059431484562,-3.466363809383237,9.327510874832907,-1.5568845560347542,-0.010437617877331098,-0.023016506566227394
13.55,0.021321948260965284,-3.6332183534365523,8.935206428840644,-1.7492343086974225,0.08878432591876786,0.011666126392273747
13.575,-0.15404200343699903,-4.212530386153529,8.32227316264831,-1.6883655390611867,0.11630117243267046,0.019487449228033103
13.6,-0.0947853569469643,-3.9129653564917612,8.340839533874258,-1.8504131272723532,0.06785567563921507,-0.010247387115546977
13.625,-0.023618718845107814,-4.149695236591914,8.345221514938444,-2.882658755152882,0.06200711024639556,-0.06407141536853393
13.65,-0.1274697021823672,-4.78163505412552,7.713661818531622,-3.9580433507076362,0.09276794035920441,-0.023510474337663644
13.675,-0.0032128833008772326,-6.998909896734223,6.849869157763426,-4.031639876835083,0.20363348873649692,0.046905904587797975
13.7,-0.2259479873446349,-7.939828254957762,5.722338406521787,-3.1853819650862065,0.10911210396467123,0.005751270289249336
13.725,-0.043693890355069404,-8.271498753230814,5.590263327351557,-2.576668756000406,0.025400549626946885,-0.05674498954946941
13.75,-0.09697195605408628,-7.3447523139358175,5.61216905914518,-2.806902189951794,-0.011178490189920138,-0.10031179124557542
13.775,-0.11124029756648372,-7.620343368649422,4.797349574761474,-3.6028704791185957,-0.016843573186636433,-0.09665669760575113
13.8,0.023591214797156895,-8.270686462968047,3.9206562630270843,-4.186681657124033,0.023077987212247776,-0.08693010204404863
13.825,0.09394657742054464,-9.380616755337199,3.2123606709290837,-4.5642836493107675,0.14465344804971236,-0.0793422977655723
13.85,-0.35627081358952983,-9.14520348888175,2.3880972893823493,-4.804313577500014,0.09643331082504289,0.022613610510991092
13.875,-0.2548000039643528,-9.625088725100959,-0.2516124426019919,-4.863318027439344,-0.041784327673498343,0.09005340963764666
13.9,0.004812305642045033,-9.861438839406745,-1.3390790041892777,-4.836124644153395,-0.07104213195952336,0.004618374155567265
13.925,0.1440709143556342,-10.405994128717378,-2.8328319171798992,-4.352350387228954,0.034234146894037455,-0.0434555563468535
13.95,-0.011776481860188455,-10.162959642186228,-3.640081963416063,-3.597171218189302,0.09405487217707915,0.014197773038291076
13.975,-0.13268318444989222,-9.607822426963969,-3.7891708801508783,-2.6785017924886723,0.048957587157219644,0.0754983095751998
14.0,0.029874861998781182,-9.752924884169419,-4.079578444674828,-2.2631713207258306,0.034302665985406974,0.1180170178423091
14.025,-0.18577984903595102,-9.518440250408789,-4.744877284319592,-1.6389922227003195,0.01753052810524053,0.19882972389765494
14.05,-0.21982261079399362,-7.6853252934354845,-4.227406734152095,-1.9723265106052548,0.021719043677429058,0.16920647299213565
14.075,-0.22039669567438588,-7.289882849967322,-4.617637445855414,-3.1882993867476164,-0.008788846492030997,0.12467178081311055
14.1,-0.13733123390769386,-7.533143490979278,-6.1052490305874425,-3.826090664512314,-0.037677804853359136,0.10018679232889542
14.125,-0.07356392703681497,-7.604948631221074,-7.726264948679641,-3.364937082604211,-0.012538793401307253,0.12777367485557323
14.15,0.03696297902935481,-7.040321231887702,-8.084229229241926,-2.412582453273261,0.13023434705240816,0.10076551864504192
14.175,-0.3076698517824045,-6.6213612312682,-7.446127438783241,-1.8640976367960858,0.15541940773480722,0.1444384047807556
14.2,-0.5121762427748214,-5.546478226856347,-7.0582257058716635,-2.4162794378236057,0.02012732108071181,0.2270082823620277
14.225,-0.22416159518957113,-5.526233153447663,-8.43505123494244,-2.4170564447270966,-0.07656511241284426,0.21302726475363593
14.25,-0.20294793760025093,-5.7963508399664585,-9.487849823394864,-1.74795833750461,-0.043939185673580725,0.23944128528610664
14.275,-0.281334666668375,-5.454181616005631,-8.922677484329117,-1.0011471766427804,-0.04861656805005355,0.33568481422343766
14.3,-0.4095019924223663,-4.626854509495759,-8.410015504918636,-0.6428803989358205,-0.06921401851071116,0.23423298857701322
14.325,-0.49635536354890275,-4.731754902009568,-8.87999843209196,0.02935991380598907,-0.057109003185572466,0.0344559742491076
14.35,-0.6277053052689822,-3.2505173074472498,-8.282876573658216,-0.49980385465001514,-0.06207903777254238,0.04243075641821395
14.375,-0.5557720221722328,-3.893285336508502,-8.778500378438247,-1.67771500330641,-0.10237633420553643,0.15712088201830102
14.4,-0.4342810093170328,-4.121448742937869,-9.478842596445963,-1.842463674039484,-0.1586311486355003,0.22506096149378865
14.425,-0.44611052106777616,-4.5805351028721315,-10.114087887649326,-0.3996353048566679,-0.18040949934088601,0.2002266654536527
14.45,-0.5360649363594269,-2.857505613941795,-9.0468813941182,-0.3854953058463856,-0.12115151288109151,0.20806500952112156
14.475,-0.5967307329974096,-2.9097154122632767,-8.93886288151731,-1.2927679211147522,-0.04353683520798935,0.19506407248571916
14.5,-0.7438931329396667,-3.253945162620508,-9.461213801239131,-1.351686864821679,-0.02891850179887883,0.06863594111140792
14.525,-0.8928259960440577,-3.0858757868795212,-9.936073953719378,-0.6866820101498756,-0.0761870558177059,0.01628193057827806
14.55,-0.5888158793603466,-2.2624412483129603,-9.47831715366215,-0.7861357357827643,-0.036326323548071054,0.03973315284208769
14.575,-0.6984541455904695,-2.3337720508758633,-9.585764189455537,-0.814429723253565,0.010154789379772553,0.053384990959763345
14.6,-0.7267526749394391,-2.340586371586001,-9.519770827986786,-0.8352337323585352,0.024098033505097798,0.004032120238579266
14.625,-0.5901986407206489,-1.9720581588614408,-9.664710165123449,-0.6171142606433764,0.03674570682840019,-0.048688101680596826
14.65,-0.5087224238610327,-1.9263854096364827,-9.986418890615125,-0.8932578713164209,0.10143377771651986,-0.032669745796561706
14.675,-0.6136540075944523,-2.0457112967999294,-9.910098213719197,-0.6454583344994831,0.10201744121050499,-0.02860902366412591
14.7,-0.5862345649476471,-2.0246312252403933,-9.718193376917245,-0.25598216340634405,0.13023313243856066,-0.17698099209533233
14.725,-0.45647090066125107,-1.3755790919671915,-9.675432921605433,0.03979855611937613,0.158236161992194,-0.2968806978733932
14.75,-0.5942945032434485,-0.8870510205124882,-9.711861098900116,-0.34906477411122866,0.16966297858203203,-0.15410499650027515
14.775,-0.3349854280567639,-1.0284024431853833,-9.98773348241136,-0.7804851751979036,0.1434700922828957,-0.06047400088166046
14.8,-0.24232383398735122,-1.357253172772482,-9.891280636602911,-0.5558758932899701,0.1339128334464669,0.011959297906507071
14.825,-0.4455963802523678,-1.5220939669558724,-9.921381102495081,0.2033758696424035,0.13902158905710912,-0.017836217346521847
14.85,-0.7023732994158309,-0.8622802225056316,-9.379076249884973,0.17619810479910653,0.07877666910538694,-0.06473730449951902
14.875,-0.3316074959197315,-0.8132854500527406,-9.501233363026948,-0.3568472171000489,0.03258502399091972,-0.064897066963475
14.9,-0.03459384243303009,-1.1574099409243015,-10.278585443433805,-0.45997015334290725,0.06023617837811402,0.007607907077668704
14.925,-0.4347899030654486,-1.5779269277277757,-10.154025711943166,0.23179051024854685,0.09960897992921697,-0.0037081407981837803
14.95,-0.5314802074965963,-0.8476108448594512,-9.149660357192774,0.25190953365896873,0.051626886780118314,-0.07494324966342045
14.975,-0.2117546269759593,-0.7933454189124209,-9.351646903649536,-0.21194561627983158,0.03676350646747195,-0.11284571146914947
15.0,-0.2541729688485199,-0.9260287231303069,-9.854501172892233,-0.2651083100169233,0.044232470801324,-0.05224590602890213
15.025,-0.404185793636677,-0.7775283759589693,-9.575358862571727,0.15728199140987106,0.0015909049025787394,-0.015914768855883332
15.05,-0.3299712055237187,-0.6069348508205022,-9.378869806784754,-0.04167252507960441,-0.06134243089281627,0.013122360635564092
15.075,-0.13718823079757997,-0.9674738003336092,-9.72319858938465,-0.12369398661312817,-0.06195383413233546,0.04828587839166164
15.1,-0.31469347111492796,-1.2406010121250732,-9.880043360406516,-0.0014371448088129066,-0.046169535200286625,0.0426553092145397
15.125,-0.4141087636204994,-1.0040952938460925,-9.814118995036988,-0.013791898686945608,-0.06383440248877466,0.015639086786323166
15.15,-0.25129565787750047,-0.9213013617453614,-10.014451930658216,-0.06252769520198075,-0.057979352124695314,0.02628181713521312
15.175,-0.31037864669336457,-1.0350547921210422,-10.023879767332112,0.11874552677631409,-0.050011575197249386,0.06507888839635743
15.2,-0.5210769412046676,-1.0800429075448623,-9.997883583349822,0.10108412747858465,-0.06481130072946703,0.08196383343675327
15.225,-0.33420536376116805,-1.0878951558367131,-10.010146280587426,-0.09328254674492902,-0.09040351407166916,0.0923478704425481
15.25,-0.19418103691822736,-1.289533367492135,-10.075656070219086,-0.13600672707464528,-0.05742054616537312,0.09697961787155693
15.275,-0.3821728164260943,-1.3251888412267954,-9.950117243331857,0.22614254967143088,-0.027441846339848516,0.03675088983364283
15.3,-0.5711879347269203,-0.8601502502942618,-9.829338612948794,0.2726981394902127,-0.04771567297904218,0.004151756102372323
15.325,-0.3676985525321444,-0.9996496335668044,-9.989275557019166,-0.03720760162739197,-0.03579070672332954,0.050940607243945495
15.35,-0.43088008386939547,-1.1773639594320036,-9.830057113344576,-0.04503575972417275,-0.017634698963436744,0.09255350097935541
15.375,-0.5129860935569587,-1.3598287928918484,-9.774423633553564,0.22674970744523362,-0.04156117995869399,0.055534412069833006
15.4,-0.43865396640634596,-1.2070320451694971,-10.007741059687444,0.3211044137115867,-0.02496320963692347,-0.009739313146274112
15.425,-0.410523876790579,-1.476495798464491,-10.010498790527002,0.4875186894127646,0.04168118793870438,-0.05563258024106686
15.45,-0.45714596674372465,-1.612316367658115,-9.682275259014832,0.7178422382768515,0.040765636378138646,-0.07159741566121908
15.475,-0.46000231995152535,-2.0164704655506602,-10.000711612713673,0.8653134139463641,-0.03346415063516481,-0.03610788390027066
15.5,-0.38587057726058344,-2.209058621694294,-10.069324956115663,1.1361326733583201,-0.02804962683662794,-0.02456908779345412
15.525,-0.36927340933429476,-2.5440935008469765,-9.76972924557732,1.5016945417156602,-0.010557564957836716,-0.031168079786129933
15.55,-0.45545446862897787,-2.9316957475491683,-9.593693111143905,1.6806887799863033,-0.02970172582756051,-0.06116903271276777
15.575,-0.5145422507866197,-3.2155704051911744,-9.791605811656845,2.1357551347391044,-0.05646469082826604,-0.07667441549968398
15.6,-0.32880904089096,-3.329005256438113,-9.482132672652117,2.2288824731991905,-0.026408846353659244,-0.03828458228490103
15.625,-0.17031941060103303,-3.4961514479026476,-8.916135024936631,2.209916534035719,0.060583514848396816,-0.015506208020293873
15.65,-0.40284738392887653,-5.3033402565278065,-9.159238086128848,2.398640424052945,0.12271490120971894,0.017658355818026678
15.675,-0.5281712429886865,-5.4967702216395455,-8.877714547918936,3.436231275908596,0.07205781665856291,-0.10090175163487053
15.7,-0.3974548826319366,-5.82256681029942,-7.738130289369497,3.653899801961293,0.04228087022542695,-0.19830179453098346
15.725,-0.28592707122168404,-5.625194451805306,-7.128106140174149,3.2097927541171094,0.09442654619574184,-0.25295398674431935
15.75,-0.30612574381677315,-6.560131186402129,-6.949479598910469,2.778154416524454,0.12102127285599404,-0.25852517468901715
15.775,-0.3695364794318088,-7.847892821661486,-6.9231853831034496,3.1834453453255316,0.07082011727793401,-0.20680621633536062
15.8,-0.1671664694311394,-8.178761896767694,-6.057251303907064,3.783577074317861,0.039354809278873214,-0.22053024792966713
15.825,-0.12922415783599703,-8.64974643914804,-5.031545239138704,3.959422243053835,0.043444427462584555,-0.22662472750781684
15.85,-0.24853329523677933,-8.32331350466468,-3.953118087260905,3.52379185305539,0.0162489026779379,-0.14946285215806154
15.875,-0.07158049306935928,-8.726964160696996,-3.333239006001683,2.917785240158496,-0.004176326121339472,-0.09244683291143993
15.9,0.053723473589559284,-8.701090801436774,-2.4998632186517438,2.306421680561262,0.02523251870116766,-0.05781247940506818
15.925,-0.02319857317890171,-9.331078866187195,-2.3159968559886166,1.721414445065928,0.058174786737926726,-0.026281440131020094
15.95,-0.07922949185239841,-9.295555374477594,-1.8619904858644063,1.4188069516561268,0.056751219834468514,0.037530338135288596
15.975,-0.054388700249436546,-9.606428037272163,-1.4805667906060356,1.2645221520672854,0.05357624202269246,0.08938892308248726
16.0,-0.06444217786767763,-9.621367908961474,-1.053529101900827,1.242437216519419,0.004905456533090631,0.07478986189103563
16.025,0.16531251524672935,-9.682968294406075,-0.6917030012682424,1.166124618926184,-0.014985399708848164,0.0351720364896399
16.05,0.007262009969061777,-9.644069006952869,-0.5949819916420678,0.9771790974268939,0.014549894006520885,0.030600739572112203
16.075,-0.21031946864991288,-9.24813937962482,-0.48559000135550096,0.6885286858936617,-0.024320682394204356,0.05191169377344141
16.1,0.21993235454307689,-9.489535414988147,-0.2387355841173722,0.2292629536074614,-0.009938643760939551,0.07663285843798431
16.125,0.18208839086385697,-10.407931623072853,-0.44862314167541945,0.3248577547364819,0.12151659702523529,0.14649693155823554
16.15,-0.15028909168586557,-10.528305581314623,-0.6630084439331002,1.175950544854469,0.11449454258256106,0.11670423442312623
16.175,-0.14751538204325126,-9.735167961928633,0.2715912761115537,1.4882018200952938,0.05677245976293881,0.05639139211368831
16.2,-0.025196730025211368,-9.609671047652364,0.9850930257741769,1.0361450477483576,0.0713389277595164,-0.02039142407180261
16.225,-0.2589989789322494,-9.473120534113585,1.2380516921355142,0.9268947062745592,-0.007573991329830811,-0.027028439790975824
16.25,-0.18879864128490068,-9.523471576363702,1.076595413479264,0.6923805366052639,-0.08633814210058297,-0.010922300940115022
16.275,0.07169408325717025,-9.37126483526258,1.2139881061525786,0.21107683265155824,-0.06816905002572549,-0.02419600029707843
16.3,-0.04988882808308499,-9.891571404239468,1.0927064370367339,-0.06964189096175688,0.0074497740642739275,0.004772401456503445
16.325,-0.13357913996651968,-9.578710718753992,1.199252593815903,-0.038798722854607205,-0.0029041549563463974,0.03365626241639005
16.35,-0.13716469877406923,-9.766209342571509,1.1026189977295784,-0.28155210001017766,-0.024120572794409118,0.05829396063854756
16.375,-0.06549848340618239,-10.02014952098153,0.8043354931489023,-0.41677754180453824,-0.015950013696042792,0.035169830372954916
16.4,0.0034531562907618176,-10.061993363544431,0.7205129073579948,0.0020868347234370877,-0.002634434056987448,0.02105741893101911
16.425,-0.07921788540297338,-9.816956176282684,1.1031194409589313,0.2974382170325114,0.025367403085070375,0.03910831654827703
16.45,-0.09902125367792648,-9.188102038257963,1.4081498730212967,0.15630642207471485,-0.02420953845577394,0.07861291508371576
16.475,-0.11549018268457847,-9.45824795607522,1.3164971780415706,-0.25609487111096274,-0.06045378561229842,0.04596845662844962
16.5,0.019588332615787088,-9.680581975677033,0.9508541842061226,-0.594699444175328,-0.03229916451221428,-0.05284654769584103
16.525,-0.08588102019923116,-10.172362714313612,0.6490246755876968,-0.3350206022838126,-0.027876649405504276,-0.08608325833351146
16.55,-0.21064166830392894,-9.958747010845217,0.6426028218678692,0.09430249380720045,-0.05654889832106273,-0.04950029747806602
16.575,-0.03800649646628875,-9.838511095868782,0.9662451456272432,0.17008043466765974,-0.05117205620735385,-0.04207451423096115
16.6,-0.13341192741545205,-9.741319363460896,1.0584960937793264,-0.0726490697574097,-0.041037471787234915,-0.031153671351783215
16.625,-0.06166632108932053,-10.020291276263114,0.9573394109236357,-0.1166997314924329,-0.043213628351513884,0.009066797135223592
16.65,-0.007999076093484768,-9.944075410291205,0.872580187905084,-0.052194502272387755,-0.006876220643853459,0.004127088706915949
16.675,-0.1301313285044188,-9.635474655130267,0.8025473058486365,-0.02913689226966291,-0.0013372881885200941,0.013611936055054863
16.7,-0.07921322425217628,-9.661949020358831,0.7586674032153985,-0.018889227089227793,-0.026917598972725526,0.042957176018857526
16.725,0.05040730746714089,-9.760025184486262,0.6996619818725219,-0.050332568929093234,0.01309834805275594,0.026735779328213766
16.75,-0.06974657801429933,-9.653679184545807,0.6906659657332945,-0.12229776793752568,0.07059144950220925,0.0033789181221445053
16.775,-0.08533585527509255,-9.664467085617057,0.6891518144981005,-0.09673990167218657,0.05787722295558649,0.014804737667551056
16.8,-0.11256604194751586,-9.7532118696974,0.7418031067169787,-0.06742081480305992,0.029910544433995084,0.029931083975584687
16.825,0.00866067272320876,-9.965892322064617,0.7118489248383247,-0.08882070298989402,0.04969438296455149,-0.005442852483167966
16.85,-0.1354517075496006,-9.87723959032887,0.604559877285023,-0.05082557373982204,0.07269312328613943,-0.023626289613988147
16.875,-0.21891402187226622,-9.750733895248825,0.6813740373417426,0.08336386724484433,0.03591585850579512,0.012849179848366794
16.9,-0.015219544116634065,-9.647300063401245,0.7169513688069755,0.04486228581663003,0.03366072576422649,0.042997565109347005
16.925,-0.0077999027572276695,-9.950457434828675,0.4503277330930542,-0.022151243881588956,0.09239650762778971,0.03268250276043997
16.95,-0.11392129472501385,-9.826466006173396,0.5620150201620977,0.04711987856312493,0.09879879210072892,-0.002075011718835125
16.975,-0.19691029336624055,-9.72579566369458,0.7446017476417366,0.18290248936106623,0.059542823522877784,-0.004530162408621287
17.0,-0.20570780057022625,-9.486225715206137,1.2254910935304149,0.0584596762331521,0.02312367271896882,0.0029322044098337697
17.025,-0.14583482204984333,-9.796957073375637,1.190320266681514,0.02053487807042921,-0.035484853166533756,0.017528843298465085
17.05,-0.08169473306014977,-9.85811966177305,0.7286058014089578,0.0282842928764707,-0.06670133198538575,-0.009785116343375026
17.075,-0.03695144200825479,-9.796683742344511,0.480875276170716,0.005855642135898972,-0.04883065455985142,-0.011994827028046086
17.1,0.02212484945758972,-10.011372306380364,0.4707445865167075,0.04821881811105322,0.015128382883640401,-0.008451321334509914
17.125,-0.08320669135037055,-10.159288743968697,0.4857413681780648,0.29543426830351344,0.04970147481802172,-0.041933106072424335
17.15,-0.05995562935732291,-9.859093829559026,0.9514536324805717,0.5582037411338373,0.018461881862302285,-0.09269962894364948
17.175,0.06993940436662852,-9.663897795338604,1.4056283006529322,0.5252448599320875,0.014764981811236326,-0.09073372407785123
17.2,0.10554446569102922,-9.615721502032224,1.4060463572795645,0.3057134066429669,0.03875332393566906,-0.09810941658010736
17.225,0.08903210102366116,-9.659868902337687,1.2429360290769607,0.15062658353894537,0.04832745528074072,-0.12523617378566435
17.25,0.053641860028052976,-9.709809022588441,1.2381408363162063,0.1108209937281937,0.04516728942899116,-0.11217168709051942
17.275,0.20264111711687607,-9.791712737776233,1.2325777139540806,0.16843218781627683,0.05309963028132754,-0.10018648294759513
17.3,0.14092958933632338,-9.51683625106342,1.522389218966236,0.2327843783922929,0.06229010514251844,-0.05833064206613712
17.325,0.051881769053366056,-9.347672087329686,1.4910653021753921,0.1985256139105701,0.010137081572951767,-0.0025343669060686655
17.35,0.18884569446616628,-9.33671695087221,1.3797389416415318,0.012604362633523736,-0.036996055547554155,0.015579599273566638
17.375,0.33036639297180126,-9.718122316949652,1.1999285154899564,-0.06630525186404236,0.01546151790793779,0.027962233605855386
17.4,0.2785115243819511,-9.68766594100334,1.3475889029564203,0.016930608773041096,0.06996903249890173,0.036462372258834974
17.425,0.07316830244174627,-9.807983925296895,1.6457386442824053,0.30127870105582377,0.018131934417038496,0.07068802789307262
17.45,0.1285373422435422,-9.54630240483537,1.7936928873894245,0.2612632835400044,-0.047259849626125776,0.0642644637977417
17.475,0.22140154782083762,-9.673082902199825,1.4523615395007217,0.030118217506860036,-0.024799941136697423,0.07436058870682649
17.5,0.25917462637705574,-10.037897213080537,1.1763334904295868,0.06701327990587702,0.021911345295469224,0.0912268991339687
17.525,0.13583624794830873,-10.773959424884806,1.1927201299379342,0.7582369923809559,0.07140083873013243,0.08125702763278966
17.55,0.07083770329152299,-10.264833967241795,1.897321527405533,1.3673822478582272,0.05044760884142149,0.06780795986729753
17.575,0.2367453078419874,-10.511443521611675,1.924468293065841,2.1532582441136703,0.06287320317052128,0.07149623305176221
17.6,0.022033654031818492,-10.337608368876813,2.0427142547632697,3.362526472962152,0.03134488830070513,0.04505576429409379
17.625,0.1835087812189454,-9.427216156757007,2.7755066749543538,4.034010294441965,0.03775011624695604,0.03594945160334582
17.65,0.1023563690671949,-8.570850651527518,4.157111302381823,3.8045596765661616,0.1362025563737367,-0.07720920890699272
17.675,-0.21438453170127203,-6.963670606983362,5.991412870235217,2.957308935433547,0.04948924935246278,-0.07300256396476726
17.7,-0.2197760505980315,-6.268562612974615,6.648064750593543,2.2333630144511583,-0.02587021208624764,0.08024489996409635
17.725,-0.012698831514552873,-6.509957467377521,6.712238439761718,1.4278917723586961,-0.1495528752420205,0.16209300538945892
17.75,0.24750453920629045,-7.360780141623485,6.450746722675959,1.4224791964032977,-0.15293680945698876,0.15918300268227592
17.775,0.07391326600200793,-7.777338160981498,6.226916316692223,2.1304430723273535,-0.048051432796691426,0.16383875647895801
17.8,-0.07466916165374118,-7.3847662516526285,6.0643411368405316,3.268660330208566,0.04503223867903537,0.14820510786536498
17.825,-0.22083925912713287,-5.890328458503712,7.070313578508203,3.765884683567028,0.05028897382126075,0.14591860575428128
17.85,-0.10079793365449036,-4.197901158024976,8.323855170978923,3.5320346793187225,0.041101985231876914,0.14196560743324127
17.875,0.021775906937472153,-2.41230857663539,9.589059998591434,2.457795355271307,0.11002246972027241,0.13287507400352533
17.9,-0.10417671516230755,-2.238950623614922,9.77492648933343,0.6011762130196164,0.20308798967740646,0.13075095449052163
17.925,-0.2667417341853236,-3.5594077059293476,8.994170803093667,-0.38880532694011144,0.21872234816835767,0.11888979571314251
17.95,-0.3798226137133171,-4.851174756940772,8.692282779554438,-0.2147685490229257,0.17810996740895552,0.14188713215146734
17.975,-0.3856390111697284,-5.460099345715902,8.360461211036553,0.8483318426382109,0.09656818802828424,0.11546642687375268
18.0,-0.42125997242886676,-4.874175336421652,8.238579442635674,2.2468602757629768,-0.00018316434460630918,0.09544402060968372
18.025,-0.3913984300426505,-4.245752385261242,8.317978027460317,3.4756042402250427,-0.04105999893465872,0.10440662937855454
18.05,-0.43222414846766405,-1.4475079020816488,9.362838115021834,3.9809223943263197,-0.0869854661970236,0.11097052474731126
18.075,-0.25181999923230397,-0.06673519620448788,9.834647853099936,3.0939397370613895,-0.1278936395848908,0.11862813176994949
18.1,-0.2800890265545479,1.0222112112490784,10.03929396447571,1.992540774568274,-0.14778288514753657,0.14354494304340046
18.125,-0.2648530195020589,0.5329486183917319,9.779032657334977,0.8251641268357095,-0.1651537594637956,0.17959824845592462
18.15,-0.1341271585946956,0.16251317267939225,9.808563569273636,0.46842603942220623,-0.1962652622072999,0.13878059258745606
18.175,-0.11057410045483027,-0.3756044429314642,9.34766970903405,0.8962172077740251,-0.23486095803442827,0.11361439260005975
18.2,-0.2352879998919249,-0.4205918533697072,9.080909334804192,1.6089137676258576,-0.2285025725733762,0.16433683666274215
18.225,-0.13000993476163242,0.7601632268642367,9.781444295652081,1.703054301871247,-0.22356338306216955,0.18391120523404234
18.25,0.009015571436378413,1.924101323911832,10.255007118758593,0.9755556925907977,-0.17148236457203148,0.08299211690560837
18.275,0.12612213967011854,2.015001108689554,9.780287543112212,-0.06102573745128535,-0.06934424731156623,0.002537813885833195
18.3,0.1339846739726236,0.994778213321273,9.199453657490253,0.20939910384084828,-0.03176743819542055,0.05293848047639614
18.325,0.09958469245006057,0.6057610398149552,9.443676906746752,1.047944829482233,-0.028607117719976927,0.16394639208658618
18.35,0.022080322531516088,1.5572298582177315,10.08332735497356,1.4736582605869537,0.030946944682790613,0.1231832085336091
18.375,0.06978350146214787,2.7483361933905046,10.02167460286795,0.5513509472657109,0.06874542232958561,0.0005807675353323746
18.4,0.11273019580368673,2.794907114145997,9.668613485849777,-0.46416446670976064,0.10665208137948755,-0.03846585232991295
18.425,0.12498143866132554,2.278174163211008,9.6083529031322,-1.0246891269443148,0.11722126680646999,-0.014345626245817089
18.45,0.03166156452685833,1.2482503091346298,9.47388946001852,-0.31254797574561655,0.13301472385344182,0.007761428960576962
18.475,-0.07383060587789325,1.1296715650289284,9.745761300347027,0.042333935014018866,0.09932044149389088,0.005749467513381155
18.5,-0.08731331895883879,1.3372428657894886,9.619530120167385,0.06422675225149209,0.0317895847901134,-0.031413451387863243
18.525,-0.005777941044418214,1.8481204742937307,9.60984267244681,-0.07202127987430498,0.014091344769947804,-0.00946352211607792
18.55,-0.10011840297679026,1.6144680708855543,9.798327967950117,0.02216794806112812,0.01518207076479821,0.009860883482314637
18.575,-0.06538018984039767,1.7498020763382585,9.806476619937905,-0.02716480801052162,-0.034165101402011025,0.0181977573877059
18.6,-0.04215175533991843,1.788069616279343,9.68901162585237,-0.29206292660855604,-0.07184248906551585,0.05063732569672747
18.625,0.023611701230918304,1.4442549326021523,9.723995622833977,-0.3375231670655293,-0.06810512049343144,0.05318509722309414
18.65,-0.01089991870003049,1.2527138862920482,9.688261524256115,-0.05482020180854005,-0.026226454692824676,-0.0008220492176002793
18.675,-0.06076523647039873,1.384923025190369,9.62664176622815,0.07503102399310026,-0.004851191580223355,-0.006644827221138553
18.7,0.014247383845615774,1.5018760482861053,9.547715199629232,-0.03152994830467755,-0.018252806459474077,0.031221656990898853
18.725,0.027843740972960204,1.4945652415852297,9.617647339817047,-0.055690805876722885,-0.0029351236275802126,0.0442856925100194
18.75,-0.06344214183430477,1.3700787102524261,9.783848962185257,-0.013684944462544287,0.00014212227150861703,0.022866927500585197
18.775,-0.06710166482394614,1.2036899957373521,9.513595750088694,-0.035822436894899556,-0.028433224701509375,0.001994828560156506
18.8,0.01449626750368594,1.3266620338897166,9.30922052066128,-0.011861789609223183,-0.0006163087328042101,0.024884267033858844
18.825,0.04001270070931823,1.4629712109610684,9.655190379236549,0.0005550889877199218,0.04980059076703048,0.025684278741488344
18.85,0.08448617206732534,1.37802045332189,9.582732859234152,-0.052096873784961494,-0.0009535805381381123,0.030879897117559774
18.875,0.08411319642990017,1.3171940274749558,9.32243590364523,-0.08847331137389419,-0.02926501800420643,0.05759144214856439
18.9,-0.042574589462462446,1.2740971530438372,9.581009757151262,-0.01750928728591723,0.019273675503302373,0.055632940469946573
18.925,-0.015585092782446977,1.3489836813980745,9.776122494772386,-0.014784631706610115,0.04213766956929854,-0.0042425014517982924
18.95,-0.010006881491068854,1.3359285728245673,9.606561744361441,0.010661045368653437,0.059801578895524905,-0.04466316283303078
18.975,-0.06922490048654786,1.3420637507044229,9.584585001025959,-0.0022688665468313944,0.044055783437505915,-0.028384958962454902
19.0,-0.06893916583721298,1.3243727782248453,9.717855682053097,-0.05633157663081716,-0.008460898374068323,0.03344845950100037
19.025,-0.0284704049020498,1.3659114631357077,9.775421159600397,-0.04758998710363704,-0.019592896242209834,0.029080628231137995
19.05,-0.02976336381159656,1.559861904250858,9.76268581117576,-0.002956821223293692,0.004655589805785075,0.014911360293874939
19.075,-0.02082595826043528,1.433442712654309,9.81498186818859,-0.009034999160115199,0.0026949413789730354,0.04323007863907509
19.1,0.0033923489428676137,1.2811593587153436,9.85963040311759,-0.0012118798649377628,-0.02457369468759573,0.06582125493785262
19.125,-0.0856417797116848,1.2312412732591123,9.721532319318035,-0.013837954525923093,-0.024799704853082537,0.03528342687067795
19.15,-0.04560087144918742,1.3313654273838909,9.810978244291238,-0.051257270793093196,0.024312873322781293,-0.02396297958589258
19.175,-0.07080225593036647,1.3891519627335223,9.875544817403938,-0.08311713432816863,0.049755702840997305,-0.061747005610568236
19.2,-0.05360204243821502,1.3563217029590353,9.428205390047077,-0.0439413559233291,0.01734116848016732,-0.02204561310922791
19.225,-0.013037503994703367,1.311737213438407,9.522165027764823,0.0017364754366613936,-0.01009061768728722,0.06660038176877725
19.25,-0.00953508219746494,1.2238657483103175,9.901622154603675,0.03484754493458397,-0.039609518058530524,0.06584693928500471
19.275,0.03401437808961554,1.3465128287736883,9.767316756329757,0.036317427235853086,-0.06272575628354182,0.03395244519362677
19.3,0.0014297077565706487,1.2792862638256264,9.510157527676437,0.04320175663746092,-0.05903498672349891,0.056275413023752274
19.325,0.03544734642648105,1.3412589374051993,9.520322757517572,-0.025387639364575016,-0.10939854348269487,0.136710021872426
19.35,0.06064999682409133,1.2518278483219667,9.635558231302005,0.04874354791157134,-0.12803828987292037,0.14084404612694978
19.375,0.1241051821218631,0.9875740950804883,9.629251735395613,0.3179978308409477,-0.12566324914427576,0.08637031011844137
19.4,0.12547317453585205,1.2109606960047312,9.60763013665111,0.7457355531051583,-0.1102504731555212,0.03207383631446901
19.425,0.09906439569229158,1.2822767199673404,9.272066519898406,1.3475877522647726,-0.10860518439099187,0.009419619651396014
19.45,0.13088042250432283,1.5645595786322697,8.897218965371433,2.003963742440268,-0.0640781531260646,0.0055414360727116425
19.475,0.09799853680674209,2.057530160511911,9.000950579487956,2.793563750849219,-0.041398741629263276,-0.022458477547560113
19.5,0.12827246518962726,3.1066761272370154,8.971431203466189,3.3660591272045024,-0.045716855635872286,-0.08968110329402176
19.525,0.25463202044455735,4.4824996972589695,8.794145677376715,3.095612678799452,-0.009325462056565694,-0.07550096322241022
19.55,0.17764346475581622,5.010396691696429,8.31259209784391,2.5188510264250445,0.0009994813110556625,-0.0628002380935566
19.575,0.20504382857491174,5.640649495468948,8.26506240799156,2.207752534259881,0.010323027626101815,-0.0871162130415735
19.6,0.1353941655788144,6.039685263941307,8.0395652828254,1.956561751069351,0.05548915714602743,-0.0511944278086886
19.625,0.018475452599171487,6.354311949764091,7.979593587590443,1.4071630816111822,0.0878527147968548,-0.08305968091886491
19.65,0.11953015574720727,5.900888164845022,7.172988034964299,1.5447122514686662,0.1205077386498887,-0.11607873644252892
19.675,0.08845769136289669,6.143010268998739,6.700035661604928,2.333301315153111,0.11788180898449267,-0.0743661826525247
19.7,-0.0530523096836406,6.050383772647046,6.021880932126899,3.3390322058326176,0.07269116799229551,-0.032782178122897424
19.725,0.002273130078427908,8.017399597171398,5.930708000804502,3.5291824503500093,0.07058479815090342,-0.050240113569781183
19.75,-0.011781166865347463,8.500489277985334,5.92898854085894,2.8384989585847844,0.07639344165719258,-0.01206786185975593
19.775,-0.06656367107862958,8.570766085701706,4.948752876463221,1.8822760727247474,0.05901609289291504,0.010365084300484625
19.8,-0.021390834651818465,7.978189790899342,3.903554359014282,2.444799095338495,0.0845506527789314,0.0563242575515396
19.825,-0.03540301262631201,8.848956079522637,3.6699038826599155,3.021337403527601,0.13595030204476366,0.04277411755991562
19.85,-0.04626118212354553,10.188946330073096,4.152262940647725,2.6475390122777402,0.13741785238230614,0.1021361138287623
19.875,-0.04261654663709605,10.615848169283032,3.863371223309995,1.2445981287264984,0.09808514190064187,0.09225196492123945
19.9,-0.0335027227094372,10.269666202673244,3.011530739547575,0.1130874440122825,0.05304565506792983,0.08507057052931455
19.925,0.10452605257714388,8.996956424103969,1.800121064174278,0.2576268618632207,0.03772876148962146,0.16844683818038333
19.95,0.12032201284725239,8.725684881376544,2.046584034625067,1.1722781802674167,0.07681593390500543,0.22584478249057638
19.975,0.2132791226907737,9.921620644363136,3.067542562866157,1.2601402562778803,0.03998048006245085,0.19966835721238854
20.0,0.11466747569070478,10.619253151695467,3.6442428519402457,0.40942838221846467,-0.07309130809332269,0.20927906517656703
20.025,0.15123513968220006,9.893676613772374,3.245149386926423,0.0038296451074695203,-0.16341233439449107,0.33766708568809883
20.05,0.34224257632617716,8.855143598010288,1.9042573840295436,0.09152673093051376,-0.2222274378363151,0.4340465543796887
20.075,0.32037161675455456,8.413229977373271,0.813393404648566,0.5135936921240621,-0.18789525199006477,0.33456813727395524
20.1,0.38599399928119543,9.503186641631906,1.1308247114658359,0.9216896417264584,-0.1710452788742305,0.1060626172550417
20.125,0.35548029946808124,10.796774324726286,1.9995545046698184,0.5444557399431286,-0.2139526344722799,-0.040343475052989346
20.15,0.3260060757809954,10.43033477091817,1.3202265267821454,-0.2348598065450959,-0.2786096093428062,-0.13320139928863006
20.175,0.3937443556419261,8.760109132605654,-0.09306343356075235,-0.3015993459234923,-0.19918172726477257,-0.30950068189964197
20.2,0.24917612546325474,9.038187717015767,0.1284011777103813,0.2541878668683618,-0.06941733559306489,-0.46406638557653773
20.225,-0.07209407893363934,10.65178992400433,1.1216947917653717,0.27279775774183496,-0.045698792681210666,-0.49437023702839034
20.25,-0.07676589829509489,10.584791060403832,0.1787622318809991,0.11775394796636943,-0.09620586176765643,-0.4157783829937244
20.275,0.0720028956957197,9.501114721040876,-0.872890130157153,0.09352592450386721,-0.00797782816191179,-0.4795874509164267
20.3,0.16615776423597792,9.193656893726198,-0.4258793192206568,-0.07898347025085212,0.2543497551843807,-0.5275819786675606
20.325,-0.19266157880568108,9.305983872135942,0.4048279227373565,-0.06652988702082499,0.4001276209427165,-0.34749494203616554
20.35,-0.3985150758258955,8.998290427223175,1.4648702222354775,0.5028053959346527,0.26357273431476186,-0.17376061465947065
20.375,-0.38751955763518,9.522364204780148,1.9800276555535685,0.5480529155043793,0.11695727319245838,-0.18842488353594478
20.4,-0.23340225040384704,10.241296337617339,1.1628906164334898,-0.04195869213056077,0.008938153774643208,-0.19237615753724174
20.425,-0.06963574240517645,10.342766976387257,0.5891263743178394,0.14908249421804604,-0.02933362102624917,0.05502032931757734
20.45,-0.1993651396211101,9.70498068116739,-0.16494407251435544,0.39212409444700214,0.11771774033753483,0.2626453967689959
20.475,-0.4100660498022308,10.732212410753489,0.22761910550593606,0.2520373499597695,0.3093411792651568,0.22446750187521294
20.5,-0.3478194020864043,10.883709026500151,1.1346866354696379,-0.15389086281125447,0.33619824243208224,0.1996642029903871
20.525,-0.2350481214652305,9.9783306933384,1.535771605338007,-0.24858672778165652,0.17648692525856907,0.2679626633405946
20.55,-0.2778802693015916,9.23293343979433,1.0971926726306958,-0.010249185634232267,0.023142821872064925,0.2593527710814614
20.575,-0.2551921761518826,10.26550318806825,0.8557043247859906,0.31754380306848884,-0.05663216053715038,0.1906972646675752
20.6,-0.08556830252227399,10.723650319626826,0.28852439029118254,0.48390105929596927,-0.07853620711932775,0.15076238519123017
20.625,0.12741954111633685,10.137350549789128,-0.18098081171986485,0.05746717851658964,0.12945973179048076,0.17455283811808733
20.65,0.010511816414218184,9.695785320899576,0.2663346672965585,-0.12107539805773962,0.33037399863717665,0.25556437757176315
20.675,-0.11900162433672093,9.67152834619645,1.041056797414903,0.005396577814166289,0.3177177660059635,0.30954497546249304
20.7,-0.13734519478444726,9.39085356782363,1.2944855019090817,0.4512508275499552,0.1476337197308421,0.23635631739159352
20.725,0.03347606667156328,9.543538605333945,1.0149616269090187,0.42359958598954944,0.0220062802316478,0.17202253534013662
20.75,0.10559389921341289,9.655517880312104,0.5529989225379499,-0.029117473846761735,0.022852835817463054,0.11952857464172834
20.775,0.10705481557473263,9.600133355607156,-0.0789974649917513,-0.1347303225639341,0.058243432094940734,0.06686551913819484
20.8,0.11571076782596501,9.642037166882936,0.33770300929546176,0.11187423218859345,0.05441251381503139,0.02122402719894832
20.825,0.062024400653896514,9.709817208677869,0.7217566216195,0.19183878253420203,0.027575921652777197,0.048265771782859075
20.85,-0.02683269662878645,10.004868887086248,0.6177417611576661,0.03580431903506622,0.008904488691663076,0.07248599398901308
20.875,0.0019639208945821844,9.619516325075686,0.006638473246277671,0.06587902465907611,0.030265374046886187,0.026836378607608565
20.9,0.1428980085513583,9.747321173436264,0.155655122466699,-0.03305251987564642,0.10622160529212982,-0.03000768348328437
20.925,0.15154233287073207,9.33951599696689,0.6709066894268044,-0.04555714592558559,0.11320156022027424,-0.07063997455273127
20.95,0.04265259980910672,9.456923619732262,0.9510489501790024,-0.014913591255738335,0.016341807947505598,-0.10758205167156652
20.975,-0.027672361069134763,9.6239173834207,0.6606410308902144,0.22470803961486693,-0.1355097578046019,-0.13951807718421835
21.0,0.09752121186866282,9.705140598659932,0.2557932955794313,0.32001997926639336,-0.16564941342457706,-0.18626241202784508
21.025,0.1281043037467335,9.906307746229068,0.24988067381956924,0.14557436602113027,-0.12773869620239411,-0.19452995943827897
21.05,0.028932155993169374,9.947782588358065,0.20476501339749484,0.028136492757214502,-0.11577037280975239,-0.1447982630725043
21.075,-0.09124973647297749,10.338918177104423,0.025693151117860268,0.04340466601127404,-0.13524513728745188,-0.11960152211217062
21.1,-0.024800493199912003,10.131929007019737,0.036738715887926154,-0.005537717503354382,-0.08393446506393756,-0.10482238641761446
21.125,0.04927121711809998,9.865661581738125,0.22510788171255225,-0.04306273452607182,-0.041987879498083754,-0.06714461295883281
21.15,0.009795988717023155,9.915473726234577,0.11203276113181979,0.010279336863212534,-0.021790830427515975,-0.001783149161411873
21.175,-0.09357743807820652,10.08460820237138,0.12294964051839342,-0.023934899983886933,0.007484137556483131,0.027326115472144374
21.2,-0.16402034278433403,9.696719981985382,0.15924433451555586,-0.030452615681148803,0.021371075706102794,0.035708467165929604
21.225,-0.13890391552578732,9.611181298649017,0.15214724970223842,0.004110299517644664,0.040433340326870536,0.03194919017575742
21.25,-0.09164115118077533,9.757986530219876,0.25498288326811336,0.03491544116535431,0.04567058266924169,-0.016361941354272165
21.275,-0.023352079289570456,9.968283511738637,0.5677670089160362,0.016481372928550907,0.01317348113375039,-0.031354902570551096
21.3,-0.006496653913932677,9.879560703424877,0.47985223489411233,0.007361159174836636,-0.028197261597962455,0.019535959535656042
21.325,-0.08742929186255029,9.766725391139742,-0.007378120402223895,-0.02100438904432935,-0.008922396128153225,0.035786503352615684
21.35,-0.09219146414286314,9.757307480472305,-0.019290165223866756,-0.08780949989422028,0.05154658623363728,-0.02217599278465614
21.375,-0.052728132115850326,9.802718059885672,0.3520767458393944,-0.02462445020409288,0.04567482807921372,-0.03129170986188547
21.4,-0.09330573006207858,9.767892215554195,0.48410371757439247,0.0016897507990042446,0.0036056025110085856,0.032303162302936735
21.425,-0.10236661875791192,9.571319632671724,0.17117408781083654,-0.02455296520277073,0.01764372232716377,0.05331425570326826
21.45,-0.17331469565441346,9.986207738933663,0.2702534983615202,-0.0884860607157776,0.04495587148456213,0.016654202354578696
21.475,-0.06965025703033233,10.05607411882379,0.5703018741008373,-0.11048622273982475,-0.003535549886334092,0.05530293028119826
21.5,0.03730062536378612,9.730531803104752,0.43513017480913685,-0.2800421947775421,-0.019225933195828344,0.11045527391178164
21.525,-0.04745823151560099,9.970547895531354,0.13358879981763522,-0.37791994847619087,0.02560352109572131,0.0976492480322003
21.55,0.004014716097731297,10.265895713815588,0.18676371728571728,-0.20460486481569926,0.03364762704904836,0.06850186178285653
21.575,0.05699478211866624,9.837184323266156,0.5273189583239213,-0.16671683961856737,0.04310782829624173,0.07941207126865929
21.6,-0.013005106290844488,9.535974188260983,0.642359398595251,-0.07076425339865393,0.07908998832404862,0.11909353796840931
21.625,-0.02199388958306074,9.817703590434192,0.7338122444233158,-0.02685067313488233,0.06506754577436612,0.11332696720597653
21.65,-0.024883072946208198,10.25695008285469,0.7796782945015952,-0.13266995700352868,0.01885911960209121,0.08351479522525258
21.675,0.07284112790475186,10.48773681184377,0.8314341654686788,-0.6734133993235407,-0.014053714372728347,0.03243967536587453
21.7,0.08330273787948927,10.3172387906863,0.9091799459852002,-1.3023074942289563,-5.179408006106131e-05,-0.013511016448460962
21.725,0.020863366703003306,10.054330059270884,1.1287152993969491,-1.6869951381882482,0.02616117052325071,-0.04458268574308469
21.75,0.06973922707747872,9.88321472436528,1.5902217782450772,-1.8073770134664082,0.04659093865340602,-0.015432132375067175
21.775,0.04974347391480581,9.927058872434323,2.4454191311061333,-2.0734094050614957,0.04874202506715775,-0.014920290174327382
21.8,-0.04294997520991741,10.164080424706382,3.1991555634204434,-2.688479591955894,0.011149964299312275,-0.05078112412889214
21.825,-0.08408792363279999,9.857915006070334,3.6217940520427763,-3.10580805024196,-0.055658982024715246,-0.07653020218322679
21.85,0.01609606883513911,9.00299748741835,3.747394959798728,-3.3915637267072722,-0.05664921379274126,-0.07824297388355146
21.875,0.02451028183200664,8.253958818921848,3.959162992930802,-3.2503302320602674,-0.01273726160963528,-0.05112998180847707
21.9,-0.05890020205157978,8.13965543937539,5.164478485171554,-3.0986034221875927,0.01119320461635648,-0.04049168598311762
21.925,-0.1878637002916732,7.688698275432553,6.148434418333355,-2.96228489682822,-0.04324198441383071,-0.055713112364828524
21.95,-0.19764684558731302,7.349796016598238,6.439937301509701,-3.242923157312053,-0.06103543994965833,-0.07453094748747595
21.975,-0.12093855510105497,6.793892759114357,6.812179188732896,-3.3611836294829565,-0.01580735423422525,-0.0749619015826732
22.0,-0.02620760481012312,6.916612171656261,7.841951361069743,-3.8094607892416428,-0.004587496356138723,-0.06558868442517908
22.025,-0.012852655205230584,5.5741477994432325,7.6891034680036885,-3.884370772293527,0.054110259931154765,-0.09788008729039915
22.05,-0.04920711359859781,4.175382440670847,7.2138597622323415,-2.967407757152267,0.17244462662108562,-0.008240011229838322
22.075,-0.18724019296207864,1.9495818163161978,8.827428415372609,-1.7179600160134294,0.16687340981024962,0.02802999934781366
22.1,-0.3605744348529869,3.116293592692654,9.730107424342352,-1.3967317733990905,0.09323662386225037,-0.024521741357438266
22.125,-0.21495821658089412,3.226139492045013,9.016439695854784,-1.8448945703187358,0.022829604861355685,-0.1634021763206413
22.15,-0.25129596924630554,3.673497701246758,9.025115708362598,-2.4449298822791987,0.054767715236683806,-0.19109565418391758
22.175,0.03596848073931992,3.0122218347702674,9.329823448008677,-3.128425556109556,0.09029167331388621,-0.11200766500911144
22.2,-0.1605324499888779,0.42771421368413104,8.717268619833574,-2.966539343799004,0.0567321228949053,-0.0546127625140416
22.225,-0.3826151682948258,-1.6970648940186577,8.71562837394282,-1.1651898321510579,-0.02747660643700115,-0.024576548404850997
22.25,-0.47429175383895694,-1.6948339900224716,9.0272696511099,0.4464826309710713,-0.13115276202646234,-0.03025956741231172
22.275,-0.29976537885029714,0.16965393851327681,9.576129164004403,0.7409971587640073,-0.2173507522761802,-0.03218329317592048
22.3,-0.15439783626861237,0.8621529724937027,9.83028572942017,0.10203076444404967,-0.14071037881933654,-0.03100830587893602
22.325,-0.1386398362271611,0.6133462859656179,10.094236194287367,0.03640271889426925,-0.04256441836581164,-0.10520064555070453
22.35,-0.18869357731055142,1.0390756923481106,10.026097639769626,-0.12283878163247702,-0.024360649379551735,-0.09291770263440206
22.375,-0.08584153486917506,1.229239384625848,9.504421493600438,-0.09420831806319654,-0.0001948592222351273,0.056851468051292264
22.4,-0.1647961168885034,1.0145760675767224,9.838330916457325,-0.4329812896715794,0.06839115288853098,0.11010135714383112
22.425,-0.13220290741051077,-0.02425159927064198,9.940647291502502,-0.5717689846797478,0.09572380477976813,0.0028690166913719123
22.45,-0.10661665531140113,0.1905038510653988,9.353424996854653,0.34647541081084204,0.059860475873172746,-0.07096399519260138
22.475,-0.13467289162723634,0.44790598775249213,9.026877865501906,1.0375990642885955,0.03143346139951424,-1.048220221645628e-05
22.5,-0.21788973241223233,1.3729329510190245,9.857849984112788,0.9184382006832805,-0.022024786107997654,0.06355944112840532
22.525,-0.3111451548145784,1.4302412373384148,10.259554921102236,0.08838951617263395,-0.06740218948990238,0.05118820091324729
22.55,-0.1578205799377853,1.1162604116563246,10.053593271650586,-0.2343315956437084,-0.06593465246461003,-0.012272736143364701
22.575,-0.1340691679783499,1.501781604224161,9.861016555477509,0.05029654324095825,-0.011185779278604095,-0.04128850020212369
22.6,-0.1796575381881284,1.2517680372889726,9.403572440077648,0.12733988427659515,-0.026259485968362938,0.062014779158686834
22.625,-0.19931203162365063,1.2957482984602835,9.660095167764878,-0.10988592787719904,-0.07620589101165216,0.12965592303742704
22.65,-0.2067669497165554,0.9399465597775402,9.837453479638228,-0.3777691756698842,-0.0880963364291052,0.10121434878744243
22.675,-0.11308703811539145,0.9302223704966867,9.669875965015208,-0.4196677496078815,-0.07026305345569434,0.06455209851072817
22.7,-0.10393035806154588,0.7603973755233076,9.659746480196954,-0.11229169847755249,-0.03074722179481739,0.052491535021627456
22.725,-0.027692618432003158,0.8839674660978303,9.731422382295097,0.02173064004614412,-0.05417485068746923,0.05762370825602368
22.75,-0.048029072994778516,1.156139673938728,9.826469671366523,0.1119757583418356,-0.06621901310456396,0.059245962387562086
22.775,-0.08259880338248565,0.9335714628463252,9.616691603692496,0.04953395842601972,-0.07669029686829665,0.04447767861413046
22.8,-0.11264208277236848,0.7978251958319289,9.598565886929903,0.07163963721556968,-0.07094766846966781,0.03477462227457935
22.825,-0.13536642649402406,0.7116199933753192,9.784645008504128,-0.035405486492357474,-0.07053459168417102,0.03093680180928151
22.85,0.040007237744283955,0.9648092909520474,9.893003314845783,-0.07685616557239956,-0.07882391796036743,0.00128996778454758
22.875,0.07039635189281047,1.0927188760037292,9.81875645683028,-0.02685293751885616,-0.06437081426621719,-0.014049858480161895
22.9,0.10837003646222,0.9294188383488059,9.702733856755453,0.15665439248657517,-0.018889773025183187,-0.022146917138037986
22.925,0.005692033477507755,0.4958809565143886,9.737696564410872,0.558631514900725,0.025311315275421107,-0.06524422942873413
22.95,-0.09487704447382887,1.2468479875868193,9.68478266910655,0.5161424704290303,-0.01607303374398842,-0.03224799445984656
22.975,-0.01633449830377135,1.3557220521068976,9.403674983567713,0.11614014310395968,-0.05297567266217745,0.013590395350452159
23.0,0.021905503958667145,1.8558138120014083,9.912871968035,-0.5884359750639369,-0.10737735119272544,0.06607867307526777
23.025,0.18499658212260006,0.5646237195811755,9.549603187964161,-0.677981402574613,-0.1326684525989293,0.0029493621286771745
23.05,0.21080059986907787,0.05536892871893265,9.296463303848693,0.5634926122285341,-0.12493466228476319,-0.07570933185318095
23.075,0.08167555201548099,0.2889238355599746,9.311630225793456,1.9423047009747136,-0.09222280236910492,-0.05907811246745748
23.1,0.10784708862241166,1.9272604686883514,10.013357023753464,2.3213838340788593,-0.08675605160378673,-0.07548827520520476
23.125,0.1874712447470369,3.6626349710501462,10.09301417534071,1.173420804682793,-0.09131954782807097,-0.07235321571335476
23.15,0.16457343434939856,3.7986762761912254,9.690757868074426,-0.5891542271538204,-0.08614468330886664,0.0011476560458916658
23.175,0.2524236636343009,3.2431245190400477,9.684220950618261,-1.839376484797757,0.0015800440443217083,0.027421516221103476
23.2,0.23575335514665113,1.05122243101223,9.400505595462398,-1.8067774975161814,0.06708599290088538,0.003885521157862281
23.225,0.19615229165634634,0.26110609515180505,9.697892458245427,-0.6461350047488621,0.09414732835922107,-0.05849149508269605
23.25,0.07137435521965854,0.49494944592363416,9.53439393814997,-0.057435812822201386,0.10645245250705597,-0.08858646186458764
23.275,0.1861784625084725,1.6790613467486417,9.823845008307268,-0.16328090166543038,0.11709496960847428,-0.09500551152282971
23.3,0.12466054711809192,1.5366548329014633,9.638142323098046,-0.45797232083081757,0.1379844767376491,-0.08779785474754996
23.325,0.033634424785199325,1.1095952378931435,9.613127501844092,-0.6132112945950432,0.1358313412440885,-0.06112400444099688
23.35,-0.032431964958502806,1.030932768113251,9.82730955499832,-1.0897058974627563,0.13921177548085195,-0.025784675707822904
23.375,0.12618175492948092,0.001633398494674615,9.438882556502984,-0.9818969349629296,0.12286306189941892,-0.03468915468995573
23.4,0.08859231572218107,-0.23231171231339381,9.627535774715874,-0.1138380319371614,0.13221171154803577,-0.09196864600619499
23.425,-0.1383617309083227,-4.539707410039506e-05,9.555249739437958,0.3797464982181766,0.1319737421798696,-0.12398171319623603
23.45,-0.23469270337429265,0.6276194999758057,9.653781567590547,0.48028007110490534,0.13127925010889088,-0.04342687021089998
23.475,-0.18461035795775177,0.8026716882578515,9.750827381458253,0.213452281570153,0.1730603912719571,0.024679860499873717
23.5,-0.06585927730755559,0.4386669630326272,9.765373780398182,0.1992411435326989,0.12035495951688423,-0.01879580872087292
23.525,-0.15467757527665738,0.8211114945523587,9.867479570099475,0.0037240327706835985,0.05032255615414116,-0.09789186865126327
23.55,-0.2813489050773359,0.6023333620871903,9.413833935376092,-0.06603745179196452,0.0129528717773786,-0.08228560189087002
23.575,-0.2849273107324295,0.7728943448844925,9.635683371593961,-0.20594032287023217,0.00743016538123291,-0.02326331204949236
23.6,-0.24597153575726372,0.5000425234260114,9.771226193365804,-0.43344312531223134,-0.008330146401799424,0.00713259766774259
23.625,-0.3021136697878909,0.4510239922802533,9.754486774385462,-0.4433261950149048,-0.04753250202936276,0.005400406136140991
23.65,-0.28758664834692915,-0.018833316815215773,9.315751802970349,-0.35210716165690936,-0.05441246733902144,0.015035268437742798
23.675,-0.18009533349088014,0.35293160540689833,9.728975480596285,0.04385330338784333,-0.08395439391097378,0.017171283877882127
23.7,-0.19647698283451154,0.16638229685651953,9.780139454417304,0.20024485384154553,-0.12416107488957742,0.00588976716371973
23.725,-0.159299779347102,0.5727420552710945,9.798671136912535,0.20700804319712166,-0.12181069790246482,0.023115560694325885
23.75,-0.09696717513105582,0.4949765712351562,9.789935909765978,0.13173660054134834,-0.11717815435670001,0.04057014137720749
23.775,0.017670260719082655,0.6613558669484471,10.061321537605137,0.3731168215112706,-0.1632666216448455,0.02549217438755482
23.8,0.07113299428049358,0.5914292251670732,9.678627279358007,0.4085690075775884,-0.17081316375929106,0.04948504697993283
23.825,-0.04171194820110287,1.0764346860323055,10.129293938759641,0.357841078236449,-0.13506039350273907,0.08025187576911084
23.85,0.045677257859740875,1.1957699296585118,10.325141503831892,-0.19023784347411432,-0.0886877475200304,0.08806409940572676
23.875,0.0932762245394902,1.3316987010790071,10.234213811459684,-0.6389655965833837,-0.08368244522167832,0.06823373273214287
23.9,0.13180155919164552,0.31444213749446753,9.513591923060424,-1.0463859838016627,-0.08464183051102706,0.07144572538066364
23.925,0.18961759391191854,-0.11027042221528968,9.784627917981783,-0.7034584134388061,-0.036343938731118,0.11605058928185899
23.95,0.12114859675774697,-0.7543424758631547,9.343840314622154,-0.3802870630092613,-0.12521594769913416,0.1813217193129324
23.975,0.2897641173197193,0.008958959390298699,9.52655858608572,-0.1677462600990952,-0.1546568367069011,0.14310632815002144
24.0,0.2681071411472979,0.21537433383227544,10.024698085354796,-0.14049883433989524,-0.04317183583562806,-0.011188679310457101
24.025,-0.1070961528232039,-0.02849601341554068,8.958537438856851,-0.23983647894463442,0.0011561000939461106,-0.0034766117144029228
24.05,0.2892182831628437,-0.9579032991583278,9.518285499520116,0.8125188576433658,0.0581836850683634,0.10571989070551187
24.075,0.29656928139130645,-0.19468150202274875,9.82752290042787,0.5986627176354453,-0.02211148686704772,0.17972187956915966
24.1,0.29480540934170135,0.636898778417315,9.91729130934558,0.5395303353719128,-0.10719678290230586,0.009532223762962212
24.125,0.20661521594066742,0.9709689663664923,9.445142555495178,-0.23059869405643096,-0.022788203127758054,-0.020305323358089957
24.15,0.07155181330829673,0.6513006863304948,9.462683607835134,-0.09909874189221642,0.002909692920857635,0.10997351011260023
24.175,0.25094012155106793,0.2628249216167783,9.995219817578555,-0.07858365441142177,0.018236597622551802,0.1962089372926202
24.2,0.3191295336419366,0.025752614590407133,9.921934365093797,0.11862620159808804,0.10116943405000645,0.06537865744576875
24.225,0.26265438528537943,0.16428537079503558,9.465386828810384,0.2310469779602266,0.07244957211933004,-0.05067963066334005
24.25,0.11769774727777962,0.053176028765632,9.298839391843234,0.1319445479535261,0.04966160192657605,-0.025309685605039607
24.275,0.0811571147116624,0.346632273000537,9.76170953950153,0.15952103312636892,0.019813882969635915,0.012491914223267876
24.3,0.23852530699781854,0.8338890179997043,10.292833474402231,-0.11807680022065578,0.04533088842547124,-0.015042985515143643
24.325,0.2503403203359437,0.7366118724375429,10.145631497631882,-0.2634519847224007,0.14884036506947143,-0.11182324202425206
24.35,0.1044840611612154,0.500128286266693,9.68640816329408,-0.09497823717398293,0.1373261442771719,-0.06803515231325649
24.375,-0.006565410331855599,0.2252129334520065,9.683606863794559,0.0005441371221505174,0.10980738351564769,0.03904579404032865
24.4,-0.0676558114602941,0.09251035436384965,10.072050975978433,-0.10564076269481207,0.10670707424895193,-0.01741317399232726
24.425,-0.1351425261703842,0.08924962419344755,9.901461245928836,-0.28663573964158734,0.06641845164790616,-0.08091827203923042
24.45,-0.10543990196756388,-0.1813381879295371,9.54279722599519,-0.19938470495261043,0.008764929282446954,-0.02823614836754797
24.475,0.017915473901918118,0.23333158210143212,9.929783650474864,-0.07666597350507383,-0.045241907950464594,-0.0028493859901753617
24.5,0.016563377593788585,0.5707576554336591,9.955255410075804,0.0021820883779063395,-0.025208325402129177,0.01690480995845191
24.525,0.05133970888255051,0.25358490310097925,9.641318247879598,-0.02373100518720132,0.006283106802252635,0.06614900718617409
24.55,0.06325569913874517,-0.07209994839865619,9.71668207534261,0.045450634572069104,-0.03407633388740014,0.06285505675592586
24.575,0.044177208098544946,-0.013907211972146873,9.579275247507079,0.019271524430272004,-0.05652841180726993,0.029655480685383165
24.6,0.06995014488134221,0.05014101946880735,9.5839319508341,-0.0498363235487103,-0.025248980947752953,-0.009677043207936574
24.625,-0.010832155868866856,0.19099524688957342,9.825132419973782,-0.0057375955219584355,0.01212652387915704,-0.048755554814140276
24.65,0.0636600399812685,0.28904654836590965,9.660974456535444,-0.0007384039753605685,0.015271232111031674,-0.04146789071534947
24.675,0.07184412256784603,0.27635739739343046,9.812709232733301,-0.015247469262140484,0.018168592465474365,-0.01997568972335096
24.7,0.01620282687212149,0.2384665739203087,9.810760527052684,0.02283675920182518,-0.023552748490597627,-0.004197432274200981
24.725,0.02788240601053838,0.09489456762298161,9.62529790653332,-0.008478937753926698,-0.04653503852356451,0.012655471274330457
24.75,0.004775833797841494,-0.10432718920179342,9.652158110911353,-0.06847195391569134,-0.03181272130914562,0.014272838781198132
24.775,0.052911667026623234,0.027285616444823968,9.681039342571319,0.004046439004397812,0.008192562678393094,-0.03048201274759081
24.8,0.12108840552302216,0.17588008692337198,9.48023393202371,0.02711586443615229,0.04441763424255662,-0.04071150718377635
24.825,0.1383027122272814,0.278943335222712,9.69747061522588,0.018871539676450593,0.050345166955471046,-0.007615373297869082
24.85,0.13473480126790852,0.3203769299735131,9.855603161978319,0.02780989621205085,0.00999111795810858,0.025160100489110136
24.875,0.09576285016932301,0.22686262047361022,9.738508172271986,0.001857048129592764,0.004754411027301011,0.05654175488988517
24.9,0.05743567992993512,0.10922461354831632,9.767487386099928,-0.03775072832849822,0.011905820722013929,0.0628385351325378
24.925,0.07877098070931718,0.07198962062401751,9.788691823951018,-0.005813486473607333,-0.012524227600401089,0.041270516037899704
24.95,0.11280250481709592,0.12549685032565083,9.655232269948474,0.005372647952269007,0.012268319341112836,0.023310223090426577
24.975,0.01898114317291539,0.057543173243573595,9.768332664060326,0.007245228861177774,0.005090110869777339,0.018354202218634597
25.0,0.04609902664972294,0.24137375661758437,9.889994461219949,0.031149770348595788,-0.04581292453539233,0.05177819644159297
25.025,0.08057238877879352,0.25597587763978014,9.751958725752024,0.060498810331621,-0.02039170361464829,0.07929633531349913
25.05,0.08567953469381631,0.133656841010548,9.905491663679685,0.04608052742915773,0.0029327152072582347,0.06060135733103475
25.075,0.07237114284385086,-0.12748362381655803,9.73889311233469,-0.003385292129641345,-0.04322774706677634,0.023371914036462615
25.1,0.04532274287720464,0.14948379912326093,9.690719934254771,-0.0022352288662400434,-0.04869635886967623,-0.00345041124378404
25.125,0.09315646430719132,0.3155416507982651,9.885007152334705,-0.01792536093664567,0.000649266877328481,-0.0029678469995910585
25.15,0.07379716009381228,0.24839889162763906,9.747903450516231,-0.023097987921711752,-0.002720780135256004,0.011292867856485988
25.175,0.09694171146915787,0.19773223434384773,9.527644530979881,-0.00643162342255501,0.004159531398319166,0.015451767300112915
25.2,0.040150370812791256,0.23601860834469443,9.731228901709365,-0.0076287270318592965,0.024915614599177988,0.019922796164660424
25.225,0.061358369986619664,0.18559532940857515,9.890246833991775,0.004449722267758891,0.02484342032468067,0.02105599319222568
25.25,0.055799319734799124,0.17087788224385797,9.838669602161715,-0.025425069712037292,0.07279629879998664,-0.007617514303308285
25.275,-0.02691209219798934,0.3243279838532091,9.817552020549128,-0.02322088875410177,0.08625012990011832,-0.01739379601128928
25.3,-0.026142226185281198,0.2532358121151894,9.561622334617825,-0.03954287772445552,0.046314039921094695,0.05605271962586656
25.325,0.021323062251417557,-0.03548886969262672,9.655473835818373,-0.056170572815527134,0.019703102082368355,0.07704638727355967
25.35,0.013584216338689697,-0.13972923854817154,9.850445230745423,-0.05902047206567672,-0.019412659944200203,0.008666095431941623
25.375,-0.0031410953026562508,0.003548342800078416,9.653782904723137,0.004054237471877519,-0.06725034715217745,-0.01908550168146599
25.4,0.09257746919310303,0.32254171429045764,9.670116427737847,0.005053064966963206,-0.060830924003100875,-0.0027076407384685618
25.425,0.03528508788464645,0.4099242445680365,9.874930445618203,-0.02202806067231207,-0.03665311378574808,0.003425993844994821
25.45,0.03989493609390818,0.21244670253998532,9.812360371724633,-0.05195255204078549,-0.06132094232477284,0.028704514816512032
25.475,0.16071299286665647,-0.005258625215881774,9.565797878527944,0.00646693052419233,-0.08051868346128238,0.04573659155705725
25.5,0.1363546499561952,0.06247670688439014,9.756828579950312,0.0007968427026151111,-0.07116571125407752,0.03506104318768272
25.525,0.1377193108164591,0.22300611576691737,9.97565084930506,-0.0074732740507353545,-0.06496510674093892,0.028313680846915976
25.55,0.19495664854015302,0.26272594941506,9.760343826578751,0.011326414615623339,-0.014147667592652945,0.03357421860062854
25.575,0.18111235376671508,0.05776298042630269,9.675083337021514,0.0016383067356960837,0.00960798679180341,0.032067967800412676
25.6,0.13048201477508067,0.20236301332334664,9.700766976576023,0.014777820412110418,-0.018559978452699355,0.06821062474939478
25.625,0.17994322602700952,0.15944945634103005,9.848524921938084,0.046955410806747415,0.017141909115223876,0.05472589091878718
25.65,0.12232461626837358,0.06652364091690069,9.717709345708634,0.036095289811658354,0.07002533451540488,-0.014687440329003527
25.675,0.12438509275749635,-0.05067457818089641,9.560359395197228,-0.07389194344775502,0.08315719789600208,-0.01773622534810952
25.7,0.11158351574815589,-0.04440821770614278,9.886314449107232,-0.02994711924069882,0.053579436968262645,-0.025608601413340332
25.725,0.12998627043366417,0.17320612262033436,10.048136994981586,0.024701202284152683,0.032913837684738795,-0.06987728071111554
25.75,0.08741933061295776,0.6328163421434756,9.85311353056207,0.00662635131829922,0.045952044349489636,-0.02046365757407535
25.775,0.07195840316791888,0.4914579236248028,9.683404630414085,-0.014204330853917743,0.00458776498652903,0.07064953796325081
25.8,0.05763200709681847,-0.002917295755458807,9.64358396498353,-0.043709166683413514,-0.04169158699588907,0.10959795588698627
25.825,-0.018409708970552847,-0.2902003911275623,9.730770556658811,-0.050034657529866695,-0.05339866464545514,0.06372249625486413
25.85,0.034183041892679844,-0.16003562260512513,9.803530742393443,-0.022602968987058304,-0.025824156128285508,-0.008346905308676648
25.875,0.1085494539014603,0.3217371333687103,9.687795907001002,0.02736577865681742,-0.018016064071128268,-0.024081934616867418
25.9,0.13136966152760304,0.16284010867815674,9.481828467483515,0.005055436332417028,-0.030287668708965747,0.022005570696185424
25.925,0.005431655011375748,-0.005677043576412938,9.723819204648658,0.02188482277366879,-0.05131304593534809,0.04915840866018716
25.95,0.07978637015066307,0.2041305754552723,9.885410642314183,0.03865890390343201,-0.04385549646629713,0.04086777616508891
25.975,0.17411318202372988,0.16954053166572391,9.667711975693322,0.04310488312924944,-0.026507173844532647,0.04203327860385711
26.0,0.10510630372397528,-0.08785366483976612,9.607272804267698,0.015689614877064245,-0.04461451660033529,0.033908816899558894
26.025,0.1862512476772103,0.12816664474320827,9.817121590739056,0.04409035750961447,-0.047683257280008856,-0.01221079177788503
26.05,0.22952779859902336,0.519727978779661,9.78495250023427,0.007159138098810677,-0.006867500145566387,0.001232536990440075
26.075,0.2238869488537849,0.2601734122020801,9.734220123098208,-0.019519737562265996,0.03405723231038216,0.02630167123695609
26.1,0.1295966379510201,-0.0738869329865079,9.921840069368164,0.017532414796217807,0.033984342637992306,0.0036036105334651103
26.125,0.14894705415406462,0.1993710107874646,9.900174164466927,-0.0050533451384384715,0.002134859666795908,-0.007548532249047382
26.15,0.22086605589680686,0.36266282380521453,9.64572660129584,-0.023189272095883225,0.03657131837267234,-0.007025415443070245
26.175,0.14294162506124702,0.07067204082151136,9.750782566335996,-0.02385846135331954,0.05673456668135974,0.0002521633012613228
26.2,0.09084795302139395,0.09411506105411561,9.916560770683786,0.0003665558780832504,0.011991093179744975,0.006050609485243296
26.225,0.19986417248387836,0.5159756673635766,9.933361625552553,-0.007275580783009253,0.017922792648349537,0.009948031410996556
26.25,0.1722239071087276,0.45039045090875274,9.823113441769031,-0.004560114191672545,0.07348970225574691,0.02106845342972698
26.275,0.06680670358354382,0.040465787711202295,9.685063635983928,-0.02574196482196958,0.028734306161161578,0.061353742261911884
26.3,0.052718267106840876,0.07436747406974387,9.656370430068781,-0.016711833182240152,-0.0025465023440337494,0.08212018884842393
26.325,0.20286067675543562,0.12263928823439577,9.687385920830122,-0.0375564837557511,0.011516333720212319,0.09269040044982384
26.35,0.13098220602170696,-0.034895834796957466,9.876560225352373,0.057773262619319005,0.03141258423110907,0.05692549904254398
26.375,0.015234656569237164,-0.1395257620879855,9.866218952131815,-0.00043869736346227015,0.0643455105467707,-0.0008077339281659864
26.4,0.07751683827994371,0.46053001007512495,10.03042068099326,-0.03366797524732484,0.145514225052894,-0.022450037750552706
26.425,0.06832760648052835,0.745890487424113,10.03479982681114,-0.1390742234237958,0.2540507963070377,0.04892846264525556
26.45,0.021700822294656377,0.4144639991931518,9.898693252824513,-0.5337103329573845,0.3631273848601026,0.10917508994354327
26.475,-0.19850048250088603,-1.1555483001625049,9.80054731746138,-0.44339867550420964,0.5517502653455555,0.0034043362380368316
26.5,-0.28732766317978115,-1.1598980064259103,9.837467732316322,0.7528632637556494,0.6430264249783124,-0.06414314882200736
26.525,-0.42061311625365827,-0.3507987554197466,9.774597560126676,1.5935755089334067,0.7607722889259502,-0.09011137942016104
26.55,-0.3947345590348881,1.3738002450344453,10.123250321925111,1.2427504969798606,0.8648252254184148,-0.1412933049025947
26.575,-0.6458900376406913,2.0172054958525623,10.548199336296207,-0.03471188033438615,0.9490372702621088,-0.2234677526760765
26.6,-0.9343981173837594,1.6794808336918783,10.112284277183287,-0.7709857133550975,0.9923134303830212,-0.20375183724769777
26.625,-1.2235537872027729,0.27615522272176146,9.270943006804337,-0.7746842481098141,0.9971063084932226,-0.10943927616971143
26.65,-1.7136046664120763,-0.04940362869827299,9.8598534393637,-0.07222729826672099,0.9943035569007522,-0.05357484924479595
26.675,-1.9321621434497083,-0.36918099807517696,10.19909615348787,0.17600693236130988,1.053898093911707,-0.08472252158093559
26.7,-2.1136994656787604,0.5552559976461918,10.329537251691445,0.13603836026057436,1.1533220731226987,-0.21779274201766816
26.725,-2.180289682785712,0.9681573592103457,9.804695305305568,-0.2236556456725648,1.2278738673753802,-0.3067522484488343
26.75,-2.488056915326251,0.9338736129670924,9.721795652749806,-0.01746433876744809,1.287535533599407,-0.21042359016827483
26.775,-2.9820934755814554,0.45523440000297133,9.561954416742658,0.013685174755821298,1.2693593583280611,-0.08295199793781363
26.8,-2.9839136230518073,0.18960259305429966,9.288521959623228,0.08671409864818662,1.2185845756163216,-0.059925321089021114
26.825,-3.1469145751512664,0.6273162483360699,9.543426485912075,-0.5773316198592129,1.285160043757179,-0.10460402084424024
26.85,-3.3206067860743445,-0.023535700393193776,9.319343403540884,-0.7942173363978282,1.460354777327401,-0.2592344999477808
26.875,-4.147673496247244,-0.006274021077235958,9.295014147737039,-0.905843960103473,1.5705260600342186,-0.2671858226561656
26.9,-4.121286470553671,-0.9238071898014009,8.353309947591343,-0.5960661764271362,1.6069111206213345,-0.15242354071802805
26.925,-4.225598392335215,-0.5878202880484751,8.452709510471221,0.326709976731051,1.7366938324063907,-0.1189719837692847
26.95,-4.997584874719058,-0.5827795705481277,8.879980513332056,0.7587026814152138,1.8985020520233638,-0.22167976756899116
26.975,-5.442708515204626,0.6130948288423,8.98748858505906,0.5650793059166734,2.0222443024523264,-0.3369288642827054
27.0,-5.444850128543386,0.9350205630469651,8.357075567138986,-0.4802222845343118,2.1903328996063065,-0.36044882502773345
27.025,-5.693476856175792,0.20188965585257806,7.198665973937973,-0.7520283618544844,2.334039794055833,-0.2909573056279305
27.05,-6.180190200572406,-0.16908138400947556,7.135624780215692,-0.7409582787272176,2.4494985387154924,-0.177204783008997
27.075,-6.9028425786653225,-1.661176729662747,6.217671574715817,-0.2473124796214687,2.518385471738445,-0.24654257635388072
27.1,-7.090306452215448,-1.2356335655680797,5.829850385526931,0.389489911400763,2.5165904722237933,-0.29389861261232686
27.125,-7.139315498911327,-0.7711384503643189,5.279724068348953,0.399449121321103,2.523532262618043,-0.34720594143196376
27.15,-7.130599513040923,-0.3123292010326651,4.978282840359098,-0.4013822380293682,2.547190046404101,-0.3469985017812149
27.175,-8.003446662710951,-1.205848597716271,3.9077611380620025,-1.1789015222474568,2.553427539168192,-0.31389515235839677
27.2,-8.750532047984366,-1.401567996218537,3.534492119365316,-1.1485612304774162,2.503340446991164,-0.3094544560662843
27.225,-8.296670357452044,-1.3554415598725535,2.699917412124458,-0.7526363925493326,2.4907008713109082,-0.3027870077354863
27.25,-8.595820546685678,-1.265603302500827,2.232922292401678,-0.20889422682295153,2.508516655283703,-0.3054863681448052
27.275,-9.412122903216744,-1.524907629489878,1.4031621744618104,-0.18615370557898525,2.4486074883737703,-0.24967465779912124
27.3,-8.852959557046974,-1.340307247894517,0.8697707706793021,-0.20686087704883127,2.3602125545548427,-0.13820059058227535
27.325,-8.70659633252646,-1.2575983555467267,0.7866076887705664,0.041717804418479956,2.249073414694337,-0.055357903849890755
27.35,-9.431670803551086,-2.409586784972421,0.517245995483114,0.16368997972902732,1.9976322232537533,0.018090218698971264
27.375,-8.946443034307329,-2.043676389898926,-2.0223624821860104,0.19493401836683824,1.9881130757615164,-0.12324134823361468
27.4,-9.101866683701711,-1.6237260662344386,-1.1819056287473435,-0.12073994195665894,1.9262464383195388,-0.09841115428950672
27.425,-9.17525045893146,-0.6281956088220235,-1.7708600401386305,-0.5056508821988592,1.8123261051402402,-0.018044107285259407
27.45,-8.945132588364226,-2.13979111660123,-2.2057662476309208,-0.44776124909568893,1.7433411926254612,0.11087318981838219
27.475,-9.28797215860227,-1.8341850767105623,-2.5193629205841512,0.041581872901147954,1.640842026715836,0.17179091131401872
27.5,-9.281413500216763,-2.166081614839174,-3.0324395616431894,-0.02585886790405605,1.5406143736497373,0.15925888571928168
27.525,-9.46166819279124,-1.8391747476076243,-3.1337608798429404,-0.054764113138099806,1.4093398897113947,0.09318884824629767
27.55,-9.372259255003081,-1.7745523593953532,-3.5423521727168046,-0.2229369332103339,1.2895343566061401,0.09235094830135461
27.575,-8.695465659239042,-1.521555976277451,-3.728185714713512,-0.008158005089331616,1.1827044800837838,0.16259337102018923
27.6,-8.811391969618898,-1.605025998876261,-3.9282462459311094,0.11625770808549293,1.0865933860636712,0.16576017215964173
27.625,-9.258633763373082,-1.6263590775586954,-4.496417157913998,0.06067957736204907,0.9644760209461813,0.06812027126328946
27.65,-9.115256564373334,-1.5939824567081322,-4.742344562776257,-0.19986074409225857,0.784877215512326,0.03591087132758348
27.675,-8.620628072691098,-1.6045083684684969,-4.821975925459367,-0.032678053306369303,0.6360870953499694,0.06830911443830151
27.7,-9.090898572138947,-1.0005350597538212,-4.816140586710219,-0.021300753887310293,0.51918151182978,0.10405669586324678
27.725,-8.805244328286793,-0.7787932721701206,-4.818271175698691,-0.22984508689499164,0.43993408138115186,0.1726436691065031
27.75,-8.272213470547374,-2.044134572698084,-5.181173923867926,0.009041379927079807,0.3050048332430079,0.27303638738896885
27.775,-8.801322328419245,-2.6218836855001357,-5.140952368714387,0.6513612707245346,0.18360532014859354,0.1929920070216694
27.8,-9.142217001922942,-1.726674637917841,-4.75322589798585,0.5138980642761968,0.1338892585896165,-0.015421531490121267
27.825,-8.764629067268691,-0.6693557697161043,-4.7989747280707284,-0.32384854878563796,0.07558145520932003,-0.02942753343176837
27.85,-8.984389547392933,-1.2400727678549903,-5.376385700273285,-0.5192316159537645,-0.015201383973746652,0.08218673355429738
27.875,-9.030695748458308,-1.118095425554869,-5.189885995969787,0.11302612636032282,-0.09025799903574339,0.10271648321980306
27.9,-9.087380366170565,-1.4339639654505294,-5.521253952145393,0.5234620760391308,-0.1680554991171867,0.036169049562802986
27.925,-10.044886734037071,-1.3346049993691333,-5.8406138131303456,0.5457081874666038,-0.3155997316931031,0.027903878908768345
27.95,-9.535052574782737,-1.1013038791893295,-5.388510696124639,0.4655741222415758,-0.4818073433670753,0.014420835292987712
27.975,-8.950906146818674,-0.5076636110586873,-5.072071607395691,0.10878411394047738,-0.6743479727201409,0.005078681267947695
28.0,-8.848531477568628,-1.5039554357742688,-5.5759046793916065,-0.161743613796541,-0.9759176088548432,0.17757528138814957
28.025,-9.549730898533102,-2.9312584365689554,-5.628532297659617,0.002339008144818717,-1.3173890352898534,0.2714673349778347
28.05,-9.49836697981948,-2.609096545293715,-4.82862803392655,0.35987110391489785,-1.593855478625766,0.1237245559446596
28.075,-8.352550270414987,-1.4160770531865063,-3.699804613656258,0.5160259722647332,-1.771319952108546,0.0976623695412662
28.1,-8.177112244576174,-0.8863428554585596,-2.94270785917087,0.7433733914423861,-1.855482612386941,0.20889558124138785
28.125,-9.298084618501605,-0.7903118087153848,-3.1630927926336407,0.44500516024357883,-1.9510964045310462,0.33239959545193487
28.15,-9.793306536388714,-0.3618940643754982,-2.1117199532137048,0.23816247364873763,-2.0314282913596746,0.3763478485205242
28.175,-8.792934612505276,-0.4814659575371005,-1.3969598560436824,0.14579567930308196,-2.0597065105500567,0.3317787066875469
28.2,-8.499097776862042,-0.38814377913244036,-1.324476180840358,0.12044270834973796,-2.095465754485795,0.2918618984736723
28.225,-9.209899421822655,-0.5371638438411501,-1.3168333878625431,-0.04294727087314781,-2.2122149211766233,0.31874390220371646
28.25,-9.45786981441039,-0.6858067233369266,-1.5049426433421382,-0.0025791884425263407,-2.227614499569356,0.3511310050256834
28.275,-9.76534757340643,-1.2871155340740459,2.425133671826651,-0.1926828786642666,-2.455376721695998,0.17901322530490424
28.3,-9.216695579788787,-0.7793155298455978,0.6426543526829556,0.2591327989168618,-2.628909329372519,0.16683545408467737
28.325,-8.691579709796903,-1.1724591890235523,1.5924479388372517,0.3274685932258424,-2.741311918968585,0.16842702257494174
28.35,-9.216994909579899,-1.7347540869880642,2.0168279265335074,-0.07469288831333827,-2.94204804773002,0.282194158132993
28.375,-8.81249942225286,-1.1265975142315954,3.1250724404157846,-0.05593779384604648,-3.0851958247147095,0.3545307355047803
28.4,-8.585772281014851,-0.4910917904683134,3.9812841677444566,0.3004798333775849,-3.1541311718849654,0.3902642440897604
28.425,-7.49971652345588,-0.21245107887576986,5.251334423591528,0.4736148806608482,-3.1894457412025337,0.4960427025354043
28.45,-6.538360871559557,-0.5641073682065109,5.454051711406675,0.31399105565254987,-3.1420786162580763,0.5050084493094456
28.475,-6.717852252087645,0.09933629781442059,6.334059329947462,0.0059052257470053535,-3.1214536100456844,0.3747898274761965
28.5,-6.222705877923359,-0.4860178219512725,6.8655777968291805,-0.504743435168462,-3.1603626929614865,0.3168753716219687
28.525,-4.938510056843855,-0.6017491951590994,6.588519125143259,-0.3151978913256491,-3.115996510412254,0.16759500219135515
28.55,-4.091962049716155,-0.15571781674907909,6.738966260844735,0.35516548574596746,-3.0518429373729594,0.02901063354384308
28.575,-4.619383492379868,0.6106480618744702,8.52216626243095,0.41613207979945005,-3.075924695849523,0.0762766794033641
28.6,-3.8411270370483734,0.4778104085438924,9.223309399804828,-0.3502743165181721,-3.1767045152185753,0.0733862613752877
28.625,-2.390979055632953,-0.019086921028662586,7.614466366925472,-1.0877792228604923,-3.307672949590793,0.03596822409250136
28.65,-1.408548357123508,-0.34009460680206605,8.116951529550844,-1.0199741741676305,-3.238882198227101,-0.02081722975421424
28.675,-1.1855396366988384,-1.8660988110378331,9.326502655464221,-0.5817645811293631,-3.125660933523607,-0.09739603727416199
28.7,-0.6839150256954999,-1.3597235425046348,8.790941369521445,-0.3873956442242978,-3.408874895864559,-0.21544714499252382
28.725,0.757312046981135,0.08997509355794783,7.778818104641507,-0.46125790371420783,-3.464942125656683,-0.20185261813491062
28.75,1.3432886031033264,-0.2491535607136599,9.81629510448644,-0.5046183564871618,-3.0897353026950993,-0.12225979658422606
28.775,2.098174137059055,-1.1198949276916543,9.832714421149078,-0.41891398586247885,-3.091985225725132,-0.2228816965125514
28.8,2.3640607014213475,-0.8887905035543698,8.19652518859381,-0.41274555574226307,-3.0227179390988677,-0.2838100878526066
28.825,3.37648539195833,-1.5839341752807135,8.895874749471567,-0.5265700535950713,-2.8285682547797197,-0.29368934958267545
28.85,4.299805650584564,-1.8081150542064435,8.311662023058089,-0.5307853375870663,-2.961697863294536,-0.3861583906859461
28.875,4.457702151521291,-1.7574848498180504,7.424793297822202,0.1553547043970989,-3.132276167072651,-0.3563226465499367
28.9,5.724598350903149,-1.488371328099177,8.110945909796294,0.5856409631572046,-3.172663816910201,-0.15831143693080715
28.925,6.480024254903481,-1.4445226051225006,7.674955104733167,0.7790104462318251,-3.298197957753466,-0.06443520201377813
28.95,6.76138900079449,-1.1308310857993207,7.550062103914856,0.605552819059651,-3.2522930620502777,0.03246882120651119
28.975,8.21067516763336,-0.7952147959840837,7.73320886366002,0.5522675123719725,-3.100698753621059,-0.13169754714604467
29.0,8.791589792919316,-0.3745469734281079,6.9750999057543055,1.1372397295805983,-3.0289151157346073,-0.1366243634417301
29.025,7.931392751000864,-0.05606824780924731,4.691746312313524,1.3890670310854758,-3.1371366561677827,0.20068080469691835
29.05,8.73697349349035,-0.14875995422584826,4.066361821209319,1.7117546314031375,-3.3515857810231076,0.33395097156863174
29.075,10.24450617193489,-0.2553249182679627,6.008053686878671,1.9788198728081883,-3.318181235381014,0.2581308255801996
29.1,10.742838006157758,-0.061298201720748506,5.189176804536166,1.8054217472792677,-3.034610287882363,0.1778259464521258
29.125,9.786685580996355,0.8076098834769765,3.046898160034946,1.4611113963534181,-3.0658144679199295,0.12167207329540108
29.15,9.981769078659955,1.9158141495843053,4.201733099088943,0.3598972296629015,-2.8670075435174045,0.3987724075061692
29.175,10.817187431251929,1.1132435135051342,2.431550818548326,-0.7235621068220991,-2.881817190749406,0.4396844987549212
29.2,11.150358274305315,0.5280696782396553,0.7635691265346554,-0.8127449462697878,-2.847255595395694,0.15476192202809513
29.225,10.195024052549286,0.9114466410430571,1.894745435841673,-0.9158938283658639,-2.6366394912265143,0.10354923081852266
29.25,9.742514657954242,0.5191290021916601,1.1956356827969241,-1.3298302351462177,-2.782300793030278,0.1139692807033563
29.275,9.844405294113917,0.23011346531904162,-0.6058080126119023,-2.0486154320331043,-2.9164528025433127,-0.05238669932409663
29.3,10.40711604609124,0.38139521027478307,-1.729794121208561,-2.492250850721789,-2.516441133951691,-0.38893397784000056
29.325,10.673448678375921,-1.0571260377156104,-1.6796851834980797,-2.3426238692541435,-2.4828832158124925,-0.897916561563691
29.35,9.842746264406307,0.7617731091754042,-2.3253811549004046,-1.557366850833843,-2.277273360522024,-0.9752596040309509
29.375,10.555900542936577,-1.504258508573672,-1.9153031260748243,-0.27197274934133886,-2.079484873669958,-0.6680391966894974
29.4,10.281780257675832,-0.04646368354232519,-3.116939173115855,0.9984242024560249,-1.9069270257374997,-0.2912859996892796
29.425,10.659143493579439,-0.5154062453508401,-3.0327413793987557,1.5953480674482414,-1.651818368319727,-0.1307492113158486
29.45,9.631309538814692,1.6887212339549842,-2.7507629020931077,1.090710281063114,-1.3478885843938946,0.02166869534250703
29.475,8.918706896246007,1.7409882801535994,-3.62048726997054,-0.04276728522479113,-1.2019866043694158,0.09589334314217494
29.5,9.38433258624828,1.7134170377709532,-3.991116933582864,-0.7892384148946691,-1.1177978070067047,0.09200553952100782
29.525,9.47872042397938,0.1294825265915361,-4.9619386456599415,-0.8226536864579616,-0.9802116274738353,0.10805487990933546
29.55,9.00538394631787,-0.4735419223005203,-5.07222152626897,0.15952168708813766,-0.8593811514130708,0.13686980533886559
29.575,8.522577162028345,-0.017708878420704517,-4.923608630760975,0.6595598209983015,-0.7599681245832416,0.16439811090191783
29.6,8.52386856770324,0.7005075990304821,-4.827888921907512,0.5190374057726592,-0.6703105855125888,0.21835832281724082
29.625,7.873058659312363,1.0450317212264133,-5.3213443777202745,0.015105805477106314,-0.7089848256897008,0.14108649899842446
29.65,6.972217978800123,0.3646122434941524,-5.127482765213305,-0.20683428286533362,-0.8449347542165327,0.06505182209308592
29.675,7.707340986895429,-0.3122505834908308,-5.580940921642106,-0.3316735614765466,-0.8383943300448753,0.17710215790912331
29.7,7.956198832930641,0.3393975648887848,-9.191546217386316,0.14716837490862064,-0.9599503370875633,0.06524046676894121
29.725,6.845683612633605,0.578841233022906,-5.70279371579336,0.41313362893156547,-0.8814796156500012,0.03533375368343199
29.75,6.86234766067825,0.45840909761291526,-6.008064995774552,0.1690880020991811,-0.8009417860522096,0.08748146518322499
29.775,7.9517937785058255,0.3411478831813788,-5.987019585955179,0.20385572930051163,-0.6440722304254743,0.07439910867820415
29.8,7.742597637041514,0.04926434796058478,-5.918681815553629,-0.11031797219544254,-0.3509892339012591,0.12855574481559665
29.825,7.772148811152314,0.0896514185481655,-6.228863643983385,-0.08928159259529096,-0.09064334549137547,0.12454303757649252
29.85,7.955881207049821,0.13227017074641775,-5.884014651404277,-0.008885975300351496,0.19816942277277366,0.21186734522541983
29.875,7.394402365114509,0.31972098549351013,-5.994827841208705,0.05440799098795744,0.4606239270293641,0.3565778278240269
29.9,7.905088584509629,0.22573990224151375,-6.453088054982167,0.30307318987892456,0.550123099464977,0.32866923135526455
29.925,8.422819410214725,-0.5636034133076635,-6.12061090783886,0.4163363399324069,0.6071840888774155,0.298754523781298
29.95,6.92638587769155,0.7518572356634214,-6.105039095009596,0.2803504892315626,0.6620589231500765,0.3522541814130594
29.975,7.922236539422114,0.316082846409379,-6.394616384393742,-0.001509048207297622,0.4641787167973008,0.19071937597926233
30.0,7.95653884537564,0.5749141905630153,-6.708800481731422,-0.14965939060509625,0.30034142346580595,0.05018929490682878
30.025,7.385679060873947,-0.3778356573738103,-6.154843553699073,0.12301264164966624,0.1586057550622235,-0.036068007562280985
30.05,8.12836028087147,-0.49882887447668944,-5.922069210370424,0.10325123245319343,0.11630581726971966,-0.049105924969591985
30.075,7.840277216567461,-0.7847585304116248,-6.154380034868855,-0.015548376378249738,0.1232499167708669,-0.12337273616149826
30.1,7.281064556016652,-0.562535178324284,-5.838505471010427,0.07441853886730701,0.060448776678046046,-0.2412877702930317
30.125,7.801678509799527,-0.17742947099939899,-5.571955793101479,0.18976173485841938,0.020375692877610596,-0.2481762432209824
30.15,8.101865746619072,0.7510466242048804,-5.595726817540064,0.15031417645205272,0.06274315217815912,-0.13050969014325925
30.175,7.862257756732526,0.537635795436656,-5.713393663711736,-0.02050784058110358,0.07940065986958371,-0.013580583859861165
30.2,7.664628332505464,0.03171633988368759,-5.846260522471429,-0.13855814886674353,0.06896710717036003,-0.03870566594406304
30.225,7.727521228127035,-0.5619888727580694,-5.33132883482797,0.022305019590623407,0.12709926343504757,-0.09300886569209567
30.25,8.398521893290237,-0.41271357122973007,-4.810143520585366,0.0035306248299228457,0.31204722172349797,-0.0060879618064193335
30.275,8.200528931848904,-0.36118386966601546,-4.796509574771862,-0.1535798138851696,0.5589188147022796,0.11241068559881476
30.3,7.981363848540844,-0.28481133542671283,-4.811623782539296,-0.12508242647120055,0.723364447604007,0.15231094037404683
30.325,8.018004511528586,-0.22141668733643743,-4.649387198827948,0.0011942252388213207,0.8541291630579976,0.26186534824585583
30.35,8.555013908946643,-0.4821200942392357,-4.7422263202637485,0.09430397081833496,1.004663356545134,0.32573482181731783
30.375,8.541756557089903,-0.3601259714514669,-4.40789522759364,0.374168319975796,1.1812117729258185,0.3112148735342432
30.4,8.441513729714126,-0.46205151484563106,-3.62022035046443,0.46042812038307757,1.365565221579032,0.3474731345979363
30.425,9.177115411885868,-0.07336962622778573,-3.3266212560081225,0.20664316068510022,1.5933215507850893,0.45489268539609445
30.45,9.373235795372892,-0.027921275601577727,-3.5214299251973054,-0.13778641188369994,1.760915845668912,0.5110418885290675
30.475,8.935021220726476,-0.6602585747566966,-2.9473973255283745,-0.27206744316358283,1.8617607452942284,0.47873007114020893
30.5,9.470125181880999,-0.9818557073025828,-2.5766421256066443,-0.3462202266633866,1.965305884485949,0.39610002041410536
30.525,10.089375246860685,-0.9820407313868073,-2.273205395440796,-0.06316377155567264,2.0882092475764575,0.3964690446643042
30.55,9.900962777432902,-0.9682708816347743,-1.696411706600557,0.2529837782632103,2.189879949767409,0.5379559149933772
30.575,10.508950875370518,-1.3239795152260094,-1.2740807765742868,0.3719586113717112,2.403830620540118,0.6122427290030787
30.6,10.68458139064872,-0.9347953486398829,-1.3690820085598496,0.408520386173504,2.5976460257712604,0.4538042701004776
30.625,9.39889765615931,-1.8626977283129529,0.313789909456615,0.156208951874784,2.4849145261952863,0.30898183062898255
30.65,10.286954072696618,-2.061758557712928,-0.6475818802722644,0.12257347427784396,2.470592015739159,0.3261864165019376
30.675,10.84737398183652,-1.1122943540703618,0.6537576091796667,0.16029737204950154,2.6036158953192485,0.21851631132703064
30.7,9.954487101566496,-1.6889146328561973,1.6465594702695874,0.4797023777449442,2.3280674506593053,0.0308985580008046
30.725,9.93030440767361,-0.5593254903612633,1.268008643864939,0.671877831713193,2.2751529359904366,0.19173149541865916
30.75,10.348267770506178,-1.6376974724680304,2.1690695010720504,0.5363052556854885,2.52160486321081,0.25303374503950093
30.775,9.817571822844062,-1.6971236496865378,4.6927234791835915,0.047331218842904456,2.516689360389432,0.23323566511036836
30.8,9.623518483024045,-1.8445113788676106,3.6402448036060093,-0.2820516067595915,2.4695591457513357,0.18855445679767024
30.825,10.202752220159882,-2.106855190140269,3.122782309014773,-0.2941926976717252,2.477824263400722,0.04720579287860416
30.85,8.814474955201755,-1.0235112926224061,5.163308135569336,-0.2175183173862435,2.427196656995474,0.06828795003845163
30.875,8.872534176553977,-1.4891956068297354,5.288511539621393,0.04364054067285479,2.394328214810442,0.2827695128535267
30.9,8.969058221225806,-1.6560880044391395,5.617035225809125,0.23104383626697894,2.3356824117257644,0.309787552642055
30.925,8.341599995891263,-1.7559713485492814,6.027633692316735,0.33180793954583915,2.230866379597159,0.22808945882572243
30.95,7.473934391574111,-1.1280499411096387,6.573118380488613,0.20836171497784461,2.2012847926998655,0.2520429574751094
30.975,7.341751029521832,-1.7941589921358898,7.057977060631047,0.09705094154460582,2.1829466179831605,0.2286946516103622
31.0,6.975727696596539,-1.9401885561027856,7.47510017010941,0.2025063392723491,2.176471188057806,0.14447531510522646
31.025,6.319844069323129,-1.610743090076065,7.421629487917088,0.37549544755925135,2.21938261544861,0.18560446776348322
31.05,6.581088632279676,-1.2233699674566416,8.70205024157298,0.33637176771547705,2.236050968097497,0.21468558537361254
31.075,5.890242117708384,-1.5827804487828352,8.673465450851815,0.08821556753979624,2.2519088371267975,0.1656875143481426
31.1,4.983087845704605,-1.2197631017701518,8.32972586523915,0.063370049850293,2.311362124087221,0.1614289006838018
31.125,4.614663435035077,-1.3098945427357467,8.678977737064164,-0.05526932988440764,2.219841949806272,0.21576738285574176
31.15,4.094423748506366,-1.389106586702477,9.013281783161608,-0.19977631400258683,2.075668973474864,0.24005707301044718
31.175,3.393100752004197,-1.4716606331992994,9.064123327052595,-0.16376640968094183,2.09643027959117,0.220694221126207
31.2,3.028722955140548,-1.4948880984000614,9.084975619064288,-0.027975837133043444,2.054829314654514,0.17492906634166544
31.225,2.28338541453704,-1.6185202547227409,8.812525058359933,0.10096990188511755,1.9620093000348284,0.1922710896394752
31.25,1.6934988314240773,-1.8960504332777763,8.487183098163397,0.25717983628055346,1.8900623055175092,0.21611257931815173
31.275,1.3582701456687127,-1.6264438956622458,8.977144427526948,0.34165191152106195,1.7297721428452726,0.090235880421693
31.3,0.7289044052182405,-0.877800137304415,8.665639238690403,0.0593658675696198,1.5736782116112282,0.05320350102006776
31.325,0.2727333098764226,-1.31876069432554,8.15254514885866,0.01687563602811929,1.4242943569942486,0.1097166561374627
31.35,-0.1365440217364559,-2.0607208056193853,8.414411362950258,0.3707427676244889,1.3112621731645564,0.12268879368099728
31.375,-0.4968838352214686,-2.5296068283534594,8.846595511572357,0.7375816950220219,1.1824636633240926,-0.011317977408016412
31.4,-0.8384251327054317,-2.0169045856931467,8.808306785855033,0.6871477886520522,1.0449796976872023,-0.24762126056976091
31.425,-1.10678678894433,-0.7941287607061344,8.608518097664117,0.51639441196476,0.82284131643344,-0.26096142900369934
31.45,-1.4048813086141818,-0.14758504114677734,8.817474939529017,0.1757660146704902,0.5979688629053767,-0.09628729683350715
31.475,-1.435262621646776,-0.630985140230283,9.199040032056454,-0.03537142833858489,0.40332299241786534,0.037476002526775395
31.5,-1.50618533316182,-1.0798932327118602,8.928436039663685,-0.23121786578348458,0.19878104868330126,0.09019707618264305
31.525,-1.3864838559571977,-1.686000327925896,8.440247413100925,-0.06540345492621029,0.02130415167245533,0.11032973267543159
31.55,-1.455616017978611,-1.8024434716513367,8.82441695297568,0.12727307529776527,-0.08555405041176739,0.11145195242969115
31.575,-1.3381369556067466,-1.637146457031266,9.236159731214618,0.3317094469035818,-0.1434906277691222,0.03769796298665327
31.6,-1.4111346599959456,-0.9953693228188024,9.475275697331364,0.644396285557204,-0.19263133515683278,-0.011954528755846686
31.625,-1.2772708827721742,-0.20333764436174717,9.349881865198823,0.6066805004803328,-0.29551221595928756,0.06035736344278369
31.65,-1.0344702867413758,0.23632627472711776,9.561167209902397,0.2288292445898658,-0.27827321843430763,0.16803874807508956
31.675,-1.1423725321745046,-0.5280815704883555,9.833286638803617,-0.20994588830028477,-0.22312438142171306,0.17017833083557454
31.7,-0.9224785912437463,-1.1462619852331093,9.593991853536693,-0.29447498516037146,-0.2750101158293141,0.04837225931612217
31.725,-0.7925338934095743,-1.2743138338511515,9.102669270340796,0.20998401081306517,-0.2979171756229851,0.00287506429179799
31.75,-0.7708771704536982,-0.48800045072125703,9.523760374885445,0.5780129984615088,-0.2804917066298138,0.06804505961809616
31.775,-0.7744431155930837,-0.2791173209114998,9.78692663488118,0.15803225299125728,-0.26981662928414635,0.13019283244959676
31.8,-0.6521691394938336,-0.3681752082158847,9.577246032338266,-0.08734160379209908,-0.2487858526268767,0.1323472426828076
31.825,-0.6291715100430145,-0.7151332700041669,9.832291918521051,0.006306783029041102,-0.22421256027777267,0.0973433640702372
31.85,-0.4571249140026868,-0.5087989090820098,10.061900723271174,0.1389284229091023,-0.1539522566566383,0.03404824509895019
31.875,-0.4821038574053228,-0.2683384518795782,9.788423084553699,-0.00021855240644719375,-0.11820803434574595,-0.0021758926813112904
31.9,-0.5144219445897644,-0.2597130472692656,9.834938758407224,-0.09824288133807152,-0.17333589064245764,0.0481239467581325
31.925,-0.4477616676886734,-0.33392771574888563,9.463790495779024,-0.07046663946924904,-0.247855423430849,0.1490508424928401
31.95,-0.34713037261748403,-0.5358257973054841,9.618208502313433,0.10597268990471903,-0.23344175951025897,0.19367053216509905
31.975,-0.4365417032010284,-1.0079080679595716,9.919047930002623,0.05293864208984006,-0.2597190702890154,0.14287221792529595
32.0,-0.32467102511226487,-0.8433392277134648,9.545382621073616,0.03818261703499927,-0.319428308021869,0.0830159034802644
32.025,-0.14840063177187385,-0.4998384182531251,9.343295949747388,0.28233755127761456,-0.2559195804145591,0.10017063433460112
32.05,-0.15732132510772737,0.12476507020397125,9.881898069260142,0.34798085053761685,-0.11596030796905654,0.11061070333759894
32.075,-0.05412545582376423,0.29373653503987823,10.180136832703017,0.14274426271305213,-5.6241033805269516e-05,0.06407797228731003
32.1,-0.05922519500149226,0.04032057718983999,9.822271858423239,-0.11295644851698204,0.035168738348462604,0.05611538018589701
32.125,-0.1924804115272675,-0.6491494058891706,9.764021412212953,-0.11719290835945712,0.00640876347190043,0.09442683515830191
32.15,-0.1745277454231266,-0.62367772031702,9.661189905743063,0.04751290055253058,0.006795861688423612,0.07441880877840734
32.175,-0.1536736014234954,-0.46703893865305607,9.721023578585969,0.08284715110649336,-0.0022789575041134947,0.014227004366074401
32.2,-0.22577958881430074,-0.2297630728195122,9.93360051271886,0.06937829436394541,-0.040774829270341054,-0.0027414060487783738
32.225,-0.243196161722118,-0.3180801833453927,9.791305423729442,0.06500289890077106,-0.04583992312608783,-0.014608824671769207
32.25,-0.16556412132680348,-0.12109684812213448,9.84473819187205,0.05985851812479691,-0.021515957288534802,-0.011161482019037891
32.275,-0.14231731267357428,-0.17369889520481493,9.874009119055037,0.008922987478038845,-0.007052732529503994,-0.011502435539225515
32.3,-0.0922344173612189,-0.16318983080013738,9.926336317264667,-0.0032703525128537315,0.0076762686654986,-0.03664320089480115
32.325,-0.1472963012873854,-0.24002004981209993,9.749266141737914,-0.0015505318950927356,0.02380059041307479,-0.03735812901941628
32.35,-0.1481888373188391,-0.32298114895033897,9.593810783248065,-0.05152651085318364,0.003169027798343157,-0.002786852007207664
32.375,-0.11901249923904178,-0.3968072489849329,9.783390053929052,-0.044909581995688154,0.010457191828021756,-0.024879470855396362
32.4,-0.1014559750525412,-0.18293098832005444,9.925903232377566,0.042199531024477224,-0.00456648087201882,-0.04212567149327913
32.425,-0.10881467762010456,-0.19207388682941873,9.619562752648932,0.04732984122172783,0.01069305223119194,-0.019045983957439276
32.45,-0.21295075975857147,-0.2592028855937776,9.695790436719387,0.012402526100226477,0.0301561312592419,-0.004427952552656185
32.475,-0.23704254205153133,-0.32675966052655914,10.116604266097212,-0.009126981531170456,0.00882712737097772,-0.01526750144935999
32.5,-0.16553904492129717,-0.2715186013020399,9.809203641875499,-0.04767917384954879,-0.05683917921548525,0.010629808753427866
32.525,-0.07426377521615592,-0.09736008220929901,9.655388544174793,0.025681660613977645,-0.06821856244883431,0.037427533508407426
32.55,-0.0731174301724292,-0.19450028017277127,9.900346582927675,-0.005327172093628748,-0.0322128975180538,0.02411255202122385
32.575,-0.12764850827160107,-0.3334262510112387,9.791803734149273,-0.03176015116110781,-0.02834716260726009,0.006152711787589114
32.6,-0.14407114589269926,-0.3197449574591435,9.607227917254676,-0.029842042375264503,-0.012930906022045215,0.006201050017694805
32.625,-0.10473301273366235,-0.18281398572721064,9.839852890533793,0.025985302588994928,-0.022499007134255143,0.014494980349455795
32.65,-0.09584110571594685,-0.2680000122757278,9.583116861937372,0.00870173323718214,-0.023721322920076116,0.02364047462701185
32.675,-0.10572836747689425,-0.3490708316286516,9.54110114010237,-0.00040920059105417384,0.033361934323760174,0.017914403005777044
32.7,-0.14691740688574917,-0.42572779361634133,9.976986719069366,-0.03391462148019511,0.036949472020781665,-0.011601002553252087
32.725,-0.10144046777431137,-0.23672954486669173,9.673425163098226,-0.017336448334034346,0.026390407513142113,-0.021185586313615442
32.75,-0.0563700507039484,-0.187404491265118,9.498093849827304,0.013437243185368595,0.1209128951867288,0.010578627469591578
32.775,-0.11304624410600667,-0.2807277710628022,9.927578446225427,-0.001535901695827289,0.20992283077981125,0.025920294102719378
32.8,-0.08096930916388165,-0.3521176999416609,10.207016717584933,0.02989199779077074,0.2526123962134889,-0.00048016284302387045
32.825,-0.16573393449421792,-0.7276482782216633,10.038055730625535,0.095718200349482,0.38933775226264367,0.030181075095640206
32.85,-0.2813508094121151,-1.1074551999983397,10.349982863428604,0.19736241337284643,0.6729463777465909,0.08027113267164097
32.875,-0.4347168020559371,-0.9938004489569826,11.081975401840781,0.36575257088955865,0.9912816469275628,-0.010696521502658667
32.9,-0.4344689800968205,-0.08167978395053686,11.5436209577064,0.5272255543091426,1.309226639917961,-0.22905346329960374
32.925,-0.44635125159946676,1.4122268468449146,10.937957753498551,0.8776653406232606,1.6236365992006554,-0.3490267489259035
32.95,-1.1384129050634746,1.6509543644762579,10.835654651154389,0.7751386506250478,1.8655276548339934,-0.28956974045255507
32.975,-1.7373174170389851,1.3227179294077156,10.202979044313988,0.5257979028879509,1.9527261311281345,-0.14633326907432878
33.0,-1.9953504302921268,0.96196380465532,9.661732936900144,0.6147447275940389,2.1188545894732735,-0.1919333022494493
33.025,-2.6277432715433466,0.8204221326130914,9.683009607755805,0.8385167301031539,2.2626302691423175,-0.3961438724037997
33.05,-3.6235555544142066,1.262499788672364,10.206079409233261,0.3497315074823868,2.2158768508201603,-0.5101555562908495
33.075,-3.7650769831076834,1.5196985494065873,9.493469554865294,-0.37868047695960333,2.1604945148395402,-0.5397272878027453
33.1,-3.7645772714146055,1.6558326997185564,8.85012813461858,-1.1383789570573177,2.179942345043524,-0.46487744723124
33.125,-3.8585593577217914,1.1325946714058956,8.443215554464281,-1.5156278138765995,2.3615660342663447,-0.4042458375161962
33.15,-4.99523153012651,0.12763019591574065,8.398632058128364,-1.4371209183526485,2.5246483863665388,-0.35273723979057514
33.175,-5.7152904130003765,-0.7337826817154279,7.609794320764951,-1.1898372553115892,2.569596867756309,-0.24925221160413086
33.2,-6.3605431928075635,-1.4530792798487009,7.1346974209181955,-0.7405977322223677,2.5523489902905525,-0.2028937005032019
33.225,-5.900491337583041,-1.8328349017830068,6.162309852532131,-0.12725041152456554,2.508308846550315,-0.21088480100105558
33.25,-5.633381739778531,-1.0017695698863547,5.671856150035942,0.3433643065292709,2.6039061256130824,-0.4013700195559437
33.275,-6.803604826943965,-0.5122971744563808,5.0901526334185485,0.12220581648018099,2.6391491184001215,-0.4452403847768914
33.3,-8.220326116374306,-0.6997223251413305,4.4757297406951775,-0.7783429076053525,2.426954407601772,-0.1764380431759996
33.325,-8.084811306403223,-2.0451036100380464,3.77304446179063,-0.745443054179798,2.2178290671289895,0.12374937077355253
33.35,-7.995169328115036,-1.6280703276773625,3.2686519027683403,0.1901309397349292,2.1674030157921855,0.20032253956670043
33.375,-7.946142938785492,-1.3018207532778738,3.3124608532517787,1.0039847668613782,2.1647568726216027,0.11201274594813895
33.4,-8.458494211957193,-0.49040451703315974,2.7517990791251683,0.7460113428590388,2.1319081457486826,0.04262557705260396
33.425,-8.969613451421285,-0.8984233737695301,1.7935338092717759,0.023968587236597793,1.9451274929504674,0.1402636369238685
33.45,-8.53906044201138,-1.037913985641796,1.1103388681923094,-0.4466477001239946,1.7055474737330745,0.3022699097275042
33.475,-8.740817530843113,-0.7555446106287503,1.8372976047784284,-0.05147818222771403,1.645824484454391,0.22277224484205305
33.5,-9.361377316202779,-0.5184306455138458,1.3462433883177072,0.03253285697214457,1.624659324959785,0.06679735819959477
33.525,-9.959700663342357,-0.4710968142650905,0.9607625023246316,-0.2902792352408812,1.4157604690437122,-0.021174720637982196
33.55,-10.531972869800384,-0.5128837696003161,-0.11618817258321834,-0.5437845461869887,1.1262991626619603,0.07862017970710893
33.575,-9.500137497802442,-0.9937812282859004,-0.4333318136492389,0.1293374463812744,0.9979341312612523,0.26046100701337294
33.6,-9.507847409812795,-0.516338443484346,-0.25037733464768797,0.29026147897724003,0.8479131850999769,0.19208900436661508
33.625,-10.185392875918803,-0.5121970770905457,-0.11386345336601147,0.017787176662075938,0.7625262940833782,0.051247255047089546
33.65,-10.745147549273993,-0.4745074302341059,-0.3841580760074154,-0.34545913525900024,0.65242624447555,-0.057673466053580834
33.675,-10.640664296778917,-0.5877813497279062,-0.8016126499703347,-0.3282995177935653,0.3914730256196142,-0.05631471546352114
33.7,-9.927469917045046,-0.5025070455508919,-1.3918517430801887,-0.004416665602792772,0.26258050282942763,-0.02389352679698046
33.725,-10.182080658342736,-0.4049012881511101,-0.5780137622957728,0.05463219394808374,0.10990111092510826,0.08652004360751334
33.75,-10.374965155542792,-0.18706595701424986,-0.5187951770258109,-0.03604781289857194,-0.00549538461052327,0.1979961575036545
33.775,-10.155499295663908,-0.5016004379192512,-0.41980411980121696,-0.2502304514383898,-0.050198426915540335,0.1853103200934714
33.8,-9.653024141451446,-0.8560277317442347,-0.5219801933314819,-0.28032553443547364,-0.10461782476239992,0.17011655998006148
33.825,-9.16905764986753,-1.1651898866609807,-0.5331353168264904,0.14176440800983903,-0.14028959078819703,0.17500889634558614
33.85,-9.78728789764996,-0.9629163791168499,-0.536950490566972,0.4815657386575947,-0.11941382584535491,0.13383230539798835
33.875,-10.440016928763695,-0.1663068299074257,-0.4587392589778871,0.3958030369738243,-0.03958768739401173,0.03627701706441012
33.9,-10.285786328778885,0.00869324112684574,1.1317640850623965,-0.04533544023346585,-0.04429689228834377,-0.01407263633555267
33.925,-9.606967414669402,-0.14798161598063034,-0.10242683170963013,-0.11612100618687787,-0.07426028948753977,-0.07850248077846878
33.95,-9.576947696292851,-0.10871062567692388,0.08785670858263689,-0.008237312569519378,-0.01843377471294589,0.004853248032441228
33.975,-9.915165512366283,-0.42146388158969095,-0.014185286696184365,0.09564122781040009,-0.007981660138370473,0.01784401942822025
34.0,-10.21125385192822,-0.6935180060284701,-0.11547300607668645,0.03511670993769966,0.03773698680394328,-0.035055010912998966
34.025,-10.260774237625345,-0.615300625095893,-0.16110771366264565,-0.05872537926987659,0.050459517901690995,-0.07773874221222052
34.05,-9.626910858594956,-0.33651746517276343,-0.004646696596256557,-0.1440405440248546,0.06011560149713292,-0.10786432252910053
34.075,-9.725012873504266,-0.6581458998812043,-0.2390346686505658,-0.10333693939117404,0.07518188840588128,-0.11561879418152758
34.1,-9.605629789963315,-0.618253571626735,-0.34320254079784746,0.027840717410636494,0.044859813353452446,-0.09660233072216472
34.125,-9.542302412408416,-0.40234157869998355,-0.06285628248427987,0.08751182776129598,0.0485276760123368,-0.07907917969174273
34.15,-9.914200678920572,-0.27959249425530186,-0.15947976150592297,0.0030865856323335416,0.049310631159259724,-0.03980307813234695
34.175,-9.922678551948742,-0.6258089341387677,-0.22423372517871018,-0.05648779502632345,0.02654768935905261,0.013686310560531373
34.2,-9.491311971622304,-0.5757974720093758,-0.11544556812953966,0.09618511584142939,0.02543649137521653,0.01663289217452415
34.225,-9.758727005079688,-0.48342864603509594,-0.021281891952794278,0.09120856570367213,0.0564331845626272,0.020168169981418217
34.25,-9.715909193865736,-0.6290963533204346,-0.15906807433360926,-0.10862333944631054,0.06354939954103685,0.020196427889734823
34.275,-9.525966403728562,-0.92288459404431,-0.26655109223074364,-0.06789738982047105,0.05182304201187912,-0.0030494234212399655
34.3,-9.82598789516828,-0.9626667584856419,-0.2431861239095735,-0.01504088168625873,0.03119922968382075,-0.02967017523096493
34.325,-10.329504371985587,-0.718189098107473,-0.06509949892469333,-0.014499375594683802,0.020220365428524394,-0.07964095845292937
34.35,-10.253050682758657,-0.5414751059262841,-0.28088352031640607,-0.037790318911657246,-0.006353655065106171,-0.10461209537557735
34.375,-9.625959307292856,-0.5280755790616667,-0.3211046262337447,0.022613902812792155,-0.061400157735491206,-0.0570518125797103
34.4,-9.491795478885384,-0.5087210441506221,-0.3740330077924822,0.09300267064725977,-0.10561638400644695,0.0014441730782907046
34.425,-10.138138887043244,-0.5664785244488045,-0.5285119188304833,0.014814462899896763,-0.17336467662532584,0.004624708486356629
34.45,-10.364263867096955,-0.7688915995647694,-0.4854821652545214,-0.06129564537179926,-0.24134056382054236,-0.07257642228187697
34.475,-10.253187932059445,-0.7687253518196115,-0.771365031819186,-0.09110161763892191,-0.3860739052528331,-0.18346816896780252
34.5,-10.26945593085211,-0.49721866874082926,-0.5921326426680074,-0.1109559517600119,-0.5557151641891898,-0.2633355136156377
34.525,-10.090736499353094,-0.42021541119545597,-0.8764923295244054,-0.14520865308642036,-0.7941110330768182,-0.2665533604355725
34.55,-10.399843045546328,-0.6668404781823651,-1.196998726535748,-0.31874394778344406,-1.1318059627408563,-0.12417670278545956
34.575,-10.536711357464778,-1.3969898785267973,-0.9870317744426632,-0.2261259715736184,-1.5058441884354807,0.024825030956176206
34.6,-9.793484725012073,-1.307477813264317,-0.4101911081651758,0.4162171882626786,-1.7416712498864269,0.03445986151685845
34.625,-9.155630295014628,-0.7019537762028604,1.3938425043106097,0.7766187019359435,-1.9013750431699898,-0.04547934825444519
34.65,-9.234764349318803,-0.6953310069920412,1.3844443811807317,0.5421127669067817,-2.127627357800483,-0.15051814124752488
34.675,-9.600455494934696,-1.00156487048059,1.7612583417302474,-0.07953088503576622,-2.3479275317727017,-0.10547401834184214
34.7,-9.39211707454935,-1.3935359130756133,2.473378458125865,-0.1794494848022067,-2.600775465995953,-0.14058572780960127
34.725,-8.21558096575493,-1.1324569240841742,3.161525220766725,-0.03400552831468031,-2.711124587593,-0.22715783200613046
34.75,-7.89473394885517,-0.9070230201561956,3.5833449060960323,0.3405954002730126,-2.78445824125831,-0.2484881345669131
34.775,-8.035431999872463,-0.5468115713331002,4.319145963368786,0.35302894851262884,-2.926999956229658,-0.17957791650601931
34.8,-7.426766441386428,-0.7925485464009787,5.440076883475093,0.1800563253859496,-3.0609632252647336,-0.06247914073055715
34.825,-6.813452419198662,-0.867559512015642,5.992781629236718,-0.14684893591039905,-3.1691204518922858,0.05547466217126665
34.85,-5.500355080922813,-0.8796215147131073,5.76599213622655,0.06670169429031485,-3.2323211950422897,0.03318242616486214
34.875,-4.491038266140312,-0.7261664586586,6.813882063531231,0.46790728996197994,-3.2301638938121453,0.023056997870374588
34.9,-3.6527681432134713,-0.6599111649399033,7.383809782184632,0.6138347262052586,-3.0455672407676513,0.12503442504538492
34.925,-3.4030231546314966,-0.6693198120039832,7.267887301208711,0.6446698733782427,-2.8021357438626486,0.17020682956861397
34.95,-2.890995479897707,-1.1363640853910544,8.364602956138944,0.3636182323248816,-2.5514069683546117,0.136734181832692
34.975,-2.509084427463899,-1.7969777101361815,9.215137814074236,0.13995475925492043,-2.2110486973863512,-0.10354361389296166
35.0,-2.8610062220393995,-1.2362785463688892,8.978425410207397,0.3561470330671656,-2.097638373747808,-0.5178780736149259
35.025,-2.0275419563516186,0.06214353737930456,8.620439223376778,0.43345523411624887,-2.0421995021723096,-0.45580599648688136
35.05,-1.7970158038584159,0.5074550033168768,8.490493181043004,0.334599588935348,-1.860217771424018,0.06055081798420142
35.075,-1.6249819460066763,-0.7824628467328769,8.780274829588368,0.530935678392929,-1.900755675859106,0.47325283433681925
35.1,-0.9390339167957117,-1.1959159090462477,9.449025920259846,1.341786228681862,-2.0134073311932186,0.4873574232574145
35.125,-0.35099581017906484,-0.7327440981741609,10.420717617339829,1.7866213726017928,-1.8160608861501641,0.40643059246809377
35.15,-0.01158876351656419,0.31118465611219864,10.334935516223288,2.06169302214892,-1.4998450849941134,0.3181829126421666
35.175,-0.07479779880966397,2.848208656029649,10.895590349996414,1.2517362976847535,-1.263031445151634,0.43648053431240325
35.2,0.41054750682076785,3.239821828092879,10.680800140435837,0.27107155658582144,-0.9622825913289099,0.5111238677634392
35.225,0.6973581854904494,2.4352792838541144,11.141185844002804,-0.1427439308018442,-0.6935633046734198,0.45893090589621804
35.25,0.6595037934841015,1.6137210010672054,11.528005758607849,-0.29177854227430183,-0.43894593902992424,0.45981260653707773
35.275,0.580890846725278,1.8104292307612886,11.307536546041755,-0.4122447396359491,-0.258279305169383,0.37153247266922623
35.3,0.618801553866867,2.100386581788374,11.05083673263438,-0.7428110322461505,-0.08367849953514546,0.2626869797362535
35.325,0.7314519094398955,1.5073425986938556,10.814807278822661,-0.7417578921135771,0.02625520357284877,0.2635373042769678
35.35,0.695190422799255,1.1338294130677542,10.774132655246623,-0.3308942056780822,0.10575049348012447,0.2633242169861731
35.375,0.4595057696867247,1.2090493127688702,10.898968539883935,0.006141215808941824,0.17460284443459065,0.2392151649702379
35.4,0.29235839836969413,1.1361801177295496,10.594760677291383,-0.006480697547362482,0.2391460191412347,0.18648184822443126
35.425,0.10647315263009924,1.2381123524081332,10.144197405735921,-0.24289749517377804,0.2326843353590881,0.1267939120415641
35.45,0.08261598411134441,0.9434512287670425,9.825372746943918,-0.5499579613617673,0.17704841400122048,0.075792023752248
35.475,0.14045122401298865,0.8043354999678309,9.824541488149396,-0.6519337007728467,0.17894931726148852,0.058798379282660546
35.5,0.022965887046516552,0.10172666546449904,9.168829432796787,-0.3007162584244149,0.1349231884545984,0.04883970334129201
35.525,-0.017560312937615168,0.17605503456054633,9.143020558618165,0.3439991327570626,0.03766866940265644,0.05213412646071842
35.55,0.06099678357190625,0.4910660315815139,9.789125322629273,0.479064756527874,0.07955069646156358,0.1102070415144559
35.575,0.06340429161794015,0.9908458025562982,9.855066239595905,0.09991691760426907,0.1314821285200614,0.10519271893670097
35.6,0.01800479850281351,0.5692209565542681,9.52566653507167,-0.125225821986272,0.16943140716132787,0.028435546156085054
35.625,-0.06633718597010801,0.4763346379525279,9.668543223736355,-0.1928299096333161,0.19306277359270585,-0.04185713694818066
35.65,-0.14332415539678872,0.5332033569382084,9.470579912253083,0.007726193327341077,0.14683127418688222,-0.028930432460043936
35.675,-0.1468026467648369,0.39618495857087843,9.358089549911885,-0.0476811752775476,0.1507755151203244,0.03833215143130651
35.7,-0.12702807152102347,0.30759956251356,9.644551792752534,-0.009965319659654965,0.15505655277528452,0.02337411584480352
35.725,-0.1346550930519286,0.487656899242887,9.956075071647561,0.02528345108658455,0.07054104210830767,-0.06294797283810062
35.75,-0.10212942017771878,0.6115765893053566,9.841786860086168,-0.005438166245359158,0.03470417833745554,-0.05960593445127689
35.775,-0.1762819563043441,0.6658894017764588,9.776871846125852,0.016580332182504244,0.011227284907460597,-0.001994626612807916
35.8,-0.0698051255673718,0.5578415646586478,9.839017542271064,0.06950926175759696,-0.04974753570915641,0.029933083950372977
35.825,-0.12265742573102939,0.6735934141176798,10.147052296331745,0.01625728418492267,-0.05476001918087271,0.01494685827326651
35.85,-0.13493848584087748,0.4692727438117901,9.779196138457053,-0.06316609660364382,-0.040905886149597344,-0.005850201977309619
35.875,-0.13572915394509666,0.5393354629478418,9.424662185013645,-0.005562524604971981,-0.0465778748909397,-0.02458077526570408
35.9,-0.16281053286758776,0.4605308873557219,9.514041342082855,0.006874120550497369,-0.07000496057043246,-0.00766249882149598
35.925,-0.06512024471621172,0.5848427027047147,9.564185979279062,-0.01520835228986039,-0.11718906220775374,0.024386890422821855
35.95,-0.06549343145943158,0.6416210683383345,9.656894828239825,-0.029326410482272604,-0.11248058287704767,0.04064762168768126
35.975,-0.03959172485670886,0.6440531688604219,9.741475465522342,-0.02353857145311976,-0.06619059947557784,0.04660031511706771
36.0,-0.015173539469065744,0.5435355609535513,9.543632948716537,1.2192843322938779e-05,-0.02810428208661045,0.04646969046304052
36.025,0.04034559576039822,0.6236023174158513,9.82348223851549,-0.019038773924775033,-0.010944332773326083,0.0359834383791767
36.05,-0.005886791922064323,0.6157427363853231,10.011987274865195,-0.07655552099132218,0.016375908968810263,0.017185485218418176
36.075,-0.025930542351110884,0.5347899209430421,9.666326666056921,-0.018372033556039242,0.03710922142275966,0.006710358366910342
36.1,-0.04001447128364465,0.4570362882207667,9.56191494711066,0.02585115935919188,0.07428956554364807,0.010222448831942513
36.125,-0.07990141066130532,0.3655920139108462,9.849953148773244,-0.019533666374158678,0.07554165365953468,0.007011829031427858
36.15,-0.03377195071479474,0.5882312659250164,9.875794363830089,-0.009035558217174446,0.036826242316365054,-0.00550744237921879
36.175,-0.02111264376420681,0.814457372173469,9.815778139022171,-0.002297167160088377,0.035116014961863624,0.004913183818745398
36.2,-0.10276189562395358,0.6880646512543187,9.681567340591505,-0.011629138805369291,0.029117202926586386,0.03769258722053241
36.225,-0.08591424477607615,0.4408616392252931,9.63034554307633,-0.02862445158724941,0.03221489355411215,0.06513176376105931
36.25,-0.13223791475256808,0.350246686235466,9.990761596470959,-0.024199488418565562,0.032810672054811085,0.02248527130348553
36.275,-0.19166985855878046,0.44536353973687404,10.013528739910727,-0.03655729428535651,-0.006588306232661883,-0.028448130949475542
36.3,-0.01540964458130855,0.5987474834918414,9.358217365574228,0.0065626369272443474,-0.03475776680125187,0.006471912356557502
36.325,-0.11929690258014262,0.6015733183303534,9.72703826215677,-0.004221787513364268,0.014206761278746094,0.052839638474924504
36.35,-0.13031679339169622,0.3995547276584047,10.00401493543707,-0.05175547807911587,0.029077722019990444,0.04364397787702582
36.375,-0.059523459648220076,0.555999320194645,9.626164540405313,-0.021291874486808963,0.02455283664321302,0.004816393423472555
36.4,-0.11108132881369329,0.6152070931301569,9.636609035612492,0.009113878173391106,0.049587906758079094,0.03368373423468127
36.425,-0.09870900857861617,0.48163276231284063,9.859372175893167,-0.018343977806590108,0.035876422070066374,0.05567969701499627
36.45,-0.16189728562464678,0.3320774743339439,9.671276801746156,-0.015937282750410186,0.02721118996956339,0.023114075624471996
36.475,-0.1444430969915564,0.4132770586897442,9.620164843296045,-0.031036988543446574,0.06375536736589187,-0.017811897209285027
36.5,-0.15227939004124835,0.5269509130046195,9.784450634919788,-0.025219113755437415,0.028082783560726094,-0.016219280929551706
36.525,-0.13316965790805307,0.6494329328199874,9.835674528424144,0.00873281595225794,-0.024774662913281717,0.006340680647789522
36.55,-0.17125665916521737,0.6054006383694808,9.655114194328693,-0.03708424183210157,0.018582858411110164,0.014679617365954734
36.575,-0.22932094740254405,0.3793949637859577,9.432529886410235,-0.06710680914487546,0.014995220641675182,0.03693575960097121
36.6,-0.22736814541134023,0.15134202569096555,9.809611732152804,-0.015424980582753493,-0.0036760149052326788,0.03255451769629194
36.625,-0.2560241076652552,0.3246737155115754,9.990694227798393,-0.011095562348291971,-0.027320826568388815,0.0031512763755635813
36.65,-0.08254043029660013,0.557403613454735,9.47163865938012,-0.0029896805223293215,-0.06175504000348275,0.02074824830058308
36.675,-0.04982222776770417,0.5983184955493906,9.591898042783075,0.0006632072747350141,-0.027952594487628497,0.055370793208341706
36.7,-0.18770079082693542,0.40176345698778015,9.925080489280134,-0.021058328059417385,-0.02318089292310414,0.0523572385122586
36.725,-0.07887850368997008,0.38058500174601784,9.534861506784596,0.001945468534729969,-0.037465495774858706,0.04120679768587242
36.75,-0.051660750578079555,0.2779698608346704,9.564012355696496,0.027944014933658695,-0.011004605244988436,0.014984775366665756
36.775,-0.14849960355895206,0.308072264607904,10.038604831745603,-0.0019296726745590485,0.005037933809761749,-0.027833231725718083
36.8,-0.11155670614513458,0.47436289408026744,9.792126883737355,-0.006300232516843444,-0.01138882192060868,-0.023258996506607326
36.825,0.025235060775346485,0.6841190444061341,9.558535383035286,0.02556283491171414,0.01679693368007054,0.010550971908964622
36.85,-0.05435991806392412,0.6436192056542009,9.918373528582201,0.004736609064693741,0.05250840508305758,0.046106795640141744
36.875,-0.12348107243773376,0.39311307618381724,9.963721932355645,0.009140398494111919,0.0338304897857943,0.0545112097666352
36.9,-0.09214082981182037,0.49166874902809404,9.696145457196934,0.0018139424356337275,0.034659738786667935,0.021174477492494435
36.925,-0.17360251113979477,0.5150696604272901,9.594156001183547,0.0022863818066257546,0.06979132328969453,-0.007027549125240635
36.95,-0.2002174507104273,0.3927859798253191,9.681335336470568,-0.007166748015049923,0.05210396183906117,0.013358340075115441
36.975,-0.18288442675835137,0.32256122811277,9.922338006210111,0.012494834855436086,0.04508390121502207,0.014596076259375675
37.0,-0.1340586313594753,0.5510528121450636,9.90970123541689,-0.015153993126733906,0.03682968431591849,-0.0061926141898788565
37.025,-0.09912388847997791,0.7541372603171712,9.785500272262116,-0.018267852134526016,0.03046390780881999,0.0033325859939107067
37.05,-0.2019834272177744,0.5855677811773152,9.76550369437575,-0.02904260605788044,0.08531326601705101,0.011932993835188768
37.075,-0.301023384316603,0.4590948811509059,9.58778588722697,-0.040300435780623714,0.08628149454911681,0.024131570737574222
37.1,-0.35158695683723756,0.30921291501325576,9.480734950137828,-0.0845993730578429,0.03462476866974127,0.02789406479498511
37.125,-0.2782849745848381,0.28857502219655556,9.65999378612355,0.0007670039826198739,0.022838802131169504,0.011866387491731953
37.15,-0.2620414126914458,0.39328216049812154,9.891398056282318,-0.004955263598943808,0.019045287479709492,-0.015976006556089144
37.175,-0.3126940183358272,0.4591102619816536,9.784603474352764,-0.020116029560847643,-2.36421026963944e-05,-0.02571364816120194
37.2,-0.2874327645460462,0.5418956812288552,9.457617164955819,-0.05281853897312878,-0.041532384103249984,-0.019569756831503655
37.225,-0.3192911401642516,0.5704499068870271,9.704755482005263,-0.0037813557281001567,-0.13244382085452633,-0.01836910317113216
37.25,-0.3425916957581542,0.8969102406891669,9.813149823286581,-0.12413459490042084,-0.27728005817086276,-0.0484902770323224
37.275,-0.1724747503614386,0.4438929134011437,8.8311745531526,-0.3316843201590094,-0.46387524193492913,-0.0789940626849048
37.3,-0.162323726663513,0.9417515638189403,7.845204532205687,-0.24502682331906367,-0.7909835258150597,-0.07484084075119012
37.325,-0.111443769058888,0.092885844897744,7.5131724452298165,-0.3324528489911825,-1.3464773476657228,0.0032324791918067752
37.35,0.420216921946647,-0.3107482001565884,7.444435517704692,-0.5142198704840418,-1.950098854230343,0.17627674328418558
37.375,1.1611668044496648,-0.861507966137866,6.823928741748126,-0.602871712860092,-2.4147432552425823,0.3051598161072275
37.4,2.240184060149548,-0.6131345416788476,7.4956500746521755,-0.2268205750986814,-2.7568803788280802,0.16540209783023888
37.425,3.273220055092708,-0.821034565954672,9.012315189517981,-0.08310513698661157,-2.754031944753643,0.08730318826307898
37.45,3.9500971254572637,-1.1511944976496742,8.604155449456755,-0.07687085032686054,-2.7032898022766627,0.1692314439548105
37.475,4.029561184053382,-0.8094799491181971,6.987021871268682,0.18863903115875016,-2.8113889529374987,0.13855346564947502
37.5,5.236854527925715,-0.7084935403921364,8.079464672185129,0.42790192799097965,-2.786360287321221,0.14883018311754304
37.525,6.468050020202879,-0.0946138610970427,7.9893449826442495,0.49020824369135546,-2.8632662026845095,0.22548087129436162
37.55,6.501821875454621,0.38712151272878514,6.209850446789546,0.5500116585619306,-3.052491644003111,0.27267271771509827
37.575,6.838941533416769,0.9675420894900202,5.720763042149394,0.4611209686621102,-3.2194801433888127,0.29073317596081816
37.6,8.033069228361343,0.5328484906376273,5.500742238537296,0.47055089501584785,-3.4852755042187966,0.10306718458459216
37.625,9.229874998885935,0.056944762126707446,7.371196659311683,0.788925350564767,-3.407523541554932,0.12563191628798726
37.65,9.713393900299062,-0.3226400845568438,6.558255277245627,0.4291855973216535,-3.134688999961818,0.3128850445883153
37.675,9.037878256899885,0.1374929911103513,4.2117774893121815,0.3463412851490406,-3.1247708255077744,0.2772810681650866
37.7,9.076934582929587,0.3511134086336964,3.39261759466205,0.37459624971340716,-3.2224470543053103,0.22556359009086252
37.725,10.043185546229388,0.44117412557410424,3.423193649269935,0.46123884031549106,-3.1683569906520805,0.24254124416170791
37.75,10.48752179261352,0.687805136612791,3.081533868486044,0.6716343502640745,-3.064710788074777,0.22241656961080006
37.775,10.215781723429854,1.4117975831078493,3.4616970892204515,0.2132559133929132,-2.749285066491376,0.3948470553612671
37.8,10.057636100471738,1.163578466693581,2.59762769585687,-0.9665593525044568,-2.606056814718341,0.33110338108249404
37.825,11.153060053745262,0.8635979693780749,1.9687764376606665,-2.1419787951783817,-2.326286636367346,0.1294813257225404
37.85,11.737978784668194,0.01398589056202702,2.1937917953729356,-2.5317761826246903,-1.741914748125057,0.1714604429854549
37.875,10.959420380411693,-0.7171022077816058,1.3533318126141698,-1.8366256229537112,-1.6544396988701455,0.09407903910199843
37.9,10.724781570006366,-0.7951143679471228,-0.7437069734894355,-0.6472569852981412,-1.5922052755509635,0.009414172265377163
37.925,10.965774700477743,0.17407611087903568,-0.7172340020784446,0.09752145103213838,-1.0323622575867308,0.1363958465460529
37.95,11.00278855336854,0.2989771039523223,1.095843378179355,-0.13311474396589892,-0.8016007176540654,0.11376738787710888
37.975,10.313758478965408,-0.19619140939076507,0.7332134903589858,-0.673627158723541,-0.6497109853554841,0.10234929976533863
38.0,10.557497189660875,-1.5217597115597623,-1.0594089697667695,-0.6099785044074321,-0.27177129215227763,0.1624005425352813
38.025,10.714780165360622,-1.0941857191146387,-0.2332015215283927,-0.19865448832432184,0.12625709732672452,0.2615892282610886
38.05,10.125180767475404,-0.5456686399617328,0.3471350889848096,-0.35233888034265165,0.23721107762553603,0.3037688061134956
38.075,10.287868602472754,-0.07060162096914685,-0.9367372928835649,-0.5534370145507455,0.20012277964194478,0.21074421822564815
38.1,9.470031661984992,0.2953372406503176,-1.4641331912144708,-0.6296878941984659,0.31130994095266523,0.2330707790134784
38.125,9.438832437364471,-0.4693909226887856,-1.5227589655128138,-0.2693458987266557,0.19418893740436646,0.2822938637322696
38.15,10.194191867856867,-0.9451523689737641,-1.4134932523589225,0.2330652498329575,0.21682157204795208,0.27691284290902046
38.175,9.605091987468656,-1.4984107191178795,-0.07827702898706429,0.2299493300890591,0.253363279864553,0.14274260722317333
38.2,9.251603159043913,-1.017937227912694,-0.688143407001135,-0.0346148422390644,0.10546514348806131,-0.02967476852154573
38.225,9.445383142474707,-0.5856004922522909,-1.544778223865981,0.03440793456007654,0.2055243841658651,-0.020183928942388303
38.25,9.731731707197556,-0.3973711002997797,0.009815330930690189,-0.10303006353016186,0.2770955730030037,0.11263983000301374
38.275,9.578389347753452,-0.35173373748888487,-0.4220516205066501,-0.1761996136594167,0.16189013400311064,0.11896957341995969
38.3,9.51745537619873,-0.3323031510399499,-1.9334683178660574,-0.0025316471244943,0.15471279515405775,0.06472838319821998
38.325,9.547303927245004,-0.5611359594642022,-0.4013259201176932,0.06710367644808439,0.14453797799147183,0.046963110004423755
38.35,9.739061090954834,-0.9224168370103825,-0.1271967661474835,-0.2242911863752307,0.12777573539735396,0.044977503699704366
38.375,9.743898297533923,-1.2123830754779448,-0.7913345738941018,-0.13788457481028485,0.10222629315168234,-0.0019380644605520476
38.4,9.267102015132304,-0.6505513425799567,-1.278520093261045,0.355402181018502,0.06781471888813272,-0.02381060602789134
38.425,9.391691446906473,-0.05609453645037059,-0.6524772881451321,0.5206660319190953,0.07186811926167085,0.052431995245400945
38.45,10.157932585460983,-0.28979670010496134,-0.17734140847296226,0.05107922167320238,0.09616363440450944,0.07232085205095208
38.475,9.838846137547673,-0.8267838898714411,-0.41158737436088,-0.2723898987062362,0.15160390812581157,0.056045554183957264
38.5,9.623335911201247,-1.276421813272903,-0.845240587560475,-0.1885334425629919,0.14995042443450735,0.01963049658715066
38.525,9.645087215910817,-1.1021255170735054,-0.7936103713726329,0.17416610601496985,0.125463652818779,-0.04528887613919306
38.55,9.859018901794158,-0.5343957944598476,-0.36457453728166767,0.3290879206360239,0.07077452193238076,-0.09203000777301372
38.575,9.66778996433053,0.1157223103999663,-0.42353780817139197,0.20870876038460728,0.025834112790629526,-0.0401836269896288
38.6,9.724821005311517,0.18167408177770863,-0.9205780086006559,0.028811934274669306,0.034435849499246385,0.038161039747593196
38.625,9.65612722641784,-0.6184835916002092,-0.6228937280671616,-0.07473607300860527,0.014297197743191424,0.04062429249777166
38.65,9.646525268238474,-1.2376190933147877,-0.40921224303451165,0.0023962949885335347,-0.025421627402094846,-0.016942317183814892
38.675,9.72146962019231,-1.0902416899660852,-0.11222929288684208,0.1420041364644017,-0.00023345043127915012,-0.03000596063944163
38.7,9.43104935954358,-0.6769100336149766,-0.1882978943908282,0.18383044683044755,-0.03529375030437369,-0.03057037092628294
38.725,9.448602816558216,-0.5319084124737256,-0.8937028674894337,0.046123577462196905,-0.07079348314935631,-0.05492342949662308
38.75,9.775812103433577,-0.5058000839068387,-0.7639246397200548,-0.09184206123381491,-0.026149096216078794,-0.06695025225050646
38.775,9.916756326785974,-0.6534245686462352,-0.21943221997206788,0.06569027034788719,-0.04551115391944633,-0.046485760492240624
38.8,9.864739401010283,-0.481570912308918,-0.2384582964026329,0.20926402601430474,-0.1194251970339892,-0.04859660020698204
38.825,9.761035367063204,-0.37880371238019017,-0.6739407697582338,0.09727076291396265,-0.153976193400158,-0.08242700385876466
38.85,9.86724395843227,-0.15378930323040405,-0.6259277387836033,-0.08388065005059768,-0.11538498602065626,-0.056357392355414426
38.875,9.920574815517423,-0.6464647937111633,-0.33523207335134003,-0.1380795431842864,-0.03200178825346569,0.03194603577283308
38.9,9.824907609214259,-0.9951642991675186,-0.1673829989820101,-0.0034078314530478666,-0.03961447702707696,0.047565059462370156
38.925,9.78199014803147,-0.8941732070817066,-0.6385796068294554,0.0726085378657185,-0.04686935041871112,-0.005119475200700306
38.95,9.698976937430892,-0.388253102966848,-1.0309437049311991,0.10750402138101792,-0.06436519195538866,-0.08823685878053236
38.975,9.699992927053325,0.05379153261569802,-0.663130918205695,0.023685982578775255,0.0019538913009447163,-0.016414749131864543
39.0,9.962662888003763,-0.29793753980803944,-0.1048048473338141,-0.08032147948671896,0.009201985897428282,0.08063685407187036
39.025,9.894032885152246,-0.4409435091688058,-0.4875199081594739,-0.025446396928413724,0.005220363822922944,0.1287533147259438
39.05,9.832373253708594,-0.6837886076563785,-0.868305414985553,-0.023588332926143638,0.026643513059845608,0.07935956609379392
39.075,9.663357617490133,-0.5471235621135233,-0.5515574409013646,-0.06037197979870773,0.033346033120841084,0.02645870934660636
39.1,9.506882168766056,-0.9695732667803945,-0.6386731158368928,-0.0792088012644258,0.015838839898209996,0.02188997686000537
39.125,9.806811869131312,-0.9556477704638783,-0.5473175719430201,0.10560799514452554,0.03157250045213486,0.03266180097229506
39.15,9.735364983491506,-0.7174102538423873,-0.5079121654688182,0.1735796846691584,0.03898193861922883,0.005760344316289868
39.175,9.333110270819637,-0.1811158937304734,-0.6279350987333508,0.18813789798493924,-0.012826710531886798,-0.022881068850466167
39.2,9.660830541293235,-0.36800782731342585,-1.003757780550636,-0.014407104321192818,-0.012509129271032305,-0.047611737501994926
39.225,9.961447969712557,-0.46564360274481126,-0.24652477392423122,-0.16521407598006502,0.07039788744944207,-0.06252068577446174
39.25,9.674686002195902,-0.7019824116191655,0.17682330782744887,-0.10593555088777362,0.08334766104370044,-0.05765886608014719
39.275,9.842437094262774,-0.6872418583786142,-0.14924803276925902,0.19330309622514405,0.1259188029844643,-0.01796565389103255
39.3,9.764011608088115,-0.5970067891996371,-0.11819284902268289,0.4045954272269848,0.3497767689763156,0.027087364074467615
39.325,9.900726577231286,-0.9633019380796806,0.5960355062343234,0.6290846346143791,0.5867480212706842,-0.011366975324594039
39.35,10.18374945274929,-0.7399587390608379,1.3397117674149188,0.7251446221311435,0.9097904166733181,0.019783183532260787
39.375,10.406159764183853,-0.5586425546511531,2.0623475483901585,0.4981231953306374,1.3521439103189765,0.09450019127442877
39.4,10.687011454135966,-0.5609032587316555,3.185102623069451,0.24882556530037037,1.7392303065357397,0.09796053160609096
39.425,10.560313296926708,-1.0661463528971507,2.4582574351760083,0.20740826674360602,2.0570115431373783,0.10368436198383076
39.45,10.211493623356768,-1.1502662416467822,2.2108568882317594,0.5007918395291434,2.4439005596317442,0.10239797105736001
39.475,10.365781494134517,-0.7934823698553356,3.3769820729055042,0.4658830103529714,2.716622586919149,0.01480396633216818
39.5,10.60568684735909,-0.5057457309755763,3.6136918830578737,0.35166121140750434,2.8509737463828793,-0.06027378711326009
39.525,10.153219657628675,-0.02483908282885741,4.512578922721227,0.15333937477291484,3.069527758297278,-0.0061682506220281964
39.55,10.299666860935433,-0.02044917953023926,4.821078758291131,0.20420417108265765,3.286681924335268,0.02884405980892455
39.575,10.143464872546458,-0.21991760030905233,4.778173518968457,0.4012892978173904,3.336721670245291,-0.08552573703103997
39.6,8.689461464479328,-0.3950410758719537,5.2825957532672065,0.5399809503811145,3.2889379962199157,-0.1473044769565189
39.625,8.401236332304928,-0.2191743330112822,6.593979112563651,-0.04296900923395676,3.2797854670954694,-0.1631208684037832
39.65,8.414226817352201,-0.0959669747324246,7.619217996501527,-0.6684946141996082,3.315300976267761,-0.18707988588340252
39.675,7.786711176061974,-0.12279685835434599,7.459534530572993,-0.9857953433645238,3.336747090219779,-0.14028766943910548
39.7,7.154558108646033,-0.28179449465527623,7.868383328365446,-0.6876491050983252,3.317615401904286,-0.029189354839314986
39.725,6.473919587177749,-0.3391026176153641,8.371718761381302,-0.524866129066693,3.258869530447088,0.042402347766639356
39.75,5.734907271398676,-0.5153067858624859,8.930011354329828,-0.48167392841713097,3.1040295352301306,0.03027663223061207
39.775,4.835547986835556,-0.6661519871585381,8.856559785796081,-0.26090574014091217,2.9407997893869067,-0.049474846057834955
39.8,3.8731896044543523,-0.5001563218843552,8.52035408506242,0.013647128879489566,2.6472743794297497,-0.11190679815889712
39.825,3.0709287768587465,-0.22864398562353946,8.587023925768753,0.1809106144681676,2.400339116878651,-0.15013074283426533
39.85,2.2438268466120532,0.2512301648185272,8.280709408245182,0.010884820023439967,2.135377841346963,-0.17121577451695846
39.875,1.4507525764040556,-0.25365919733026976,7.52051702271305,-0.18581115885291627,1.695845648641928,-0.13667347906954996
39.9,0.9779081679195224,-1.2380765140322,7.005500989051686,0.13458291031046013,1.1351787851407706,-0.030100388663442376
39.925,0.6080808294572799,-2.139827620631469,6.919659006304734,0.8085531327386791,0.6659746476547299,0.0914476134058529
39.95,0.5481149646859529,-1.496031850776158,8.078855679013742,1.0441458205449745,0.42975231579766654,-0.0033726413987874397
39.975,0.3720781054369496,-0.486237775683938,8.31814831511313,0.6312474083129015,0.2247947489266199,-0.13069627029591555
40.0,0.43171236514958833,0.009053898135853805,7.9637889895630405,0.1777917029795868,0.052866729477846555,-0.217218834116507
40.025,0.48272039399772115,0.3548680544137932,8.492189671211735,0.08859376299246334,-0.06278674342613783,-0.10635390141774571
40.05,0.508272166851371,-0.16062012062131248,9.091680776234162,0.016074138404093125,-0.08821866420919391,0.11669496263640323
40.075,0.5981063079815091,-0.7261508726235988,8.915182988562082,-0.014814031223585905,-0.11694364577931708,0.21315163516789692
40.1,0.6730414872789596,-0.9271930355588911,8.972421440855609,0.09962818562952253,-0.10491188923698003,0.14911955045833875
40.125,0.7408983391357024,-1.0736905093863918,9.302498687159034,0.3725314949998475,-0.0822638726596869,0.008166704733822184
40.15,0.8037124562104191,-0.02120742074074064,10.086914333331414,0.40609625293881296,-0.052780070324942654,-0.052360066544549985
40.175,0.7687824373475041,0.6072202868440771,9.486995837103864,0.16536951570619782,-0.039926464073205735,0.027266631469776478
40.2,0.8818926722511297,0.7583516022998041,9.66368934692714,-0.0009522047066660476,0.004038908252591166,0.15282475695817008
40.225,0.8965238851079681,0.37481091942211586,10.177440577132046,-0.03077388230275399,0.04596672280928405,0.21780186794238174
40.25,0.7082572250816415,0.34994725928497383,10.090103659931378,-0.027554942161797557,0.06243414030706598,0.1487209189743581
40.275,0.7504547706628796,0.800917620729938,9.656637224829284,-0.4244564690902736,-0.010921656860536753,0.1091597283609587
40.3,0.5376383195554271,0.37840021664744483,9.484967176380465,-0.949697626831204,-0.02868534994309702,0.21638961244667285
40.325,0.6075775980898901,-0.6608811305220617,9.595300851170233,-1.4942895687109192,-0.05517870928264244,0.26513541461041595
40.35,0.5711042553452232,-1.4199971054377198,10.241769336562118,-1.3975788652185412,0.04853445749257829,0.1968492709393563
40.375,0.7521231575065294,-2.0116545280610487,9.165800526420748,-0.39902046258112794,0.06396590592157642,0.16575500587968597
40.4,0.6572160805759988,-1.2754365670534031,9.514822936316229,0.5296661360617931,0.08931526396743356,0.23558726774127198
40.425,0.4739031984178997,-1.2230344351406932,9.988828430456216,0.7897223331845451,0.07238290281194336,0.2241166088782247
40.45,0.5653989751623073,-0.09251913617236152,9.924356962615933,0.4224130285232457,0.026788503802122034,0.16428200970545526
40.475,0.5395130062148188,-0.35100383456014905,9.575205498095125,0.05213050190550477,0.06252850652633744,0.10696886859580192
40.5,0.5075737391384424,-0.5167725999217945,9.74935451852045,-0.13551547181550153,0.07320800136722468,0.07249485410315996
40.525,0.5230767470685453,-1.0604976786773543,9.798834571656831,-0.033965643832277716,0.10884639946296785,0.06282684216962432
40.55,0.4307860274592533,-0.8477022547020854,9.597107056879635,0.05211719296261194,0.1409672325284882,0.08823152003653235
40.575,0.47788232613101206,-0.9852868274191153,9.297973885092063,0.29660197744356,0.215049270120715,0.038085786733605465
40.6,0.49468383620775946,-0.6212493752800474,9.656490633941035,0.5434416750154827,0.23967300271705097,0.012610890450678314
40.625,0.3031403043050951,-0.24552452277015074,9.972843190622136,0.4370797021903525,0.2643183628981003,0.009946630085656808
40.65,0.17316500098248536,-0.2484851462707523,9.707312280849502,0.021910744011835636,0.31478749293265634,-0.0319938784773063
40.675,0.09523543865356916,-0.16418632958960833,9.732432695702414,-0.2251208030006226,0.27452554925589145,-0.073171802247218
40.7,0.23562443932908353,-0.03470723508888558,9.791898859809436,-0.30005927717890973,0.15901571475026324,-0.03556422808572004
40.725,0.22213148490973345,-0.0078027052917174905,9.919145197699494,-0.2766184557865517,0.13606309843467695,0.0321431942970664
40.75,0.054251673501638585,-0.585529957872624,9.890521400119509,-0.15587289109551777,0.13104025784870957,0.05479575671042931
40.775,-0.1455799618115901,-0.9127792349546882,9.830017182511915,-0.03272528875713715,0.10422176317925504,0.015070679001600236
40.8,-0.07859112829581863,-0.9513548930029873,9.610114205496282,0.009600196985582798,0.03991843634166286,-0.022659255523397426
40.825,0.05735472351827728,-0.7379751684935052,9.664791840776143,0.048668684488658916,-0.007754783312953539,-0.01624509205614141
40.85,0.05934582156690059,-0.5687706434852657,9.894689965071008,0.14222686880197796,-0.032460815754006174,-0.002788476173361931
40.875,-0.09007723912625265,-0.4375815434003671,10.155928314164331,0.04535675261197441,-0.07007229463802751,-0.007702992578057736
40.9,0.05864967365199421,-0.2093826462738233,9.775597784540848,0.060303895836860376,-0.04426879033282662,0.01971323858135264
40.925,0.20630210607816923,-0.12091185929757721,9.526478543245764,0.0015579693483387148,0.01061561423780967,0.07648425267245311
40.95,0.07292157534986274,-0.433743924780323,9.827991722013184,-0.021278982488668968,-0.023237371677420293,0.07904895156655997
40.975,0.14810280795002156,-0.6650573988745889,9.737999359514124,-0.03742973288090497,-0.05601447757961845,0.02140517645212307
41.0,0.15935225940850412,-0.675641566152553,9.58683107791737,-0.039721542665210656,-0.042324953697211815,-0.02849456568935076
41.025,0.21454158434692663,-0.5382991696096339,9.586516933541688,-0.04955676913831578,-0.032863948724555406,-0.05180120933724873
41.05,0.24125793862194284,-0.5274070415571531,9.24443763852993,0.0032656257505557203,-0.061780734111406256,-0.02153486705584759
41.075,0.2558460736843804,-0.4954989656066553,9.53714847927304,0.027056811127215526,-0.05965936413801852,0.03717000226356592
41.1,0.15223017280618545,-0.7089979072055806,10.102524500046238,-0.053854056959745544,0.004018949341237885,0.03634211588734269
41.125,0.2058961927721707,-0.5119329483428315,9.899899369594872,-0.007016722135073511,0.030373889010975794,-0.002898908558077172
41.15,0.14069431443934133,-0.49604696180431535,9.381475259970744,-0.005231383933411282,0.07362953499211843,0.01262557182806604
41.175,0.08876827112018676,-0.5461421344760814,9.590421749551696,-0.05875292959804925,0.05960893139612739,0.054188895148899706
41.2,0.14515043293535884,-0.789143301785503,9.86135845488028,-0.020931809371382584,0.038470942574591466,0.06295707656699591
41.225,0.216654462999576,-0.4401682818394045,9.891770705967557,0.046293505171656944,0.04207864726364463,0.0312777076107496
41.25,0.20875816401450561,-0.3291187320607951,9.801849920882537,0.012664956688315314,0.0899333923181199,0.016457134387195933
41.275,0.08218048274106145,-0.48452792409716827,9.942485907369068,-0.028342049238556426,0.09397908862902629,0.029872332942320803
41.3,0.0692322547244617,-0.39626474997699873,9.864003113646731,-0.007453852501467927,0.048521546907520335,0.051525612918117365
41.325,0.09825185980633058,-0.3712455943861665,9.579797805076652,-0.014945291899092465,0.04857536455974548,0.060621787741196996
41.35,0.003468046798741499,-0.6756892604258833,9.595938195314803,-0.05839345832801958,0.06707964726934007,0.08025683804333907
41.375,-0.08365631317318556,-0.8990479639838909,9.908814419397695,-0.0033671480214162467,0.03457546624090755,0.059934839846501095
41.4,-0.05934019379868958,-0.6874166314208598,9.964288368726736,-0.0016205830022666095,-0.006068081245687277,0.00500425766008335
41.425,0.044231766943908374,-0.5227346418095214,9.678903557381451,-0.026242524192798503,-0.014251187115897915,-0.017945000439622473
41.45,0.04609803842404766,-0.45668217545485346,9.58859085616934,0.017053874082758554,-0.04941573436584139,0.003077411388491659
41.475,-0.06247439594575699,-0.4821674066954274,9.746095344577222,-0.011197489964381252,-0.03311737635284801,0.03419666299511407
41.5,0.02242108967365468,-0.3545080265166973,9.804468971497492,-0.002757281069144345,-0.03792635532689757,0.07118976217633859
41.525,0.05626588769637916,-0.3906059225497227,9.67828106603191,-0.006148010534019989,-0.027995295817854825,0.10418642794310774
41.55,0.046090918813634314,-0.6601595731821791,9.70692350573161,-0.025479385610804792,0.03570164024268972,0.09873679473163725
41.575,0.001653974952069981,-0.9354598460774293,9.850655999754515,0.04007376145781648,0.02687005606675303,0.04878567702299079
41.6,-0.06539716549856091,-0.8638880452361087,9.760348257270275,0.023103517953283245,-0.03834930403581154,-0.004643299705081174
41.625,0.028461460656561154,-0.5801199892603079,9.633757005325332,-0.029511087204579282,-0.002297452319727114,-0.048767464070241524
41.65,-0.008955415465042617,-0.48910263134300275,9.868007151459873,-0.002203483953782516,0.04710353041227436,-0.06632228707731186
41.675,-0.01642943587781345,-0.3784483910409542,9.829408913274095,0.05746174311187659,0.012147150365835108,-0.050256766256241515
41.7,-0.010339285020851574,-0.37471350404074133,9.370444567053571,0.0010416926730016335,-0.005494730774987494,-0.020368709656858972
41.725,0.01824891889060682,-0.48258625934895827,9.527965586645657,-0.033430606231774435,-0.022299366239226612,0.024389187569594947
41.75,-0.009802793198150864,-0.5597120970945957,9.907702234256766,-0.01011222654460183,-0.04564392819743362,0.02952464799143547
41.775,0.0015084156869825602,-0.5001351014737436,9.743246270706186,0.0019626047594191376,-0.02043114113459514,-0.0445710024511067
41.8,0.06993292466549403,-0.2765178260955179,9.482246190055875,-0.0011996477965126621,0.02288395032254064,-0.14727115290782444
41.825,0.012674010987162858,-0.3746345349075725,9.721539617068126,0.009779535559954587,0.049892781663505886,-0.26175761764676364
41.85,0.03155935028501903,-0.28684552618484177,9.7608764097829,0.011795703321049409,0.015094946069004373,-0.3826258817217357
41.875,0.15207617520369637,-0.009817159381812796,9.576695468165784,0.018497115646120554,-0.04286627505787707,-0.4669766733204524
41.9,0.036045929187378596,-0.049512523671139355,9.908837902843032,0.06647371448013717,-0.02895122549201245,-0.5642318734276928
41.925,0.08667225223024383,-0.07485788713339828,9.98357225592865,0.14716535989422372,0.0011608181228959522,-0.7407730017822525
41.95,0.3195101669065749,0.24874238502708462,10.115747047942252,0.4041912348869039,0.025635948429225352,-0.9472777858763151
41.975,0.3766082786180451,0.6728340551422406,9.976966276248467,0.5834458439781779,0.05220927839224574,-1.0929950498096286
42.0,0.2607410078157123,1.2012363372113395,9.592493790763502,0.5988281866112442,0.09674946948738648,-1.2457622655803144
42.025,0.2977104287301766,1.7473711958948972,9.760534290444205,0.2504385051972382,0.046990629448031083,-1.4076976681832825
42.05,0.36579013829360646,1.2357452954303731,10.28465476601888,-0.131127629333396,0.08113602407788038,-1.5586384820638293
42.075,0.3778858420925584,1.0002448355771512,10.688098360519435,-0.3832988873956119,0.15429547900447088,-1.693580869119059
42.1,0.21537124481286438,0.44295928994102457,9.79124847012748,-0.4424786215860669,0.15179215157228285,-1.6134521987574812
42.125,0.2610445604451759,0.026218241494635197,9.531139493765734,-0.6214445453744528,0.13987371465463164,-1.521817081116865
42.15,0.6114348723524364,-0.5491551553631739,10.124187614482626,-0.5034456752775928,0.2342296993259803,-1.6972845419224643
42.175,1.0989510104687983,-1.1839458108519836,9.716078529685197,-0.18849386552347616,0.32524209717087227,-2.0726027730505696
42.2,0.6384494221042664,-1.1258818359849188,8.198431623479943,0.7589070358784078,0.34254696542061325,-2.472213655863784
42.225,-0.39717610563425293,0.49247888384228755,9.533204414468237,1.9676478863916442,0.32995217054153464,-2.5917184799023656
42.25,-0.2447496146726932,1.7864981849123316,11.31458246217241,1.4639836739409295,0.25195717460453204,-2.471430651169828
42.275,0.10002988890583192,1.8468470201783325,9.882698218151555,0.6642279877134424,0.1020380577805358,-2.5110091530555056
42.3,0.4909458829310451,1.2692269563437824,9.196908631889812,-0.5904209345587994,-0.02255287716529213,-2.415292217085809
42.325,0.2449212974573561,0.409561280367785,9.376760650875509,-1.1837130412750827,0.00566119124454662,-2.416560208378841
42.35,0.12112146062380823,0.10370025762486634,9.69419789886579,-1.1955226562355115,0.04794016378445751,-2.4630604756948027
42.375,0.2575273910830022,-1.56667628015657,9.172328350926975,-0.28433979087705796,0.006649136346535264,-2.481702778108377
42.4,0.38771745120808293,-0.7898276098955707,9.660975704510665,0.1845722088710018,-0.0502923956635702,-2.4254380925176995
42.425,0.040580205103638245,-0.8477944246847567,9.855177661089941,-0.04911654593108323,-0.015640879180164553,-2.2291573527609643
42.45,0.2913655661609919,0.24303840956134604,10.556703145282743,-0.5037072016446952,0.03064255519231058,-2.11282130273967
42.475,0.07120014745331048,-0.15212466987695755,9.678551145911275,-0.761630305799693,0.0900372451751579,-2.191703078403582
42.5,0.13113962111916422,-0.7112122778649648,9.640685057389899,-0.5757338418789681,0.18051049868099284,-2.224339210203161
42.525,0.6028892379989136,-1.8965081329290274,9.69697034541228,-0.6684824153948539,0.24691570881611563,-2.0927154067834204
42.55,0.6942353829974319,-0.9361676725341158,9.307821780295564,-0.5950217069741149,0.22226356567381092,-2.1433772364267973
42.575,-0.011988138067028416,-1.1985747802986646,8.980214576638561,-0.6581192295175596,0.14427178977649366,-2.121358595636273
42.6,0.39752164060375067,-2.350935745099843,9.827923413184168,-0.6849990923093295,0.22296791294178536,-2.0328369431887
42.625,0.4514854695952966,-2.3644887804631693,9.450357916950718,-0.6647703864160978,0.2342339683897333,-1.8251107813252294
42.65,0.16036363990804983,-2.583512873434028,9.064153248253094,-0.8475587052424713,0.2559053419215878,-1.6185362264137622
42.675,0.6471395114300853,-2.6259903398621405,8.674008629468197,-0.649984488140548,0.21753533433094888,-1.462815226737879
42.7,0.0964199766484451,-2.642518531373293,8.993371696588152,0.03798654457048143,0.12829516981722347,-1.5090070379286389
42.725,-0.05753978954207798,-2.758189910857822,10.213408317017516,0.07190096201553017,0.2708829432771627,-1.3614524554918335
42.75,0.5659131816926329,-2.344012206495913,9.489922911626978,-0.04043756953134357,0.2433964408267983,-1.2332436497453552
42.775,1.7208485604448622,-3.333483573819834,7.652656352988692,0.25881298144452775,0.030713827573283017,-1.080826502513513
42.8,2.075991117996787,-2.790303107272616,8.445872792240316,0.5880049338244479,-0.001081481318147835,-0.798299133229058
42.825,-1.2407192318340188,-1.8937725020450387,10.23237774355405,0.21772705257490058,0.273061730624647,-0.7832410141886845
42.85,-1.3992173288650418,-1.517127002681256,11.927958144759947,0.15078042659608748,0.2971906811037605,-0.6913209595062085
42.875,0.22424463021737664,-2.136483664918169,8.569106237339197,0.046048696703394024,0.2272464735429254,-0.7412475357093764
42.9,0.1170307331042153,-2.052476734719257,6.8979003887016415,1.3370820027362418,-0.023533887872936532,-0.8901981278667267
42.925,0.5230908191325084,-1.7752697480401467,11.355924608418935,1.9450032508754074,0.017211781896510528,-0.8204695313947038
42.95,-0.7765223860765456,-0.4209720191824198,11.172652574758443,0.7248046478001146,0.0440564960986385,-0.7146198773116115
42.975,-0.16451866646580784,-0.5161262607194516,9.857894489723355,0.2079973400124213,0.00825797774048328,-0.6280387379878688
43.0,1.1744820455594023,-1.5237777882323833,9.23479144484407,-0.13359047936933932,-0.05071287934464548,-0.4879608047911692
43.025,-0.30876084119520486,-0.7312244054755914,9.218002095433658,-0.04605404577451549,-0.06154643715836414,-0.43952796762880786
43.05,-1.1878858123649727,-0.5457163718958598,10.143899644295374,-0.05856431802816807,-0.026527057772661466,-0.5094637707097743
43.075,0.030741675073634296,-1.0344743438247415,9.925099183911868,-0.0958868476191566,-0.05320396745650868,-0.5365472301573715
43.1,0.4871772013381503,-0.9457545891139628,9.310428749501938,-0.007815520505017066,-0.1626416185236779,-0.48494454195942255
43.125,-0.49120575318896803,-0.965729688344253,9.992762193961116,-0.06891104934768735,-0.12444869000972639,-0.4886478853086992
43.15,-1.072922087616297,-1.0782036891705773,9.941854989524494,-0.42037603243502336,-0.013396942681551855,-0.47771312565071455
43.175,0.040912568453586734,-1.6857424477109475,8.67676482115391,0.26887836756411504,-0.20509753502010908,-0.46875533575174566
43.2,0.14354483502454773,-1.579520537144994,9.809080927951047,0.827001378176625,-0.24226212396456617,-0.4075920948106575
43.225,-0.1040091131012022,0.10808531532903838,11.365714140538953,0.3889716842085341,-0.04664958955715501,-0.3829594231339991
43.25,0.5741905525470513,-0.7204543566201627,10.281400703272816,-0.2858885498955207,0.027009472289078337,-0.30828376795138257
43.275,1.1711565122787282,-0.7038791176447109,8.811724443670537,-0.32100131323184916,-0.15119232117110618,-0.21140864927036762
43.3,0.7485394201264616,-0.6943059798182849,8.98142530837051,0.00762732462607496,-0.16589999927476223,-0.17766622924090658
43.325,0.542071613170194,-0.3917829690999781,10.348318928741387,0.012658709277339888,-0.10092841584944154,-0.18938686807578287
43.35,0.4734791752787456,-0.8993632733379219,10.51856751826513,-0.06459461540065957,0.08773038069609969,-0.18016592234426101
43.375,0.8434163302881232,-0.7043305551793093,8.934947830265441,-0.2942041260506564,0.042375620238595105,-0.06876903724906915
43.4,0.8709973790788387,-0.7688820413476161,8.80483114484014,-0.010643059169311684,-0.14585069115192004,-0.034255841940109534
43.425,0.14274818884637885,-1.0784220555470934,10.365627396448643,-0.010572732583065883,-0.016583874147011502,0.00999971004594935
43.45,-0.5549784835901216,-0.800093624828867,10.328965640508454,-0.008384578425239781,0.13215110377664147,-0.03352225130038758
43.475,0.1322316600378501,-0.9064672924780354,9.006293488803546,0.03466863367196807,0.05869056571125632,-0.04413299723349397
43.5,-0.03162253952163739,-0.7890656357623357,8.610203527621586,0.08782540028392041,0.01382904372562139,-0.09761245492048647
43.525,-0.06604331377443468,-0.6042740627687024,9.672489927893833,0.2618884304935194,0.04947002803854703,-0.1734335109501807
43.55,0.4790550213773802,-0.5863309942409707,10.893092000376317,0.06561523530510249,0.1570141093791833,-0.18627001842410898
43.575,0.42932132793303057,-0.6536034306819211,9.742068261111275,-0.2438127417996523,0.1166853142011686,-0.16024439223857614
43.6,0.7031311863837688,-0.7147188506155988,8.56671105399145,0.10223980482055754,-0.10600740177364636,-0.15407238118642488
43.625,0.4760092284673374,-1.3489926704655033,9.941792286435996,0.23282648206482168,0.025670886645035983,-0.06987076498205089
43.65,-0.5588948256697412,-0.663670904067623,10.623456125817938,0.056638737652524064,0.24538796921717643,-0.016656705994842397
43.675,-0.16975647294708146,-0.6463785921164563,10.538067681771459,-0.13531335220243487,0.1768864195551889,-0.0013360563930787874
43.7,0.20011811488622053,-0.7828432416964255,8.906181208590448,-0.06485609565906642,0.02019247909902372,0.02893705487255947
43.725,0.2694641361972696,-0.830955680965686,9.917014204930046,0.09819195264121065,0.037327208555294665,0.0033014498293599025
43.75,-0.10532726427150299,-0.7274596976296731,10.487886170871594,0.0672422532446638,0.04302786961144461,-0.007932602680143643
43.775,-0.2605173179134595,-0.7477265509217598,10.383497282467495,-0.09753991243611078,0.027376038981351523,0.030977277973497974
43.8,0.03190615116373912,-0.8335331720894228,9.302178821314792,-0.09235372442723898,0.0031258737150290103,0.022307477601362556
43.825,0.14029516422117205,-0.7759187153163544,9.392981838402221,0.03815708783882752,-0.05186757826224224,0.017994153213479566
43.85,-0.215606307964495,-0.8372573080537117,10.019017376791279,0.00360000432506013,-0.032117567053432425,0.048800517901225395
43.875,-0.1996384475313263,-0.9479864108248023,9.984447769783154,-0.04499592990458877,0.028653162232650242,-0.0023054108290627593
43.9,0.1565539953238545,-0.957519250189544,9.294589775684,-0.06937552788305644,-0.03743018691082192,0.04469743720581967
43.925,0.32272674829633274,-1.2117914999269215,9.351271702204194,-0.018472502142856978,-0.19518171011470856,0.1476738082981543
43.95,-0.3575860571683219,-1.4013507474114486,9.885868677490167,-0.018329625717598372,-0.08948750538845282,0.2428829591745876
43.975,-0.4829331051887859,-1.2341045637148855,10.096859652978436,-0.05858381108957941,0.0741171160027996,0.3090420164567401
44.0,-0.014065405306027918,-1.6793652057279438,9.749631859661466,-0.05788911213662594,0.049221480083847906,0.47276904982495266
44.025,-0.23621387467367363,-1.3691154220363968,9.553689910196937,0.015150018348906063,0.055398662527851514,0.6270079319395833
44.05,-0.3308132950458653,-0.8795219294805985,9.902567674712332,-0.1374588712648487,0.15947074758045188,0.7398475709750797
44.075,0.29376613168531235,-1.577930131421797,9.632671083599337,-0.38691953130513607,0.08038620133544624,0.8635062893595338
44.1,0.8951277633083915,-1.8634771903691174,9.106583923512567,-0.15188187998379865,-0.086349991629639,1.0365634486707258
44.125,1.2004419974874343,-1.6437284665741425,10.1135082270067,0.05562670423336193,0.007407615256520412,1.2693446423100958
44.15,0.2904388544983587,-0.502054539589361,10.548884731671514,-0.49291207399873577,0.0484725020324384,1.4551503224674007
44.175,-0.4708323332212054,-0.7857544951092673,9.354484899683897,-1.046785304518428,-0.14419422991635297,1.4799078665065917
44.2,0.011730693472468898,-2.1261299608777815,9.30114692259366,-1.3065643462465586,-0.26296791672137454,1.5894893853843515
44.225,0.961709821094805,-3.1780771919454747,9.935416363545153,-1.7094023422546392,-0.3555635131600871,1.928984620086332
44.25,0.588937016528073,-2.804570338903635,9.078399398387965,-1.8156890073917367,-0.4820017594966978,2.1494567785403125
44.275,0.18964689258053025,-3.355986718455411,8.26988844112086,-1.4514585372383528,-0.6743747500637669,2.207880116917432
44.3,0.2259893023883189,-3.936623085112795,8.418739516767879,-1.64876238329157,-0.8325083205040695,2.4145808839368366
44.325,0.9851878530210436,-4.913262239951155,8.85641356774507,-1.5840537518195965,-0.927052433329233,2.758212174358892
44.35,0.7717416518143407,-4.893168894735003,8.453427181494302,-0.79539112193645,-1.0548309086491714,2.8581869178279855
44.375,0.08626174355159727,-4.115026024681733,8.20956297477597,0.2769253799766077,-1.255288016030073,2.8640733805540135
44.4,-1.009287888789737,-4.461541704842323,9.379171422449641,0.24240552303338653,-1.270721319193651,3.0642938146662204
44.425,-0.2377687759088226,-4.386279818724526,10.365785010776115,0.0274961352274172,-1.3067988439394844,3.4046422576288373
44.45,0.3035565587472328,-3.921114943273725,9.303796504573553,-0.18357063440136542,-1.6453935284877421,3.504794964911947
44.475,2.3340607955089547,-3.297878149464347,7.642588517413634,-0.07063864042502832,-1.9877494778797868,3.3050107046049852
44.5,3.452535294393323,-3.358908610062186,7.732344721330556,-0.040455955750527586,-1.890730594956193,2.833939786912014
44.525,1.9544708500123178,-4.024034653393271,8.06062482163084,0.7315362272290874,-1.4240112449082878,2.469813620929357
44.55,1.6606817633475544,-4.233115237984882,9.390384542394525,1.0715273359792878,-1.3797756170561295,2.471187399417638
44.575,1.4942479812357052,-2.121835944640875,8.416965585812738,0.9531991734909266,-1.4916171071597915,2.566369502328429
44.6,3.016235058181074,-2.066493960182622,9.3793311156638,0.9357780071520122,-1.1433959082914364,2.428298043427332
44.625,2.16917949636113,-3.7916245800441257,9.965706908861444,1.3800240615004546,-0.5325292894004017,2.08868811040052
44.65,0.48141100059491426,-3.3388599824865186,8.939393050401202,2.2006605448173455,-0.49101958929702316,2.4352717308741556
44.675,1.650115950785053,-2.0766422910853333,8.65909070944072,2.818006367717538,-0.5817988742642537,2.9345618334673493
44.7,2.493576061795078,-0.6502122074729674,10.145848717924475,2.9600806276622587,-0.2913069967902139,2.7544716794894946
44.725,2.110252500446284,-0.6226331318745948,10.359345550840132,2.2702224421797794,0.06324960570536672,2.489513333558267
44.75,1.4778646802528759,-0.47695814079118415,9.012643417246412,1.1081725589387657,0.06895944882077322,2.4792706975623786
44.775,1.4400337992500838,0.3557936870708222,9.553209860062685,0.305893988538064,-0.04371437181157661,2.50572151881457
44.8,1.4494398745324943,1.1316577382527424,11.338227203624466,-0.19006512509945744,0.1850291542650454,2.3128854779328982
44.825,1.39576178041438,0.8742039179867624,10.81308524155678,-0.7457065132740707,0.20660973938622693,2.186315451725204
44.85,1.1772465380777655,0.13436598054393367,9.17528562486495,-0.9854192659246427,0.09977717402555057,2.1549803614246725
44.875,0.992531679204963,-1.3981665177712557,8.794974614868652,-0.5670487664731888,-0.029714499923673067,2.2319668689280587
44.9,0.6800985265000221,-1.2151396724241064,9.979549540611266,-0.04983851752292422,-0.11574375388606359,2.2420557422288767
44.925,0.9535363357373472,-0.669980034082466,10.117551472578553,-0.08711644393879836,-0.06008548445260212,2.1434476531752655
44.95,1.1372464997585328,-0.28491185614696196,9.614529217533372,-0.09182233183460328,-0.06412836977123791,2.0402324205474582
44.975,0.6912850398172399,-2.2202494477931167,9.014462383337136,0.6302683049190065,-0.23660678077997432,2.07906265873457
45.0,0.23449123636815133,-2.6279078096470863,8.70554255313834,1.686981305420643,-0.3785754984472152,2.08736571935986
45.025,0.7335273727710852,-0.31883841534641644,9.07728079566656,1.867883891940522,-0.3462817741005844,2.079826092761575
45.05,1.1794289861959013,2.1612152527744453,10.873643294329733,0.7341461398036102,-0.12943470094366538,2.044605226789534
45.075,0.9827079054441108,1.322101272748615,10.82658335180897,-0.9445438648147038,-0.1459969131727026,2.035796069074686
45.1,0.49775736476708793,-0.6853877574554308,8.92250812197626,-1.3124809784869405,-0.31080368154677473,2.0464168883763483
45.125,1.451142258866061,-0.7228211650000315,9.392214560447664,-0.5718831955854258,-0.10426798162603382,1.966299553999755
45.15,0.7237772707597991,-0.6625961099349238,10.700240016092005,-0.344700843923207,0.04450326998674546,1.9825900743656304
45.175,0.6226208184413778,-0.6200648067309767,10.405690192323384,-0.5769733292795755,-0.09131296754742721,1.9553795029376588
45.2,0.5463582379049409,-1.3619306037374952,8.88113005362114,-0.645852570087896,-0.0986641316110103,1.9479645099113856
45.225,-0.23396482753380704,-1.6591046360685615,9.48092345585175,-0.38208191625655313,-0.07281420659031923,1.9915187651318635
45.25,0.1229096186292793,-1.696632594777922,9.808440018205317,-0.13969774766800408,0.06810338647267891,1.9336609713528998
45.275,1.7805447354283117,-1.792516143357826,8.827552096942451,0.4999897146602423,0.04028595204446296,1.9867853616447453
45.3,1.6632768476669142,-1.1278999513345858,9.259686493424043,0.6648447724524957,-0.09149522675414405,2.178597778009699
45.325,0.16835818333728872,-1.5004267737528356,8.934825870282534,0.4640620400719845,-0.20421530013360245,2.3393027630635097
45.35,0.043628277826667214,-0.6162865582512754,9.136991508468565,0.055728347964749375,-0.21677228415763028,2.415965128017208
45.375,0.4484608726873728,-0.8958091504138174,9.861326223817128,0.18284224205459057,-0.036165867299218696,2.3578478101947002
45.4,1.0393499538390014,-0.3053144637909883,10.099728307952295,0.07517255202806156,-0.11417089236707864,2.280145416031112
45.425,1.2067803095714784,-0.8992122016951486,9.412667230923024,0.539792409369128,-0.1107527370373831,2.166874428618142
45.45,0.5448832993277769,-0.016873912501645785,9.428631375733573,0.66776269102116,0.03822955077265608,2.089815047516382
45.475,0.3908195522413926,-0.23497191164335143,9.50993843534765,0.3249225228730253,0.05228782177027702,2.091831770530639
45.5,0.8179431484353336,-0.03664638678441868,9.43242043116937,-0.07596114352754635,0.004113865716629514,2.09774485156986
45.525,0.6745345011174064,-0.1907673976723475,9.322487370299013,-0.08997761931668383,0.05879176925129247,2.0182907204217146
45.55,0.5722995643951052,-0.951117440460389,9.516387964636962,0.346261197779037,0.048578089526008825,1.9276766978678321
45.575,0.19596143017868867,-0.3120353446445168,9.497849482280024,0.570370245711333,-0.019482321457565406,1.8977608154535222
45.6,0.2265203008628301,0.0683460722392307,9.324865153853942,0.8047315857821878,0.011904994800091209,1.8328280822033731
45.625,0.07856713551493466,0.7095744651141187,10.126697347091794,0.5794305453429001,0.12610558235859323,1.770703137798832
45.65,-0.14087604384004337,0.18122055339678816,10.157286864897316,-0.14829429731300836,0.11576983240365889,1.8046444235479382
45.675,0.3380921269912856,0.9098532052115124,10.379984233507574,-0.5820362836073983,0.09866320444404254,1.7676783955729394
45.7,-1.3992619389500547,7.723732937978668,12.50158441714258,-1.4926893527148388,0.1019143693823883,1.842775990412873
45.725,-2.2783429087226827,0.1958937217831062,11.004237800611591,-4.814739097618354,0.06947940884854475,1.19774951131247
45.75,3.7240595453936205,-5.620290052390373,2.137612314966744,-5.523492341257259,-0.07252579954044101,0.5295093347660941
45.775,1.6348218699488997,-4.51063391395008,7.626637644420518,-3.464517578512249,-0.2505158735097688,0.5372898985326826
45.8,-4.872668090248929,-4.728942763809932,11.307942800113448,-0.4695089514205165,-0.5885863557958365,0.9585564708440416
45.825,-2.1827793888578073,-2.718844460649445,10.217045367775869,0.592530394317443,-0.34121613873897544,-0.10567193693256355
45.85,5.841865634343282,-8.03104632506311,8.055419077583938,5.4369097002779245,0.7110269404530299,-0.9435728379843393
45.875,3.8702467103832285,-1.0728477135833934,14.808651461387216,6.213466013078047,0.7641412390710406,-0.5646612221270311
45.9,-6.341345961946611,0.4395599367501501,17.932923221749476,1.9176185623280633,0.021064869409601356,-0.022314823024339306
45.925,-0.8028237052398765,5.177290581200926,14.974708215660133,-0.5304825594574322,-0.22505580585306656,-0.3537753225033069
45.95,2.5625570990998967,-3.5795460155642917,7.240236408093974,-3.6058588241381972,-0.24340687064726207,-0.7391629426522969
45.975,-4.6646839141615635,-4.5723593547546555,4.508560370622082,-0.7991099588058377,-0.32316104274574836,-0.5137642357052632
46.0,0.05291722636055296,-1.5195423238703036,6.122648831505458,1.176214532632649,-0.10425511441135316,0.27401882481288586
46.025,3.2869130176465458,0.6794542981427945,7.832416487430808,0.6702102352130246,-0.039173467966697205,0.6145806314822851
46.05,-2.4092753246580325,0.7042373469095253,7.846052928801256,-1.088710412242814,0.02538900090858447,-0.04609511937229399
46.075,-3.9979617526889024,-2.9818185946163265,5.606049660396615,-1.2730347016502497,-0.2861318027508922,-0.2736552963251117
46.1,0.0093533565819122,1.4629544718999035,6.326296010384411,0.43611010166578623,-0.24980301157922336,-0.24667428470963082
46.125,1.1392179208419309,-1.7866836352241817,6.666100880376751,1.0461389878693572,0.27256596088205687,0.116174563877459
46.15,1.3139908856703024,-2.0464564861106527,11.015623904155499,0.9236927549686964,0.4046355251769469,0.33223965003761363
46.175,1.065920941626909,-1.6255606354935848,11.321817581001778,0.2834779660290407,0.15409034962002333,-0.2170793853663148
46.2,-3.205486774049617,-0.611204959023395,8.569371029178699,0.5912402337400449,-0.11851307764508162,-0.2867775293064433
46.225,-3.040202880711027,-0.6568761303476933,8.372912713107059,-0.021440842506714186,-0.4200175387953778,-0.026207791415446956
46.25,1.003203793537814,-0.6020331424198238,9.294881276964889,0.4298252527781088,-0.4602091707262741,-0.007592064190318662
46.275,1.2339894059659116,-0.9545229985661059,10.845565611664625,0.0020511367753710532,-0.3379434945207391,-0.07605399754805761
46.3,0.567599141629747,-1.1701377849514485,10.79298789650906,-0.20437564417287166,-0.42319060554619947,-0.13462554861305026
46.325,1.0001450548223285,-2.0356491990980095,9.195208575857922,0.5059215965184415,-0.3682544110064219,-0.2764294739070792
46.35,-0.365551131062797,-0.5036183362662764,9.654305402702626,0.8794705685455589,-0.13017577941321506,-0.34269231138925954
46.375,-0.897825393710676,-0.1933891153291109,10.3382669253363,0.3509433874323685,-0.10211351926637255,-0.19747998462257046
46.4,0.6520160924616295,0.10808601156633793,9.427392417193937,-0.13022542617432242,-0.035754226333901566,-0.06671712511027612
46.425,1.601725518810119,-0.8584915495877758,9.550516838025827,-0.0894754170965496,0.16188566233978577,-0.06093775964217377
46.45,0.7804428580829033,-0.277821399538869,10.96132394708539,0.1560131684701996,0.22156225360691356,0.08901533295738892
46.475,-0.09762994253960627,-2.115361017283299,10.695443879858464,0.04501256305614889,0.08679237124796262,-0.0033574350733934187
46.5,0.904255397633018,-0.7277799377068483,9.718327654678657,0.29190961215830746,0.0837103689867204,-0.05860127458250108
46.525,0.8534438507016485,-0.46201635341668307,9.948853558159557,0.3022205960809657,0.1872043466619598,-0.054831705840093815
46.55,-0.2022139091349756,-0.7004765817603379,9.775212332970916,0.3923105767001274,0.0746040657534088,-0.07594361428898774
46.575,-0.39363833889875915,0.21314092787907873,9.24671625987398,0.4648601330314172,0.06680782365217366,-0.1360753727052517
46.6,-0.16364234651124118,0.3934035690240734,9.333707294998941,0.1708768021138466,0.11760737812360209,-0.08805005665096072
46.625,-0.06792628649050317,-0.5455541077065198,9.720177288276286,-0.18628969300148812,0.08948214006621777,-0.0185887690711651
46.65,0.14678361416185823,-0.09326456933864775,9.783781869100553,0.026428943734623657,0.14011892306077886,-0.04318467023562457
46.675,0.40288187696065214,0.12380950494262752,9.893619257782035,0.14456660414019135,0.21351665615807472,-0.10080021713988374
46.7,0.4650729979682691,-0.4957410677414454,9.799662288696963,-0.14329110156616875,0.1452727844637713,-0.08371238016026405
46.725,-0.38781274917628766,-0.5489451353171011,10.199698388480565,-0.13061044291421978,0.12497928059690558,-0.059246303279034004
46.75,-0.5368019832328326,0.04281796687414277,10.19281989495076,0.0700644284518761,0.11250280462517534,-0.059070210895015074
46.775,0.6083620879909059,-0.48040034273320475,10.04159786549109,0.09669064741943825,0.05177821333071114,-0.09378402031737199
46.8,-0.12801063489521508,-0.40964143363379585,10.075828226288804,0.011875581607137163,0.03415650382647217,-0.1041795375918151
46.825,-0.34016618181653263,-0.042400063710179806,10.403654338917347,0.048258819011544975,-0.03392001493837432,-0.12189873446509364
46.85,0.5133697807803941,0.34125181419604483,9.901440334821718,0.00032427727530325305,-0.04061656599771408,-0.20804388240417465
46.875,0.46129577593033033,-0.13996563936058998,9.353412047225772,0.041029909726252034,0.06451337344033907,-0.2736870885303195
46.9,-0.12832207742500262,-0.013169600637633505,9.47579954168013,-0.061955030725512256,0.12187890251576734,-0.23069294678934793
46.925,-0.2626429885047279,0.12899852210951862,9.427804655668565,-0.17143224044529964,0.15998287187950055,-0.23051598154594896
46.95,-0.335944464540736,0.10888143338223286,9.329036677978015,-0.0800595211779821,0.17980179667824375,-0.3528554536492638
46.975,-0.596723141302266,0.13195538647578586,9.679636641907194,0.10424068370983079,0.13895738070119956,-0.4706498048330297
47.0,-0.18003438689936963,0.08404377356883731,9.52608466490977,0.23241000948881146,0.15800880453443228,-0.5535623974187645
47.025,-0.14628480513474323,0.34538014684825963,9.762329189144452,0.13835592088767495,0.1945613996562283,-0.6275545058376466
47.05,0.2273870969089578,0.09588463764304254,10.111756576054054,0.06417240644757911,0.1370412215520142,-0.7465617324845002
47.075,-0.12242783176787066,0.3759335554225764,10.014682484251258,0.2001393974791701,0.06637295497052799,-0.8978699416146835
47.1,-0.7412538623916907,0.47611603203188335,9.587456964034134,0.19802427241548107,0.07809165870593499,-1.0068736980991584
47.125,-0.7523084161926468,0.2011593214948183,9.59463577952824,0.09666230532116463,0.10552514687896482,-1.061258355194988
47.15,-0.3245170182600972,-0.24108599060118097,9.834514918098117,0.2311307656025821,-0.012090736718952187,-1.0606183864253709
47.175,-0.07618622175033972,0.17765209894697664,9.978943622393311,0.332050500209849,-0.14203673930867824,-1.050255170189582
47.2,-0.29667072991352045,1.0527512129233456,9.941920932488149,0.3461854430631105,-0.11437312796434548,-1.1591758241029915
47.225,-0.045770709985918125,1.0111379066117079,9.87414960273771,0.19503237406113164,-0.004220169386738545,-1.3555136993687766
47.25,-0.020312737729624847,0.21413588460938082,10.06591549586472,-0.0496823170625603,-0.061625782631347194,-1.42256875523518
47.275,-0.36574874576880134,-0.022913368270443928,9.563584581980182,0.08311138700250047,-0.21481200134458267,-1.4203339706769162
47.3,-0.5656372363383558,1.1470622635568568,9.680716016860547,0.49620325216295397,-0.1297645678004978,-1.5596601176947038
47.325,-1.052314691178742,0.6678831119784142,9.231634494171573,0.30685966842093915,-0.09239898799460247,-1.6649275263951175
47.35,-1.318098626551757,0.6693548408060893,9.234696094552211,0.1535205904313141,-0.1432283690838881,-1.6969357184929517
47.375,-0.4367622746932299,0.5006340713318285,9.21713073663624,0.304880792990507,-0.1328441919830655,-1.7665630706124948
47.4,0.374078918392653,0.9806894800908325,10.138868002809897,0.2608667261509869,-0.06607108979086343,-1.87090592861857
47.425,0.44069717204877584,0.17049879893368408,9.61803877692206,0.3841169274250424,-0.27085488426536564,-1.8222882364321897
47.45,-0.26830658673512264,0.6048996741464508,9.226468354065986,0.5934198048829085,-0.36196703922257983,-1.777425305097846
47.475,-0.146271129390695,1.576361318226423,9.831037391612709,0.6407305395006878,-0.19137363256557768,-1.8814141043220158
47.5,-0.28415788856141233,1.4811019396355511,10.442541984502965,-0.05310884872770167,-0.17827541663740576,-1.9930679861549072
47.525,-0.3969928396968239,0.956412886357354,10.441768185240518,-0.3015313745097554,-0.38911284044959377,-2.0222560933443883
47.55,0.20669556215889945,0.3474113911143173,9.312387321571565,-0.07108693709180203,-0.3843554824135827,-2.047425368436058
47.575,0.12617805200360266,0.24210670980023258,8.663647379581146,-0.11943573419445458,-0.25469003235766924,-1.9532450643936314
47.6,0.6436702117065505,0.46529403510018147,9.446444254729123,0.14912573626423606,-0.22119862007687707,-1.9205454424003445
47.625,0.9663137324302882,1.3345876102661265,10.276295212856665,0.41538084951267373,-0.34122956374786695,-1.9348803114793873
47.65,0.46826413288294,1.7361776218745484,10.146762287806414,0.39504705841183385,-0.3361322018702253,-1.993142958813299
47.675,-0.04528068494800294,1.1029422825798043,9.454628514442295,0.080247978360973,-0.21481747573807897,-2.0860619462788006
47.7,-0.05766870531639258,1.2342304876363073,10.146208592392343,0.010847594949211697,-0.18598318640742656,-2.2035007850251738
47.725,1.1340198845431864,1.0608453588771292,9.990227494814295,-0.14116687755136098,-0.19040542344079553,-2.237548306638257
47.75,1.6708542981147587,1.7860822382995352,9.959724134476183,-0.1666768271448895,-0.14614392618034916,-2.100781118131659
47.775,0.8282498893709139,0.8820794292688517,9.64137874217551,0.031161065813998873,-0.12558944409647457,-1.9182254775481622
47.8,0.32738657880908323,1.8171678345581455,10.341774632178847,0.07076070844217987,-0.14967797536630498,-1.9335103074452447
47.825,0.980634154265507,2.040779482056552,10.056602066660437,-0.4130657732346226,-0.08651427963611387,-1.9509066812326334
47.85,1.1088911510299644,2.109694967825278,9.496178038185372,-0.5694345566698871,-0.041764035914431,-1.8201268851866639
47.875,0.6839393994079601,0.6880653466964396,8.89647219196452,-0.32634695589452734,-0.05605158036403008,-1.6627353668323384
47.9,0.23745630930997538,0.4452345380946779,9.311754092097875,0.0020593212900407226,-0.03253919159224841,-1.5661190207462992
47.925,0.05423614199383837,0.785254867136148,9.658960039514067,-0.31792624371366013,-0.11311435249737439,-1.5850530924524966
47.95,0.3907617222251421,0.8628470742458926,9.10048886958063,-0.5352162140879788,-0.16425281970011987,-1.6342280202905868
47.975,0.590778065700972,0.25442396223224556,9.237607469694503,-0.3080423641175077,0.003968887355360882,-1.634813823955516
48.0,0.23327827153136838,-0.6010295195595506,9.592930825847716,0.10327057434286807,-0.007543817701100668,-1.3922686765058627
48.025,0.20287610477830548,-0.3092710693197469,8.76554727133422,-0.23593896519103522,-0.192647566632009,-0.9959075068059027
48.05,0.28004551952358103,-0.17248955033226415,9.823782308909687,-0.5914849673627054,-0.14251924409079625,-0.712864622834327
48.075,0.28772614949781106,-0.5119003677484918,10.868041172780636,-0.7508880059397488,-0.0344037131325735,-0.579737371961235
48.1,0.3244359018131493,-1.0819509098536235,9.976219570823389,-0.4236821962748437,-0.01159285005438125,-0.4458418291371296
48.125,0.06294699993712602,-1.0595191923999967,9.184948753923289,0.3173161604395208,0.0047661512352852615,-0.26632527852294213
48.15,0.12773684799067136,-0.5188625340186163,9.80094549268907,0.9900088384182911,0.02128218301977849,-0.20676297285195575
48.175,0.12078075986572898,0.5800632620719183,10.354513404584965,1.1320720240067665,0.03885501577215304,-0.24858467499942297
48.2,-0.0179226346264849,0.8814250881333829,10.03090259143708,0.43662175271690024,0.012517596798107171,-0.20676992154281548
48.225,0.039565258808712984,0.5181985528199129,9.928291541844182,-0.49612304103080995,-0.07877154976961938,0.2412481942030524
48.25,-0.022411274039288782,-0.14730309164556604,9.779795975287858,-0.31005257893338717,-0.1494597526262693,0.2448187355833905
48.275,-0.08054174849642882,0.6400372640002605,9.981651467922791,0.07372738861281662,-0.10542723517052846,0.06279786406107138
48.3,0.11253914504056815,0.7212034022231453,10.055848927063508,-0.3010108534956453,-0.1259465862025825,-0.022629652399862275
48.325,0.3005001311645896,0.11794042401274593,9.953628108944082,-0.7658791765201344,-0.08018947615811307,0.14580267522692603
48.35,0.14886606127795546,-0.7233812330382787,9.293533408522595,-0.14551457695375283,-0.03206543468216366,0.21957438401738544
48.375,-0.002990909714176253,-0.16880132800539638,9.69455302008394,0.7691750370242919,0.009109433900535592,0.09810394930221245
48.4,0.05751797815211755,0.6204387765601239,9.731223751186429,0.9008047418153894,-0.0124181455115503,-0.029619559584228863
48.425,0.06456407804100897,1.42616104981482,9.873920452432955,0.5255035533716276,0.003804009031431188,-0.03176529201946332
48.45,0.10669315064575612,0.9875001170754818,9.706311330924855,0.00420524408470501,0.038763568204435855,0.05171024613408936
48.475,0.1544112786982755,0.7878018007497771,9.64091306247039,-0.19111874418275873,0.007891271454968613,0.08907017930726997
48.5,0.14241858897315365,0.3534795414011029,9.507442418865063,-0.04275721679404562,0.019209904149943776,0.025974551306556893
48.525,0.01654023958452306,0.39114849223191234,9.851265404726247,0.24495843765554073,0.044502597090263094,-0.02880074182340214
48.55,0.126224557706051,0.606468696694334,9.670926442941843,0.17617224679893384,-0.022097864705905926,-0.01174753634831688
48.575,0.12163695964221939,0.8972363448294287,9.676064153228582,0.08070812649356107,-0.05919505690957317,0.008595502508390022
48.6,0.14636122176508132,1.1136996930338692,9.915277636200598,0.12005571602734051,-0.06308462548934979,0.028740262525437266
48.625,0.2052838695119712,1.1665371294797318,9.711958485677767,0.15230697440433116,-0.05181872176814731,0.05657399825108475
48.65,0.18887597110615856,1.0740632983835487,9.609166341589324,0.10084198906064785,-0.029549483711941056,0.054337025973546914
48.675,0.14441543552697778,0.9398613951710701,9.823315702102402,0.014276434271740045,0.027952234371421227,0.022817235768817917
48.7,0.11503120815265427,0.7283592125784806,9.596895162834905,-0.015134263012242386,0.04867296332450251,-0.013177034426907505
48.725,0.10696382900547217,0.7196349409688865,9.473663209297774,-0.15561844981636583,0.03112683010281197,-0.009422349892776889
48.75,0.0972836427169935,0.542567761421067,9.491999670853938,-0.17654123319218945,-0.01596017951263903,0.02668053753029195
48.775,0.18829111354432254,0.6523034010313441,9.480460354152491,0.081230124306138,-0.04947017332078733,0.07389025443737915
48.8,0.17047733069183552,0.7470508708545872,9.4374364951487,0.2489604179783553,-0.025763983289328652,0.0859810751218535
48.825,0.13409621966066157,1.2383944330557852,9.947502177457926,0.13567793788420165,-0.002759012433212831,0.030295583603622857
48.85,0.09619943293288241,1.091340649752778,9.977908727311227,-0.009603055767908366,-0.018848680839881574,-0.024171514712874806
48.875,0.1269042580494822,1.091252370483435,9.507614243899685,-0.03877211921157471,-0.01943462025772372,-0.022292271828629615
48.9,0.2004541786876468,1.0338355493349116,9.444442633469697,0.015547087373462831,0.04769949232912741,-0.033338221364455356
48.925,0.10743384427970942,0.9918815585414403,9.994943685694066,0.03966521143251272,0.011161304986837785,-0.0459206313328209
48.95,0.06522918522921825,1.0780105855875153,10.096163505707384,0.04650635508464968,-0.004484428340688562,-0.12891335354492064
48.975,0.10658655682606843,1.2879573879338901,9.653939431932411,-0.05895703246564194,0.08203168338100728,-0.2693067191466329
49.0,0.14310529530115706,1.58600681059979,9.81125143888265,-0.18901416439024238,0.13420053234891982,-0.40249301960546463
49.025,-0.0011741003610250683,1.5019919725666557,10.219347028579012,-0.01751506343737368,0.12746455716518584,-0.5794740447513312
49.05,0.04901431833717051,1.4791070807074285,9.840027450974366,0.33145847273284224,0.10041298923110853,-0.667107610182409
49.075,0.0639011794864915,1.5117652550736642,9.411227580697817,0.5802732883451748,0.15960263283427853,-0.7199219942073198
49.1,-0.09475345203073221,1.7705167940877666,9.763201170340515,0.9442994340090634,0.20159777101579926,-0.8593142267678477
49.125,-0.21346820355679552,1.8670442621046575,9.733012113873759,0.9668528588631795,0.07870531445391228,-0.9694770028246195
49.15,-0.23457222634160405,2.21312042175218,9.143599932883307,1.0222548132527287,0.020865788312247828,-1.0589056329355973
49.175,-0.15906484340785157,2.4006348787044782,9.05857680716812,1.1630256273889863,0.05115844671809706,-1.1945014129957514
49.2,-0.2526746108755384,2.8809579958505935,9.544429136358467,1.2994407265522816,0.0005809371696891639,-1.368882365069506
49.225,-0.3428773586467766,3.066503566041629,9.538490952292474,1.1523893126378222,-0.10591489211165035,-1.4039438793185808
49.25,-0.26566077401964516,3.4480268306510657,9.16709626542111,0.7127066399317654,-0.10945595378452859,-1.3820638512041665
49.275,-0.21633825035250276,3.3017926272866207,9.187498431837206,0.6108882076519344,-0.15673925234371,-1.5061152632333763
49.3,-0.29500760519734437,3.416637129520013,9.4425130413149,0.2732984284738516,-0.24446710799426463,-1.6298869477757172
49.325,-0.4598930918986883,3.322308809175155,9.086651033669833,0.05402195325636033,-0.27433355509569535,-1.6454048008401836
49.35,-0.5826971509116423,3.0779493005608933,9.380916076749601,0.040276842881421915,-0.32406200169843247,-1.6498288067465396
49.375,-0.48247871947309445,3.412800306989043,9.450916658754698,-0.23113750633786184,-0.3916520644444654,-1.5991195908794011
49.4,-0.41949709524260836,3.3592536124271626,8.999326663023188,-0.4331413648220271,-0.3986737604615134,-1.659868997687645
49.425,-0.5716051851642392,3.0089991040871586,9.36092602932365,-0.5978751599811184,-0.37969320833017733,-1.6910003395358881
49.45,-0.6305938394656465,3.308659265965313,9.608485800829174,-1.0154845265680956,-0.34232866036209564,-1.669177686283717
49.475,-0.7884580921228108,3.1067330558723407,9.043592653630093,-1.265664224406483,-0.3070574983129467,-1.7578792116719313
49.5,-0.6393005441524006,1.3521846874779833,9.27654619942657,-0.9456109346314472,-0.2677087496864832,-1.760180623783747
49.525,-0.45951793246979855,1.0669448870538913,9.661965971774338,-0.4878345453291727,-0.26863083823999345,-1.7290750897251275
49.55,-0.4448143410839935,1.813478713032969,9.151566157750668,-0.0436509608457228,-0.3592809178411573,-1.8395285612673864
49.575,-0.1864672880798324,1.00131923869107,9.152271053314106,0.014611380765765845,-0.4037655882216064,-1.8823874874332274
49.6,-0.462127329857892,0.9042847353596507,9.937955136770137,-0.14708631857489698,-0.33805061950018456,-1.7364389402534792
49.625,-0.7221104340739631,2.2038164265623834,9.889385612673838,-0.3273603394188272,-0.26641838597488415,-1.6733366207165634
49.65,0.12922628176263612,1.7665970332991707,9.477854372576443,-0.4144166287440197,-0.32491007502436614,-1.8162912360987435
49.675,0.44037122891095887,0.6939034329153854,9.416150645422084,-0.6533400177161262,-0.35368576333825175,-1.8962056433426544
49.7,-0.5941668631978148,0.04028232342062353,9.691552107543792,-0.7759724994826285,-0.1675964580553728,-1.7463956961224385
49.725,-0.6523719908458606,0.8224951403632617,10.05010817079909,-0.6961606158026594,0.011952797201606132,-1.6568174893190013
49.75,-0.2756767381947446,-0.15096138016796978,9.802235594384635,-0.2678731471134743,-0.0791562196062831,-1.6953045877951152
49.775,-0.6566705854426058,0.26781737193561195,9.411639723057453,-0.20618050234284396,-0.1503402551799926,-1.6486276570514844
49.8,-0.9737896176453316,-0.33475298327481084,9.17840384368768,0.2770108027592573,-0.13172632029398165,-1.6040671679183138
49.825,-0.6523690369279264,1.2350276001194915,9.505140653159048,0.46978414469825025,-0.14564691734909543,-1.6336267489251757
49.85,-0.729595424936209,0.625784209163219,9.501945111374521,0.2706966891314214,-0.27946344628401565,-1.688404611431261
49.875,-0.39693847446798813,0.08245656882704726,9.802345930045028,0.005996712580379662,-0.34692393161544344,-1.5705632702189083
49.9,0.020858458367520316,-0.306089630071407,9.52689138583527,0.2205405581945407,-0.36417494910209136,-1.474427091900013
49.925,-0.18956018526203228,0.5347624023264186,9.46476123364211,0.37083547082054436,-0.39561528672642243,-1.411860184498336
49.95,-0.04718922399833808,0.5082935769898765,10.023547874970584,-0.18814790094690195,-0.3539410331748003,-1.3057110605621867
49.975,-0.42880507893199343,-0.32497559078270993,9.950551244844005,-0.3012251808946298,-0.3002145264979482,-1.151721024660751
50.0,-0.1830763412520356,0.10960216611052143,10.172352721754915,-0.28158468023961203,-0.2716049353789166,-1.0272255345897365
50.025,0.04921931899786062,0.12234229151316725,9.66141959657434,-0.29466333887137236,-0.3162774847574475,-0.9622776339969028
50.05,-0.13663125243933114,-0.07618641739545905,9.902921529288228,-0.5147917284555791,-0.25832099584491025,-0.8670926590586563
50.075,-0.5643158088893293,-0.970150405776033,10.028874115882807,-0.5917554024955163,-0.0869429006754576,-0.7178875447349028
50.1,-0.04708731508204905,-0.7623854093657083,9.928539156628968,-0.22749096208691302,-0.1044004747712434,-0.5950114467683035
50.125,0.4728958193792661,-0.4102242269100631,9.650051306328047,-0.057824985132452,-0.12235854717660437,-0.5036902934654016
50.15,0.1906812447522389,-0.3054198031074305,9.68583667692113,-0.05838316067085839,-0.05965391189233026,-0.4247372831622188
50.175,0.045880002702350604,-0.8105086944201609,9.983797615171913,-0.06861170479349647,-0.005803462765447559,-0.3031981956513926
50.2,0.05547212339836193,-0.6654754755460579,10.240230452042642,-0.05589060045214322,-0.0010753601028265375,-0.15175007326439136
50.225,0.0051428734015077915,-0.31460525300947406,9.75309829846429,-0.06492898330195303,-0.03237410599286508,-0.0575653259049008
50.25,-0.43863220701783634,-0.43672916222777697,9.586027005352502,-0.004044270488532214,-0.03310915063794111,-0.013640852988347578
50.275,-0.414930203533459,-0.34637156707228783,10.123628123095523,0.05269326376596379,0.03154467338072743,0.03865876093453841
50.3,0.21947438515942774,0.08868633662849967,10.147464303470858,0.028797013618788076,-0.04205780418698937,0.06264873418999137
50.325,0.2848244915158438,-0.11228977426300887,9.651238105211304,-0.022489839021017328,-0.11544061607954301,0.07312569467693472
50.35,-0.08173150139718548,-0.11393414111000669,9.426513405264423,-0.08390601410434491,-0.10740696011004418,0.048109021119129534
50.375,-0.017548671860810085,-0.03130378849335027,9.968288084303737,0.06153624890629542,-0.08973807393585631,0.041969794481570205
50.4,0.14399662290710052,-0.24475832262885108,10.063721952989573,0.08797565464015232,-0.0610476116954775,0.05639254272432522
50.425,0.1249076068309874,0.04649011172296419,9.406027629232051,0.07422542217078078,-0.08166365352055152,0.04571931896085808
50.45,0.14846216168164003,-0.10449947407837719,9.55569071758495,0.014389775662994948,-0.04879246625396757,0.06250305533511234
50.475,0.10657938770303324,-0.005610334711533077,9.944765839541033,0.009483004697608748,-0.030320309801068642,0.07171872040459415
50.5,0.2148514741000624,0.1300978187639102,9.64205397295249,-0.0074627080565487555,-0.06636272505756742,0.03881817904534465
50.525,0.31199559574832114,-0.06523635231771722,9.14286246513005,-0.036503440660289585,-0.0785370716598971,0.012968087640392739
50.55,0.01713302807217222,-0.10492338469459164,9.754454197779816,0.032199433588545524,-0.035697407631637326,0.025349563032872318
50.575,-0.24043451604799362,0.2981552747732522,9.951295578265508,0.031945790788136474,-0.03785577362490993,-0.0011853671077722025
50.6,0.2183053599206914,-0.07982235540686672,9.850451294695954,-0.04583336615880066,-0.07567943469392732,-0.02136170931739535
50.625,0.19027702514913938,-0.15157090426896075,9.681008021134806,-0.021886271899898724,-0.03323785280811207,-0.004704006487025726
50.65,0.17827210513619982,-0.03656544849182707,9.793255771588777,0.049458718084938534,-0.008240357138377268,-2.2150091848589792e-05
50.675,0.23352145786671258,-0.03044020725677031,9.916319764136036,-0.026132555275827613,0.0015673787062805596,0.003390164855418186
50.7,0.10327132400390415,-0.0947757042922484,9.87852177194176,0.0055469755684195605,0.016022381256564876,0.0021985056089614593
50.725,0.1775261984889335,-0.22020240016936643,9.641823534562262,0.04172165137250133,0.04072315277840224,0.007390108222371874
50.75,0.3430745272784238,-0.2537382374245548,9.524539368501365,0.020699969745015267,0.08333941763648822,0.03855807742310872
50.775,0.24315932789128894,0.0831993533152523,9.697191567734052,0.04083841227830489,0.10181553406396018,0.05093184241570062
50.8,0.07025250207546749,0.1565011861372002,9.85640877041404,0.08273205469230571,0.06608986368713102,0.040689113706319266
50.825,-0.03373317336640701,-0.021263238982476257,9.66801523707553,-0.0014100112041251097,0.05453523565798955,0.04973152791873366
50.85,-0.027123720832715217,-0.11631383597437166,9.505257536754812,0.04469851488254946,0.04779458794366662,0.07452684464399134
50.875,0.15422941809445462,-0.18817324596716722,9.732396870789561,0.03879329166272509,-0.00981521088196123,0.11147366820156847
50.9,0.15281461644866778,-0.5536285582261531,9.858887469803834,-0.016557549362883513,-0.039624483200281654,0.19550672327878207
50.925,0.03500157876049697,-0.5106127510491467,9.801138748384256,0.04369335280169083,-0.02496810559012175,0.31819328714664535
50.95,0.1527775899786585,-0.39653990516516974,9.873726399196704,0.06343859768739463,-0.031182598203292874,0.4303359321259949
50.975,0.18168846168652025,-0.6141986013992315,10.11762004388795,-0.08708409070968981,-0.04720782009645283,0.5822675731294054
51.0,0.06127706573337371,-0.3780328273145801,10.046407518440443,-0.4353100723002697,-0.07770768672665176,0.8054974992186672
51.025,0.16282743796755456,-0.5684391008338778,9.62185889233079,-0.691813710393936,-0.1254903371710407,0.9802655530363564
51.05,-0.023412339261616913,-0.8135857412458296,9.602583084608108,-1.063873807193982,-0.1596202540142729,1.141459494232713
51.075,0.4092889017777295,-1.7272072822167217,9.671525664767122,-1.1149958345853708,-0.2737076586836235,1.3431696187485784
51.1,0.45993799489305776,-1.6559189703732398,9.440742299694806,-0.8993133409042856,-0.3390033435714827,1.4472712593193882
51.125,0.36233732513247807,-1.7802063770948215,9.278438891398151,-0.5520343601904144,-0.34990301221950637,1.5434585941805747
51.15,0.7588250387771287,-2.171890251707,9.743284071757838,-0.5212880646409765,-0.38325445708554445,1.6784050103550483
51.175,0.926223583331983,-2.787695594568944,9.519537093052874,-0.5276640112742578,-0.408984105097939,1.9234967076678864
51.2,0.627572650692036,-1.8848942778457056,9.255825859719751,-0.5549842972023992,-0.35068217245013916,2.148587124390447
51.225,0.735460035198529,-1.9744405493971091,8.854487217916361,-0.3059203224156174,-0.32836475803173143,2.1613814226160746
51.25,1.3198358992424644,-2.931899430636276,8.993664343426072,0.29306391234395485,-0.3824364466832372,2.198127719897084
51.275,0.7307304595203367,-2.1627383807490164,9.925201766401191,0.5766583764421633,-0.25828514677918457,2.3462333305537504
51.3,0.09351442399985072,-1.5030420217335931,10.389058660815135,0.6699599338121317,-0.11008671163328562,2.521850566036619
51.325,0.6632867285913049,-1.2828105987549185,9.99381059129508,0.444969639310738,-0.20579107491801293,2.6377234749603224
51.35,1.2420224378325444,-1.2493583235933605,9.260492847778972,0.4823219166875085,-0.2712325768134008,2.6281560608141312
51.375,1.0757085080739004,-0.902334708608931,9.675492054525652,0.3136247372506478,-0.2163780264905302,2.6142607316376316
51.4,0.9144742096098042,-0.7646033974019586,10.167823880214385,0.2989864995881629,-0.13460371139704097,2.5323943024549234
51.425,0.8954936189727676,-0.9803806469876518,10.43738504325035,0.24003800604765424,-0.15881036754343206,2.423080589616529
51.45,1.1420257244369605,-1.413557119876811,9.411942414563256,0.06470038819195091,-0.2462739246611484,2.44478059141384
51.475,0.5036673105061086,-0.6687405093518349,8.74062587205907,-0.010076545589167674,-0.2690556156032646,2.474002837855757
51.5,1.0147190418720893,-0.9642083904711973,9.832295466848937,0.42540143742882913,-0.15484290091599281,2.407598396194516
51.525,0.9640559353454998,-0.9643666030446595,9.956397846293719,0.438934290871185,-0.12071909104059145,2.2409027440787663
51.55,0.7937468925076322,-0.7148587034202627,9.457997259032156,0.49790124170141903,-0.13651259752420977,2.1163542010935643
51.575,0.6277222068694165,0.10988701141280731,9.561642712237878,0.1916239363300894,-0.113241052912436,2.048665861552255
51.6,0.46725238045305806,0.1632989747224455,10.179337893571935,-0.4597777892103098,-0.0992226805422031,1.9746382960777653
51.625,0.19024504153074237,-0.4735956251711179,9.774279004773536,-1.04721447764693,-0.2788631729940483,1.9828706402928455
51.65,0.4632052502540247,-1.7966388299802696,8.643230231259736,-0.8917740613397098,-0.49615815169577787,2.0855955878092733
51.675,0.9192647011329392,-2.56586435004351,9.783243394175612,0.14901939566393746,-0.3804568849934867,1.986042980415582
51.7,0.4615015927883264,-2.1375899456026857,10.30469070732291,0.6566263489296673,-0.1600240005727609,1.6524582623195008
51.725,0.4632306813981595,-1.5411995629901114,8.76087776256315,0.8793583944547321,-0.19699344892950832,1.4196656734223918
51.75,0.6721180994888432,-1.4981840244332538,7.9614992095814765,1.717524921434706,-0.27037246378837526,1.3116611115248906
51.775,0.6778736403551097,0.13698772274459808,9.66868625240094,2.815425066910554,-0.21671329566741307,1.1557149608007464
51.8,0.5184160094767546,2.5656878847766498,10.523127617510418,2.801337147804223,0.04214516242758682,0.8932828898339293
51.825,0.33721931669970695,3.7134437993319804,10.145950824697135,1.1726902238312171,0.10095696563374036,0.7280048368628589
51.85,0.24497785899172775,2.7687441859562614,9.013619817163704,-0.5375378634743578,0.010175227241701636,0.6923906731686977
51.875,0.4150409259297816,1.5070085765336958,9.037715211571962,-0.7011137734559729,-0.029709372367193412,0.6243933854012823
51.9,0.4810927114509833,1.3902034222467121,10.299242758227388,0.03413947944109691,0.04774050877431814,0.45859448552120663
51.925,0.2355864799755849,1.7241468801166158,10.289805302551201,0.13519655148214485,0.05790369483763166,0.29711013220939836
51.95,0.18798888676903272,1.2116086178114698,9.3324176044904,0.031130717170768343,-0.07655640606636535,0.2298071530928387
51.975,0.36701014840576907,1.1668858588294138,9.21625708061923,0.04165458771713122,-0.012172817692982757,0.13534842369798486
52.0,0.4361206297827805,1.7480470175155323,10.256589498685901,0.19879616358867064,0.06959580323621366,0.04935245001347681
52.025,0.19664110561432216,1.9111265950552416,10.736681283713013,-0.13386183158921267,0.07343550113749453,0.005119576375669099
52.05,0.23166401892575855,1.0347230803999456,9.385486619044366,-0.29686038262157355,0.0031192313319280203,-0.011655836077729041
52.075,0.25096000599012513,0.8591480167933502,9.331516463553097,-0.127795025469269,0.03934712711354797,-0.05917194997817118
52.1,0.30571072282451983,1.1915340325347503,10.541230966425438,-0.0010443080387786408,0.12753446605633637,-0.09502478159640954
52.125,0.2834415450591591,1.2629595097262478,10.226658369393178,-0.1783478934601378,0.07355463120308152,-0.09496109528596441
52.15,0.189684254080561,0.7058292243079125,9.25716354238839,-0.3386867135466414,0.00043915902663860934,-0.1118459306918431
52.175,0.16143289963008553,0.35523657329365615,9.498581961813068,-0.1974153817486818,0.030136283692039603,-0.12738777806075097
52.2,0.15972100592130622,0.5677300527439051,10.07969406318083,-0.11388123528305627,0.05447432815019544,-0.11435960976231951
52.225,0.16999657380271238,0.8658703338549292,10.021144794365977,-0.165051927055546,0.030969751710683634,-0.07811449319575292
52.25,0.2000425511806251,0.7498607271558685,9.664376043678734,-0.3516108921375386,0.03531825506944462,-0.06305689883029342
52.275,0.05769631719988636,0.2721360594981644,9.633979393471236,-0.20744259826360403,0.016164101169790134,-0.08739430066095717
52.3,0.11222001354656252,0.10977827786610078,9.87562432381783,-0.062057068201316776,-0.0018371090051361293,-0.083117761084863
52.325,0.10225504712088407,0.23302577885403297,10.061674535329036,-0.1319084741016004,0.022165542323868977,-0.06561803580324693
52.35,0.2175937475633079,0.24184464522497764,9.533289954931213,-0.2686460226033729,-0.028574988121692853,-0.052532208017874116
52.375,0.3355789227396474,0.12009834056082197,9.283556812566745,-0.053534743609371084,-0.06476185760899436,-0.05723399664282794
52.4,0.21691396679463057,0.40159037763284344,9.631961384598473,0.08702114411528163,-0.05698447995544069,-0.08047666836465935
52.425,0.2728344094825274,0.587351043183606,9.598677129150477,0.028968825731835967,-0.060497353072662366,-0.05731464414894458
52.45,0.22027713240316973,0.24347945618348193,9.436165624323836,-0.05160598836523715,-0.05682461760370567,-0.006557252476428786
52.475,0.250275614654685,0.3156562911544838,9.637365258411908,0.014549778524895961,-0.08828734397067423,0.022812789296364613
52.5,0.3430998756747019,0.40553172230588425,9.558699967390787,0.011902230945991646,-0.09508129259241899,0.027335285282269996
52.525,0.31918222151883335,0.2537724250002672,9.770807878789645,-0.048809293296556096,-0.04361678511901878,0.026178515786272255
52.55,0.28978018200491995,0.1038613681087208,9.912832903271536,0.005855764415679754,-0.02552204178595974,0.015561814649448297
52.575,0.3144728629168927,0.21113782983996338,9.865585956060052,-0.006799822857346045,-0.06723019022716739,0.005452718874799891
52.6,0.4172014982099057,0.348725822384393,9.729963344134793,-0.000961040052443642,-0.04018928533291529,0.004396562230552272
52.625,0.3915359461631108,0.4080501223365847,9.771832255528759,-0.012266911691450293,0.005130613748251154,0.01475629344111916
52.65,0.3610213598158055,0.3135390966540454,9.661276122933197,0.0026214788616351755,-0.019633471047069296,0.04811141571625067
52.675,0.3095149116124346,0.21259762007238858,9.698184360902358,0.07634462107251833,-0.003707618281935919,0.04156017543236608
52.7,0.274895925845722,0.2115391277224951,9.972043837896363,0.13690802293523027,0.003784589277872394,0.012501015797297286
52.725,0.36386336745695325,0.45500828414926997,9.82797492072133,0.024071115162459432,0.046297157329995405,-0.031096443542586477
52.75,0.4081129309427678,0.44843523294968374,9.58082074016546,-0.01200502202622855,0.0687351202239243,-0.06495551363781552
52.775,0.28607646118363805,0.4331727843953804,9.82366239664321,0.002841385908614931,0.04930497650944909,-0.05101552265262994
52.8,0.219908998039912,0.5956118854289436,9.83523084643268,0.004902197190056496,0.035922180433890095,-0.02193409165169248
52.825,0.23247174802468887,0.6053713538588257,9.525208995451518,-0.028514988493393373,0.0649398597911483,0.0037501747329482097
52.85,0.19143217802478324,0.31211490158861455,9.509857135299983,-0.0229369291467296,0.09131457420175162,0.03472000214099507
52.875,0.03858589672955311,0.18796361317872268,10.040256189872466,-0.027332835406258634,0.07800440412765279,0.04332870528118971
52.9,0.06695735725425186,0.04082672803952499,9.880036561898146,-0.05521773397724275,0.009259989727281316,0.05917666115682006
52.925,0.17698686588988077,0.16470724327788971,9.328771424945263,-0.0807858174919219,-0.005791283064076894,0.15054326482986088
52.95,0.1695333431605834,-0.062075928746565555,9.589423574246682,-0.04361071597619856,0.04647145553517138,0.2787344514434589
52.975,0.17228805042591863,-0.41294796712859716,9.820388900082666,-0.08460126899684088,-0.05344697425648532,0.5010163827829893
53.0,0.27533261275824894,-0.7363628757609972,9.72139782466152,-0.01453166507794399,-0.1352918992738205,0.7334010469081326
53.025,0.4524950343734801,-0.6743494865577725,9.765458207058368,-0.00606574195272016,-0.10352626109675532,0.9356481031434251
53.05,0.5296534005490532,-0.4500372942637898,10.061045495007939,-0.015267881493646523,-0.1062239185166856,1.1458327053608903
53.075,0.5399470262606132,-0.9530313031643458,9.625545357070122,-0.0019670973340102866,-0.1601936608406489,1.3346117634479135
53.1,0.7176977782900857,-0.8204898702734484,9.846973348961809,-0.008296448167946537,-0.14057152838788975,1.4964316891122993
53.125,0.788711425013355,-0.6023049528888997,10.447787111023699,0.11442800263084407,-0.08086249036701723,1.5749342757942504
53.15,1.163174716973342,-0.1966601261107404,10.256678658330975,0.28697625313332076,-0.037230638425651025,1.5765818105287082
53.175,1.4127580879743589,0.16873891838195018,9.839993902495587,0.40400833326283897,0.0658897411352812,1.6348931801384787
53.2,1.1892587105207766,0.48410002931882046,9.48132639151986,0.4153993694550053,0.07272722234177255,1.7682208735604368
53.225,1.2597189709964882,1.3335568207544366,10.04650946595557,0.14568275831173835,0.08047175361000855,1.8223510382916386
53.25,0.9686676601577576,0.8428120816104141,10.367113838637108,-0.28832189065842884,0.09961812476372657,1.8863538348002762
53.275,0.13346244669869767,0.5167230785466962,10.482337270545363,-0.7996091531904687,0.20400485566075371,1.8332675045341462
53.3,0.19997621298635185,-0.20554498711047153,9.703653422670577,-1.1088089655623128,0.34687704718968276,1.6885465084384264
53.325,0.7176701337346048,0.03932441496215594,9.53148218333341,-1.369524539808462,0.3001878416805658,1.6752122481129321
53.35,0.9694387846247678,-0.704393167955397,9.147487402412862,-1.20459030680406,0.15737686298711345,1.7380296145164031
53.375,0.7543477921164706,-0.817423425488224,8.71919976238474,-0.8619361751309549,0.09786174408997725,1.8200223176308272
53.4,0.6555271405543714,-1.6248027513716579,8.208387336171501,-0.6390512075277206,-0.011913108912571106,1.9231619627619507
53.425,0.6526083855425548,-1.802510994959856,9.087271606500071,0.16069552508932042,-0.13491252219167635,1.9776901830461584
53.45,0.07377593306732948,-1.8352991512179562,9.272503077229832,0.6825770808827414,-0.23700898952581728,2.039730653366161
53.475,-0.5479549196370541,-1.243430529594784,9.399654884575881,0.8836492361825955,-0.31670499059090473,2.0285043334747233
53.5,-0.6090631397120647,-0.49364641818085386,9.938310389374156,0.6025754452423849,-0.2583020456905314,1.9521704247744427
53.525,0.023813753819023155,0.5101480131650379,10.251791699913424,0.04685664815003517,-0.1755610427810807,1.830402358460774
53.55,0.6615736804348369,-0.017864332249599046,9.891324438507171,-0.25135206717900127,-0.16780022194811248,1.7079322892773026
53.575,0.6048473431773442,-0.5277747603756069,9.115646252350887,-0.09799493222170262,-0.13915983810063243,1.680595458320553
53.6,0.8898056956003112,-0.6502730614267492,9.214153290464779,-0.10269011812923992,-0.040671681536727594,1.6931798691505218
53.625,0.08844291296617393,-0.4013839893815451,10.749473986965466,-0.245620453939877,-0.011091641316501387,1.6901537766819548
53.65,0.01794074654145454,-0.6241354555144395,10.68746221045433,-0.29729625104495633,-0.012489321209852047,1.5971290902677002
53.675,1.5509786491183797,-0.07756158481608912,9.892738689559566,-0.2167013751354945,0.09874780628646311,1.4582814980685301
53.7,1.5779356735079257,-1.0693186819443992,9.412418087561601,0.29371513053767795,0.09886737144581512,1.3900163352945283
53.725,0.7656716422991457,-0.7783099225656254,9.719462377875374,0.819503434289237,-0.05320088692321671,1.3717257103826295
53.75,-0.44112687372482595,-0.48408460017996,9.338173667129315,0.8759402664749387,-0.22596491439931096,1.3732024422751095
53.775,-1.5419682138672852,0.025848655439810173,9.225220573695022,0.45129629727806486,-0.30211791494622,1.3694771163260293
53.8,-0.30292707810804276,0.37120973868891477,9.97157271534563,0.2380090810648695,-0.21543483053802107,1.2652484654832468
53.825,1.7508569248488128,1.0407256108686602,10.945635630024096,0.16959025567779898,-0.14458298506649525,1.0705446624594421
53.85,0.8843851716069531,0.6376618809097694,10.021384574823399,-0.1616633266316106,-0.14398927971157546,0.9248950078833504
53.875,-0.46335718006907123,-0.32189585136740595,8.63596527132757,-0.2402840718568077,-0.08277801235917169,0.8404056247198596
53.9,-0.03868733377386104,-0.08002785046627908,9.619752492947011,-0.16505459090061064,0.012196546137822086,0.7830415833057272
53.925,0.4817312988977595,-0.13691079832536673,10.709590903660757,-0.2026908494402289,0.05323517304533911,0.6653178245410469
53.95,0.5574978185881287,-0.18229982520630622,10.199011048189732,-0.0628547483502101,-0.012193876506747883,0.5302745670023878
53.975,0.1450984906217439,-0.36176296411895453,9.539475611814632,-0.00047889085205238616,-0.007601023495168575,0.4473217826815253
54.0,-0.37898676985877805,-0.44833404029374463,9.311743190736733,-0.0265851894327371,-0.02036675367253747,0.44897171039350314
54.025,-0.163572857310655,-0.44156023395822785,9.336664256713904,0.07626591685061605,-0.031332220674544733,0.43216950819503286
54.05,0.16302047207153947,-0.3072655138964724,9.906438428055134,0.3958292878963886,0.03002390880662504,0.35387562391949157
54.075,0.244279759591976,0.4561722562309142,10.240855482884273,0.26357297547205305,0.07646062604697886,0.23678335356463
54.1,0.017929518136933477,0.058886927926524904,9.752393421821884,-0.06024003333856704,0.10955665580089682,0.12947616716250196
54.125,-0.7065872209074264,-0.3281206215313235,9.556791007948338,-0.04356673498661304,0.06472168267344845,0.07543975895722141
54.15,-0.26952973928704227,-0.4080427189434534,9.26946061024233,0.09242699021804822,-0.019673158589203953,0.06760565414487793
54.175,0.4711476908353131,-0.29522716332629456,9.413762099840097,0.2585809128003324,-0.024308693266706885,0.045664931304142356
54.2,-0.10447337102214577,0.12727904314334104,10.150583890908827,0.3220205831618229,-0.03217814260476968,-0.004925024225993177
54.225,-0.14597138049671327,0.08534481191153731,9.766416679614519,0.3036213496815372,-0.05568835220723023,-0.04126727343798207
54.25,0.28045187807217775,0.053663907520122706,9.512150423437197,0.04578319554621541,-0.025247654513258177,-0.02309378037819176
54.275,0.05371291603609698,-0.012727614026795314,10.04089492584501,0.09547398517945561,0.05946074044973441,-0.03824551101923478
54.3,0.1688383614775168,0.16937651794265335,10.27030204173632,0.07134707613154459,-0.0012138403196708318,-0.06316306459599567
54.325,0.4330985386009947,-0.13179809662804853,9.618323819840175,-0.017918300649611064,-0.048943482552505885,-0.048614044991778856
54.35,-0.17863553365929077,-0.04383205739527048,9.48213182478707,0.010030244296775964,-0.024501751641962496,-0.01590291180326991
54.375,0.06417815248288557,-0.03618673781695432,9.712041856000573,-0.04302343598001242,0.019718486592013872,-0.001421570960009251
54.4,0.3726366954561444,-0.08589325659905225,9.992920947508608,-0.07736781876499664,0.010509458130056448,0.009348021414140152
54.425,0.13087017741495105,-0.23294266041057993,9.826977537013006,-0.005902060607998454,-0.05111781910098909,0.013428783859235632
54.45,0.08972185585643833,-0.1398847436712098,9.366801200664595,0.04555821794173724,-0.061729846114670514,0.04537519399002353
54.475,0.008194751310279538,0.015362785171875837,9.577474297849394,-0.05108058647751434,0.0012884745183480613,0.07731826179841829
54.5,0.012736603319850992,-0.1877181736796502,9.877214005971737,-0.055842650948899286,0.013719265089792442,0.09892765238999357
54.525,0.4097027394695977,-0.20471333644563144,9.780484470922206,0.01766439892170389,-0.008065864428598569,0.11522304048563539
54.55,0.5574871933495611,0.05071044407620838,9.81399840198575,0.014422832102237777,0.07554561754901526,0.11041399306830894
54.575,0.041066053008216266,-0.017564810499051065,9.985157925595242,-0.08184289017917726,0.1481848074336113,0.09443205252446156
54.6,-0.1013836122500211,-0.31785694384588253,9.857727994504367,-0.054390841884551545,0.11627809091364616,0.08608525623222335
54.625,0.308517925341104,-0.22467529314281315,9.591822088795821,0.014566986197208509,0.0754207050243747,0.10381233006130147
54.65,0.16688187775222002,-0.03114453041663364,9.934079654227212,-0.0193397013349843,0.07293347350835865,0.10658699706474122
54.675,-0.08897834404252031,-0.06194763804104986,9.86894502143616,0.0022280856000205474,0.04320163725884091,0.09404482831455704
54.7,-0.18354559776747087,-0.057741703520724934,9.639348519893277,0.02908234597702492,0.02975924995355824,0.06935267579318238
54.725,-0.3423666877510783,-0.020457949480147612,9.661137946665466,0.0050483987517050645,0.020022223104680964,0.04968469483643995
54.75,-0.06883411514478324,-0.03093189401978217,9.688279605534493,-0.011133444834229577,0.024937405793908535,0.021651187112791386
54.775,0.03094698378191927,0.011880382987657895,9.813795002567756,0.002003002504860784,0.04689620086339088,-0.0014777968554633212
54.8,-0.2400404180053838,0.08781543930477764,9.718593548846279,0.021324101168929584,0.06506024950793364,-0.018600840634301334
54.825,-0.11255855448693206,-0.03729214112885826,9.260855591091076,0.00016794413269274704,0.07386252816495723,-0.02497071856893978
54.85,-0.12296980986067321,0.18283707648589262,9.67939587914452,0.13264120107757563,0.10109992574946224,-0.07276183351971942
54.875,-0.5271703826520814,0.5937115447889826,10.392913899239845,0.09354914776130276,0.09104456995940766,-0.17834710528360273
54.9,-0.11620350840049756,0.28967470491601083,9.729521419151368,0.021129947737987598,0.026176593450890927,-0.261801550010493
54.925,-0.05718695662373263,0.27104174027112415,9.35211209894064,-0.05011892758035844,0.009526733773526148,-0.3107633421814792
54.95,-0.4511302786797904,0.31630116019621296,9.584210185120776,0.09513863414337922,-0.053852203395162605,-0.36972019383963634
54.975,-0.1228879710823868,0.7168400434958492,10.04742031011613,0.09758221852682043,-0.12011301407613702,-0.49576642389932946
55.0,-0.07949913830459106,0.9601600457369517,9.796904058362735,0.08070225015316848,-0.1111840965646606,-0.6511131489751345
55.025,-0.08086146693206724,1.3254792614229767,9.927312308118104,0.10283440179080644,-0.06257217750959715,-0.876063581263389
55.05,-0.21237681725667773,1.530848384677477,10.01939096199441,-0.09715940430461606,-0.03648173978434723,-1.1446336712059801
55.075,-0.20210350040301092,1.35328300289889,10.095867589820491,-0.41901024538962467,-0.0883156523387428,-1.3833574350758047
55.1,0.012715022269641683,0.9803569774785398,9.659107276717391,-0.4308273844081339,-0.0981928914149645,-1.639955366886738
55.125,0.2005680545591443,1.043616876079427,9.30495833435183,0.07431172365971116,-0.0626753391267256,-1.9806675852747408
55.15,1.1646103141171193,1.6416754606494397,9.849976702593183,0.4345053813205631,0.010827060253624907,-2.37086380883313
55.175,0.8445741223836212,1.5011421447990672,9.789502168846994,0.24256664465695257,0.09547052070412476,-2.699101714783893
55.2,-0.2863099898589778,0.9934359141954916,9.472770182458536,-0.28862905462399363,-0.06866887961604759,-2.9195605546020342
55.225,0.04790716044588116,-0.23559270705048185,8.623318690571377,-0.3006167499602262,-0.2247022413374024,-3.086329571297158
55.25,0.2251828250287963,-0.2165965871426668,9.492804324054836,0.39649857887686596,-0.09832326143817571,-3.2255268500959318
55.275,0.38032658319358076,0.48004795834407465,10.429868266659652,0.26881628994755674,-0.04665249997923534,-3.316871059491086
55.3,0.5187409209963065,0.6637654718512236,9.837977421930335,-0.1787391794301162,-0.2684205667233866,-3.3596050341329624
55.325,0.24085353875629517,-0.34526170984684557,9.790909849704377,-0.7010601234075052,-0.16452087694216144,-3.439068785912843
55.35,1.1378904630406446,-0.7220063278490337,10.138173071550371,-0.9379404290380506,0.10824306100719394,-3.448303385456928
55.375,2.087433319173931,-0.7232327301348912,9.807219134396464,-0.9608117620684685,0.09034305311814642,-3.331283455017777
55.4,2.694803310334759,-0.5908081366313043,8.902781200867743,-0.4660446861805865,0.1347224176193912,-3.0712791162985535
55.425,2.949015479338168,0.46239750674721003,8.933877681717375,-0.12828858438529026,0.33032177259274137,-2.5757864917196858
55.45,1.6895631484188571,0.4435165061184009,10.351361553523743,-0.12834257447127984,0.4136914213051789,-2.100942381003721
55.475,0.7155036546172019,-0.2737212274929995,11.032027226934593,-0.4149771629020349,0.24903267850345462,-1.7757040884241306
55.5,0.763401445093983,-0.7769810403153793,10.02900173069762,-0.3110763610890499,0.086906934355081,-1.5951456147792893
55.525,0.7945959752576345,-0.6228752830687437,9.621895444284219,-0.02851068113521716,0.07539241347767714,-1.4532580034695206
55.55,0.32909401335327826,-1.794540686840822,10.278314751660842,-0.15477689174518755,0.11852919721205396,-1.4228557811946245
55.575,0.5261898524917245,-1.5946371351078106,10.176272382593682,-0.3511788480166214,0.07035158467658978,-1.53698949269187
55.6,1.0391342518906612,-1.0260033302223615,8.884765408904125,-0.4593398969665229,0.15346239853289,-1.4769354763216018
55.625,0.5403810141956654,-1.6363658551671025,9.949185840223366,-0.3493640642862521,0.22773675898802961,-1.3725691680115868
55.65,0.4040050509682076,-2.4534377700192618,10.275409331312845,-0.2658156010808868,0.1978335094650215,-1.4104967862862219
55.675,0.4025787671069897,-1.5520530184246575,8.990419958688278,0.2224873292006027,0.15975654118490612,-1.2153613780023695
55.7,0.49223304411500884,-0.3672519349721336,9.158864409798712,0.4365716009460313,0.19477440514968997,-0.7820836088085491
55.725,0.5098214991149655,-0.09214631659614464,10.411179045323536,0.14117902955796324,0.2973687200844173,-0.5756730469740851
55.75,0.4194795016630786,-0.8054184770171939,10.029679251575635,-0.2627711701577195,0.33241382334970865,-0.5548986387566396
55.775,0.22917151452534537,-1.7730587055716511,8.910521616610541,-0.4628704896829045,0.32837977223158965,-0.5291287887932743
55.8,-0.03628548932743106,-2.422658619455221,8.859967480093683,-0.40571010106756367,0.34025086068090143,-0.468913656630571
55.825,-0.2981730679961449,-2.7262591632477142,9.40267055395815,-0.28479248672361746,0.26182669909991324,-0.38843615532313885
55.85,-0.31261868558964623,-2.3757289451873733,9.354299389739037,-0.07388801674514912,0.18384037938763412,-0.2830477501077854
55.875,-0.22420169183416594,-1.7279549767321438,9.330310913818161,0.142999052108033,0.13375464083440045,-0.14502390275214844
55.9,-0.22507724100987797,-1.5867522278189108,9.403922355000816,0.3508846963758281,0.010217341428537812,0.0014613481363625897
55.925,-0.300675873066324,-1.7261084224067982,9.98339938156889,0.4805026757871268,-0.08094310001975225,0.07444216825565855
55.95,-0.27413991217992645,-1.6404742634148477,10.117424164641191,0.38757906119881397,-0.08147941089967026,0.06390044361104802
55.975,-0.19944183863639303,-1.4349162749122857,9.564415169749909,0.17123178197886813,-0.09702519145331134,0.10372146918931317
56.0,-0.21144242820984677,-1.0372693440342224,9.48263045329172,0.2475031158046067,-0.061352199530286006,0.14012863240896709
56.025,-0.27934950809444364,-0.8598577520766059,10.163972088381351,0.3024060706704306,-0.057929141549914,0.10745709634063519
56.05,-0.30119442629861326,-0.5569146616573998,10.205974410530414,0.1669079219504384,-0.10742811101286363,0.08196306134103455
56.075,-0.24264661157411416,-0.35133548835688583,9.463178472128043,0.05806362700062559,-0.12262131881267048,0.1433183947899698
56.1,-0.24671396906907,-0.6220133034528532,9.230816191084234,-0.041285879451684195,-0.1009705826470029,0.2252936387735476
56.125,-0.18573146041886465,-1.1027842642991335,9.446377445169174,-0.047091835918480714,-0.11907618596797805,0.17986612809016153
56.15,-0.11537752744801133,-0.9780660897438251,9.527704466392901,0.07206280133327449,-0.1104051125803131,0.08436412501845439
56.175,-0.17280141676951946,-0.6257537199877756,9.58439450892303,0.21134343966146577,-0.04401751202253449,0.054764275220315066
56.2,-0.15241709538817297,-0.6405245779854591,9.580369184484645,0.03135979543284822,-0.04590111273016341,0.08209250202998288
56.225,-0.11789253194867508,-0.8478221863084324,9.590741180863704,0.05770869161124054,-0.06674355539429096,0.10557724098899322
56.25,-0.09423747878607303,-0.951842498915091,9.744770753346028,0.10804222171120643,-0.07769026066788869,0.09863408138195448
56.275,-0.12231708702712976,-0.8047042038499485,9.868710149178636,0.19579480816428182,-0.06643961716528743,0.09367270732098074
56.3,0.02209600276585478,-0.7486835734207367,9.539589843157028,0.15974507023916876,-0.0652347141359654,0.1346783001373344
56.325,0.03711092504139534,-0.6744360399341109,9.700669957144484,0.21814199145423982,-0.032830602425798536,0.10785480689212473
56.35,-0.04901645209633992,-0.5466690908572541,10.078199040661195,0.15339781530930485,-0.05028123626031798,0.0075364641222844765
56.375,0.03812249266181072,-0.33052201254037405,9.949847485510846,0.024697659342947258,-0.09034392010087706,-0.025659093919818632
56.4,0.12541653188579413,-0.21630110680611736,9.748769337615041,0.01930738330534014,-0.08640806202345315,0.024706379039667967
56.425,0.14212243040368217,-0.3363492954852961,9.802921062661971,0.04929350438535501,-0.11826286348644682,0.08241754309245714
56.45,0.17304369437899625,-0.39965467678832756,9.77625031561119,0.08644107021966359,-0.18137606020313654,0.12783867442784036
56.475,0.1448784083798425,-0.45495154563888346,9.360910906903191,0.2256671890536791,-0.16645628167191115,0.1653160336463842
56.5,0.15783045863799522,-0.5090477177583806,9.352238998109389,0.2691485556047725,-0.09838462530288922,0.1597818225890379
56.525,0.14395362152758948,-0.44140905210681775,9.954882192769949,0.175045048820256,-0.0751173739769685,0.09228470232014865
56.55,0.22863333361290428,-0.18204349200680292,9.808619770917465,0.06826354485199085,-0.04950474973703877,0.02455385720642269
56.575,0.356408776119645,0.19193592211787422,9.570864880090443,0.045364851305576444,0.03552536445121473,0.021837342343593646
56.6,0.40572282035956836,-0.04562583430733097,9.600246972900084,0.012701562673619977,0.07293687791199435,0.07242529605116527
56.625,0.27140041218903505,-0.2006394049837948,9.933142859883391,0.0689269275404978,0.04910419756708122,0.11673444778264906
56.65,0.2685950247418153,-0.2391857829320883,9.762062251632956,0.11947577315191045,0.05207600065496789,0.1351271401293501
56.675,0.21050415280709522,-0.14787164988099066,9.776110570357643,0.06380290419954694,0.08656899129109094,0.11555362729722705
56.7,0.22167358921269928,-0.4111224373470549,9.719135413017991,0.012728930818734501,0.06731296707247061,0.0591218390623326
56.725,0.15190053595382869,-0.2033578431188824,9.833891632148534,0.08079021972843724,0.044484462687043744,-0.023023249046905687
56.75,0.0733127885193321,-0.02056217527349667,10.069608095466503,0.07695769212561857,0.05316476861543796,-0.08717486478776694
56.775,0.11115222523972074,0.06881041588628214,9.817261950340269,0.0723372278221813,0.032294487822217915,-0.0630386710067912
56.8,0.06718945469038913,-0.04027186681092886,9.646108215913607,0.016931940925696262,-0.01998872667742486,0.028153401913515456
56.825,0.08089998396502227,0.08480732039006456,9.745873990717135,0.15043859620112493,-0.003169110049214479,0.022749396487178393
56.85,0.034179172911748434,0.010251318527754377,9.884722740980978,0.05171357174997923,0.05509870048560757,-0.032751354684303624
56.875,-0.027835456276705653,0.09910032703858995,10.45118550745664,-0.13269398928906395,-0.00888849840033961,-0.03292413304463673
56.9,0.06132585774967371,0.0719823710124337,9.968178753289525,-0.09152539118295473,-0.09462506014910604,0.031632407774072106
56.925,0.2833793647869871,0.33337243183332144,9.421825521953348,0.07716495784247221,-0.08284943777451284,0.09669160549715063
56.95,0.1862731298598027,0.013506604452445697,9.652847201795767,0.01182805464275418,-0.0636459773164091,0.13498637377827127
56.975,0.06645599300899732,-0.24079208612637149,10.164978574442255,0.0332726570943787,-0.06378460085822454,0.0772117867507084
57.0,0.06890582726244854,-0.35468756305692944,9.813502562363349,0.02998297163058724,-0.08038296531328643,0.00843812524453108
57.025,0.25760421152989554,0.14624648178982175,9.338257682386375,0.07742323694051821,-0.03513061368040591,-0.0050484990928447064
57.05,0.39148471038744886,0.11137989691203806,9.57629365493173,0.029711979633759527,-0.005498385699730529,0.03137952233447886
57.075,0.18306182865455825,-0.16929965094981353,10.013681445854413,0.03367113918329967,0.011555324567540694,0.02212339264754961
57.1,0.1286676763291806,-0.24262141448710917,9.970329536812427,-0.10685795830725903,-0.013718989661740415,-0.01091005229433636
57.125,0.07095811099788239,-0.5644271179418228,9.782874562817899,-0.010504238128491933,-0.028652357101128925,-0.1396613136265348
57.15,0.19023935695093955,-0.16074881806371938,9.540656578678798,0.17001810901971623,-0.03144739963791189,-0.21542292476515434
57.175,0.3958462130156972,0.7389561918122314,9.402216108604902,0.2582217445908029,0.04265728961642897,-0.1374449775585208
57.2,0.09258809549801542,0.9165515532754509,9.899632291932685,-0.13682367307811238,0.11026391124231508,0.004069318242739544
57.225,0.5271752225091081,0.2367036579665288,9.05499535664435,-0.021296131527954523,0.13885638916963303,0.18021648772993962
57.25,0.09557067470098954,-0.2984013788953853,9.89392190352337,0.10762236725440842,0.11149792778856116,0.22499823191841758
57.275,-0.12744664775850287,-0.5618263800501777,9.973484422862544,0.2896854164240733,0.04096963461711944,0.10660249982317958
57.3,-0.03268108563070895,-0.14255545867044678,9.727005559320466,0.09014525700875935,0.06452643967784495,-0.014632974213267744
57.325,-0.03864261908667335,0.34038608271779497,9.82494774686701,-0.0053204624429813475,0.12196553583979836,-0.04701145031482954
57.35,0.3063610221384427,0.2505050937725729,9.741060487019999,0.11367070600024029,0.04244009233262195,-0.020351257582897832
57.375,0.24008264509568022,0.3961376741033933,9.169010389835524,0.3360631254360465,0.09937317098176021,0.014551669773120703
57.4,-0.04713222727961679,0.9096632008530017,10.220644688136975,0.5040197546792893,0.1161426908232079,0.1404944299442999
57.425,-0.020204213423226886,0.9528876400437603,10.496482274470662,0.16073134386605736,0.07851727115631064,0.17418175293404764
57.45,-0.05847525575727962,0.15474100848572014,9.891376757201797,-0.11647843024803975,0.043295308118581094,0.10695007898954384
57.475,-0.208143800493187,-0.1353757096802737,9.940785817577693,0.024104150630409243,-0.014012249540515852,0.03721990129219656
57.5,0.11654120069739629,0.04890980069132431,9.587118498694606,0.3181168707558025,-0.09790127897515115,-0.026868112821068466
57.525,0.3248248213532179,0.42281750804359974,8.81711963076098,0.2894642365340938,-0.0555112561280951,-0.0236841407447092
57.55,0.5577985638950294,1.1934063736873242,8.755709854129083,0.18412789707922148,0.18296680057482068,0.04641344234806787
57.575,-0.2953631514889762,0.7191565734755235,10.76583869754686,-0.03891045990360824,0.21705386179655797,0.09634820564644889
57.6,-0.20555196436215162,0.45297132848953997,10.17106855122761,-0.033470150131575845,0.01122010616072089,-0.010341741000040882
57.625,-0.07651532629391819,-0.06473282862646491,8.995583832043707,0.10766282759055142,0.014872567969007808,-0.08111427317195442
57.65,-0.08227023747638647,0.7407888091013981,9.263277198501497,0.13865406826627402,0.1055486479996716,-0.11452883789532153
57.675,-0.21472448678637868,0.7229481059251556,10.218983935144019,-0.11369997377035881,0.13500122570211578,-0.13247280856668706
57.7,-0.2225273231465261,0.7680570028199546,10.338034036028779,-0.18008981522828302,-0.016954326020270055,-0.1410467242378967
57.725,-0.4260014123043149,0.4948866528772182,9.378806451497052,0.0507784459908493,-0.10650820406582794,-0.11912927024214641
57.75,0.5174495734834293,1.3437263159991617,9.081179454898693,0.30436494770866757,-0.04681486725924228,-0.05170622974845101
57.775,-0.09148896668124562,1.4638600312273402,9.863532829299029,-0.04041829280594164,0.11176043453030275,0.06765336129307305
57.8,-0.2956951079841089,0.8499347611753909,10.589413006286136,-0.27249718962137953,0.01694710400761435,0.17947108848838308
57.825,-0.1746941380337824,-0.04063453914158889,9.50759342288186,0.09107565988701165,-0.04106233208116201,0.13016117741554797
57.85,-0.16617300415160532,0.6861621150240564,9.948790200160415,0.3173452503227002,-0.01940835627605643,0.058391969527362086
57.875,-0.2261333151220239,1.246184487178118,10.471309180092504,0.028551685576460328,-0.053174046528704985,0.050302214220708664
57.9,-0.04298378285498155,0.9179777833398528,9.706380416144523,-0.2714619774899676,-0.06102969598431231,0.1014073673571044
57.925,-0.17576476380087389,0.13215913561836257,9.332218968897196,-0.15892372049347248,0.006413027919080017,0.10975759056858778
57.95,-0.18976673140531516,-0.13786267792465984,9.513168483315281,-0.03737556539652091,-0.012623823572310065,-0.009662918125782547
57.975,-0.11029315342650428,0.4834903519396856,9.911727975561602,0.256297887320628,-0.011909069668060693,-0.03405502777306061
58.0,-0.04641031812581019,0.9546621982002287,9.750584935782108,0.0580806053118408,0.016205312988523173,-0.05907087214993675
58.025,0.009331872336375578,1.1466021152111192,9.554063097236542,-0.19116015570230452,0.02268807188960027,0.010646903719063804
58.05,0.14065260406588204,1.2604717369664815,9.001127595102414,-0.05699109769990889,0.10083519249327239,0.09268527017711144
58.075,-0.09586193513647023,1.0506402265503223,9.822572148938747,-0.0904646434699601,0.1823905925458469,0.15757536043629364
58.1,-0.34144399005545745,0.47661070769662656,10.267422555636733,-0.22191248474845177,0.14796236328178267,0.1400656863683534
58.125,-0.24789022928681737,0.2206977937611755,9.793805322857866,-0.18115215774361304,0.033207699228840405,0.07015913529797821
58.15,-0.18574371720143718,0.26964539480700034,9.140995140841316,0.060994594046034696,0.0240175104364425,0.06683968026999235
58.175,-0.019950394117178184,0.6164363908608775,9.729077259010744,0.09588898989277009,0.07288976759422364,0.07168755132799769
58.2,-0.2513004742901628,0.5052319503553742,10.299468118857577,-0.12989798850976772,0.04836026656878517,0.010766034855613834
58.225,0.11592378441890093,1.0608949773895744,9.338598563238413,-0.34387927402067553,0.030360932427430307,0.044735963565683275
58.25,0.19619230824405565,0.4951061198426936,8.647985177013728,-0.46126041945538,0.1947815740756481,0.109769660273045
58.275,-0.600714060114438,-0.2619873352236285,9.887188035728322,-0.35835625417111105,0.2318446276299537,0.12624316461725013
58.3,-0.7161570882510593,-0.807973206747183,10.777511403968935,-0.12124471790047342,0.0468779956034129,0.0583684428046613
58.325,-0.3880018772246475,-0.5606906794728597,9.986428428697037,0.16467867786761703,-0.07691340765052174,-0.0827540575341069
58.35,-0.09245970198239153,-0.09459845759999536,9.271989534081346,0.00020296355221566796,0.0007814820649973196,-0.28260195240050723
58.375,-0.40871801521890727,-0.2013086731288503,10.265217419470991,-0.21983769134385484,-0.034017100867443674,-0.33874702239603255
58.4,-0.5664591445168665,0.08769340310903578,11.942405576234563,-0.24375586121854456,-0.36214889428307306,-0.2742563525228781
58.425,-0.11147306608163246,0.9087652899186192,11.27210692493495,-0.20230146197284116,-0.7979384261247392,-0.1349758368309866
58.45,0.031221719709182215,1.4143478669220417,9.719266238501314,0.07942033174336936,-0.8584886963421431,0.12672394525321826
58.475,0.3731948355382895,0.521566015043713,9.547518352899091,0.22340402258866068,-0.7750973303498794,0.26969551099099676
58.5,0.13377052257831384,0.5346971600316942,9.354494877712915,-0.22342406584893576,-0.6643304062307058,0.23498552722003047
58.525,1.2339470809806485,0.97078445065282,7.740917255067906,-0.07212044192146544,-0.4847121665200086,0.2980036982078108
58.55,0.46488395105305663,1.0097574760684327,8.477576512041528,0.120941663092806,-0.041101632932184676,0.47328006737200984
58.575,-0.01950399284991179,-0.8085604166657984,10.320374513544948,-0.2578749067327639,0.26625205939938107,0.3342406657128315
58.6,-0.03359794948835593,-0.5938415601486845,11.319830227957677,-0.7133494146379044,0.044464977827280004,0.11828058949201603
58.625,-0.4966253107417123,-1.6959578853112949,9.503580943670189,-0.3065659511503592,-0.20421051907734186,0.05294525332301475
58.65,-0.3739720623729806,-1.9288235147906325,9.519439046482004,0.32785001633032623,0.12894283405750437,-0.4996309414832348
58.675,0.7867490920330902,-0.012467216937471742,9.48148747950821,0.46689594070253887,0.4338069856965625,-0.8180948041849146
58.7,1.1528383486401166,-0.5629908946267246,8.935618444803533,-0.06506917930834673,0.5240413805010197,-0.8303021121632316
58.725,0.7364219511023246,-0.1284315139347197,9.716766334245879,-0.6414720624448301,0.24204711716343463,-0.5775535222034808
58.75,0.8160662160967715,0.3905247137467969,8.164604335403919,-0.008270942210669523,-0.0490815099560083,0.015363450243549525
58.775,0.741239411476951,0.9297675608257445,8.606716717265792,0.6880047187386207,-0.034707368168980325,0.47017435943825603
58.8,1.098069070656453,1.4972976482560556,8.625741762684504,0.6637293051527189,0.23354363084747506,0.6302438734498474
58.825,1.034746107869095,0.9422411412613856,9.735336430791603,-0.30169355243671003,0.5103403029695874,0.3844384696138352
58.85,0.02590194673625343,0.27777228799280773,11.814138833523309,-0.3553358058348525,0.3041284107609743,0.3673495887811773
58.875,-0.1176080644912497,-0.1678775554928517,10.463586028227384,0.23222999287053803,-0.28868287748188187,0.3825038963384957
58.9,0.37820869644711963,0.07933378713838764,9.162642262487282,0.6932013093066219,-0.41439300916933364,0.5840661247403154
58.925,0.24470755657138477,0.790312102970891,9.378195353594453,0.47186314030069965,-0.3398042409544699,0.6494314562876662
58.95,0.5777920336003145,0.1453128659537111,9.467212313835859,0.21816813213794484,-0.14377045556441181,0.5833891983163912
58.975,-0.1911549774465824,-0.9506556398314012,10.225050636727484,0.037812524111177435,-0.04598731584659152,0.21074127086445943
59.0,0.18902753385467244,-1.1410024901707538,10.093676564526918,-0.02317518671165618,-0.07179586993475792,-0.12705783948734214
59.025,0.6386334204471338,0.6790836410785591,10.201147053584684,0.18298183318724862,-0.12812854550687228,-0.24484716209040952
59.05,0.9769634163948364,1.0332980383018475,9.049932034098417,-0.05402750772031867,-0.008602973205453016,-0.20999991955131117
59.075,0.7073472113278337,0.22646529805586146,9.024793809789186,-0.21451297443641557,0.15341171345790838,-0.13659904150963256
59.1,0.051374364112955824,-0.4753150047796948,10.22666730315479,0.019302469830551013,0.193251049651153,-0.19144533704472477
59.125,0.2525885910677009,1.0383151075150012,10.56026063422085,0.131584908273808,0.11327734419709881,-0.25246253435158555
59.15,0.6309263414527672,1.233803638337191,9.212727790984163,0.04189705881061036,0.1356825038145956,-0.20130239594108787
59.175,0.7868401846829874,1.0202110228635521,9.319058748965894,-0.05693954978262483,0.24162867722111445,-0.06780684107762633
59.2,0.3124716253404083,0.24836231059667763,10.321753191246398,-0.142360392533916,0.2488375044018058,-0.007441526232608658
59.225,-0.13377245843829147,0.060698799091010835,10.574809928192623,0.05350053508045916,0.029148765496340587,0.07705666038795025
59.25,-0.024163333741465228,0.6455096883830669,10.157284830573772,0.4651647951460546,-0.15706247078909719,0.15126427140390114
59.275,0.08942484777706675,0.6962708064520863,9.303682359965412,0.11518312596958322,-0.0766700021176039,0.1594156243194554
59.3,0.12838121578291956,-0.058215285929041606,9.301560155392659,-0.29934408035114396,0.13459125376699166,0.06395710615058427
59.325,0.1202829329320485,-0.32075740127301305,9.45280444047008,-0.25554147479531464,0.25044575330691193,-0.1900411058586246
59.35,0.12932404677248216,0.8371776411449217,9.840155386943817,-0.004285620167558368,0.16593362821807842,-0.11634762003222904
59.375,0.024053402680995782,0.38017845910166403,9.87484306441518,0.03685176979538902,0.09546782327614906,0.0256343958357053
59.4,0.1815482007407207,0.3975433741361011,9.25229235106648,0.2035991478121924,0.10186787075262647,0.1000541697255802
59.425,0.40613413871715465,0.6174573345563468,9.394771744006398,-0.025548879796321297,0.18905171001802556,0.08665727489607257
59.45,-0.15471256750298285,1.1557031864892227,10.335200350679482,-0.13392754645207897,0.14452504428211208,0.12416575576856839
59.475,-0.3008930512325855,-0.04531996096121855,10.240546348018128,0.1704699996713906,-0.024416651001668663,0.21127235479328288
59.5,0.2045056245623127,0.9339244344052235,9.196593479075677,0.19982754571823855,-0.05851141206634948,0.17248977598462797
59.525,0.3718043129391438,0.9959823184172432,8.59908155037438,0.04218411620373332,0.10873161241902086,0.2125315529418391
59.55,-0.15309088738303522,0.2029707082242198,9.938135546217271,0.06259165061248922,0.22704932241451414,0.257175700708123
59.575,-0.5493680160363539,0.17315824890273113,11.079567355251207,0.07071458552613352,-0.007075845433132858,0.2214184703525737
59.6,0.02266271297282043,-0.03482300949538269,9.579988439242994,0.07033222640146117,-0.2388592544679383,0.09957766827172793
59.625,0.3418128434975295,0.954230401325534,8.561674571481403,0.23102294401775525,-0.13354720107393542,0.09876541467885908
59.65,0.015344025358165217,1.1360351993459123,9.450030073488598,0.10072438738145602,0.07846290196330255,0.1755573075298421
59.675,-0.21454844330776318,0.5145705044821799,9.819866010381718,0.15522283466271433,0.049264438152834225,0.23127404447701694
59.7,-0.21578496595636512,0.672091410930117,10.109354156483695,0.14545170035525942,-0.05187698109586888,0.15833037445210155
59.725,-0.07815569909996395,0.6116983658301057,9.575370275283039,0.11476848776656831,-0.0748313678840993,0.13008225967582843
59.75,-0.2875432050220378,0.2228144334713688,9.583365145259389,0.04330852959145114,-0.006947173663335919,0.067728289131779
59.775,-0.052130377109814496,0.07538950455986547,9.192829366010152,0.2003771214981256,0.020158572722680144,0.013159052090094667
59.8,0.17985734242710255,1.2912990745572566,9.70315397649922,0.47188150579873894,0.012808176515821949,0.06910427391597587
59.825,0.14980478064718974,1.366540795501018,9.821199171627551,0.33128908866412876,0.039745843446445814,0.16946769865617953
59.85,-0.06646006080810489,0.815649703855116,9.582687352141592,0.2263317702473747,0.04120553582372488,0.25125562017230446
59.875,0.18307721871263638,-0.01621839810084271,9.137993920288167,0.5305451025997207,0.06323760097372914,0.16923691568785795
59.9,-0.12311643500562772,1.7488235915573802,10.274779876186196,0.668190387036138,0.03431061712238258,0.08334682187208793
59.925,-0.07046800879038201,1.794786370847793,10.000314349296282,0.3066875516233319,-0.013161168036023949,0.09123406292177105
59.95,0.0035722811469601143,1.0301181701283204,9.034690914446323,0.4667569346152953,-0.0007632322660957944,0.09210660588166805
59.975,-0.10123659785500375,1.0278015250731745,8.85983896503757,0.5235969432836365,0.10661519447857983,-0.018855988632975603
60.0,-0.5088982117530875,2.078814768284985,10.574764175902871,0.17369409339577918,0.13550118968722064,-0.08649370079240569
60.025,-0.6589087924722761,1.3418781300167961,11.514285116899543,0.4092450686595457,-0.23708450030632278,0.03635009674464375
60.05,0.08485929041022519,1.2278898945327719,9.115816363789442,0.6061842220621921,-0.4871069919922307,0.003676423960290545
60.075,0.6477535976363226,1.8917596548828357,8.177073306502624,0.6339022735754644,-0.38389004960544687,-0.07546759727714054
60.1,0.38960514865746504,2.356916857100178,9.037191190505245,0.4407282992245881,-0.16914960906569548,-0.13259087585322113
60.125,-0.05230431844117218,2.6263088529454475,9.752334036236851,0.2945866292075179,-0.26902221088134176,0.06029985763388843
60.15,0.7994639991659523,1.4181527742810098,7.909154514927033,0.41653841367284733,-0.16696765045791587,-0.012917746803180719
60.175,1.01858609961733,2.7305113024120993,7.796822836664057,0.5757266599369478,0.17658826452018397,-0.06356164558596364
60.2,-0.39158704879137896,2.6209252351785537,10.877034727634278,0.5931073116832384,0.04116408946729606,0.00010966863888126717
60.225,0.71028265116814,3.6484841578684137,8.97529981181831,0.4995290931477005,0.034480421244220856,0.0510045687743464
60.25,0.8596598348868392,3.6577222008059542,9.296751697836969,0.5714678635463085,0.10234884161292898,0.24194875515139397
60.275,0.9784791976147035,3.1413209032850893,9.009333994981507,0.4077435269613714,0.1502253315425428,0.3350955314339995
60.3,0.8007239439498012,3.5413245969854503,8.693637882388092,0.42790504590334455,0.33266693324121854,0.27230886720843156
60.325,0.1475164283547848,4.666530850764915,8.50006472320333,0.4363647827000544,0.5294687255551419,0.3338902444369227
60.35,0.09780190459381533,4.823259841760394,9.517974174463982,0.5123701051182273,0.44612455996765993,0.6541389966618704
60.375,0.10020198812131337,3.1928215908886934,10.397416975602573,0.8360216748479531,0.17496671792929583,0.8690429036379467
60.4,0.5532623173292421,3.855703164134132,8.391129167353553,0.7858299876610797,0.031727246428638944,0.6638046889956741
60.425,0.6005095478791788,3.149249968656532,7.463956368536714,0.7796442348539153,0.3087854390944961,0.5970309291948551
60.45,-0.46674306430962975,2.4710772379491117,9.094357412651629,0.37519062071384307,0.5231947200935025,0.35480722016842114
60.475,-2.0441527664434873,3.6622168746454014,12.947260156516704,0.11259424029147007,0.34766624754560627,0.08355838165464849
60.5,-1.8153294530352946,3.051201451318204,10.964937694383414,0.0899683269466908,-0.16171623404985663,-0.45626186992356194
60.525,-0.08004217299637645,6.022075001896261,9.293138446298924,0.870549815969977,-0.46304336438088445,-0.41889790141569183
60.55,0.5742939210486331,3.3058655968970685,8.228897034723122,0.4384686611088186,-0.30465170881596154,-0.5885587638715054
60.575,0.7037105589801188,5.578724156126363,8.188738505396854,-0.4556263519420477,0.03247626371566222,-0.6832749684000227
60.6,1.012154593688457,4.765945120659125,7.394930892153073,-0.38048224677962866,0.27133487840926773,-0.5601153292279669
60.625,0.611009096212067,4.65926837164686,7.8212188533701275,0.37669598091924095,0.26218083677901277,-0.1759698293888688
60.65,-0.7562752600496159,5.254987874897877,9.342591985907454,0.7474110840235738,0.24499808824067823,0.16353724319285542
60.675,-1.750242820985317,3.0055537591192985,11.576307796694039,-0.08856819135668782,0.062036439018410244,-0.08945641046185676
60.7,-1.1923010109622822,4.460973805213012,9.85883056472012,-0.25085334256177017,-0.40875217480635156,-0.33137564324896446
60.725,-0.35251222754486905,4.302776549445919,8.242386963611793,0.2669661558143213,-0.6029945658982041,-0.22526732132060315
60.75,0.5099937808624836,5.427420872889183,9.03362650715411,0.4338192690922644,-0.600804038883384,-0.10427431131235829
60.775,0.6698110584996656,5.716225779449762,7.674230852231611,-0.1271595058192003,-0.3726749598910699,0.02134821400038442
60.8,1.087121666450498,5.588028083710479,7.758555590747925,-0.19857255781825722,-0.09848628671125428,0.2317869483390804
60.825,0.18472775431796257,4.4659788796068804,8.27712219517943,-0.32315312346070724,0.11526163529930587,0.2715646197311401
60.85,-0.5706636756314419,3.4675063440430205,9.585562966406263,-0.28355384901012776,0.14817786650345288,0.14471402374001818
60.875,-0.4421233501027988,3.4294246021824746,9.644577766828336,0.15006297438104008,-0.049820089015662455,0.006052844156822762
60.9,-0.8784732269839718,3.971788052435544,10.21451522509755,0.12301956617732764,-0.21373464275035475,-0.10218013600950196
60.925,-0.4582582309269505,3.5072101025151943,9.140303923580664,0.09437066376683559,-0.42427461767350083,-0.2867126210061418
60.95,0.24727004839081887,3.610685211205494,7.930263261250079,0.07313384535837877,-0.4182037578075654,-0.40249142385612124
60.975,0.3210052444594804,4.206861116609337,8.155286187050148,-0.0655253490197116,-0.18222472488832137,-0.5165681541647923
61.0,0.44339510531031023,3.819995372065563,8.380548996571617,-0.16442678134729832,-0.05639545992115275,-0.6737412936491642
61.025,0.5321321770620232,5.054936908226697,8.567785306709125,-0.038865258892060085,-0.03633614054564007,-0.5929359934027455
61.05,0.6103264365229182,5.9886223613055245,8.624754156700565,-0.037340179511827803,-0.022400063331257648,-0.22680271391184922
61.075,0.48210650773879393,5.536814453327242,8.340516557877184,-0.27898299470327564,0.07058492260863813,0.20233349954153573
61.1,0.48271126053371566,4.632972065516181,8.352349437114965,-0.08145385613753002,0.1244386890551801,0.42204518972208976
61.125,0.07371584249311773,3.8619800252770657,8.844696222377875,0.09349088259924997,0.05092510075454239,0.3214066339669313
61.15,0.08897665178376746,3.5035583009879434,9.048899788689551,0.005268215040837607,-0.016421809102911224,0.08014826277013766
61.175,0.17047656223928562,3.9546034144012343,8.66016393436205,-0.016072798517034956,-0.03945452613084535,-0.11497697905068317
61.2,0.18614277316093117,4.154708080609465,8.645032702355,-0.06527249042936838,-0.019455331039639548,-0.1318473465462466
61.225,0.5833862939160672,4.879393472968507,8.584597381544356,0.016022748891696553,-0.020860596447394106,0.040834468428187054
61.25,0.28101929262629605,4.436937091944872,8.650942515446545,0.16621882475338035,-0.052995737215689134,0.27431012014063694
61.275,-0.1001188836488,3.991564270554296,9.086924824390717,0.1965841500540162,-0.11806366616473302,0.2795195972419152
61.3,0.3073639323001506,4.041364711605165,8.071315698000326,0.04806886872081245,-0.02900147790101271,0.10622882224452254
61.325,0.7652512771616016,4.208812838713968,8.007907908317316,-0.03684358953188919,0.09186573268760316,-0.016880608080738817
61.35,0.8102591030714054,4.795627944451298,7.746788305708938,-0.06219166233899643,0.25627133386127654,0.023042604073202858
61.375,0.5023730206015607,4.613494642943797,8.74114350802265,-0.1013542740166834,0.2855834568432277,0.16276986702096716
61.4,-0.3918717349988977,3.644056676635564,9.548595857494268,-0.041716318668218844,0.14751553616744253,0.13606494224819107
61.425,-0.5161362244882558,3.7411766700480005,9.348754987824131,0.15021205346229308,-0.07032295061375322,0.01906133102951736
61.45,-0.3107702421487042,4.126529706259882,8.971617365430136,0.2769592874090307,-0.23910235052408568,0.017497937042382256
61.475,0.10171530466389422,3.636641312396927,8.445522359284777,0.033776436681177496,-0.14773487968901328,-0.08348700546429472
61.5,-0.08192423493229786,4.3160779098454265,8.830678821065574,-0.07461514638980263,-0.11020756489566758,-0.07682401861394354
61.525,0.06564645845839504,4.081900985536877,8.740432011467794,0.058778727850975376,-0.16710057784929405,-0.012334184515118385
61.55,0.018360721012581432,3.4211903163201622,8.669893013272427,0.12488174696173958,-0.13799241180941996,-0.06711612661502082
61.575,0.49764535399398535,3.997954675017964,9.143278667162354,0.0359270377317491,-0.13095596980001953,-0.29044704138200106
61.6,0.6794146211758623,4.842999960337726,8.408339905115469,0.04216488488100922,-0.14384933206769257,-0.24892579539422982
61.625,0.6655970394007477,4.389839621207369,7.92074986158387,0.10643259460537098,-0.03857821110982922,-0.17051726401492082
61.65,0.28751812909618113,4.4434712882211524,8.120633965714823,0.0715104924469768,0.1804692423300717,-0.21427907723527453
61.675,0.47978990632727225,5.12299023028172,9.007695519481691,0.03607917962196882,0.22471320804287606,-0.09463488184535761
61.7,0.29943747683791466,4.719379959115895,9.064015605390152,-0.08860715397741296,0.18014240926971598,-0.1026349255493722
61.725,-0.10524335337952116,5.593888719033429,9.545276523400355,-6.502932777308748e-05,0.022334270901055626,0.0738575339386903
61.75,-0.2149074640128101,5.1208122076383615,9.648164531322966,0.12675455815261202,-0.21644877014150707,0.29653370398786905
61.775,0.2789423451764899,3.477016082510864,8.836725220041146,0.12559890087631387,-0.2848852350587533,0.1711772384669783
61.8,0.7103376226453889,4.926881330881345,7.251368607221767,0.08606806251537363,-0.1020236860772435,0.030449034681937014
61.825,0.6088161187912174,4.312751828409919,7.493174236410556,-0.04369134838327234,0.20177367558787307,0.09820169634589453
61.85,0.1716097540992912,3.406147196299595,8.769643465101154,-0.1488245743887825,0.32395236843452085,0.005081806043345198
61.875,-0.38140149234916854,4.229306032370903,10.278794690980208,-0.025885928361548377,0.15656101416969995,-0.07326271677337531
61.9,-0.3223018409734286,4.613430511778743,10.031776590993744,0.16162024850817133,-0.16490512557651468,-0.14962296950585785
61.925,0.36107404307027796,4.9233134402968615,8.440579572347872,0.17918859306406887,-0.2964893600845004,-0.13926988670349014
61.95,0.8281178606899746,5.489549800003786,7.463677584689913,0.10865032144493647,-0.10498914335664138,-0.11903273015498966
61.975,0.8227432837201005,6.500791509651233,7.504998185492712,-0.13524013240948593,0.16539785128179688,0.06241269411930012
62.0,0.31605551018217304,5.091006249610113,8.94868283835807,-0.22880604595632748,0.2090921682950563,0.30699571694976924
62.025,-0.19899036660340147,3.3403958239518956,9.38009476693902,-0.12267516436663181,0.08234750886324912,0.28329828703618554
62.05,-0.1487413707717669,2.9487032878184554,8.882474937143957,0.02824376754194549,-0.07330637159623778,0.034391685164162134
62.075,0.1488654216173122,3.82346476882302,8.289650061793251,0.19688753074672202,-0.11883459503569836,-0.060275319793097505
62.1,0.33874487355287963,5.4927462913473635,8.250549515538006,0.15814748070439488,-0.019330615478975154,0.02840147380079154
62.125,0.16144402474395397,4.685712012201082,8.876786495143552,-0.09392323438672288,0.032207620996045176,0.1445117825442335
62.15,0.116923570726688,3.9347144157798057,8.93948331510726,-0.031128021490737026,-0.05311959722211615,0.10368691563081797
62.175,0.04829690388470305,4.385131563807141,8.882254187120884,0.10157122437930487,-0.12065226684886603,0.017399860468375283
62.2,0.17871539465166714,4.0795568473028485,8.690590438327877,-0.03746975296919627,-0.1167674751321459,-0.0390111962607031
62.225,0.4547890065190683,4.599438973989771,8.268939242357833,0.00975690054034977,-0.06781304313818562,-0.1110419184730897
62.25,0.5048728886569395,4.90924581860592,8.103736528094462,0.053539360768645725,0.025601846140232334,-0.10698605266433879
62.275,0.22604125793813554,4.859771244738788,8.412432270574591,-0.03108809228109649,0.08893712491978444,-0.07617409175254199
62.3,0.044151683509090975,4.279832025395628,8.92065145723687,-0.04858285151541309,0.06992603341650291,-0.11756571950728427
62.325,0.22737080249371386,4.738400334269036,8.700384884047743,0.026824205423580803,0.012152645547190356,-0.12982982676795765
62.35,0.261907393136278,4.903187132514588,8.388254122928677,0.003914119443266582,0.043125575269857545,-0.10659282780575667
62.375,0.028600822013246624,4.209100881852579,8.577058746544646,-0.015686108009235287,0.07947231282482856,-0.08296264325463115
62.4,-0.14421852808243418,4.233167634824018,8.948837807595584,-0.01043382084413181,0.024798340849982996,-0.11988558512048321
62.425,0.06225426342217948,4.353045971917551,8.69190467127218,0.0380090842465317,-0.036468709282353406,-0.14694515689201615
62.45,0.07809535710036286,4.638632837666706,8.59995677189621,0.055272826654974606,-0.03604224563646555,-0.0797050239072156
62.475,-0.12328139649695012,4.4708559032854325,8.815096234373993,0.028979838257726723,-0.03128934601892237,-0.018195303412258487
62.5,-0.0366192829753136,4.187130036551482,8.888322955330425,-0.006133314011792606,-0.06719985937690945,-0.0851808983044693
62.525,-0.006973985955409212,4.64253500180147,8.387675081079209,0.046800835665820606,-0.09597620121578637,-0.14111733184541062
62.55,0.11060904187743491,4.980622001313271,8.356853734324607,0.0797649336769411,-0.06451122560405818,-0.1187467670320986
62.575,0.1775081048398669,4.820501857671507,8.54751912256508,0.0024487661056012645,-0.004030771496843244,-0.06674946813046749
62.6,0.1313629412379461,3.9781776326815104,8.623339650314188,-0.07011324710633592,0.007633390906025335,-0.13224829560142426
62.625,0.07778787634889878,4.574894047681441,8.212574371170776,0.05231895184134028,-0.006784221873412499,-0.17433915232326852
62.65,0.1379684090423425,4.5042511555470215,8.228795394739539,0.03786390722836443,0.051259927866491084,-0.15037866787055917
62.675,0.23263196984626783,5.343089448455801,8.900194001317484,-0.030435643562242234,0.08569904875942178,-0.03256320020640461
62.7,-0.079902538494018,4.099235051959575,8.910843322962657,-0.02543586715645911,-0.024239782669323237,-0.03234261014734187
62.725,0.04077191637488282,4.800466041619207,8.810374083659951,0.009450649805817151,-0.0793202661393354,-0.04975790813361037
62.75,-0.06733495913668278,4.627372146798623,8.357940692220984,-0.04532750213173946,-0.04887525399034258,-0.0642243981900699
62.775,0.09913472041922582,4.890460131266199,8.508750993140191,-0.10229162883519954,0.002460918203973201,-0.07458772223922065
62.8,0.4219661952198027,5.114567076053036,8.393572458219861,-0.06196685620713135,0.02278377139443801,0.07842667218396236
62.825,0.31712487610972573,4.097539469164452,8.039433061376274,-0.07336196569450719,0.0829095618900726,0.051000573973575734
62.85,0.39847465207356764,4.499842720768168,8.05412733559146,-0.05230062949350463,0.16541294052538225,-0.007068188405065234
62.875,0.2273391437162474,4.461696212667386,8.227744094897693,-0.033865976750956095,0.2405774394624896,-0.05287334300359524
62.9,-0.023946221670260164,4.596747408846081,8.543584365370402,-0.22499573970779296,0.298214705640907,-0.08345414229893103
62.925,-0.1596197126971382,4.264857019528683,8.487882450642763,-0.33984815105418587,0.3351977916286183,-0.1510148000573078
62.95,-0.5089806412883771,3.5547415579455954,8.816952410788787,-0.1578439738137089,0.22386688608617333,-0.11164030750037132
62.975,-0.5931261156957641,3.933935818323545,9.360325183541688,0.11189117060509025,0.04222882604937154,-0.08317636075300787
63.0,-0.4587931138538759,4.419345373745534,9.054764443527242,0.13272353107198723,-0.06114592805120901,-0.03861409602126681
63.025,-0.347498623411305,5.153211370556629,9.07062025910346,-0.029565295207776367,-0.09887908502743369,0.04693246284198791
63.05,-0.22380084711179368,5.071855676956792,8.86191865202904,-0.03132159453140159,-0.1544853155006691,0.150824948442455
63.075,0.008287124524489778,5.423147782877306,8.722675951158628,0.13427511638189701,-0.22937096670609985,0.30305444480973587
63.1,-0.04828159086666413,5.266702404630398,8.953368874680736,0.09236685030977854,-0.21523688222820864,0.43014448163324287
63.125,0.0026155120790193817,4.608029526565211,8.388144697058209,-0.04107934806744561,-0.11223845350098866,0.4012949646981134
63.15,-0.08097867928179253,3.857066784091451,8.213237275443175,-0.11451048459257508,0.06296825090995486,0.25192653499128387
63.175,-0.535795182517906,3.4106182813715265,9.211709720825224,-0.12521697780596808,0.10728536044152343,0.029610824795538792
63.2,-0.5186935360980383,3.9612962904935043,9.827449544664145,0.028313282538673178,-0.0712632621234467,-0.16377666252372525
63.225,0.03928976765774748,4.247226445618578,9.055694040486216,0.09293159421608477,-0.19514456761484109,-0.16553582474157574
63.25,0.0013291898639911856,4.784684314807267,8.474449706294717,-0.053264632199192516,-0.12891603630001955,-0.18928354294385125
63.275,-0.11712816663924377,4.88594573626513,8.351810190772198,-0.13253668680804767,-0.014665819659011523,-0.15538147910441205
63.3,0.12803048077666576,4.82066669523536,8.822853536132722,-0.030251198980651015,-0.018926770906235558,-0.03253902406797005
63.325,0.30903873241530505,4.906906223625405,8.662783024445574,-0.03575860559876878,-0.012224379599018625,0.0116134178023009
63.35,0.1511784141357158,4.658474208575606,8.552917115606832,-0.09693777233398192,0.038226145092590806,0.03380675666616491
63.375,0.14876505524879913,4.752607571083544,8.597287652721363,-0.17389641139884213,0.0620368953487482,0.07997200302664127
63.4,0.16569534054142543,4.752749659614859,8.641750364163194,-0.120106112441705,0.05374756255173647,0.10201243135465252
63.425,-0.03583392607849509,4.910764488977979,9.579919036832445,-0.05679520485540467,-0.024430907670894675,0.20135699362279133
63.45,-0.18238502768429057,3.966036615792456,9.631701813983607,-0.11563126130183882,-0.16685607802526278,0.1709417337626283
63.475,-0.3140880051068462,2.687382394167118,8.832774806205219,-0.14332868985902233,-0.2651499160681075,0.0015458351696378465
63.5,0.20324413751452747,3.2447941573566,8.120417551253903,-0.017315871209589648,-0.22806535270913195,-0.16922640152444343
63.525,0.45201579746750126,3.743681077227967,7.667995848569889,-0.14367902656950704,0.023309224764180486,-0.2555828903055364
63.55,0.23833919928596767,4.20510587062295,8.537944571399555,-0.14218552983803848,0.1460073032368072,-0.22533470894469695
63.575,0.1961365318938038,4.263503827931742,9.333069881162203,-0.0686582210492404,0.024511707690873675,-0.1358374742934762
63.6,0.4089449607527598,4.752655861989744,8.811879195059214,0.00037089134722421567,-0.09185509687361021,-0.05372412028082205
63.625,0.5807437866443045,4.088822706730877,7.647524191295181,-0.04544487481793852,-0.001456084909773121,-0.008384269766498942
63.65,0.4221770736335345,4.336745735852492,8.101558234282182,-0.06535948367739403,0.2087423639218832,-0.006312344154791653
63.675,-0.257279229575404,3.893375185736745,9.212879637164672,-0.2472468423477062,0.2877523182297818,-0.1823208094773465
63.7,-0.7293591031651537,4.648362298489192,9.70171533467275,-0.11775751184085714,0.10816482032344955,-0.17646774655003183
63.725,-0.4996694120351098,5.4689520230503685,9.770379255396783,0.15844128371005378,-0.18581706980214327,0.17590819191116616
63.75,-0.045772147466624745,4.7268281985666745,9.210439747097054,0.10654581982428904,-0.2970410266831269,0.3979564733925106
63.775,0.1986151667993245,4.199693776925642,8.96066850601624,0.010085778214170317,-0.3020625873916115,0.36329671524815593
63.8,0.14778911780535178,3.980362033917659,7.71036252151215,-0.14002362672337673,-0.06787014693876936,0.23247810901403668
63.825,0.2607552259928193,3.643117122861458,8.81452761334021,-0.17632512190061547,0.08387221943790388,0.10523042000435612
63.85,0.6719353983497317,3.214598091278507,8.305266815458861,-0.12609938768065643,0.09587521434475836,-0.12098283467876819
63.875,0.5144154322904109,3.2826170633569314,8.255923399818423,-0.18846826190927962,0.2738075407342369,-0.1022127391520468
63.9,0.1655053812348501,3.341952487773848,8.771659576761316,-0.14671619090512109,0.32500830778646544,-0.17876966829714203
63.925,-0.4981877009545726,3.8744080248894943,9.674396055989774,-0.03037302251400709,0.18644642412133203,-0.14807522530029116
63.95,-0.41048488275023964,4.94330706258808,9.729915569271624,0.11524905771525998,-0.061822168472715655,-0.046918750005470494
63.975,-0.137763991272153,5.205639338242703,9.068119449881923,0.21017540744403101,-0.2293907434574755,0.17599026295440953
64.0,-0.031290247608364505,5.2450902957138545,8.662824530147137,-0.02281557996651664,-0.1433232393274142,0.3188764555458559
64.025,-0.01942927460328348,4.0434990391530015,9.54679312125481,-0.1818332076337657,-0.16541626535470447,0.31267491928154045
64.05,0.12709208588995824,3.588281793777541,9.355317820385514,-0.08736330514298724,-0.2761519555074721,0.24961430612425317
64.075,0.7340997527951026,3.90208987036447,7.898475006987245,0.06078476499832863,-0.2841975866246514,0.17919986927121836
64.1,0.6482919108253243,3.8386868421372276,7.761069066012682,0.08069405678791348,0.04911114886299309,0.2336694913835906
64.125,-0.12606025932935527,2.6771291181855643,9.609917248748076,-0.12601463981769054,0.15357442513360411,-0.1162823503266972
64.15,-0.10165154101677229,3.211016981911431,9.936258283344657,-0.23988463997781745,0.04291485876353906,-0.4108753763478878
64.175,0.0030357435567162153,4.133098023407884,9.599670755369473,-0.25891693630832,-0.09859730996282269,-0.4226415121090313
64.2,0.2369261318549467,4.59911267143826,8.756584731431328,-0.09744973788207643,-0.13826179747139866,-0.24430443175819086
64.225,0.33984282704226976,5.075931208051918,9.157080750546786,-0.17080707557129343,-0.0613643634412332,-0.03607688283700096
64.25,0.3934867640164409,4.744912263346383,8.845143746712768,-0.43190909175131686,-0.007100162014825406,0.15279789878108868
64.275,0.44978568236927313,3.6153664024213756,8.937392777170999,-0.5020610923178747,0.030875283470882607,0.16831181155871136
64.3,0.5914280966071669,3.9000641098839135,9.061507237385898,-0.4403060454385861,0.06479540492220962,0.15835410968206876
64.325,0.33979256340613784,3.581913509891203,9.164894934453354,-0.49780281482644595,0.07748115069080194,0.19605577507305516
64.35,0.15628473035204699,2.3672547126211323,9.538500670876417,-0.4266399409839643,-0.03925134729033482,0.18566613458057715
64.375,0.2059330080214183,3.026662627962366,9.868570786050137,-0.31353988339535,-0.11703730105720976,0.07296231542155433
64.4,0.334587281108575,2.772201910003124,9.284172338582929,-0.3290298458934633,-0.19868834505103866,-0.04053983739734536
64.425,0.5006475228208304,2.903978418005239,8.346950562512166,-0.3216553717467133,-0.16729728534690178,-0.05738545898606183
64.45,0.10233955191809742,2.1789982638395804,8.998985136336502,-0.233664542566286,-0.09457005472834366,-0.16829441160349448
64.475,0.24879082185648915,2.597893035549848,9.455512578373929,-0.42898391447932516,-0.06956687272519349,-0.2401819815040916
64.5,0.46710273220193904,3.065159758491771,9.306050509174296,-0.3835635289246649,-0.15512472318660486,-0.2180228746969844
64.525,0.5194404887068138,2.3829177388096694,8.719122566492127,-0.15946408283913027,-0.20511653763120574,-0.058698977601498004
64.55,0.6912829146533351,2.948828526165762,8.511960384731502,0.1496442869220612,-0.20191829050747642,0.13905989524347473
64.575,0.7417564707085401,2.7071219687993167,9.093497840827157,0.05864456711035578,-0.10215129803288238,0.25585536632761136
64.6,0.7166916454598549,2.6521861431442852,9.50345227027981,-0.19025762593951065,-0.03657409206231106,0.16977838191795458
64.625,0.6095329016204373,2.654704432946675,9.817226714556634,0.02986222158282122,-0.08148335472439334,0.09692643405179606
64.65,0.650334729386816,2.678619900141722,9.402881300843914,0.17624204912626,-0.14992373064302264,0.1004017716569551
64.675,0.6841101332398132,2.6369426923002934,9.11733528463968,0.02682311057882887,-0.03695081327842987,0.005807752313806906
64.7,0.7085369894131279,2.7880393250232998,9.633529222420101,-0.18319071007157722,0.07385602155975549,-0.11227753360684525
64.725,0.5794466937378862,3.1633283084588464,9.57536368886807,-0.007991602164162226,-0.013916642577133171,-0.007397869168218768
64.75,0.6848308540756008,2.0933007277410915,8.980963435320662,0.12772608192939103,-0.006923056326160952,-0.05443671078483062
64.775,0.6955276937778903,2.770966709368212,9.54631373654879,0.05151061964735979,0.07254965721816739,-0.2619532805980323
64.8,0.5471344790773519,4.029411832376135,9.558097560096881,-0.00011454976032273265,0.011995885344998262,-0.18115345813188904
64.825,0.6246982654748596,3.203361415024497,8.590439149075788,-0.1568931720519006,0.05585845618038017,-0.007874599014379058
64.85,0.49770116404708525,3.1291049492918974,9.069774197536516,-0.0236680149317649,0.12927887343983474,0.03118335910893738
64.875,0.4100471262361618,3.0508391848439733,9.826802961869696,-0.10163589959368124,0.09768101724524081,0.05079157025253417
64.9,0.4141024183295504,3.1163113054237646,9.705276161719183,-0.1323786588121925,-0.011435749567993436,0.11037967460951893
64.925,0.42630969837072735,2.1250332623435684,8.890120153770955,-0.1316463234837085,0.00369162870498297,0.09974265408904724
64.95,0.5420332610822315,1.8275228834927715,8.979850347715983,-0.003939646610163523,0.06200791860735587,-0.06614739064823763
64.975,0.5466231900185679,3.195421317488559,9.79123470958416,0.1099153983585468,0.025492219347146655,-0.10657716804944167
65.0,0.5761860832765686,3.6921631768892746,9.572790169761495,0.027714910893447287,-0.013057800254625253,0.03654161677701995
65.025,0.4938770805281217,2.355896927530109,8.968880524605744,-0.21567974019753616,0.05953502369962543,-0.028674851270901736
65.05,0.5794846400369457,2.489977526154403,9.049197107809304,-0.08158984959167137,0.11981579616134476,-0.11980441226362042
65.075,0.5041549900714681,2.9148699578516237,9.167258304103855,0.033588077088484186,0.11257531523134631,-0.06675704765836377
65.1,0.21425560979342528,2.6563869849092505,8.997344700080284,-0.1727980213167928,0.1513595685080492,-0.015579653656559871
65.125,0.17596244075233075,1.5506669627693614,9.021205021217128,-0.1727407033805337,0.18097542560640403,-0.08469710063620468
65.15,0.20006935855792024,2.2610589060391826,9.49516413371339,0.0980101045549237,0.10062509017969724,-0.19967025577301373
65.175,0.20302363918783503,2.788193340222096,9.068058510424933,0.057839063946769353,0.03521734201371505,-0.1857497768188445
65.2,0.1886556965042947,2.074512045407102,8.77747116502215,-0.031163305372313592,0.09177758243186149,-0.1423756867946027
65.225,0.1993778471141585,2.3846520884292377,9.497449618043163,0.12765190564770396,0.08040038026059397,-0.14180234534189332
65.25,0.269194768117497,3.3187113694225054,9.721990748442366,0.18034565798178961,0.010657425595400222,-0.1080951778470893
65.275,0.11433971406015613,3.697656468476909,9.781863606446192,0.09186017209049192,-0.06221371079994234,0.05215159199877167
65.3,0.08862050955116887,2.3142689598355104,9.27925832246445,0.06557691212957117,-0.09895695540706444,0.11763945701640567
65.325,0.41653536041580114,2.9075349016016685,9.043478920461775,-0.0017403524123138986,-0.04348651890848171,0.01409502875850972
65.35,0.26434810885633364,3.0016141378484287,9.294110252266083,-0.03605522072190851,0.02578945278804798,0.11136285415517826
65.375,0.07001793495206989,1.4801554647807011,9.376636809902571,-0.02735202923400601,0.01646195805652943,0.04839675107615331
65.4,0.08204920433541874,2.210455532065158,9.45958211065761,0.11444466255879672,-0.01547296357225446,-0.14113049171279338
65.425,0.22892591225379838,2.6610574824238964,9.445130476391556,0.07539446815290621,-0.022300472264044555,-0.22467846568539004
65.45,0.3724200732142109,3.0286044211944474,9.419860476853286,0.08574319040275939,-0.054150377065645544,-0.16696684570358442
65.475,0.46134857767945686,2.597672083305942,8.875559290950182,0.1473587166393141,-0.0566432897434324,-0.1780523722573106
65.5,0.3811172109942179,3.2857279292114403,9.039585298638256,0.10199962251540196,0.013464969784929438,-0.17072512167049828
65.525,0.14969650750040647,3.3153785294569187,9.538623477215317,-3.4131365678398385e-05,0.021006390241668067,-0.11437398949527217
65.55,0.11275412078145339,3.327292315486037,9.52567735177333,0.06265597112249462,-0.03664402515185338,0.017453170266958872
65.575,0.18465842954221204,3.247963290492585,9.166071189487107,0.016444076491332754,-0.03013706713071957,0.10626098656659319
65.6,0.20930627728946188,2.899576761803836,9.28255507335364,-0.007738255974581845,0.011461898974083465,0.09067670090701223
65.625,0.1708839783529356,2.812133394725714,9.646428319756112,0.04071957019481923,0.0028193132443711725,0.0031120767952130496
65.65,0.24647021219357085,2.7739666664463134,9.373562473897316,0.04461354121246519,-0.019933093007840314,-0.008094194192410833
65.675,0.3073270262931702,2.7635765428700076,9.32489464321096,-0.02298620570830959,0.016273373445239294,-0.03363963498385582
65.7,0.24863915693719982,3.0347760711911786,9.496795753936956,-0.04706295486732239,0.05082591284420545,-0.049152696738933924
65.725,0.22892158882634078,2.926404934804153,9.633369219456354,-0.07663176116817115,0.021033645502509968,-0.06062732564726173
65.75,0.24593762482566203,2.985248811181179,9.65088705473344,0.005096552778856504,-0.04020512157238398,-0.01901953093854194
65.775,0.2521149384319703,3.020865349073011,9.437702246432732,0.08054769075439046,-0.06433124901866871,0.010989728060016545
65.8,0.32939329379311977,3.0074314488755145,9.074359340609377,-0.043788547112943124,-0.006211287737145164,-0.0077079483900678565
65.825,0.18239881976393796,3.149226657183783,9.735228743598878,-0.14087057590720456,0.02999358757295994,-0.038973098876990735
65.85,0.1766835631574925,3.3053152654080593,9.809879708016833,-0.051084239550490074,-0.04337128560787199,-0.001141600310328404
65.875,0.22248848610361105,3.223373999484788,9.616292360551167,0.0544662892674211,-0.11040749080022043,0.06546685972793295
65.9,0.20657216640078774,2.95776255982108,9.186057338081019,0.09432120171224427,-0.1204555474880725,0.08848349399129107
65.925,0.38247196949709944,3.2921085931655285,9.376429595110533,-0.03494893958103639,-0.06113902712017216,0.1025529588162132
65.95,0.2421352035756028,3.1340119279201444,9.49420429162037,-0.13939549820599592,-0.058189894654883174,0.1483011783127693
65.975,0.34334016667777395,2.431519574833293,9.026500374668647,-0.06604274830009518,-0.05674473705707277,0.16683200999296854
66.0,0.45330109289112397,2.3513739464434353,9.050801942381389,-0.14433776836828036,0.042277867198739376,0.038751419336463123
66.025,0.42916267978662526,2.4949220139606916,9.533599596396877,-0.1319950615501257,0.05308933255579403,-0.011499063360067131
66.05,0.354348267488984,2.563727052430871,9.566202240732508,-0.10943972605594447,-0.010196928548600047,-0.06634479662320607
66.075,0.32427257021344863,2.2897816141132323,9.036248158724128,-0.09695536450431382,-0.02347670604867704,-0.12545377177247266
66.1,0.4788034280871408,2.9501961387666613,8.931734799001047,-0.05230347215668153,0.0029848009601738767,-0.1079214107051209
66.125,0.4032238458313108,2.9437998808983905,9.090639215255969,-0.07213796231265342,0.03226090931194523,-0.010627702326685678
66.15,0.3407509285646489,2.958107208053674,9.340793099367056,-0.13469182594535023,0.019498612307346615,0.04724342071225648
66.175,0.3789845844439123,2.7744862220497346,9.162339946010084,-0.09552664663677529,-0.010270364694969161,0.10217508060855642
66.2,0.32780203269219055,2.751847646885709,9.148303864230433,-0.09465097247847638,0.009120329640974072,0.14477607056112096
66.225,0.3478924332804694,2.411882237012293,9.341455657467778,-0.03449476982787738,-0.023594808958332995,0.14903663285830615
66.25,0.5738484122254013,2.473677472487629,8.804203730724296,0.08788047511197093,-0.02321757674007762,0.1427388193674477
66.275,0.47555126455280217,2.6888753501237823,8.982051912644513,0.0002823737181777389,0.09950706666135378,0.13380572235721527
66.3,0.17716617241812516,2.8946897894282175,9.824731680600632,-0.21698898517786552,0.15031020417569074,0.12573697752507895
66.325,-0.001843922784626216,1.8763776194774628,9.250209717995471,-0.12186525491640121,0.07385292666981315,0.11916963075995392
66.35,0.24648584423622583,2.5372036321705487,10.050224967731705,0.09020057082479224,-0.01547406519233257,0.08922058223473484
66.375,0.26673422785169915,2.9923720356034558,9.833106027023394,0.09115513763630917,-0.09388383267820799,0.14476929296696786
66.4,0.28433465249499873,2.7290450909657245,9.516188676647726,0.03947161390329208,-0.11245734089829175,0.15845714133466765
66.425,0.28442730700069746,2.548125193602398,9.195625526864122,-0.010323036304258834,-0.06484584884205144,0.1726609114287735
66.45,0.5050617454736351,2.4000289990841206,9.426273009585994,-0.03889568192238595,-0.05732775682443378,0.1625975313904586
66.475,0.622899347320769,2.4083281035809065,8.950174242516105,-0.10080066780448264,0.060310694495717125,0.0983199704618274
66.5,0.4059437497588369,1.895598087941254,9.156698743759193,-0.0999189026206518,0.13170486413085766,-0.037614533459249824
66.525,0.43498304118245595,2.2935148898626734,9.398079716365245,-0.03195892974807165,0.09772147471832396,-0.06565631799936539
66.55,0.3348475956367203,2.8953775593986246,9.848160929505072,0.11800192983802583,0.010669512131710848,-0.0018292980546925587
66.575,0.3641086655007104,3.805796614920183,9.668401096353593,0.09751226236077185,-0.07721118705625969,0.1736451195733623
66.6,0.37733068556233695,2.188813481071221,8.976609580751182,-0.10416369218524903,0.009060965171458065,0.2254001259394021
66.625,0.4072944778097365,2.486287014961295,9.469453092419041,-0.14702449647315033,0.04080127660002393,0.12006236753714693
66.65,0.49569004334015115,2.1717252541708008,9.35085473625867,-0.06321973346719606,0.03635912715514015,0.049881962139164494
66.675,0.4361921048409257,2.0494898431931667,9.235335736442746,0.004058989647976759,0.01822015451331214,0.03226299952807626
66.7,0.35402525023081544,2.3293552077482236,9.414950265529194,0.0013159276424309764,0.03249072289062022,-0.02523226627722554
66.725,0.39138539898928154,2.2742059258875114,9.389364886911846,0.0020127202817113686,0.04077250857773317,-0.07744465001758521
66.75,0.3743523770958509,2.435109401202508,9.344794265256612,0.0534351343191401,0.04941771743045124,-0.10039865678015583
66.775,0.3480620097073607,2.7937028116227536,9.562182693466937,0.0013551370200732276,0.06843039674073542,-0.0747974967132081
66.8,0.41203492560785937,3.1535749795666286,10.02446017044647,-0.06714153619058902,-0.00530889010282414,0.007445441615106711
66.825,0.5294699966378636,3.1915966389562405,9.333037348766828,0.01948132197945791,-0.07902509981612832,0.12522476672760724
66.85,0.43865432926933917,2.5008687292738396,9.62028501328508,-0.12974172654764377,-0.015823707374572584,0.13774777402324992
66.875,0.4275106180986186,2.832600137902321,9.414114566700933,-0.16662465278348065,0.01079429801666996,0.12583610418759722
66.9,0.30952823290457465,2.538073977357781,9.74086694455428,-0.22455720037912094,0.01859744818814255,0.12313224666910243
66.925,0.32552570972068906,2.6572301989415466,9.781772093611561,-0.19000979301327928,-0.03413405890460292,0.1326980472642603
66.95,0.2884237575243194,2.334486674937722,9.422400572916318,-0.16999472808043836,-0.10341489826213321,0.20385717059816774
66.975,0.4432805105168972,1.9031281781938443,9.131819279076783,-0.09196682717507011,-0.109906405332993,0.23904394425320763
67.0,0.476525290427392,1.7758534949193576,9.235947661946595,-0.03579787292810483,-0.05973869125136844,0.17680643158097203
67.025,0.48795241950894747,2.1057191977661915,9.424405959711162,-0.03448898946676685,-0.03887632514825205,0.10470224655912895
67.05,0.5671823843969787,2.6197504293481515,9.547723225396773,-0.09473766558713773,-0.021071268385772553,0.07560056948670692
67.075,0.5923076205998291,2.328454705336902,9.093943251952027,-0.10576808840039127,0.0026561287381171523,0.10328891772718682
67.1,0.6656580149654582,2.5923131050218085,9.500114524102246,-0.030239008036083197,0.01423011112344243,0.15100581171732488
67.125,0.5355956422390655,2.175826624512926,9.378192572161238,-0.09890817557967031,0.03926162735054995,0.1560257867414475
67.15,0.41794574681185775,2.7158189359043314,9.524903273066574,-0.2629673000473925,0.057742495978776336,0.17393108337765747
67.175,0.35548730794747874,1.2032010855056023,8.95075280292068,-0.20509518892595394,0.06990324324734398,0.11874085502862916
67.2,0.555897324666784,1.8097871893335946,9.260127980474316,0.04603190338820246,0.07477086844606838,0.1113158385463629
67.225,0.46742223367293084,1.6813442155398488,9.734145562125722,0.07658079968015541,0.09087311955682335,0.028603478378672755
67.25,0.3698300004365965,2.0835523872974053,9.847228922937068,0.029831439524837203,-0.006774970779783529,0.03926129788747514
67.275,0.400788115060821,1.643417368230319,9.526135214224599,0.08325595232902258,-0.046223993695995474,0.007725139583210851
67.3,0.4798125587927187,2.173830323268487,9.544800961585539,0.0970502662004113,-0.020626194392082936,-0.07133689286988402
67.325,0.4336442821557116,2.0757196026378266,9.342259248094955,-0.021291276135574185,0.021168677504765178,-0.11372367489761302
67.35,0.5050418218457906,1.9717692903602817,9.32412236179646,-0.025037313143410216,0.031049487157459893,-0.10834286925689918
67.375,0.5204120831891333,2.0932641871490225,9.498938505637726,0.027799355570488404,0.03091843613413371,-0.11914256697706765
67.4,0.5465479478344635,2.357362682484501,9.639547905742333,0.055004264199070674,0.031763628052625496,-0.11834143581963714
67.425,0.4995384370000829,2.452886038843027,9.560762403128502,0.029764649279948804,-0.015912774495953803,-0.032710313879303655
67.45,0.5083674066767235,2.315353948623512,9.505336836741677,0.02987409942213287,-0.030746923703347976,0.0014022326829092407
67.475,0.5957282893143901,2.2100934372021297,9.352169558023027,0.019730484201925993,-0.007002822417566746,0.0017981649939795546
67.5,0.466636745544089,2.3048255075611546,9.709522356062294,-0.008380132394789361,0.027270465583935942,0.008105818766859223
67.525,0.38009479934061485,2.472549741374341,10.010358843091534,-0.03430386556508624,-0.00026515707108071,0.041367989013488995
67.55,0.43528681081811116,2.4222423344337134,9.720813682683044,-0.041273576327056805,-0.03997299082906069,0.014067363944763982
67.575,0.5210945836562941,2.4925967298320595,9.327134636273811,-0.03783280114259507,-0.027428369781553122,-0.012682807529535437
67.6,0.48157717983854026,2.132334474113233,9.325004429737445,-0.10621866581926293,0.023263834531520793,0.02276446266586945
67.625,0.39272536386465934,2.068587638332076,9.519632547790913,-0.10821264540211441,0.05615355232637647,0.011584785980118402
67.65,0.37923421133124796,1.9718503443797846,9.885399562733632,-0.12768043542549146,0.0325215052703341,-0.006112921683494422
67.675,0.4157442780798497,1.7686660285990667,9.52340429321104,-0.044753892993754575,-0.022923447180531856,-0.036550781677892094
67.7,0.398849612454803,1.8074257513196377,9.36062189415315,0.028683504002236862,-0.029690553238883352,-0.0376977010508956
67.725,0.42744319720317675,2.1419305480849875,9.647651144608933,0.02517443092392547,-0.02790533986982792,-0.025060094261712133
67.75,0.4767443358103357,2.454628943905335,9.676325449211127,-0.03845783522312849,-0.04902694029612102,0.002454120036037767
67.775,0.5116023643172619,2.296761195258184,9.383100272562379,0.005220782390787061,-0.0670426133857828,0.06751706710626955
67.8,0.5365530154492367,2.2501136580758323,9.316599888285957,0.006034452064076189,-0.02519016453625345,0.10382451698863253
67.825,0.550237244344599,2.1701943976657665,9.642681477869067,-0.10389156174930964,0.006513648834130011,0.0781825818846821
67.85,0.5629174642725584,2.025133026148538,9.543298456873934,-0.06355129331366799,-0.019743045356345024,0.041657876988841415
67.875,0.45073126508299244,1.8794888450392748,9.350977978033509,-0.01830226395589573,-0.01635809900022996,0.0280466356661079
67.9,0.4423463260851893,1.8846598951854083,9.353539455612816,-0.025918049572444788,0.01802660523295588,-0.00012619483136068856
67.925,0.4880961505391831,2.0745704545530224,9.378899782387297,-0.02570618278731119,0.0436743547441193,-0.010530854627719891
67.95,0.5102789197315906,1.9481255689256998,9.336756332805548,-0.03784195956034911,0.050902647790538415,-0.02802285264824581
67.975,0.4416429828401141,1.8671098958763321,9.245809058539699,-0.08590037541943733,0.07291921233939255,-0.04556293459164266
68.0,0.3866092103111455,1.83014528953273,9.38463742597623,-0.04233578766580984,0.07700007684787827,-0.036390502650228716
68.025,0.32014369947843674,2.1930744027678664,9.939696089641707,-0.023983114657926803,0.05081748584605056,-0.04157828858420206
68.05,0.39713344027047126,2.1602469137193796,9.560849533341472,0.018099414557318744,-0.0320804835401854,0.012759704914699693
68.075,0.5323482254309612,2.1480222808290317,9.105984470087876,0.03630494653244434,-0.015937290056875254,0.07694855331271265
68.1,0.5006026591053176,1.9861216833747484,9.268800119696905,-0.042457394025994855,0.052387802114394234,0.1091198242628006
68.125,0.36661159350209893,2.0160636151047187,9.858640994910543,-0.06736164253414476,0.044154248124451664,0.11073500101443291
68.15,0.3592703177315745,1.7253602643000465,9.574685930178468,0.015626886160249105,-0.014329630952453968,0.09385310312771276
68.175,0.4002872870894872,1.5861104714687513,9.395112297675993,0.03752059760426911,-0.020142780818758796,0.03428577180560411
68.2,0.5308921290419504,1.9731924156520673,9.237347298009286,0.10945226373025108,-0.0075303900894681955,0.04946933533436654
68.225,0.42627502850480264,2.135012209646261,9.842988854281538,0.05196457968586492,0.02220101879660375,0.04490493188352748
68.25,0.39231927169620734,2.254668598669344,9.913256698531324,0.013410622805790482,-0.03884168815338217,0.02326062302166955
68.275,0.518901414031292,1.7735390651968757,9.152456736946531,0.037237080156546615,-0.06178687032582102,0.05424021374179032
68.3,0.45648500535118974,1.8594883402035784,9.280116314884499,0.032653034734039785,0.01635277250119774,0.0038012445569395206
68.325,0.37061432509223946,1.8016706744556088,9.736714736706478,0.02586847063908755,0.0349883573471792,-0.039006230975842264
68.35,0.46359822109232285,2.2819642359260137,9.688026447768381,0.119521819497167,-0.027645728319678733,0.003590784839160177
68.375,0.49816041527605764,2.2714605243252177,9.365017286019349,0.06537637984366826,-0.012826507097732975,0.014943388377747996
68.4,0.5425269866328797,2.2851160377901496,9.30448820398394,-0.05402671764105125,0.05242607194928581,-0.011540226986607687
68.425,0.39515953067730375,1.951170186796704,9.648036353395991,-0.0029100252788101626,0.04660086540017605,-0.020568255099335964
68.45,0.41087420753195214,2.169118552850257,9.680886932431076,0.07492007856321464,-0.024033413213565977,0.0012427801043378964
68.475,0.4248457361194097,2.024753566699512,9.670616897444535,0.038055063900575906,-0.052515663227110536,0.028892092972642086
68.5,0.4984162667236789,1.9446521342675496,9.401748759566589,-0.0036835054133052365,-0.039246337702793815,-0.03566534902098136
68.525,0.5244325556560268,2.3867761201810747,9.319291609433167,0.007284282980259203,-0.02524120050620211,-0.02178477900895964
68.55,0.5181708176363321,2.3227391243829585,9.256131826524069,-0.046887677489524014,0.019592883935662667,-0.005642983937779262
68.575,0.44750005836733403,1.9675555546781918,9.566687356681111,-0.10589940930810066,0.036027844772866205,0.017911520069989098
68.6,0.4132128316173501,1.8326478777994262,9.868619759206858,-0.0612559430626737,-0.03404321286561112,0.03739276533353968
68.625,0.5564073105702352,2.4485708938604893,9.783450846494208,0.0884592712002924,-0.13580243015477314,0.09101921757393368
68.65,0.7496663694866175,2.705085028737105,9.27549813928983,0.06273518615609988,-0.10708845567915808,0.18716321009272224
68.675,0.5384579352740259,2.3747566804636264,9.55706202013107,0.018333509652825253,-0.06150393392023987,0.25033929350811973
68.7,0.4708791679231923,1.7806734147742422,9.582896462958015,0.016153342981411148,-0.05694712452803852,0.20842576153516382
68.725,0.44940243038042127,1.5736316705460456,9.613588998475056,-0.04852146681092074,-0.014079794890193426,0.08625333358987813
68.75,0.5736361575949024,1.8755480703378355,9.68477352156935,-0.0458307875173389,-0.023411591081446657,-0.0029665674736402054
68.775,0.5538713868231326,1.703621895715131,9.333363182438665,-0.02300900296448935,-0.013495761664512954,-0.029319745968796912
68.8,0.6072162479989772,1.953879757613918,9.478739845686166,-0.03230787835853137,0.02139830349663513,-0.11485544358643274
68.825,0.6438315965907139,2.117764391768349,9.516403692018876,0.009324172475023275,0.006317288690467699,-0.1298556754449235
68.85,0.6891180938484455,2.208043111159339,9.29676632501078,0.03921599858860529,0.009741155547230125,-0.10328873812910667
68.875,0.6127498207214473,2.3394367591066225,9.268420753086662,-0.013810557612029255,0.02434567991806914,-0.04000939755572116
68.9,0.7248505389239402,2.3773998999874806,9.370681942743076,-0.07142080609402968,0.045971337785338816,0.02316782791081833
68.925,0.6734850230740183,1.983572891023012,9.582885256820807,0.022899029881274895,0.019446500979864546,0.04168340054669972
68.95,0.5454831399017439,1.9368221243927408,9.496356015972218,0.04454525549529343,0.004162857752808253,0.017814281158354792
68.975,0.42643291313944537,1.9642521109152533,9.627891604583134,0.02227965120140567,0.0013889626819832907,0.0015729618596013848
69.0,0.5171715031883513,1.9630196891322726,9.546262294788884,0.027410526435189226,-0.031049824268438792,-0.028800035268118366
69.025,0.7113351499664022,2.367269622665727,9.20511282266113,0.030173486259423166,-0.009137328486880395,-0.03427468554305415
69.05,0.5385729128192861,2.3544609213101606,9.475223344417516,-0.028142365117887366,0.038975728929059685,0.03125532353087992
69.075,0.5392599592440954,1.7101332498591897,9.8115368631984,-0.05617434962221488,-0.015163719660801942,0.05658346655666985
69.1,0.6127356220792896,1.7000863137283737,9.482331778379965,0.08761748481952877,-0.0872048584964711,0.009658434578651742
69.125,0.6763781293999104,2.3100238967090596,9.155627395404128,0.08197518081240718,-0.04617433612340219,0.00900551782721174
69.15,0.6857296341374318,2.3683731313068224,9.410708217874182,0.049117162974369084,-0.014833389685957802,0.08433510249459467
69.175,0.6525020206935115,1.91389326110407,9.436647916895401,0.024352536531505962,0.0032460058223987296,0.09594432969531146
69.2,0.4985554613093538,1.6378567301993598,9.617821439499762,-0.01060083460418978,0.042538351285910714,-0.01564927268505058
69.225,0.35535756538747987,2.022295380128291,9.864941590111503,0.025190728484210556,0.0016765880855299587,-0.08091745877019521
69.25,0.43326603655829954,2.2485326596881663,9.52670752890067,0.08778113604933832,-0.04588452788204073,-0.03736905887134143
69.275,0.6869290448825932,2.0354840806529007,9.637849116026837,0.03003737502126108,-0.04222361215449518,-0.060437401147459074
69.3,0.8349851705690714,2.3689250104751807,9.320821752870339,0.1058769000770006,-0.032345651935078754,-0.06806669588704573
69.325,0.7293549205007885,3.3981820029395067,9.388608404202314,0.07843413871572182,0.03472684496516904,0.10144179939102037
69.35,0.5791376009435459,2.435648236640488,9.576542459868824,-0.03687595581097136,0.08159079094253144,0.10492646618656046
69.375,0.47874939264727606,1.8134950150648863,9.891614534753549,-0.09562817181706781,0.06299991764841911,0.018205387725005084
69.4,0.47346729857718367,2.0961314064892242,9.847544913903542,0.03458933510229955,-0.014243989635383274,-0.01602953890316006
69.425,0.4648650913725763,2.1970002626985456,9.397537734996105,0.04647061919866756,-0.03454425730506663,-0.011432437777385078
69.45,0.4583654077836953,2.0084311373858577,9.326334219155575,0.0594599638263184,0.01736749512360974,-0.028940159500325826
69.475,0.5122803872688135,1.914175606703288,9.730571459459913,0.04854559877924099,0.02691898874885406,-0.11015858643748125
69.5,0.6268575904239944,3.0668698870888655,9.295715658636798,0.01993749557630503,0.0336621582835987,-0.08201470628999877
69.525,0.6157073407477878,2.244698452748947,9.417849085402768,-0.009529595211260414,0.04680020890343051,-0.009191408037117418
69.55,0.5281070994550894,1.8944148583991793,9.557781547515278,-0.053278709501239724,0.05758775809843914,-0.06340983551530602
69.575,0.46312202033448874,2.5959281550404336,9.78830476328152,0.008357561536597388,0.023358146118668644,-0.06810663370818523
69.6,0.51111407218045,2.5020714412731677,9.486293548075155,0.022919597830713248,-0.0030350865313443403,-0.027139269242660472
69.625,0.5411773364156485,2.431805134273018,9.244837619189397,-0.045704922040188264,0.0285054457516437,-0.0014873374870590554
69.65,0.5661799062553655,1.9900158176349558,9.557246803138725,-0.021963266747571725,0.01127444281574233,-0.008384779243937572
69.675,0.4899016417045736,1.9512913115643733,9.599070720132577,0.03652477461772568,-0.026005914159373703,-0.04349908295423742
69.7,0.48011579180869857,2.3538962557939707,9.423013962597691,0.015065792715913547,-0.014297741668216192,-0.03397578322908952
69.725,0.44230690525775956,2.327997291028641,9.474826711732073,-0.005925679575983172,0.020143192797414382,0.00888171630311222
69.75,0.46597245087333705,2.1672127572199065,9.57164047906206,-0.00021757206903601822,0.0032980795341017595,-0.01996379339658459
69.775,0.4799995965842875,2.1921603055337107,9.53599694386514,-0.0035077789988462796,-0.017708363622627104,-0.05106353640616825
69.8,0.6172959097465945,2.313465088489102,9.252847673304215,-0.013070951413422223,0.015463554211167721,-0.04957741911703586
69.825,0.5495012844886573,2.226030768550504,9.397702519087883,-0.028143930622690164,0.04855723430489414,-0.032162069519308216
69.85,0.479986737523016,2.183098896951529,9.676192308692764,-0.02001562823943295,0.02394455934909765,-0.04082208556355683
69.875,0.5236331795100584,2.3598864038021583,9.475992849698963,-0.02244588144986717,-0.013385489780688662,-0.06270694232116239
69.9,0.6129456126230829,2.333924522005881,9.22958185354411,-0.005120428869926493,-0.020961679106110152,-0.0026005263391260386
69.925,0.6294643695955527,2.1703842229508146,9.20773923286655,0.049455100972451475,-0.007622582898405755,0.07258846913085826
69.95,0.39896918930378156,2.036532176577052,9.47981958701734,-0.027151422361632455,0.021943783192689338,0.07098035289382894
69.975,0.34801773681998416,1.8479105975804457,9.704952446803775,-0.07093957932516344,-0.0015113204894609679,-0.0056053186838020365
70.0,0.4749603954395513,2.2823769599069275,9.580659437867675,0.03722347279954825,-0.059072941641007404,-0.048096519672627305
70.025,0.537546463551893,2.540264708352602,9.168732929677367,0.05843957190207905,-0.04207460229593241,0.019163039412912853
70.05,0.5260156495803492,2.211954567975827,9.33348400032316,-0.03787640353509327,0.023292829017646007,0.05636498604276844
70.075,0.4956712199161659,1.927492429737006,9.523641190371167,0.014758242425010545,0.004617784477415227,0.036171870134743676
70.1,0.5194559448924666,2.207564569111125,9.687855334646885,0.053551092122476135,-0.04702055680256328,-0.017080411132844395
70.125,0.6210155767921547,2.9594321315746717,9.335260520259993,0.01615561526824387,-0.050688696942774,0.047719609266506986
70.15,0.6132440420385978,2.347050477780518,9.158924131397935,-0.017190031521694682,-0.004918884934979443,0.0940611758340261
70.175,0.5181755615149785,2.037560532118636,9.474605396176406,0.007500458685162164,0.018122273870106623,0.08011767084912683
70.2,0.4201861176751609,2.5857414058543493,9.636185485371556,-0.040846840049040295,0.018549930580905948,0.042136551015142285
70.225,0.380221518273492,2.0967355735687194,9.690993230940071,-0.030129224274803936,-0.03746983660129679,0.05424654643081608
70.25,0.5004105715241487,2.051391587697406,9.377792826609213,0.01469395478759375,-0.046370529622886625,0.04500555517036918
70.275,0.5848051498118634,2.1522937624711203,9.433573780630935,0.007766770788453607,-0.008715479315135681,0.013673940830172763
70.3,0.6315485096940422,2.12829966534789,9.483497422997713,-0.028756295894991922,0.011726133820657627,-0.025710745399923744
70.325,0.6372740549686645,2.27952362622875,9.41076580954928,0.0318479318559782,0.009557042929186403,-0.02170915016638508
70.35,0.5402927450326227,2.397145183550213,9.367585350422921,0.04215235480730911,0.024281846504379447,0.008067048068313504
70.375,0.5397462591795884,2.1850455748893665,9.653689786292288,-0.07303103152026304,0.034710100348355644,-0.019846400426612065
70.4,0.5170817595421386,2.426051310657947,9.514110715630425,-0.03195506833608334,-0.002159930993090664,-0.020463953155276004
70.425,0.6058157980138914,2.1988131811527514,9.392136589007302,0.030844208181874527,-0.018973291882563942,0.026461254765642123
70.45,0.5598574418538965,2.0774943597809803,9.288777728482259,-0.010797143259005241,0.016225585009469846,0.024410380630891137
70.475,0.5525269132203934,2.1237148277106184,9.548141802371298,0.012921580343591565,0.03548576502395747,-0.010554389659690614
70.5,0.5202552774076549,2.454958301666236,9.653236041384595,-0.03391781314226208,0.037811028511562546,-0.010646229686813911
70.525,0.5320024816188222,2.298903250831788,9.4382507698675,0.01697934561220414,0.014041636086343998,-0.0012709770257585378
70.55,0.5070836864282229,2.441273335606255,9.625144725769129,0.01880657291125971,0.025669937114312157,0.011288811889686683
70.575,0.5131148739312946,2.422987546283069,9.603546486300809,-0.04123886465848088,0.02018851151863664,0.020305997398339562
70.6,0.5137418039492395,2.424411651128573,9.47401413345357,-0.03956594548614249,0.023688773022507187,0.020195020610926248
70.625,0.40232264141339735,2.24717313599421,9.655511586834542,0.003139601075022196,0.008425923171001956,0.035778782522692024
70.65,0.3972477518998714,2.1335383366403895,9.674652151330985,-0.03911748393535521,-0.03671371884000252,0.05170186094817546
70.675,0.4394366396754765,1.8631552220985523,9.537775600278904,-0.010205461210458053,-0.07935839741936453,0.04091462627853314
70.7,0.5062550237808862,1.688015028231442,9.176074757476828,0.047569667272748736,-0.05312104055336499,-0.03801863426121104
70.725,0.5425595694581742,2.0910236448440314,9.21224942118186,0.002023285801082716,0.006587941457171003,-0.12111906312353983
70.75,0.4804775837454124,2.289379041754186,9.397987053476923,0.03434176725623126,0.020826977534335912,-0.12923615626249146
70.775,0.39712432980871787,2.3601861943934876,9.496636187676266,0.058623369149434404,-0.020331550019633226,-0.08626897456425626
70.8,0.526731212268707,2.569564493314431,9.406984880959769,0.07517085381788075,-0.05074438048706951,-0.03957003176994333
70.825,0.5946140605032209,2.8544202964083847,9.410064516046676,0.055297262719228635,-0.037695119298662726,0.034337514220167294
70.85,0.5540692725902592,2.365922394701335,9.477112419204808,-0.009093133972898109,-0.05424653136219605,0.13608138914899864
70.875,0.5374234642006857,1.5714764066983309,9.381719941624086,-0.015757034700326616,-0.04068570219174457,0.056336217299507906
70.9,0.5265871266877985,1.847408847123185,9.314063956349381,0.03961813379698897,0.0006157994983293083,-0.09490530737225257
70.925,0.564945246755756,2.331345710867768,9.452048577300083,0.044103987939818845,0.0032404437544868553,-0.10025723152510407
70.95,0.5954903976504736,2.360740941726445,9.628398298551874,-0.012062237489537242,-0.00028278329840336803,-0.057427080017637556
70.975,0.6176459863730549,2.5220091791175436,9.629653122094851,0.020333638284450464,-0.03082801199360438,-0.015267736002410928
71.0,0.5177905976469561,2.4231904923751366,9.421541544286537,0.05696869367996755,-0.04799538926654387,0.01779179694552945
71.025,0.6300245073968924,2.6117578003799555,9.570002748552362,0.04350323917583782,-0.05690127164444991,0.03498649860238047
71.05,0.601722081554322,2.607476757602446,9.502539802284332,0.03128935104059572,-0.07621365885587308,0.05975492026820026
71.075,0.7011133568102192,2.4620256946517785,9.109709009281127,0.03060867759747285,-0.031165498637178417,0.06591933894108765
71.1,0.7684582597434191,2.3588810417214345,8.833432488572623,-0.00016803743955037077,0.08002617096538418,0.04599996627213991
71.125,0.704120237558827,2.435775382040665,9.102245977927685,-0.06549489762498971,0.14781300590341154,0.0461908704279336
71.15,0.598913836725695,2.434110731845301,9.709828676696723,-0.06924780013623927,0.11817616190133379,0.07397196188125066
71.175,0.5391649572432876,2.2300835340775476,9.55998967442884,0.009502775303457632,0.046817871943159894,0.1156657274962894
71.2,0.5333321585347818,1.905599504753847,9.139829717223156,0.05527553092491394,0.050645501093474,0.08354031039540018
71.225,0.457289899336281,2.290702795126859,9.613144094128051,0.07074444218348082,0.06784660939742647,0.009640319674221588
71.25,0.32262410049152845,2.1051956481896514,9.793759902211734,0.04098866170865364,0.019456929870835554,-0.011312089653770343
71.275,0.3961863885154541,2.0818711601698032,9.370270525626797,0.09087200128809193,0.0010058432185236217,-0.12885006723442857
71.3,0.479765156628178,2.678858703100848,9.364809828609678,0.12249229283995668,0.011487360857458415,-0.1291990531363943
71.325,0.42162552009199505,2.645183967122758,9.224099937872575,0.059139012971971036,0.05201848898917504,-0.08455214001421914
71.35,0.4378440249929253,2.544905024141442,9.135161086776282,-0.040676898034841896,0.10451040486084347,-0.010262449760445118
71.375,0.4267089721068,1.3580580897021393,9.339059149286085,0.0186131482611257,0.09982951783431906,-0.0999003255489026
71.4,0.42047127782583804,2.6786590840490216,9.65833630586651,0.14763347558558845,0.03327945422898919,-0.10919125511569171
71.425,0.4095275415790829,2.931514257396245,9.685003757741539,0.17281894387975347,-0.033569006491268955,0.007377096005595564
71.45,0.4959371936080806,2.8121420680314033,9.45633627597714,0.13738067027261003,-0.08659967947432481,0.09408702612152539
71.475,0.5088014904829398,2.8692226297787498,9.251923355540288,0.16017797519688287,-0.0781804312601853,0.13848175060201331
71.5,0.4329397401611848,2.523361792391377,9.414383704739178,0.0542165185218211,-0.03101011375915103,0.12180497548958147
71.525,0.5285397980065238,2.517675356687195,9.620809797893482,0.16473235012736703,-0.0908215447236702,0.09527806094018144
71.55,0.644352643904482,2.6406836842240407,9.45659657289134,0.2751834222292063,-0.18097887277135086,0.16257579627248814
71.575,0.6266822055654611,2.943844698406532,9.202337692982006,0.10696277230847341,-0.11447997581603578,0.14762052128429004
71.6,0.6764491219866188,2.7176976332107223,8.882138534965854,0.06567844652887427,-0.009923822551339919,0.11220306201046085
71.625,0.5101566986003486,2.781030215129793,9.494401213660044,0.13326485465520704,0.0027703493616181526,0.12165587857617541
71.65,0.4065747568877686,2.5012456514419985,9.834599475182767,0.048875680194356286,-0.052895756629584,0.09069324355277426
71.675,0.7107497948961675,2.67820942677396,9.59652922273856,0.08700591363759524,-0.12525795137645032,0.05646374273870025
71.7,0.9088048781220679,2.8269353336729255,9.013873263300693,0.10044244817253356,-0.10836826575904646,0.059476243101633325
71.725,0.8532829392380384,2.9028510430512835,8.808191656358948,-0.012772843159256184,0.015541659366051761,0.02851637583527504
71.75,0.7125084174768835,2.7895610324688067,8.89166928235622,-0.0037869196724699457,0.13656852174918094,0.030864993255106207
71.775,0.5157407216986114,2.4773411911623926,9.966428587850107,-0.015393454030691612,0.13127055566754245,-0.002806657039900541
71.8,0.5691107570987131,3.254197235376442,9.775047332055577,0.004464350744548121,-0.01784734024249744,-0.00571038376102553
71.825,0.7250968851941421,3.217540908793783,9.438183494380379,0.17513553924034622,-0.1236269329101962,0.12881748137660123
71.85,0.6149861955466285,2.58608117679927,9.281899118703327,0.3106024888037374,-0.13341186487912868,0.18237709138594485
71.875,0.7428219104274854,3.080430787739144,9.115810106130263,0.23950257071572295,-0.08189074671958659,0.09181528269448744
71.9,0.7977358719872084,2.7365885102287675,8.955659513698345,-0.041466790493005744,0.002388365801208422,0.030307049955559617
71.925,0.8274660822021219,2.76441442789078,9.138058955421295,-0.1717315027234099,0.07292051246010312,-0.020167044352492818
71.95,0.7314510983492052,2.536495046297074,9.43006152692824,-0.09908908690071298,0.06209054535048879,-0.028591209702666456
71.975,0.5531375547186945,2.7622956225567337,9.520062256262703,0.16682415850813703,-0.03993574580495509,-0.0020618229928818332
72.0,0.7168919333552544,2.8509298792918534,9.174323191862445,0.10765187953631651,-0.07387227553292335,-0.036047736917679735
72.025,0.7066784454703263,3.0346591164576586,9.235372375621898,-0.006469432276742958,-0.054326021697350055,-0.09772286573036879
72.05,0.6663157251463824,3.0476710957107405,9.127030668412864,0.052211106463336335,-0.0627813186504697,-0.09435713600137693
72.075,0.7216731878850376,3.0047824880719998,8.991380197031638,0.0801277564103646,-0.050608177665415255,-0.06874950434022808
72.1,0.9235581005830458,3.513719630047081,8.811807482224644,0.06164408194892464,0.021714988439242015,-0.012609847412155687
72.125,0.9606095752614827,3.068643289165127,8.942616531744486,-0.006546706288033505,0.06436738780759459,0.06083467849512272
72.15,0.8203285909927158,2.71184849084985,9.409772454946522,-0.003356417513863302,0.026362895407923827,0.09394986069273067
72.175,0.6252339160096323,2.561358555652242,9.438232964401987,0.17103917337431754,-0.036237292819775606,0.011896337315493147
72.2,0.7171525364989136,3.14272971178961,9.115346674075427,0.205480151261959,-0.046770359985232726,-0.056079718492643864
72.225,0.8955176456258302,3.409575244794808,8.60562498428843,0.10315026616441358,0.0499433847187935,-0.05929154511430122
72.25,0.6132938327916128,3.207706418736688,9.158817001892832,-0.004420410580079566,0.1201680930841393,0.0006908616541328895
72.275,0.6010932459748495,3.080625831450649,9.729347311065242,0.07044265543686573,0.026061191875873184,0.040215991135516375
72.3,0.7232409912752749,3.6433758316332754,9.497617093548238,0.22259540180904092,-0.11549665414422526,0.11065997061250663
72.325,0.987836149632069,3.80364256754694,8.875873914495406,0.31022783272974624,-0.11390592718406736,0.2103754823479735
72.35,1.1274460272138542,3.513977054269046,8.713284217210942,0.20197546448521936,-0.006720113325462385,0.27406486179164385
72.375,0.8138049440775315,3.0521299224982017,9.575795558625721,-0.06017021860236107,0.08448272793419623,0.14073746763083617
72.4,0.48569448549668914,2.5314976992311173,9.801712761704286,-0.10558972983329247,-0.047881041196559455,-0.02785929181917016
72.425,0.8260304881949186,2.899145197586041,9.061759718576036,0.2873625004843065,-0.16035084274823885,-0.06023607881773618
72.45,1.1782633943978564,4.09871003635479,8.462807666574761,0.3964750066056885,-0.08361526813388147,-0.017442271724702713
72.475,1.0649584357798214,4.539220844030593,8.65806814454042,0.09221196082975092,0.08695106068351269,0.08526069138204648
72.5,0.7476465415237165,3.538104187018464,9.378448315279082,-0.10105079401733923,0.14245328040759864,0.16228688213955977
72.525,0.6055991185624191,2.769466439819111,9.804076619216165,-0.054345613086375595,0.015662080357924393,0.09770873833556484
72.55,0.9782977062354068,3.3285253121579705,8.936488881477347,0.2932883109341995,-0.08878078569496058,-0.003310855138751562
72.575,1.0512431545825411,3.934072841326657,8.433579082833358,0.40776625345214085,-0.003459573059054351,0.06146324824521965
72.6,0.8468573501957628,3.95325043087278,9.13148568580998,-0.00536424563314124,0.1255892606347999,0.09389618475737779
72.625,0.7146892773700881,3.0589864217322327,9.340900645902195,-0.14145944545818354,0.07101851023209053,0.01297492967524868
72.65,0.6512862628676916,2.8546043355604125,9.008478400557417,-0.026004427066127166,0.039239942026605204,-0.12413414044376
72.675,0.5886998958053449,3.497101922829853,9.12269033585266,0.17870052691223393,0.03314001875449141,-0.1703539630071514
72.7,0.8425634300293809,4.124016149882485,9.17699111246113,0.03677875782990528,0.04246439789782709,-0.1419975295019748
72.725,0.7029575849448197,4.132554349109915,9.494124650708313,-0.03938860779794818,0.011241740010658956,-0.05371162294394172
72.75,0.6917643317263765,3.89284972211198,9.162261006527201,0.06625892999287346,-0.04878091930875884,0.02260653243184041
72.775,0.7928331007615386,4.195685964817279,8.715047265752329,0.04896539329494586,0.009483249197231737,0.12370949493929104
72.8,0.7436217702063099,4.110176692102211,9.123169740416156,-0.04006130953486548,0.10347762772776575,0.1490870248015756
72.825,0.60847247179216,3.4725883964622164,9.511904411993116,-0.09104895049589531,0.08692350433821684,0.0910976821942249
72.85,0.5742691867911579,3.2104175002056685,9.39851228621192,-0.004378078444958196,0.0057517922630288335,0.02309764706399234
72.875,0.602066015258933,3.3003981441431836,9.100277462249787,-0.04289141436229133,0.005360512955964083,-0.05787269053578873
72.9,0.7431594465600613,3.8292342640524755,8.815591402696533,-0.06325929048045013,0.05409729345080803,-0.07288197227852163
72.925,0.6930842925235693,3.712905093806852,9.003318564855306,-0.024760720191834448,0.05814256381242922,-0.014925956314396667
72.95,0.562064086380039,3.469664466197167,9.254066237660366,-0.018449729336504257,0.031052661911398896,0.03990388668571134
72.975,0.5456056582413602,3.309554568989278,9.331099008513316,-0.0987261333631409,-0.008730863031509127,-0.005118629688534229
73.0,0.6420809946581498,3.8268721218384956,9.075424563457963,0.06905867305547886,-0.06568816557647987,-0.022871594282284764
73.025,0.8227063478555541,4.099211596946822,8.793802616669302,0.002198560173334975,-0.017344848606681923,0.040942396180188446
73.05,0.6803112478803016,3.6774911452150634,9.206951534397763,-0.14220823887821454,0.05636133539570578,0.053266709608999034
73.075,0.5691208231384314,3.341624285059597,9.639928004169542,-0.18402793458973396,-0.017544581038751412,0.003196644774020526
73.1,0.6592975164364508,3.1638679887868353,9.070632962653086,0.007911146673632631,-0.11126942503059915,-0.03081152488385062
73.125,0.860273682854859,3.740707640129719,8.546678297274122,0.021311741493828893,-0.05460521432871982,0.00867179829186439
73.15,0.936334610495005,3.61906609684648,8.818209403838715,0.045382562763523565,0.03887226267320556,0.05916406568754513
73.175,0.7769116803871611,3.317175713349992,9.328062421659709,-0.08504490223596606,0.051575109390619815,0.02862610796144973
73.2,0.5239685374249842,3.0646632343700437,9.50500093884242,-0.054203820943528165,-0.013726987442318163,-0.03445399770535166
73.225,0.7252442499763395,3.2839698303920875,9.08514184008884,-0.009390916635989682,-0.061446378028670263,-0.05273245143072375
73.25,1.0823707303030492,3.9816918891286095,8.600117478061604,0.05136808403879549,-0.03988498340501669,-0.015911096378464506
73.275,0.9715492608907648,3.575406549165921,8.390021056203201,-0.015392854292667239,0.05408740044764735,0.07049657636042017
73.3,0.6297974695490656,3.205764650151261,9.539293635791077,-0.12192079344051421,0.07961325217949804,0.07386978970620613
73.325,0.4080656757337409,2.791390342727303,9.592988824480132,-0.048222360363460025,-0.0516461755946554,-0.01864578613045371
73.35,0.7448356821881388,3.5214342762547717,8.775545429442626,0.11947696356083475,-0.1385393631114944,-0.01882790559102303
73.375,0.9963630150874615,3.77004752616181,8.45542526511021,0.10579607146352547,-0.04751772897076947,0.05006968548278594
73.4,0.873820733932787,3.6428932527911564,9.05509718618038,-0.06308222934889339,0.033659419863689685,0.0880628274404897
73.425,0.7876630121407298,3.3245024683582876,9.420021828310539,-0.050928911877207855,-0.017194919346345414,0.07627103686640345
73.45,0.8754523403607174,3.4756721783152833,8.968906441505567,0.08315485882012023,-0.04998861717094616,0.050504897544123954
73.475,0.8732539654696572,3.7109318652863785,8.757203441866684,0.012352346317892423,0.05535936385105358,0.027550501473648566
73.5,0.6064422303139922,3.30426847376538,9.225427884923496,-0.007932419215350095,0.08328371494592103,0.0033821679731369744
73.525,0.6779162960034427,3.332209045975382,9.416945495182702,-0.039301054279236816,0.02604011530181959,-0.02699533045932986
73.55,0.8007309107028062,3.536474938543696,8.965658390169146,-0.017462253816811,0.003215906992985994,-0.02638981378959945
73.575,0.7231127472409318,3.591829168375865,8.978512834906013,-0.0015578092267365248,0.026860688450008875,0.027715316855570216
73.6,0.6342753098878681,3.458238047591204,9.406796898600938,0.006603839185899845,-0.013076989671949757,0.05892692338928355
73.625,0.7160122250586408,3.5206853989856333,9.267136607654706,-0.04150771991910871,-0.04515912492321615,0.02910839379433676
73.65,0.8185252599310401,3.5550534819368256,8.883029040432305,-0.013427637975208849,-0.038787570923117194,0.011230552715288888
73.675,0.8162192092539028,3.47311908527504,8.841371519287332,0.024234566520069254,-0.01352830367497809,0.040580336694782525
73.7,0.7231744633484521,3.345533653400528,9.151194445736918,-0.028487727109516445,0.026800204920295893,0.014930957717570224
73.725,0.6643444161053572,3.2722552977454256,9.21655853547172,-0.06585853275930077,0.013436208332357938,-0.039663468676372514
73.75,0.7871274732412487,3.408374619227044,9.022941417290637,0.004538365334268709,-0.002657552942185305,-0.08038698080194448
73.775,0.7717478239167684,3.5915690632310375,9.008593100081857,0.011665235007382029,0.01081078905034859,-0.06982991801750459
73.8,0.8094472488394542,3.6162913468510895,9.120292994007986,-0.03526201848969921,0.05053104496119143,-0.06379294737008287
73.825,0.7409662774013733,3.529251615666348,9.24223233720855,-0.026515781551727985,0.03442089621473183,-0.0486920058169275
73.85,0.6579258377867856,3.5267810472498065,9.280505385719417,0.023747602206823003,-0.0030845305703018485,-0.03871283071008072
73.875,0.6399798090921561,3.561561281053066,9.062822548105421,-0.015438454281821366,-0.004897665280051143,-0.036498762420014916
73.9,0.6623114783819122,3.3911493440320215,9.18140447011914,-0.07851345575218928,0.008490124595007927,-0.03925919314262914
73.925,0.723541966835602,3.263437031536129,9.221992544176357,-0.03462802904954071,-0.011528397483399138,-0.04897799563690741
73.95,0.6821619314760529,3.1063394282666077,8.940656660273124,-0.014322172533098624,-0.02095736995436765,-0.06665731155340668
73.975,0.6864784835077976,3.5823788707761604,9.2232134933134,0.017054511645032324,-0.03150189679086295,-0.07192315002227917
74.0,0.8698065768912563,3.679622210179893,9.066265461802978,-0.02899374738448505,-0.04216093571935772,-0.052205810585344355
74.025,0.8584788388517572,3.6312626964578585,8.822399514667104,-0.034175668860093746,-0.019684142928735847,-0.00046522696215670555
74.05,0.7450959881516974,3.438424104926363,9.113992248656272,-0.04673157419705909,-0.0002024901365243952,0.06765539278438468
74.075,0.8007674042936198,3.4394364124133565,9.222731306824459,-0.054002048921999155,-0.026628381938943922,0.08914949722538952
74.1,0.8274525857862827,3.251151057578302,9.084344533398163,-0.05329260704165848,-0.02990627110135795,0.07285499665441936
74.125,0.7773987721829068,3.1974071955437204,9.223098137500422,0.005074036187381219,-0.03410051601873522,0.049963853394480374
74.15,0.6950842088651925,3.179046863135423,9.102627477144173,0.019413292634420168,-0.031755039228014634,0.011446394441815253
74.175,0.7940992402142213,3.3542816340780557,8.922486374644954,-0.011404768702598166,0.00623357606810541,-0.03724766207755033
74.2,0.7891756809076579,3.298112595987116,8.823087115066759,-0.029318792603496457,0.060508141004549765,-0.057273063812290366
74.225,0.7153167816944336,3.3389794953703,9.298006712041673,-0.016673963486579086,0.06919399550367476,-0.06233126400840643
74.25,0.766008754887521,3.361652558630154,9.18510924086448,-0.025628221770012647,0.04306441340511594,-0.07221969846226389
74.275,0.8514783039942823,3.4698600654991414,8.874236555422856,-0.04400464358551065,0.06034557116683654,-0.08139928585350392
74.3,0.7329502965853428,3.431385192171288,8.958303135364424,-0.09861774380532823,0.1266211922460111,-0.08133489680294274
74.325,0.6027470801287241,3.24264548891635,9.198638551049646,-0.009073026935375516,0.10301568753997146,-0.0624603079795234
74.35,0.43699221296007734,3.3372501985869705,9.433690797182377,0.02221867506862048,0.013950239301290565,-0.020377728986120874
74.375,0.5530001044386121,3.48211405092211,9.129091138462398,0.02215990017370136,-0.03176906621761717,0.007962001629756542
74.4,0.6737234156378588,3.4654700172309125,8.800806076385891,0.014128469208993653,0.013898239294612194,0.033530975952396846
74.425,0.5621165573159845,3.339983410235075,9.081411984665088,-0.025156769926533224,0.06134964648393502,0.02086997825010063
74.45,0.3273569619257988,3.380847450633628,9.485790166148142,-0.06928901227037422,0.02532058003496828,-0.009724776978866761
74.475,0.476492671793145,3.306374569065816,9.231531219079708,-0.006897222733599575,-0.025829216375780787,-0.0189453033487515
74.5,0.5080220155738896,3.296701159211419,9.061011447661423,0.015900814526734884,-0.015723121335835095,-0.0059715718069017635
74.525,0.5994250987419885,3.372782510873579,9.213177373724468,-0.0448253610853424,0.0004087708231213572,0.0009081431510707137
74.55,0.6949474634621768,3.3776173449479314,9.141090856616641,-0.03488521655242471,0.016809827801956514,-0.04065271274292778
74.575,0.6701758919078181,3.3120722560456732,9.1079822893187,-0.03150215725206792,0.04904242534337621,-0.08953174427489591
74.6,0.5983289004421378,3.49808471289311,9.181107324155688,-0.014912816198628987,0.04080380757773891,-0.08554358508494231
74.625,0.5087815354373633,3.479098404092782,9.352576420534133,0.008793157536316216,0.0003253987764727747,-0.027433767298309496
74.65,0.6562638539357182,3.437944491011239,9.248712722865376,-0.040918893236246305,-0.022463929798126538,0.03238462186510009
74.675,0.5503301036854272,3.3337929363295213,9.306137576624792,-0.031273919769803836,-0.03832120919376143,0.05327031749633042
74.7,0.5839790361929147,3.1414291877298215,9.107872064024196,-0.009006046145752147,-0.06331874987421549,0.025862427132562767
74.725,0.6422919869950825,2.968159364852927,8.891740871502261,-0.06405794303096045,-0.026418473063914146,-0.01935876270874425
74.75,0.5598435542861429,2.9554398462299116,9.143335186483418,-0.07019014634970212,0.0021122778988764243,-0.05530888635188125
74.775,0.5195820453200272,3.127159537224492,9.55841020948468,-0.021284727459262364,-0.050451567513971375,-0.08176243370502197
74.8,0.731306853166956,3.1998185308358953,9.166220739418797,0.010396566200176142,-0.1173522626109562,-0.10561023219051517
74.825,0.9305109452139547,3.4318090265681307,8.564096797210347,-0.06425080767425967,-0.05174659244762216,-0.09753693317028676
74.85,0.7670110353900088,3.221434250658688,8.623321224515417,-0.10765024646408933,0.07728224980580327,-0.06490043059313431
74.875,0.6571658120578194,3.386604024208218,9.293079834299341,-0.034988102386561755,0.09553725463737707,-0.042483503112860733
74.9,0.5793019202589913,3.566655406164965,9.67195817038021,0.10886789418236474,-0.004914021569710144,0.006790878684666543
74.925,0.6679654552596714,3.417924107965767,9.246443042234143,0.052801692811205926,-0.04247899423445507,0.03825133248790396
74.95,0.6353619264142063,3.409731108042226,8.964476205254904,-0.019807050392143248,0.016066868807037456,0.029238727306443158
74.975,0.5088376191133712,3.312744064619615,9.135438201231157,-0.08558341429553928,0.08070597159136146,0.03349735535848221
75.0,0.5070384311357137,3.262587646187871,9.567915852166694,-0.05668797558674269,0.038016628417372834,0.05298187029213167
75.025,0.6013141406835586,3.137907240253222,9.238502989858283,-0.005663988722370585,-0.004487058389507244,0.031772697788541845
75.05,0.6697933062134392,3.0498843405770257,8.99227255814456,-0.024583831750781802,0.039550989573366224,-0.02717236002294847
75.075,0.49646724825272404,3.212320495244436,9.145104064499316,-0.07371559808456099,0.09059180296151487,-0.07200238040660553
75.1,0.508142734021,3.4888987953407367,9.194614586016622,-0.058457539571888095,0.07837643754434463,-0.011666462876921345
75.125,0.37776417573219256,2.9351381647308736,9.343730521697887,0.022481076161187146,0.021537084777921045,0.006375766456163888
75.15,0.5377941364869168,3.6499571452033455,9.055504977720366,0.040493341400188815,0.017705137408032895,0.021959511779874086
75.175,0.44701066780745474,3.3417221457389417,9.436333508884596,-0.012045708400573363,0.03252372184694008,0.08898159917843255
75.2,0.4326997889492249,3.5910629697742897,9.484370951881477,-0.08341137867627502,0.008544666368910617,0.0733132159025033
75.225,0.5047743041753422,3.0042544750279916,9.010929900193409,-0.06314814445173866,0.00020812908537932442,0.029129268830270474
75.25,0.42517380948813044,2.6475304267144457,8.929218988227221,-0.04340493890451862,0.04628445723771145,0.0035712101458002183
75.275,0.3853165923919685,3.0425091727455507,9.36794834846887,-0.03050029828200966,0.054133865806353376,-0.04528120102833142
75.3,0.2979094595825735,3.512968971859615,9.691507675771598,-0.06087301759369844,-0.007089545239066047,-0.04237365849605761
75.325,0.45653548450144166,3.3512551555015535,9.241843328058387,-0.07613355379943386,-0.055850668621055435,0.001415781215359653
75.35,0.5854609694752997,3.0207381204096118,8.878165683114009,-0.04286443178803704,-0.006586163670506429,-0.0031220574296480347
75.375,0.5531038408243663,3.023035475150821,9.114393934899566,-0.06635642697634508,0.045963472358025136,-0.03574249273240524
75.4,0.4818238116353064,3.036477349228276,9.216284539246054,-0.08645670695138079,0.03761937857315148,-0.055472024020157905
75.425,0.401832012577659,2.815225500473759,9.168937582720533,-0.09282997257611855,0.04798443762966524,-0.07625181145967515
75.45,0.45706991589135665,2.933878489415515,9.154021670723804,-0.02467272660877289,0.0362245858234465,-0.08463197885910803
75.475,0.4729483405065374,3.1872010766706493,9.218003187586916,0.032849742795335105,0.013858242924252544,-0.07980273585744246
75.5,0.555289538988989,3.3981269740413267,8.998879285947119,-0.03195884482405455,0.05490664049389143,-0.02441210695918244
75.525,0.387048991008197,3.083204693207196,9.136242051248898,-0.10200291154242287,0.10124052738155882,-0.005541165344265406
75.55,0.2788833830659839,2.796195535803513,9.571717278941495,-0.07846255520632439,0.06113711813470053,-0.042176710643175686
75.575,0.3790510012943655,2.922673490964872,9.354346376061983,-0.12575813323869828,0.029625983440574457,-0.11060702969746827
75.6,0.5393053151043807,3.1633044311056198,8.840591636071917,0.013367873834221234,0.030436114132896295,-0.10005362563966212
75.625,0.35686826104002917,3.218794396199319,9.078370686938937,-0.027130206682422657,0.08674647766921138,-0.06168305720661094
75.65,0.1383123437761086,3.203996784286926,9.790020702188437,-0.08816624651586148,0.05680123695334405,-0.005438597417938155
75.675,0.1857021981982826,3.115013031643099,9.59361534283369,-0.11131051548146999,-0.028317899913136862,0.005335625995044299
75.7,0.3594356484721348,3.0291757392264276,9.173579175906939,0.029853723817492586,-0.08572229757582485,0.053482524141541865
75.725,0.4203496955439829,3.2285451689173987,9.261340907293835,-0.03904710213417367,-0.03937852506736978,0.0853565602659921
75.75,0.3003372795714796,3.0802918347488735,9.54204327502763,-0.16245411437943524,-0.010300668832332249,0.0811666210692548
75.775,0.37404264752970257,2.7575021892301272,9.580628480133024,-0.1490559078753613,-0.05980586775859882,0.03772109863316289
75.8,0.48303604917812076,2.909006359537608,9.277650186162074,-0.08459524577826268,-0.10714150302522064,0.04622030482603903
75.825,0.4577866851916869,3.1054896047853666,9.390310857690295,-0.10319034384908624,-0.11276419150946909,0.09662573650701518
75.85,0.501609566033963,3.0064678368397995,9.14453587651927,-0.04132063041732406,-0.12035944311161836,0.14102638196371634
75.875,0.5181524115728766,3.056425397772229,9.182604025044753,-0.04453316007608655,-0.07633272835172662,0.17108571631500732
75.9,0.4682066596547201,2.9708087085282937,9.348712443026015,-0.08390745754591396,-0.04334241560947173,0.16554436432061487
75.925,0.47908042059683953,2.72778991800651,9.258308312045717,-0.0429555170447479,-0.06750564852663336,0.17720332877634384
75.95,0.5759012795496413,2.772439581355362,9.196553199516664,-0.04847944503805179,-0.04873657430932233,0.15513867762229516
75.975,0.5421158719070183,2.5321855183259876,9.360599080313165,-0.10873336465516872,-0.0328353039237903,0.07749119886799034
76.0,0.5652568971422692,2.9389996141285475,9.37024752642679,-0.020629258528290322,-0.05105696373418635,0.06847419546675186
76.025,0.6261892821973526,2.958929380198593,8.878365438818497,-0.0007056493391418159,-0.017618918855695487,0.12348495212926386
76.05,0.5777340929243802,2.6300957632257265,9.396566132294547,-0.1324832410396276,0.044392358211715104,0.11750084742689607
76.075,0.4538127171400238,2.417434483963448,9.814469817409005,-0.10809526489619545,-0.005010583884224363,0.020853496377358047
76.1,0.5581001070866044,2.9334160189883858,9.469033316110377,0.02033776258450581,-0.0946144613666143,0.04936111638082881
76.125,0.8503017387044954,3.383711777086561,8.750044312099442,-0.010078884067803825,-0.02184746679777326,0.15181188796819559
76.15,0.6783026945371147,2.7617639906140186,9.469353636524904,-0.17839244393982928,0.045212136458063164,0.13912372528103298
76.175,0.5778214337610726,2.304911425605949,9.80036678802255,-0.15443346758738338,-0.009745664344233504,0.11248786146703182
76.2,0.6414496863736058,2.412701332504889,8.994453490633065,-0.022495109592438348,-0.0670770709018225,0.10949491413602763
76.225,0.7422126036887071,2.7447238085520476,9.073564417967184,0.007891396038110923,0.00768092834407656,0.15942047826218203
76.25,0.5876095813327388,2.2424439120018986,9.392851455937679,-0.11279477250413462,0.07447209508949675,0.1012586267323504
76.275,0.43996745493447637,2.3361706725534273,9.626630334829928,-0.07206720910573887,0.030954580318770773,0.05187674992709623
76.3,0.6412945280437347,2.81049410728959,9.427460526356484,0.034109480328198404,-0.034916722066838275,0.05760646579028621
76.325,0.9150812635801668,3.049488952461262,9.38266255619407,0.0853718155776782,-0.06116685808273963,0.10170606539069778
76.35,0.7677686898864283,2.7630990919032934,9.274437051125652,-0.006901966029603194,-0.037499769767938895,0.14200245426850122
76.375,0.5290200256329659,2.212839493583867,9.32385443105955,-0.10153106511282878,0.01722183247879539,0.10503882035289062
76.4,0.6498971655484619,2.250818734175455,9.317113225385796,-0.11433799859290089,0.0216119936509121,0.06329400579203952
76.425,0.6574800112472687,2.3256767927762154,9.425791742815107,0.011592235681471023,0.02865494548092111,0.01408079942299686
76.45,0.6058374254320887,2.5501476225430904,9.585049166529332,-0.0498213603274405,0.04558562614122188,-0.018784473946216473
76.475,0.47784215722674106,2.0691615038740494,9.290209488923464,-0.05994210827937034,0.02468860822760601,-0.06626197585197732
76.5,0.6538636243307492,2.1833318169534084,9.153132947633887,0.07657763981206904,-0.004607513069622959,-0.12668442779649863
76.525,0.8129058190858525,2.8107225165608902,8.971550763371457,0.0640473945395206,0.06373429223948988,-0.14070313709875232
76.55,0.7026740880410611,2.7790901583420182,9.29655899099867,-0.11190114769354191,0.13647923147375116,-0.08566332292879122
76.575,0.5773044339346739,2.585530787235833,9.762532433057574,-0.0667122526315327,0.05687611480334709,-0.005985272567146725
76.6,0.6342125447156104,2.6744820559524283,9.664045244352378,-0.00015388773004552483,-0.06266509743589545,0.0556556665481267
76.625,0.8539699444806822,2.942035853027647,9.188939965294015,0.00947762422084253,-0.06010521846644683,0.09560630772197615
76.65,0.7896613356320349,2.742407450598349,9.173085561568936,-0.07802308774582407,0.04029570691296868,0.12451618600403551
76.675,0.5665206778199693,2.4373679622814093,9.807443970590633,-0.09021066082404268,0.02709778760809871,0.14465842936184503
76.7,0.5841387208020841,2.375749208074279,9.996611183892627,-0.025060573197556158,-0.09667528351641945,0.15359262740453997
76.725,0.7036965400244287,2.428977935444148,9.235730195396146,0.03308857318508804,-0.14034583581006502,0.1551083389001034
76.75,0.6980241304374442,2.3531700766694623,9.056608074683838,-0.09430852168406863,-0.019092164152853218,0.10841703053822342
76.775,0.7064613698416504,2.3147291742761325,9.35340271532181,-0.09064718014295328,0.017554986614637,0.09406700727189579
76.8,0.7625692028388449,2.160968138218786,9.477695727888607,-0.04272548306318968,-0.0003444382628314432,0.08076361240249344
76.825,0.7844831940752242,2.4051377941078314,9.577824784266449,0.005683744272553354,-0.058888947888504226,0.07391801166582641
76.85,0.8876088153546108,2.725195639229775,9.17255068363129,0.10091958862130052,-0.10026258655823889,0.14557193479225014
76.875,0.8458851422660387,2.67047307546161,9.174684273947424,-0.03429383346976755,-0.020974410845382412,0.17509595564900107
76.9,0.7248085281680702,2.6276716820035007,9.465360845797678,-0.08786788571334303,0.03630756583548361,0.16533062253971256
76.925,0.7195783688167862,2.1436953058016717,9.58125456595846,0.01484348913393861,-0.04470816075690404,0.1732131015716348
76.95,0.7402777101396635,2.253650530054947,9.261947355244061,0.07933986121877078,-0.06511035539398137,0.15491939238279898
76.975,0.8358444342865136,2.4059513359612494,9.291896068507414,-0.05556648947424211,0.0021519942535181153,0.05745853894106398
77.0,0.8230695406840793,2.6358112356117926,9.175301646346277,-0.045477416610787406,0.0383542038817539,0.04644955330254245
77.025,0.7973816095639936,2.5128975812473247,9.455264128444403,-0.04920779455422597,0.04092454781233622,0.09321874937728405
77.05,0.6908110287707208,2.1839086832803587,9.37424194551364,-0.08197173351328817,0.030585002463628302,0.1304957502607894
77.075,0.7941951757677206,2.610845273820591,9.34339147677191,0.032090272282910996,0.0007491648513822259,0.11443005274329855
77.1,0.8622150362902683,2.1547537828131347,9.759969588548188,-0.04754492125424393,-0.016093033086092976,0.15246696979679783
77.125,0.8566905939373045,2.131700912626982,9.534575511299316,-0.07079347833434362,-0.026783565613737098,0.07949357130824769
77.15,0.948627779620795,2.279756103778781,9.400075299765641,0.05433233884375105,-0.04059057555468408,0.06596323849620563
77.175,0.890312685557164,2.5561210300780046,9.62836651489223,0.024216629061496225,-0.02236994266465525,0.05984974919812056
77.2,0.8432452084096064,2.2403969491583884,9.598781299117666,-0.05349649479335088,-0.038303508140972053,0.06380606578468437
77.225,0.8443888857532886,2.1324538750585673,9.46868827279798,0.053970477583130075,-0.08571820256660183,0.08105289650098797
77.25,0.9702036659201534,2.4787331220330584,9.287619836870173,0.03444212426499787,-0.07140033610584653,0.06094812565687802
77.275,1.1190863910626971,2.5388730347801127,9.336082987416816,-0.06169980143074201,-0.0037028192510772983,0.030171395791392514
77.3,0.9991511339130504,2.2666113026657437,9.416560573641375,-0.005600890320566441,-0.0011986094037917516,0.028763590302918154
77.325,0.9971637354462994,2.1988068615266307,9.413483478721318,0.008423359591095332,-0.020715676906884976,0.03878550147269795
77.35,1.100812645731133,2.5060073625739294,9.47168056789299,0.011022072725932043,0.0017080287493751935,-0.0012361228157318346
77.375,1.0513366697016933,2.25693844955682,9.43845681903152,-0.06069408824193742,0.04044852907727552,-0.04732576760037506
77.4,0.8854801514393739,2.387686623793028,9.511636552481427,-0.045853250101872634,0.0257704051362979,-0.033739588782410915
77.425,0.946722596058035,2.3551374493451567,9.315785005091849,-0.00911001348873094,0.002653954622703087,0.037039222968304475
77.45,0.9944211033248888,2.238508708190634,9.402698220147013,-0.03614056673786941,0.03163358663481732,0.03313028443106268
77.475,0.9016338966514652,2.222662386320803,9.645613862397449,-0.02881038708024062,0.02534015306429753,-0.0206341225877108
77.5,0.8201643781511593,2.363553773144951,9.301679389049548,0.016174361382822043,-0.022958639453191237,-0.0025640371128838346
77.525,0.9454622576213647,2.401287654941784,9.037889834330617,-0.031013981352963727,0.005781161824629376,0.029871906042224124
77.55,0.9951045515732824,2.2108618543776886,9.441537852054864,-0.0351012878332259,0.03177989987496027,0.03940077777641613
77.575,0.8581339757412001,2.248105798519323,9.544346410866876,0.04571652591718061,-0.008451428336582857,0.04806526269703889
77.6,0.8122394879064214,2.210512697414443,9.406568317191931,0.030239856388947217,-0.03095586394952434,0.07945504484118292
77.625,0.8806720193201211,2.3735337802766185,9.46979808477617,-0.0033527521598344986,-0.007662240309736414,0.05404581428187178
77.65,0.9079755555140039,2.2892430809806203,9.364355631615684,-0.0024633547679564862,0.012829029285262288,-0.01127467382610551
77.675,0.8939081130576496,2.34973193841698,9.18094881684104,0.003561029637404138,0.04388084985693334,-0.03521255954563375
77.7,0.8449880086289608,2.276514234284252,9.425769439641117,0.008182264096980326,0.050942448278322665,-0.025726622332861483
77.725,0.8785200897581551,2.2813491798369565,9.664704984802668,0.00861812087645413,0.012963950132778212,-0.03801086575590808
77.75,0.9243141215431929,2.4143738620020585,9.40817904037259,-0.0008170914333195493,-0.0106895512490279,-0.03178618463552997
77.775,0.8299507746914253,2.270611201337412,9.194998910687492,0.013399554773825944,0.004582286837405213,-0.030723350178699285
77.8,0.8834065915853118,2.1677100175429063,9.355110218919911,0.0317625110767937,-0.006104571136643386,-0.03248558269962566
77.825,0.9384747116221693,2.305214456728061,9.541278041641728,0.038351546798063164,-0.006461841005284076,-0.05314714477766798
77.85,0.8594360713892224,2.523728169874785,9.420978808647673,0.015257244978465569,-0.007997600449334067,-0.07368420482518556
77.875,0.9112494989748688,2.6677468582331647,9.296100829822906,-0.009046223585792696,-0.01595339331539463,-0.05168369427159952
77.9,1.0020301012506396,2.518153804595129,9.409637060431008,-0.002373459629010673,-0.033660346916909535,0.008694289897556606
77.925,1.023247971907531,2.128708324915676,9.184516624503864,-0.00027361291619720335,-0.02098959822837209,0.03298977319084824
77.95,0.9448103098065951,2.1594537823265383,9.209590536778101,0.020002357403965484,-0.0009423581253802681,0.03711607102654532
77.975,0.7155163374676536,1.7624800965662146,9.50237635274413,-0.004145357211864625,0.017626509658075943,-0.03883480007493018
78.0,0.8691849473775055,2.186935456232573,9.57346703251916,0.0385009595322597,-0.008736178060455256,-0.1322864154136445
78.025,1.0138982159458698,3.1367277656470947,9.419494732522407,0.034773202118077814,-0.008223774473248428,-0.06338347741224408
78.05,1.0315792258576946,2.7049397965042314,9.479729628471347,-0.06241001343053213,0.01637696066882269,0.02352962296452354
78.075,1.0238034441814958,2.320078279736346,9.67977291506814,-0.01171040997745824,-0.021825587498504186,0.021260589420450792
78.1,1.0225401202618614,2.696202576186384,9.349754474949048,0.06051073523135959,-0.04158567102658114,0.0571365133345505
78.125,0.969065750494897,2.4749590961333308,9.052552732200052,-0.052003690993787585,0.03868307779531341,0.06380901382488519
78.15,0.8731417431914749,2.014304675677993,9.532894854453358,-0.09642489913035253,0.0963782873299902,-0.010278397153213633
78.175,0.7931445075621844,2.497190320357426,9.98198262124199,0.024170461133856923,0.013251118389716992,-0.028416803690746364
78.2,0.9136676145724296,2.4435442292228293,9.110964037469765,0.06584032326910486,-0.03666859424685514,0.0378103418230948
78.225,0.8671809829793342,2.4220805342328147,9.149203722948378,-0.018043509121044,0.045888162575978206,0.09924198438160835
78.25,0.7207517253827033,2.0289170257698124,9.426937183197161,-0.04787903725723014,0.07280419367013131,0.04162773270744852
78.275,0.5588149618270821,1.7487705893250034,10.121310695020881,0.013200076836528032,0.009082267522178465,-0.0629031274990786
78.3,0.7178560749719557,2.26713427308814,9.575341454411898,0.11352695990048102,-0.057030823626417815,-0.1256200508567283
78.325,1.0563227534415343,3.2117664419175638,8.9761910728862,0.05753438278791309,-0.028393264881787648,-0.08282329318233207
78.35,1.0501304698677374,3.095295744077139,9.27654783114162,-0.04022988014610582,0.029398901981439733,0.03656975624359096
78.375,0.7862374399849769,2.296426434182204,9.599001973560798,-0.042177041589328036,0.051626590987849184,0.0351061207874841
78.4,0.5967789656081692,1.8758078979871806,9.678905762469514,-0.03203291471277503,0.0075972914837450145,-0.01834774912939178
78.425,0.8399153840838987,2.3005721963529586,9.484682116675229,-0.003900235393392607,-0.03960443304241194,-0.07765562626278431
78.45,0.9985008787284243,2.6513229801584606,8.95358670545124,0.014183949687440642,-0.018365459173127437,-0.05152680579683105
78.475,0.9447244884864221,2.459919723707781,9.291575958424788,-0.02365220804479194,0.03994211983210359,0.004150589828416706
78.5,0.6658998606133559,1.7598713651233313,9.59692953460929,-0.05103964105508932,0.035725337404899575,-0.05707999832054767
78.525,0.7786535562758068,2.4812754159752424,9.424819264648681,0.08055787620420336,-0.03439365366148539,-0.09065663674702497
78.55,1.056423623178722,2.841451033339885,9.288060724093627,-0.00761780195376429,0.022441548255011143,-0.042479942023397714
78.575,0.7278856236358655,2.7029268822133266,9.315119708665197,-0.038333253989884575,0.07181069408701155,0.043465734174043834
78.6,0.5817365476695359,1.5874144282587206,9.80526915702086,-0.027087488384335136,-0.010211119426592138,-0.04499673314902296
78.625,0.7474213110233084,1.9043116488764298,9.502960416685461,0.014630837881594026,-0.0680159347295887,-0.13557219608659749
78.65,0.9189813577201965,2.5494702080958382,9.068424131492499,0.012010303004788501,-0.011801586547608286,-0.15455794238308324
78.675,0.9188948168145161,2.6381157994582756,9.162239777414038,-0.012704598020438244,0.0538211486423707,-0.12047323796161086
78.7,0.7638994845777969,2.334440470913168,9.571080418363357,-0.07195329972453397,0.0294743070660667,-0.0910328950859336
78.725,0.8419050723105679,2.740771750219188,9.84395096856436,-0.037264112050339554,0.0013870036440807433,-0.11264269149834376
78.75,0.8975665063982763,2.6618124295236134,9.555574271930263,-0.008595851783218273,-0.05166604161245272,-0.08355388527902965
78.775,0.9675716820328771,2.5887998142684894,9.22624924960585,-0.09159299372896945,-0.0009509124121223624,-0.03452863846648797
78.8,0.8188360683343917,2.3711521184399227,9.568803940595844,-0.16518303421132513,0.042207989349847944,-0.012802466472649519
78.825,0.7043724047212603,1.9783495601852483,9.69050751158225,-0.24330153085371037,0.06662807083748909,-0.09068180318959011
78.85,0.7163445548315864,2.0256065149782523,9.634027809472308,-0.14991577615768395,0.024521224143060863,-0.148407911765394
78.875,0.8269588932813791,2.2950628487973157,9.158344214179067,-0.08427383227366657,0.029385076888202133,-0.14300926965824406
78.9,0.8349672895878576,2.3709806188258242,9.123794201711679,-0.02683039793929989,0.04309416493161983,-0.10283539313517093
78.925,0.6211925718209902,2.1069230673849138,9.305993231282985,-0.056576914353720746,0.07544429015068953,-0.09097005300026113
78.95,0.6416038394126392,2.472659680864618,9.533618513953211,-0.21261377229495884,0.12719829950336645,-0.10931382272594473
78.975,0.6270134505555083,2.206265669267911,9.466847587552484,-0.2283608619262239,0.10058632790111934,-0.09972612307555427
79.0,0.4887792308657044,1.7943775396707637,9.254609894684997,-0.05617292227743997,0.059912541575826005,-0.1014185221038919
79.025,0.547844314145258,2.1496981682542384,9.474847014227148,-0.030680199540860324,0.05722030223323822,-0.03628638898361018
79.05,0.5458528243592485,1.9290034895452546,9.442414155765848,0.00870692808222418,0.058602030684475406,-0.03807602584339361
79.075,0.5793475103769062,1.820472225057835,9.757026446970976,-0.03397307983769427,0.06401701930468474,-0.07730573698429677
79.1,0.4918356473229644,2.286372275921429,9.985866997964738,0.02797685587802889,0.002904735157031534,-0.09539338827113494
79.125,0.5226911062822708,2.44567470058838,9.734906087580987,0.04715487652949099,-0.053735038285282984,-0.06524813046339052
79.15,0.6828932201215465,2.4713488682368627,9.481847377738815,-0.008293951848452687,-0.04692385550903674,0.009578037998598188
79.175,0.63649327077739,2.227446179487291,9.544867953383513,-0.013099469335377874,-0.04088702703477737,0.0715377246799818
79.2,0.5803018038071112,2.054533779045536,9.642799268830606,-0.006279257517256469,-0.03968346715380578,0.07723631664369292
79.225,0.659703906270646,2.404178442846564,9.608402474534678,0.000473641191305375,-0.01634811237857001,0.01437536666243838
79.25,0.6248917243994624,2.322356555662986,9.474156847920305,-0.028318364275459883,-0.0028114303153791366,-0.005132098727043826
79.275,0.62153680684758,2.2480930549168097,9.184969744502563,-0.0284846795345931,-0.00373958388385054,0.08526745277177675
79.3,0.5919523571019999,1.862385753578225,9.22815020856164,-0.04449240422033118,0.038439482902829995,0.12253504094689688
79.325,0.6653071282726027,1.4288956083565918,9.243485996224363,-0.13102504564444453,0.08090505780885479,0.02293397980763682
79.35,0.4995077592453575,2.236023235616906,9.590594703371423,-0.08434092822229927,0.09810475713266925,-0.05315078256753086
79.375,0.5009456815120378,2.146034885443406,9.65423293785044,-0.003154782851746257,0.04628088054197782,0.011677512381389537
79.4,0.5811391843285076,1.8515808999846564,9.517184975313656,0.12696454181097908,-0.034858469959415696,0.048972436909108984
79.425,0.7012915925270258,2.1774606335913096,9.33093117603817,0.10664497711006317,-0.014621425299002736,0.07040550476645836
79.45,0.6285883181303915,1.9458229010687054,9.181497731358624,0.017702148602197158,0.06916553600380622,0.005829947613136503
79.475,0.4156409221586851,1.565344968714992,9.470887212150018,-0.09476685314669116,0.13083187943348873,-0.09428119803319508
79.5,0.3335929671098298,1.8375918498040296,9.783496652205166,-0.042439241434569466,0.11370556218373946,-0.1556069784519257
79.525,0.21674443749166472,2.096793218223246,10.12937469630117,0.04744563671287069,-0.021245690673257468,-0.13444014945590682
79.55,0.44938391435289216,2.397481571934851,9.560101236240946,0.18615932675480448,-0.1302247082123152,-0.06182598478969264
79.575,0.6732106738121162,3.004916279514308,9.273300631313337,0.1829202755066397,-0.0875659685918448,0.03814221957551877
79.6,0.590770063141016,2.5957444259486295,9.36772644386374,-0.008686041343750532,-0.006876216641231144,0.06333525835960183
79.625,0.5368272944923126,1.8640834332180722,9.389249921302286,-0.10069737121661586,0.06417025602916479,0.040013367331611815
79.65,0.37338339394216336,1.6972684715066777,9.668600253407297,-0.07530167126828587,0.05937556864644481,-0.06778100669150859
79.675,0.33624032393670245,1.8216313208381496,9.89260828855052,0.018348661956028824,-0.026477827532984187,-0.08180706306644264
79.7,0.4786635665510235,2.58275360865957,9.553326922398899,0.10049772676821907,-0.07886862865765112,-0.02769281701239359
79.725,0.5056829781918882,2.5088069617187574,9.264394312117899,-0.04709793783815269,-0.014275889887768456,0.01986886678464112
79.75,0.44674132162350644,2.0252747674974856,9.406808331580647,-0.18905846107687643,0.06790615609178662,-0.0024780964632383543
79.775,0.5807270608672481,1.9306860306343663,9.615678782774559,-0.04814276465002302,0.04222224868705242,-0.01860218118020556
79.8,0.5946428820670324,2.2962695981443138,9.328024374520425,-0.025381947299732473,0.009302065641655055,0.04282623523112841
79.825,0.5317723636226458,2.111562555186256,9.472953721770125,-0.008422517138338855,0.028440914993463823,0.08626182744637952
79.85,0.43006199031071624,2.1926099481300607,9.68688498185093,-0.037716361196457236,0.044616654037413384,0.044178182812380805
79.875,0.4346114195084843,2.3453914216762146,9.905058117429169,-0.03945731621618487,-0.017048859335100662,0.01857128184557936
79.9,0.5439056439114421,2.3742607927295816,9.635535678290719,-0.019489860691261126,-0.07989159031488526,0.09958902738853194
79.925,0.4849115871387107,1.8989605388809383,9.321574409744882,0.018755444176314355,-0.09798705116674353,0.15615355675230438
79.95,0.5686351041133829,1.6949028289019739,9.219191818307019,-0.009904490728600833,-0.06864654949573386,0.10012800202109708
79.975,0.5579904506943197,1.558681400798941,9.543636202220744,0.0016855094215728506,-0.0457887020831979,0.013347501283983347
80.0,0.4905268927913795,2.064156055544511,9.734292484776352,0.06605791635089955,-0.07543341087927607,-0.05501702293377814
80.025,0.6305397424210902,2.566993656606689,9.563820900356538,0.08499808210916354,-0.10579513322776853,-0.006108141868244254
80.05,0.7546589672166034,2.4841252023328098,9.191566814373028,0.010100443985233859,-0.07480591702358558,0.10601901574982471
80.075,0.6495007066632594,1.9803524226690679,9.391768919277704,-0.04303139423443236,-0.0004649972505939789,0.1560333561703965
80.1,0.5045485976579628,1.639273792302581,9.694675174657545,-0.04443163510261769,0.04773528137685741,0.06043770697155941
80.125,0.5356610205818226,1.6844773558897599,9.907618374943036,-0.07224057236943958,0.041659916753091435,-0.07811708082654686
80.15,0.6911916728111192,2.0644696151544157,9.578568724312507,-0.00822899948757337,-0.014393105366682053,-0.12457804889039283
80.175,0.7259368120432287,2.3222903572624,9.164845629570832,0.02110750729593006,-0.0189556593028857,-0.053450149720512305
80.2,0.603614643977771,2.2463588905062877,9.205851158100913,-0.011780292046094664,0.015860229335460056,0.055667837480320094
80.225,0.5585195947690571,1.957212434466182,9.65987953392484,-0.005734702635378309,-0.006489822416757226,0.11033875395654394
80.25,0.627701502886858,2.026628633023433,9.902993960401428,0.03922544445484057,-0.09696388390740923,0.12592828005619183
80.275,0.7024552827709468,2.0769224955486587,9.466859470682563,0.013512754497623097,-0.1340045044913808,0.12308944034281113
80.3,0.7318941393537488,2.1618083767367007,9.18656891631259,-0.006591919143156499,-0.07780218754341742,0.08254069451167097
80.325,0.7947821871991851,2.083536978560434,9.32667564875155,0.00965241613329658,-0.03542330204357799,0.0857089554254345
80.35,0.8302895359967316,2.298819289350792,9.728036721857963,-0.03330210920261213,-0.024549060939979595,0.07110787089079847
80.375,0.7457921662977716,2.265447495019865,9.635097909755098,-0.06736847424618823,-0.043219350442158494,0.08600060850423424
80.4,0.7036933162064843,1.8733115121558865,9.289547615444283,-0.11823193951833524,-0.03310298673334658,0.09257215594910058
80.425,0.8267408665523466,1.856243387203926,9.586293467778408,-0.01257523321832951,-0.04485104730446728,0.10987522029191595
80.45,0.7510139784466091,1.7502859545967362,9.585468273792793,0.036205172412293846,-0.07668330084086661,0.0955160388979004
80.475,0.7708162411931894,1.8422925865794602,9.282903568611717,0.04950272755889015,-0.06775888402017399,0.05990311028294698
80.5,0.7869548892117331,1.8585532324709801,9.216759155504304,0.054869997722885484,-0.014422913044561055,0.04096737686500775
80.525,0.8266295244487017,2.14302418622846,9.722604681028772,-0.07958137254558634,0.027286957289747425,0.008564667339021155
80.55,0.8494972566624398,1.9435851989381896,9.69870186318166,-0.0705728886658803,0.017569516459186425,-0.02532916529899165
80.575,0.8275320646991257,1.8603088604659865,9.415747875875105,-0.00042077083887367506,0.009943274183920802,-0.02783684612890849
80.6,0.8817221551755745,2.1428390827057595,9.471060207739693,0.01648710757827101,0.03636377873605689,-0.03966854594937424
80.625,0.8663971382827877,2.370423627524882,9.425337614859277,-0.20413580496761685,0.10906741660684557,-0.07052385816822482
80.65,0.7105222327426898,2.017215780256099,9.631974001712168,-0.21557712779038266,0.13164424246003506,-0.07101623044609259
80.675,0.6391800024390638,1.5066141413953233,9.629518414410953,-0.10684521556320668,0.09065139368655614,-0.08422427079492527
80.7,0.6197308797580043,2.0156087816576513,9.79923915698581,0.07959704562037151,0.04709767819077724,-0.0716423642515131
80.725,0.713536290841308,2.002168728673445,9.551323939384561,0.028563131110999146,0.057822834400378685,-0.0702749217007195
80.75,0.6699613335757114,2.191030438372341,9.381348633116529,0.10785944015872342,0.09154412097347141,-0.057962022884309274
80.775,0.5173170567443586,1.9104205796148124,9.448094073295712,0.14703933868501132,0.1251824299207113,-0.04664430223747303
80.8,0.47545516182183933,2.105686276421065,9.791666462079014,0.04090755079936937,0.09191253004547602,-0.06783802728732967
80.825,0.6225311968463192,2.183856224738334,9.520061389846271,-0.09604819006390268,0.04836486220423905,-0.043216274543433256
80.85,0.5650704226841535,1.922719118748757,9.212640010330999,-0.08978198713421247,0.050754855081588265,0.020609659213074866
80.875,0.5744208735717955,1.6797225365370654,9.265576551468804,0.008598996641198143,0.07077741298609805,0.03433770657396886
80.9,0.528270936192663,1.7475280130836535,9.688219622665045,-0.007116690244106896,0.08336678908630961,0.009195265162473586
80.925,0.48768974657589886,1.7822218970638894,9.859130637587006,-0.09614631634660362,0.04465449272374124,-0.026445080800862816
80.95,0.5005712075605542,1.6763296292811143,9.390449018295483,-0.041064125102051326,0.0030971834119193783,-0.028759080035981845
80.975,0.5649863947794822,2.0116836712428396,9.556656793491122,0.12238785505947641,-0.007995592715795375,-0.0100684946771457
81.0,0.5621493698304599,2.0011146055627105,9.411436206940566,0.0009381343343076758,0.025590938709766697,-0.03612422530551704
81.025,0.546579033432096,2.2946965541972277,9.753017519931193,-0.06952967735870572,0.027225809325900033,-0.017986121703803138
81.05,0.4958860693312876,1.9755351099473188,9.74141174718714,-0.021241551191819745,-0.0012190962200265283,0.029074649462575094
81.075,0.5965177049825544,2.008743798662986,9.521325977549624,-0.029112041851851244,-0.023908614529001927,0.03744614608367141
81.1,0.7010898225161676,2.156531261288553,9.606783051213734,-0.0347669793265885,-8.815562544152199e-05,0.02296083746491558
81.125,0.6168603377734421,2.161128435231578,9.59499183835362,0.025113485927847776,0.005460729581465351,0.03576836852569461
81.15,0.5479679280779484,1.9293436499100725,9.508594723466535,-0.07372221185078438,0.01973715016082493,0.049534253061463585
81.175,0.43199434635428485,1.8105423161213103,9.449227663263123,-0.07925313722857633,0.0315275823763479,0.0257338424633992
81.2,0.4519231134402993,1.706292752457846,9.424206827717347,0.004925091430268509,0.016921749336392268,0.022561877288909345
81.225,0.3448358478611493,1.8406252321846084,9.385072497964053,0.03529411912181462,0.007822419805352202,0.03577708955189052
81.25,0.36298992029244453,1.4686100531611288,9.57166533703964,-0.02388108601109758,0.007867302522702591,0.0030793963607884047
81.275,0.5288853539914947,1.767777933702631,9.518718148312479,0.047742534238882556,0.022113757311249198,-0.05881742358373324
81.3,0.4292527553327399,1.9612001352474446,9.449642978598169,-0.015061390753794939,0.06381081908796263,-0.11090792999999956
81.325,0.46445903848636627,2.330920443953481,9.342522035203237,-0.0578113683145567,0.10490867296860208,-0.06392608926381754
81.35,0.34705461983429936,1.9853532139173335,9.747804904471252,-0.00022945610195227562,0.11383948517177735,0.023910739505961797
81.375,0.4025755353168509,1.816340939356825,10.061767431797147,0.0887689799584975,0.033879439733063114,0.02621909698104826
81.4,0.450549715049492,2.183705078122374,9.6453915733723,0.07751436916353716,7.811352268995408e-05,0.008367173743651602
81.425,0.5475897206921656,2.0118707788600725,9.455694643774313,-0.014360846435644902,0.019838211411142278,0.02074445862534497
81.45,0.3473603071186463,1.895872671272886,9.592206206332934,-0.17566697475226584,0.035145798218249216,-0.04644049988952435
81.475,0.44834529871136874,2.1361067710630155,9.638609756897992,-0.011034503325760623,-0.05098936847417932,-0.002939116867044518
81.5,0.5367957915574622,2.0551322513113344,9.184746447550047,0.15912287358760782,-0.1087897967514206,0.11104675749434009
81.525,0.4941565138387089,1.6640065577493832,9.129702111862294,0.12931401189553826,-0.07596767977428981,0.14282031467263873
81.55,0.12845162560296985,1.8857174454786894,9.850150732010718,0.05431133048669081,-0.04855009557988505,0.09948509716510044
81.575,0.4246798890053147,2.263809881062642,10.25914546389467,0.035528022730371894,-0.1610994645896783,0.0830316356986249
81.6,0.6330896954500815,2.82857316603057,9.078044280686438,0.029310069593419905,-0.16596494593880692,0.18359982820514234
81.625,0.8702880677190228,1.2593097025734068,8.726445528704305,-0.08102005499310636,0.006375070921318848,0.17058641207511863
81.65,0.30950878774929713,1.388403945290591,9.32207717189321,-0.07772011770739794,0.10453725939435851,0.022110657969965728
81.675,0.46671797626544437,1.3116479874519689,9.279010364948995,-0.012106292617371851,0.14503469943260597,-0.10832891414832978
81.7,0.41055483081098454,1.9586135352781113,9.756812667689031,0.007266796340369611,0.14642290758326557,-0.16443666110332592
81.725,0.6023229943625866,1.9805443878727937,9.6745929199485,0.0811417646355669,0.04590538714321017,-0.09798061450133011
81.75,0.5873157779826375,2.336125721690776,9.586884589456181,0.10454608325409535,0.04173878716378297,-0.05981131873085722
81.775,0.48802663383045497,2.5440189040702634,9.61010368241125,0.0361384885047565,0.06575080391175833,-0.05579933501887891
81.8,0.3175574520487804,2.7789948758302168,9.71651790709551,-0.016622921331178445,0.06483057075684227,0.025137124293751638
81.825,0.19327646133331147,1.9497301392167317,9.894902984288496,-0.0468097301285452,0.004741554236271581,0.10096209341489143
81.85,0.2962751293647626,1.9945273748227752,9.455378896502852,-0.023080613738128995,-0.021245197939119113,0.08393262678481438
81.875,0.32306074268270935,1.8214744228503779,9.317978876074102,-0.0002610095855700601,0.01223664075533529,0.09400143828166198
81.9,0.11050007431921476,1.371344810655596,9.844010397194499,0.05888887834778331,-0.011089562605444003,0.01763346721889703
81.925,0.3736804749794507,2.169522813750836,9.753545952194196,0.09397388200239147,-0.060541283223680395,-0.026335977369953828
81.95,0.5086530128930578,2.2866120630170985,9.715056895510212,0.024697867475637188,-0.07055413956428405,0.00020091913644578022
81.975,0.6494718106805215,2.5921633325316487,9.484272793608152,-0.04345296425983485,-0.04285194470959508,0.0115521055500424
82.0,0.6263404627412877,2.203936350404169,9.50564917601266,-0.02017503140010686,-0.00243099399773813,0.05851950316080669
82.025,0.35418915867856604,1.5443679709016152,9.825117747232639,0.006378841215474093,-0.02759941459012983,0.03192823859892521
82.05,0.6471105529455136,2.0600530922022484,9.564984452620324,0.04931886311744944,-0.0865159407852065,0.0079774580445733
82.075,0.7586797954678374,2.3099316732057003,8.946297770357244,-0.04396133401574013,0.04264091378017738,0.0018264042674087525
82.1,0.32198536566216,2.1801414667154995,9.861990069046563,-0.106181136275869,0.08001214936971407,0.018564969415646733
82.125,0.16099718544191166,1.9863652016245703,9.790204396947018,-0.005794058263963489,-0.010093123319514527,0.10250199253912515
82.15,0.34693641858663826,0.8126016494717627,9.554130603140564,-0.002032720513427281,-0.03908753941384905,-0.024644159143397217
82.175,0.6828101379379301,1.9730401520509133,9.5618007816905,0.031389101750728454,-0.05478183699648899,-0.16502545672584132
82.2,0.8299537903148447,2.6204490811799457,9.047134577255841,0.05154957044631454,0.0018779808973713443,-0.11192193722657576
82.225,0.6197398400932407,2.7916055695380977,9.263928118317686,-0.0447341259677994,0.04911857149604931,0.026105026203483234
82.25,0.43078068905203876,2.209290847077418,9.387932980856744,-0.1298202729283733,0.07185727933692036,0.1647833256130561
82.275,0.469862696276566,1.545486559508191,9.670840569266833,-0.108013038159079,0.06265113210761378,0.13734031094795027
82.3,0.30731197433607704,1.6858739402851002,9.85147100395663,-0.03891632907496246,-0.021378444702436786,0.0516197765535079
82.325,0.3813973835285775,2.653602256592137,9.643752098646287,0.10110848769872102,-0.09228379251256329,0.066575140321112
82.35,0.4887738338849201,2.3042229058821975,9.426422198937635,-0.0022474701118938177,-0.11606207281186944,0.21042908325302487
82.375,0.5599021102659216,1.8217075200131854,9.057579381592975,-0.06272668176932687,-0.031166960594174987,0.17676184856051583
82.4,0.3989848424539798,1.3557236176360927,9.660639707658582,-0.09982170173229032,0.0325184047706516,0.12097400776795704
82.425,0.447575625729026,1.4256279580823863,9.76774137310075,-0.0815635075113081,-0.004781451353974644,-0.013416207303197128
82.45,0.5757159726352106,1.9103707331782387,9.697505000748993,-0.024097223653517595,-0.02032187957599292,-0.08451363960741008
82.475,0.4637325275014146,1.8077153976164801,9.687262069690508,0.056107226645033176,-0.0643652892866568,-0.08703786926532533
82.5,0.5951671051854472,2.0469114732707716,9.021456378997943,0.0588933613276339,-0.030003113216962238,-0.09649106043475168
82.525,0.5430800400759581,1.2726852014328538,9.062926533750945,-0.06996657958586484,0.08991746215672076,-0.1683035572985596
82.55,0.46068050255159354,2.0024156571092746,9.83182969880624,-0.007115856395524847,0.05264353390284669,-0.15112356227596707
82.575,0.535880584691371,2.348174159991438,9.484465818024352,0.06819468654820093,-0.002671435574093928,-0.041002083661273725
82.6,0.5510321320933621,2.9939219901881278,9.620903191440114,0.04507495442997272,-0.021409687088521194,0.12077402170958577
82.625,0.5895232713842719,2.074599107612259,9.362840101939732,-0.07656338118583685,0.015641649103195248,0.14047144715110169
82.65,0.45466516342838603,1.5769117061743265,9.59048359414743,-0.11608994565169863,0.035526881310324866,0.1037726399825491
82.675,0.5318535118785092,1.4490643757970283,9.684216701345155,0.006313218359707645,0.012580827171515636,0.034333811216104515
82.7,0.5439065449971103,1.9619643704234944,9.72556055191345,0.09400496464818453,-0.011951411170685027,0.004620950283524159
82.725,0.6966159028348864,1.8162140838264504,9.529553636066957,0.053208186369728995,-0.015462291390049954,-0.0037190499073517604
82.75,0.4952390959167955,1.9025318874980304,10.000566316746351,0.025138071073024053,-0.028979486067862978,-0.056854875498677564
82.775,0.6620522050226562,2.7414039270736468,9.402037360126306,0.0127402971331366,-0.01905575420191214,-0.026719961840461135
82.8,0.6736897505874603,2.148627116893888,9.48396015900023,-0.08188639957858403,0.002288380469226167,0.12679229217063845
82.825,0.5052810450991904,1.8903855508788607,9.531518794471314,-0.06036150001926883,-0.003896424877668795,0.15005978036301565
82.85,0.5201905540194592,1.493983205263747,9.521912235275002,-0.006158901536543849,0.00871907690881767,0.06131832566795411
82.875,0.702388573528396,1.5956141640428902,9.426653482235434,0.013632528527537512,0.04081478000775792,-0.06269484430847723
82.9,0.8016465261326281,2.067288899228576,9.44310097436429,0.026213413304512934,0.0557652295612129,-0.03630101498459803
82.925,0.4733683639785105,2.6788184360418734,9.419405342137447,0.06299456375342544,0.05677022760125716,0.11996818438493215
82.95,0.18393997991009856,1.7560448104947959,9.688585985043378,-0.1327603022563759,0.0953303446392643,0.136311483455191
82.975,0.13129028333027662,1.494726867947771,9.538491250978382,-0.16798433338522087,0.117656252114028,0.014544518988376574
83.0,0.2238912986985308,1.3714708212500561,9.989521964508201,-0.053443853696124685,0.06400034068297737,-0.07237760212641786
83.025,0.5102463125112279,2.323051768826384,9.39783242104637,0.09623499202423942,-0.016873851271515743,-0.07056069114146588
83.05,0.5459212594273144,2.134258403534692,9.270380605416417,-0.000816512151062697,0.01230787033866433,0.035136536207113434
83.075,0.4976295891411217,2.2895504781528015,9.575058974146087,-0.06572658358287557,0.0232655423488255,0.09510023391526584
83.1,0.3331292774460066,1.6757896992131962,9.601594393582362,-0.06953065016308735,0.01882265131581152,0.051761735155824724
83.125,0.2714416952900542,1.7961998364979916,9.821292331305521,-0.04909643361408792,-0.03234944165689021,0.04396132492162757
83.15,0.1418366793259013,1.8102099182964233,9.549154564872905,0.015293817602648908,-0.086549592408737,0.08474772446513476
83.175,0.18923635182022716,1.9059832661433491,9.642299624165508,-0.0043636283163776155,-0.0673221125103368,0.07461028510910582
83.2,0.5017870856655503,1.7763957398448011,9.672728521706713,-0.022888779793388454,-0.05239346318602161,-0.005594050852894546
83.225,0.7187235913509112,2.0188333151866344,9.513377509568734,-0.02734692232979212,-0.04468001047093548,-0.01001841321794091
83.25,0.6549398083679919,1.948268358223546,9.602256187834024,-0.014023545146625948,-0.038827482604952716,0.030333620968862888
83.275,0.6111508963760078,1.7586232867179756,9.812353749193518,0.022385593183008503,-0.06728810357000786,0.03893685811408954
83.3,0.5646702876191729,1.9220551310575462,9.868122454175436,0.09880560957076392,-0.12676088709775915,0.04972032809162591
83.325,0.7375301702155872,1.9365533603585734,9.296507949392808,0.09033050155300934,-0.12349608117097895,0.06356695177207064
83.35,0.8067188383901832,1.87485912377106,9.027841694628446,0.016701441913568562,-0.04009234726433993,0.11065219078646057
83.375,0.6833535646365408,1.57179070074198,9.457866867294367,-0.05697010614179002,0.045882122264422384,0.0866386627996172
83.4,0.4477828276829657,1.4105526588200048,9.734832837619816,-0.04938580095308561,0.05234879634805918,-0.028735158936947502
83.425,0.054744645641896655,1.6995332567669772,9.764474821663763,0.01928740969719539,-0.014258946268730005,-0.09928331410402255
83.45,0.44340478162375696,1.9861379321720765,9.642689661383457,0.08645074488281206,-0.07720066973143176,-0.09151870398571729
83.475,0.7809639226803401,2.0187608878579115,8.939299745183728,0.06613317993778732,-0.0671521217593624,-0.02882784883635979
83.5,0.8744948384052156,1.7771484288122696,9.324154478007145,0.023802894459303562,-0.014464070441788561,0.026954776860776165
83.525,0.9944430697478719,1.7914968975616115,9.5162441500989,0.00026023444187255176,0.02519483213657164,-0.06354506156771934
83.55,0.8413870750762616,2.5263578925946155,9.393218032334472,0.027430583392094247,0.09421993132748922,-0.07811059244054273
83.575,0.9111856457861037,2.418813379096528,9.8764179684865,-0.02433238301270972,0.10135611802783827,0.020741608381456653
83.6,0.8682945030753917,2.246937133267853,9.466979420775356,-0.08939510219193386,0.10292585100945577,0.05184305480074462
83.625,0.621076849510935,1.8585277949104517,9.560875856761234,-0.12040542400141721,0.14560160343901676,0.036391233230356916
83.65,0.33408594479562204,1.637792343895914,9.702137402123356,-0.05701817229356269,0.11641319344649158,-0.0088147175729759
83.675,0.20951069999185615,1.1476175542244753,9.554020906152642,-0.03179035732077573,0.07761455233743789,-0.029986780552045175
83.7,0.19572036873615162,1.6287219592883797,9.887271829153562,0.0380288525662048,0.022808941812516356,-0.04522583133443875
83.725,0.36689701387009244,1.9573941601787719,9.560996099122113,0.1052407661098426,-0.04405563503607855,-0.010668726642915434
83.75,0.426421197965765,2.231246286756586,9.33450468248441,0.013501091378873255,-0.006523589459504237,0.02655426086606742
83.775,0.5028704298215491,2.1540536331361473,9.579686485517783,-0.06788010180124496,0.013336962643908268,0.04167689753193748
83.8,0.5345363792913392,2.0797469340158643,9.617305979334478,-0.10550672942452448,-0.0014177925772591404,0.07519695740751785
83.825,0.44251239694061767,1.682332515523285,9.453935107418706,-0.027563252712200823,-0.03594044482555011,0.11004481131186941
83.85,0.4657575078367735,1.6937199292840053,9.381141341337623,0.12106240780901845,-0.040716735760499535,0.09709308206300059
83.875,0.5142889192231624,1.5616294190992417,9.453121157376383,0.04141640649895607,-0.015059517676668733,0.017421332298631256
83.9,0.5271284100888275,2.3938633588320246,9.343222696708546,0.04345610178186872,0.006763839475660919,-0.00627057473214037
83.925,0.4731872001823386,1.8725837630407811,9.546437129137793,-0.00034727348208855223,0.024780684741797915,0.09998158744417025
83.95,0.32532151871545306,1.6493191230065858,9.664023600688456,-0.026880154009165297,0.02419344453376523,0.06601685560548291
83.975,0.294793765407834,1.5439278893619224,9.816624316803567,-0.06145700393459787,0.02867379622879223,-0.032020426343390924
84.0,0.3569993046261658,2.0211197719160188,9.91535680765148,0.00555756609205768,-0.00304426457217196,-0.11522932426403894
84.025,0.5148289352874883,2.15095378710966,9.499731371887489,0.006898609818081629,-0.01861199673148706,-0.11089880441756342
84.05,0.5785249848317038,2.151992004587255,9.340836036594316,-0.00421061126994738,0.003093200447886127,-0.04736522827689728
84.075,0.5782763112701889,1.8803074135504971,9.468898826676563,-0.041174390442880016,0.029296956192575233,0.0073981035074942225
84.1,0.5095411717222031,1.7709645185676746,9.685378099204199,-0.004003227023336372,0.014507501230746659,-0.0026582780967223025
84.125,0.41896292563703763,2.155645509060736,9.599660226118054,0.04438352768040595,-0.008382665823380351,0.006712943567181933
84.15,0.35803536719475415,1.9951208052187315,9.499430239473845,-0.014509354961663778,-0.017763586822192434,0.05740174076460464
84.175,0.3178840383071514,1.6524660225616594,9.531758777188909,-0.0432137487676415,-0.023823012589300217,0.05429075256079258
84.2,0.4350678674098529,1.4359022472644007,9.636176375302577,0.016351714194428903,-0.045383030265711,-0.015492488399391217
84.225,0.5601754111395286,1.6580004056739424,9.365757973143962,0.058436345592468325,-0.0595350860643016,-0.05752269574797247
84.25,0.5784615112375733,1.971037582026998,9.378357780210344,0.05138005493426284,-0.011035505186150145,-0.028421547217535256
84.275,0.5703946256179514,1.8494822586930453,9.641308864033132,-0.009494789040170908,0.029751292400105198,-0.02905758239437846
84.3,0.5411316148415847,2.3316799253490097,9.878156512055748,-0.005140368688789558,0.014078139676279631,-0.04310969067388994
84.325,0.6560828745759532,2.136101644927411,9.404021407902079,0.02601679808754168,-2.392718132891311e-05,0.009370959063088545
84.35,0.5641931963674425,2.070363424991314,9.501272177736407,-0.03594103910018657,0.054106383532470805,0.01316033777818911
84.375,0.41704300061843114,1.8405547930287605,9.759038610422136,-0.04204136791115697,0.07143052927473263,-0.02789063966083073
84.4,0.463752390503867,2.0017548941764045,9.695162399635024,-0.052985371100135466,0.02683868037350978,-0.006473348684375798
84.425,0.4695189778408512,1.9166009946985316,9.421396619961602,-0.01315231845531158,0.00574714966493175,0.06812267863185463
84.45,0.428050442789306,1.5065383454668286,9.597446466402191,-0.027046247585701566,0.016499446326514195,0.0502953258608731
84.475,0.4700639151308158,1.4620448598767977,9.554964290470883,-0.010843245365329315,0.007979830055704434,-0.023002216680775366
84.5,0.5219632542662636,1.8083831337988647,9.545568902241163,0.030509582641892605,-0.0022783242321973126,-0.0511402789170191
84.525,0.4170631883078001,2.448496824248224,9.546780644462766,0.06821570630273197,-0.008690444964188528,0.019940196687691494
84.55,0.5603700418865296,1.8609448108702011,9.495200424825818,-0.024346953735690728,0.004415635447128057,0.04980231638578874
84.575,0.5095406090620844,2.099082933650044,9.719146609054611,-0.00722650491396084,-0.020689581333673834,0.08422962607637408
84.6,0.5847012717819627,1.9654958929339306,9.562821121813341,0.051556937358776554,-0.03130201330692891,0.08880491166098886
84.625,0.49940933758569983,2.072079090442154,9.324909884871952,-0.04799723308599575,-0.00396968696564128,0.099571111586059
84.65,0.4304695617643492,1.5360054327871115,9.483941476739874,-0.08914590126114982,0.02724753280765462,0.10374623446291008
84.675,0.3291235300114399,1.6070928343499247,9.73526059662729,-0.02413226487496689,0.0005411767260861645,0.06051822760751989
84.7,0.4299280782909604,1.7756164811724289,9.645705480722025,0.010866396937824173,-0.023175915373769986,0.04544813820364369
84.725,0.4979768691194268,1.9874132113550282,9.590972261222868,0.004469193384841778,-0.0017496999707178398,0.024217882948378382
84.75,0.47371932235548475,1.7862999052234216,9.460775057278967,0.02826259038168969,0.021825983642163937,0.02226848239033845
84.775,0.38345219025734023,1.7361228031249922,9.502138979745048,-0.013554591528368982,0.04603100463961712,0.006630273777651636
84.8,0.32413784846740457,1.8389340625796147,9.766612161412644,-0.06223416451316152,0.038638819930841964,-0.02750126491092212
84.825,0.42812547441246007,1.7711753896139586,9.44520985524599,-0.0019647821257783803,-0.0015327834310954994,-0.03768721930776508
84.85,0.4926747016434575,1.8783965701752268,9.207919624547529,0.05576565363132036,0.009293785986784812,-0.04743970960180352
84.875,0.4836155928208923,1.9703186269476116,9.370962151414217,0.014855117763462196,0.04575976842982921,-0.03903436859335726
84.9,0.41288322503265784,1.9798914952227102,9.732975623452285,-0.01790591391615394,0.026585477413274876,-0.02234135258966064
84.925,0.42058657043558,1.9487574347506857,9.671770823132968,0.03950501212723453,-0.02516031930107683,0.050190920518505266
84.95,0.40809124827156823,1.8576428560404135,9.567871741330157,0.0340725203948238,-0.04378415826751879,0.08042773775725127
84.975,0.43402912595315774,1.8290728442250088,9.471208701163595,-0.01078366914313964,-0.011830745731032832,0.04503845726997036
85.0,0.36224752394060755,1.797179353079261,9.767395680951783,-0.03713908574296658,0.0022195601386278342,0.005111855726406132
85.025,0.3939554530676116,1.8074806192507966,9.79452168669793,0.036344250111994915,-0.03395898988120183,-0.001396473789653589
85.05,0.46107301869224043,1.948300323759659,9.72676831085834,0.07894903612570686,-0.0770763477850976,0.011614601496930903
85.075,0.6104258192688501,2.3353206947174527,9.571591996990486,0.0377207643348165,-0.07595254967944579,0.002229160646645444
85.1,0.6319574618767234,2.2879524594060263,9.542726908075188,-0.02661021798816769,-0.07498117604023043,-0.017027127069654747
85.125,0.7246552028593375,2.1689610740258765,9.059822467739389,0.02804084106401101,-0.11886417892829769,0.01285319178743172
85.15,0.8230968371229698,2.092741372586992,8.829294471179159,0.060605197600903014,-0.16192411554709665,0.05924833440735687
85.175,0.6193304652389519,2.0973240724789095,9.661911381134708,0.026323385524331347,-0.2788260616212002,0.10424191243616009
85.2,0.7802998988045927,2.0507342711180643,8.952226072705178,0.14385756147103312,-0.43338334333137585,0.19318100738821795
85.225,0.6967038276694346,1.8908985709927504,9.067535220422158,0.3313119312561786,-0.5381769826418259,0.28150812382210366
85.25,0.7765662900056117,1.4707728820853763,9.234012221184148,0.27201675048678037,-0.5721502443574514,0.16022407700255684
85.275,1.068585055988204,1.8281577072450688,9.505716832316494,0.14324199101856855,-0.535774531397358,0.02381800839654112
85.3,1.2961994981186122,1.5822435619608468,9.244377731315911,0.1287578675783002,-0.4627413078836244,-0.021773886512094755
85.325,1.3516652847399848,1.474774531275151,9.177862478065627,0.05355909531899059,-0.25969781614003046,-0.025262634892469313
85.35,1.3016526834687043,1.3781867820809675,9.685449835186231,0.10312523813627342,-0.11424962077290361,0.01631711143507365
85.375,1.3716346400872748,1.7288134329652085,10.087453310921875,0.35392927565007115,-0.03879077207564056,0.048314289952265874
85.4,1.3668347945535106,2.3978014318564567,10.439379198876052,0.27311609385886315,0.11460564445060073,-0.09697999161342079
85.425,1.3405655798773677,3.050663330777734,10.189418784787735,-0.06548042790296962,0.2813062103678491,-0.25943415711144024
85.45,1.326610013222449,3.494025452389807,10.145206886253733,-0.20826750745187933,0.3843234054324441,-0.2128835288029362
85.475,1.3870960468702056,2.459780732378152,9.708054596834387,-0.2166063255881776,0.44735909055472034,-0.12543333768676437
85.5,1.2315233716936902,2.24405298537994,9.961348880493725,-0.17224567127404328,0.5705438210990953,-0.1789982123765426
85.525,0.8395235282390467,2.8993620003787726,10.548484940110908,-0.3396396079846586,0.6781115218531789,-0.3620629912418459
85.55,0.7349233196099909,2.9854832842920374,9.855277617266664,-0.21455958358113078,0.6047888776493284,-0.2596982418445634
85.575,0.6515114482338623,2.1024504194643496,8.621051618954871,-0.2494898456059692,0.6689355887973648,-0.3186270372909878
85.6,0.5048120960484042,2.0832159255718286,8.497970642496016,-0.205366015341508,0.705873935930711,-0.36292507493205517
85.625,0.19830369106782494,2.3104152560322664,8.734657507859493,-0.35809211528914553,0.700250939008745,-0.400736958651328
85.65,0.15599340173639387,2.657487203838466,8.583932228995259,-0.3453012420959957,0.608887893687442,-0.22070416037952895
85.675,-0.031053175882481045,2.0942962272936496,8.436360996058205,-0.3219731167516197,0.5300844053459319,0.029458348176662538
85.7,-0.3697253815059046,1.6036410213558114,8.852460606912702,-0.11102666361644188,0.41468565463817303,0.16063585321002077
85.725,-0.7484569668956832,0.37815124247954013,9.500641788946654,-0.06400882394007326,0.285857500387329,0.12486209731987082
85.75,-1.0223614589547798,0.23676252488273702,10.304411069335112,0.13654682154358364,0.04308858914831924,-0.10455704058815013
85.775,-0.7738552117329474,1.5576536380186767,10.218031316544197,0.24955381184844294,-0.22649249450582967,-0.13741852164260343
85.8,-0.23427880848059404,2.3383822163168038,9.132299856139811,0.34009253793511274,-0.37600250220313347,-0.006409923699738955
85.825,0.018146849500621363,2.4829518794193475,8.514521792945457,0.17888052172132224,-0.31592071014389783,0.17141864345479707
85.85,0.020372628546382263,1.7922248281195394,9.074324536747515,0.07669765982526015,-0.24741407948007743,0.23939318568070106
85.875,0.036799991458685,0.9948000418526967,8.941034931057395,0.010426345302452626,-0.19977265272174877,0.09461797688150803
85.9,-0.09206698432511981,1.6596894273423672,9.86306949591248,0.13452900939426152,-0.23056947566524993,0.002198481487396017
85.925,-0.2908853698696679,1.8571787567184936,10.214016490841951,0.3373253903882888,-0.4500742745670512,0.04056973401849129
85.95,0.37580450836117396,2.523097528585443,8.909107462490642,0.435218487343627,-0.5007280400887997,0.11245147109377683
85.975,0.32743011856434096,2.3524176494622906,9.751593802723699,0.23832323475827874,-0.41866765382264637,0.110287298226002
86.0,0.3469074968247495,3.175094457518941,9.933771944277023,0.23487491868082158,-0.4735677248646137,0.1662717868618455
86.025,0.6327435570973517,3.093994878644645,9.557673468992625,0.27974447435250255,-0.5685029404404908,0.39111306292651227
86.05,0.9608909439255923,2.8356890742109795,9.19578661279628,0.21887964800570772,-0.5366253747880129,0.440361199417617
86.075,0.8285592533219172,2.6616985817736567,9.12743227299703,0.016972601944101464,-0.374406036817584,0.42392157679079867
86.1,0.7303614220513722,1.9168789495808858,9.592935921987012,0.07100517319769002,-0.39417541649683474,0.41199972991946604
86.125,0.8761972767477475,1.2313328314926888,9.754052273258946,0.10348638361694876,-0.41317312822628016,0.238156552199589
86.15,1.1674155226162948,1.8608847277786142,9.25406495891383,0.1971507201818733,-0.41242015655465186,0.007092602357744879
86.175,1.5727686844439066,3.4509966291780225,8.402242267887514,0.34491588308452625,-0.33773114823056505,0.025686153952771747
86.2,1.5974650548537834,3.2808923646760504,9.124726183075818,0.18131461678221306,-0.16356597736259065,0.2092731396919817
86.225,1.4114335407983867,2.712011341526091,9.308900156207509,0.05067747558683583,-0.06906738956561152,0.27639483319472113
86.25,1.0799314185901028,1.9306981506329826,9.475880729077026,0.05711585416004749,-0.028130686059782847,0.22818707917709566
86.275,1.2617279069167653,2.076949232508966,9.425309627178827,0.052800733632511206,0.05001367934174213,-0.004599808101431647
86.3,1.1635989292319282,2.1335142398239433,9.761413963132687,0.030288563978707276,0.0864561244405178,-0.18831335769889893
86.325,1.2996075596806504,2.478489918351772,9.841885654662855,0.12252628633207478,0.009006244029559973,-0.24508781378956898
86.35,1.5157181294680155,3.6124777103926364,9.72835282125126,0.22080486089030396,-0.03804602308760756,-0.12677755581107708
86.375,1.4683872727931921,3.490795380891519,9.497754794176855,0.07472718942023257,-0.006519464560810753,0.014082702197838817
86.4,1.3459072252574673,3.076709993767972,9.413048038517175,-0.01845336817948516,0.060494720863600304,0.08666729708758343
86.425,1.0656869148257977,2.666465741108934,10.028966141995067,-0.0725944579117604,0.13278533895770997,0.01171078039174636
86.45,1.0882601505402172,2.7767304826023427,10.23063680856999,-0.08702058523487209,0.13050898565125427,-0.09730023994143629
86.475,1.2541285071453827,2.687537918954347,9.835217233518375,-0.05521631642207286,0.13256632975394414,-0.1670631584621399
86.5,1.334454188709787,3.08177400324741,9.305741328135998,-0.023032042855531214,0.19143853168489727,-0.1576694880508957
86.525,1.2481121129525465,3.04490868318931,9.343061875572293,-0.16312763737842176,0.27073735933362014,-0.16597012765372082
86.55,0.9656034678875893,3.2919314821566217,9.814621877829609,-0.27761637761779007,0.2650200648147452,-0.1751425816212746
86.575,0.938144470390734,2.686965722154187,9.446990436940577,-0.2221363614857717,0.18112721372218502,-0.16337808951355892
86.6,1.015829040526034,2.655989787007864,9.154329446098435,-0.09602883619238411,0.07814199596578268,-0.04613306051000584
86.625,0.9411541306060817,2.4141626849055386,8.846024282680371,-0.030363475780606622,0.045831609465694104,0.07913809460243917
86.65,0.8439675143489418,2.0493759368123023,8.706824523305404,-0.1281625347930651,0.1075578186513939,0.062077571315010655
86.675,0.768261383712636,1.8728713418681875,9.399024472919454,-0.07007836425224712,0.0969138274603716,-0.047148532529769104
86.7,0.7185385632375846,2.2779501225951115,9.431215326710465,0.08911354146758094,0.026945765447768288,-0.06691243860852472
86.725,0.6908108435711492,2.7052205423958755,9.24530851552169,0.13570057453821813,-0.028760867803617585,0.0001928371860873245
86.75,0.9759047276528485,2.8661409148944195,8.958685338733526,0.04975980221895775,0.010325628749394637,0.07768046056802111
86.775,1.0422791851245166,2.3858699024040586,9.151686943052828,-0.07457761078965859,0.11994714009985417,0.044308635961538584
86.8,0.9656562348486304,2.3280725903056263,9.350601142963782,-0.09559419687164285,0.17493382893593004,-0.014020919131082487
86.825,0.7925774740232681,2.6044821701218277,9.977004626455045,-0.04876939847566332,0.15075348096002295,-0.0028279044817612338
86.85,0.7482349738475679,2.1377939483080453,9.987162175689841,-0.045636258008403374,0.09706004972820531,0.0772119634302143
86.875,0.5594821635772801,2.1875419234100346,10.08460589579699,0.07338861036902136,0.06004740932298335,0.0796693685597047
86.9,0.4551467545330724,2.652461217866962,10.165094589501454,0.01767986474547997,0.02477305879365048,0.09261746501382918
86.925,0.882475484481267,2.6338957604183157,9.423218881014119,-0.07811571315484271,0.058133679104868184,0.01008914456445871
86.95,0.9826372694115907,2.5702283378224413,9.025163557490403,-0.22437212316218258,0.21711513740595045,-0.11749025639128384
86.975,0.7693865928498667,2.952681338248499,8.899299039074478,-0.11512695179911926,0.2981962543297833,-0.11862957646864662
87.0,0.47582892314773284,2.9088168851971576,9.487131290168751,-0.16216974122850486,0.2639725773232372,-0.03591132781181094
87.025,0.6839463575312279,2.561800230153705,8.730769155987586,-0.09559070048049903,0.2109250815897864,0.012378036798679702
87.05,0.5016255661646865,2.280126608268904,8.702175349966415,-0.16907376073190497,0.24804339067606668,0.016757646788576677
87.075,0.5348930747637983,2.5474326406469263,8.854401497706966,-0.14707278242286653,0.2526480251300685,0.038439470512383674
87.1,0.48725002107383897,2.111346060025626,8.877803225316656,-0.1631794560051738,0.21534123285047033,0.10025998516504506
87.125,0.24651849731298253,1.4588528630863566,8.913142414904819,-0.12673312516193147,0.13108954971479492,0.07708012433995247
87.15,0.13741908480219972,1.3043132637533623,9.067511793856083,-0.05953449924091805,0.08783666114353991,-0.03345945267466391
87.175,0.17996422178744262,1.7800694945891276,9.131307021113717,0.13961632369155583,0.00784499385658807,-0.03733639644160645
87.2,0.11917398952473154,2.3148396341481132,9.333276580667894,0.21715088160920368,-0.08743892199756113,0.03783543950121409
87.225,0.16385940475511293,2.3325589991999536,9.373164455690866,0.188543462367628,-0.13357394927622637,0.08403881261761699
87.25,0.3708363468688336,2.6377195818067922,9.560901774251422,0.22259195454711395,-0.1632567201345973,0.1259334313111071
87.275,0.5271609252732474,2.5600460674472214,9.881243270576384,0.23849495514864966,-0.17689081923413402,0.1892348977681456
87.3,0.553292350657749,3.1910860417279303,9.75878384989681,0.16840342388292842,-0.1887007733456513,0.25133286391608217
87.325,0.4335823863147168,2.001698809356186,9.61051250848495,-0.010556274826506456,-0.08012850384135593,0.19662320025859883
87.35,0.38463286966480753,2.3813477098456395,10.112498300182175,0.05832118115373411,-0.05286971776753002,0.055865424002821726
87.375,0.561658236901884,2.8985041740387976,10.181378316557092,0.24064305195906807,-0.13161645228523577,0.10957896138252782
87.4,0.5672075106008967,2.9704641059745756,9.748112241901792,0.11266234654120998,-0.14861262614873552,0.20456886310239022
87.425,0.4638263641902799,2.0317278711110967,9.29127993262938,-0.0595760658929835,-0.08044484924943601,0.08332769724377605
87.45,0.635311075107662,3.109483486145532,9.479447927294595,0.09199523566939438,-0.020508047512339003,0.05106777210104465
87.475,0.6635678506975209,3.1831530017656195,9.635766645567761,0.05067278699125035,-0.040503142191089615,0.17746875662264538
87.5,0.47551474106699965,2.534113340972171,9.261062226305837,-0.1711663313620042,0.006704863267845864,0.21204244544579293
87.525,0.7500344055721406,2.1909403793846236,9.240967873860022,-0.06364691054995095,0.06464796473157164,0.08192509935002833
87.55,0.6851465519475047,2.615080917004847,9.537686308858952,-0.08032329259284077,0.07011002443815822,0.022790724721380527
87.575,0.5863992172500165,2.407072625119261,9.244257522851202,-0.06200030535344372,0.06015842914678842,0.029429417046054025
87.6,0.4271494599928661,1.633578489748643,9.34155118793685,-0.051506839221515825,0.08791833306367458,-0.08002688976658848
87.625,0.2429879947387413,2.3458519112889586,9.594208705528757,0.008951037603119806,0.045559960843921846,-0.18460186133603274
87.65,0.3887072397229137,2.5831640840196473,9.634040849032246,0.024228133588577346,0.00032809603753550676,-0.18029864935102594
87.675,0.594651806860159,2.5543064107078766,9.654443222097255,0.08472347758912986,-0.09010787548289419,-0.1408345304148221
87.7,1.0234966020283696,3.1359713523124184,8.91402027535916,0.09207186256063284,-0.04353315997042025,-0.07375208876096823
87.725,0.9335602082635551,3.1485232823538714,8.933106015292806,-0.05340725481783858,0.10419954052247811,-0.04851665145830757
87.75,0.7305465878730932,3.0327607086932025,9.365404806308252,-0.1531630174500194,0.17930233241776192,-0.010028986197789521
87.775,0.45140914952059913,2.8552540227096395,9.848793164226748,-0.1405673709641336,0.13573711186869006,0.0554520415744845
87.8,0.5287401641489192,2.240590180433867,9.63338661382881,-0.08611655718622735,0.022934464794101134,0.10451044698975968
87.825,0.5520653535751908,1.8783228095962259,8.8363243837579,0.015097542804198566,0.0786457116938311,0.030517867544213994
87.85,0.1715513794700507,2.0929141909499047,9.479331748223839,-0.05013847462887677,0.17068855142386116,-0.06751064752106428
87.875,0.06040767374493667,2.2393253310398746,10.247972093566995,-0.030247018585802424,0.028656750055747186,-0.051819018969028706
87.9,0.6931517442058104,2.059526698031448,9.336830446134552,0.09160745839069778,-0.09915265097656488,-0.10310773104629974
87.925,1.0515181703324203,2.8319540944508916,8.673994320643551,0.12265208761108558,0.02204168425140533,-0.05352783569325344
87.95,0.19163937396338074,3.425901370633332,9.485057867490772,-0.06709747782407172,0.10889794539340625,0.04220855687823164
87.975,0.07895808169623718,2.321530507170681,9.320054599699603,-0.1979986068750922,0.10329035626906836,0.0638873083040099
88.0,0.004222754661265871,1.4934945989353636,9.72401172603715,-0.09766163028399182,0.04803446085666773,-0.028466669307844
88.025,0.27674047076721403,1.7970835556825642,9.090001044506039,0.09841357252607112,-0.006972915697446401,-0.162988085255739
88.05,0.2292423171495762,2.9643366369340507,9.026444255530935,0.09068892794720952,0.03004611243954409,-0.10835252385180565
88.075,0.3142787533569377,2.4045711118906636,9.257921374071953,0.004203580546578315,0.044045711305801614,-0.003154495863748704
88.1,0.5105917186025548,2.5601610583418233,9.649106776912854,-0.008321932583795362,0.057696159215892114,-0.048890814667023004
88.125,0.45305415891240575,2.698931302267535,10.078251988904904,0.18303636084099628,-0.0984031595944302,0.11022156239555723
88.15,0.358320724245455,2.38962827375797,9.314249490592879,0.0881068394004326,-0.11489647766600844,0.021858923825541016
88.175,0.33575271509119825,2.41522631619444,9.730014844723348,0.0028179755619482886,-0.06478623440241398,-0.018261052261239884
88.2,0.4610569854742749,3.0119671316638867,9.663701720188119,0.11956148437078201,-0.10294081494421121,-0.008311316903891358
88.225,0.4154449038607579,2.6678462067277953,9.749977275387785,-0.03845213514955341,-0.12815372438550987,0.05290426929429469
88.25,0.7048847197268365,3.131672166715272,8.908229620432866,-0.013774315945837627,-0.07543214358429168,0.08912313697633767
88.275,0.5136026838603023,2.59777461744803,9.696006111370611,-0.028985895621686582,-0.03166672365329077,0.1574004901106563
88.3,0.5892723007587635,2.9433403877172637,9.559782701496717,-0.026518243220239074,-0.058301103672913177,0.1640548632288372
88.325,0.5698190619271847,2.44035022607815,9.197243879151827,-0.09119983773882959,-0.012906529823473088,0.14806029103823537
88.35,0.6217766087664987,2.385388247240725,9.03964855806102,-0.1327069680467423,0.07857567112917505,0.10570827394977482
88.375,0.6806831452400695,2.6781170352965535,8.932642163952751,-0.15064467089575176,0.18111440499610917,0.08467780218933407
88.4,0.35376041021410504,2.888631558924602,9.86326138775527,-0.14825819164386025,0.18556410134812576,0.16934934439895222
88.425,0.19313709552666136,2.107368150982598,9.81592820223323,-0.13106693447923742,0.06074216837221914,0.19497849567748815
88.45,0.23757530098349836,1.9439670733425494,9.124666212681623,-0.022516920963924835,0.0459060159806976,0.12134430149407222
88.475,0.07403992304697452,1.393339606523836,9.431248756726397,-0.04176895437558413,0.09363936507416581,-0.01570212841870388
88.5,0.07291024773764176,2.0443138417807782,9.97884056952251,-0.0437078222041107,0.013966419616749843,-0.10807043612044283
88.525,0.18249319164298794,2.2474708859728882,9.81647362258083,0.10950922445746232,-0.10283232923631873,-0.09563254157742791
88.55,0.5597729929483054,2.58320639228332,9.26037763820538,0.20055813881053464,-0.13597738662135012,-0.07277958203014215
88.575,0.7996812769155108,2.9309583859206816,8.821660577996697,0.05912545664753549,-0.02366876129382183,-0.03553817959654776
88.6,0.6030999532675163,3.1473034805616718,9.477598849101977,-0.12206658586230204,0.07859749656516332,0.06247081843237197
88.625,0.15578033167265168,2.5247398395490586,9.958363446532303,-0.13941971148658538,-0.0029915488409589333,0.11764628181769897
88.65,0.039198405537020635,1.7374262939328167,9.443881887752315,-0.05865055952646258,-0.06453433415396313,0.0716575345901427
88.675,0.06989685326008617,0.838005750217505,9.258570709807628,0.003738776497762719,-0.055657798663333716,-0.11946680451176211
88.7,0.4863373361537822,1.2126641292124005,8.961922314244495,0.11684587958708348,-0.03533909901223543,-0.3590280058804942
88.725,0.6356844596498802,2.8246893237174895,9.262931224345621,0.17846620396378793,-0.005014850335336982,-0.4010186399182335
88.75,0.8447822644250498,3.1814911760845663,9.196769666431466,0.10164041762341197,0.0361347361836181,-0.2352634480221667
88.775,0.8467522409420783,3.476062166958466,9.122515020980211,0.04196627718153734,0.09659398462589441,-0.031523776290521534
88.8,0.4281468023139774,2.974544821663475,9.739472480376918,-0.10947150250366182,0.12282837252166197,0.018046337475249533
88.825,0.33940128072518305,2.77061587984891,9.894922438142512,-0.06653523339455254,0.02549389098525276,0.04429553902555504
88.85,0.26470688258618447,2.4913590419820837,9.694866169544717,0.08422759373421775,-0.055468567124235396,0.08718562181878245
88.875,0.36873810638028837,2.0939029788286794,9.092259632740229,0.00830229382482298,-0.002930288994971419,0.05101381001897678
88.9,0.21561750266196505,2.189257075257328,9.25619292680282,-0.09124421646909092,0.06990721505920436,-0.012093352248563196
88.925,0.34132380871922186,2.7834510921257514,9.692382779564443,-0.030469469109745764,0.07524510128740775,-0.026494988024492447
88.95,0.47884625572123424,2.7959090175218897,9.596252982064382,0.043850877266430055,0.003905918579634375,0.06232323808992722
88.975,0.488999096329553,2.1658886941662137,8.870244087154415,-0.03343964106623935,0.07930850910643511,0.010472529669357737
89.0,0.36175493918815677,1.8983998357667877,8.802340474197907,-0.09601268919838077,0.1985846928364834,-0.06872241602952178
89.025,0.10545900857472149,1.8688015608379824,9.237534812544848,-0.07043163129989732,0.24542705015536068,-0.12898774605935784
89.05,-0.06947984290136346,2.0616644083621503,9.616002968575307,-0.04237928287359374,0.2078915948463824,-0.15880908810690753
89.075,-0.25260002214967964,2.9718256142691595,9.956080056098067,0.04328014062491856,0.1102408835167228,-0.09953830434531034
89.1,-0.05242380243637991,2.6982363960767435,10.157395574526616,0.057133158675566155,-0.024512679740470347,0.013523226859507832
89.125,0.32612434910591753,2.6647211728002405,9.106462148010628,0.05645300639241004,-0.07119999039110286,0.004329475553155566
89.15,0.39382859176313934,2.7045421608267954,9.0146620228484,0.01646364542090756,0.026925968364522074,0.0201127338789978
89.175,0.351598011248848,2.4803003888698862,9.319489384017064,-0.10170224042620152,0.0930161505996798,0.007756111197551696
89.2,0.07435366238786245,2.88744890055162,9.480989546199634,-0.08726537764706532,0.0916313958305036,0.05792823142707395
89.225,-0.048186296067591144,2.209166843240913,9.89822936932668,0.017987891300399666,0.024945680451433243,0.14988523804024195
89.25,-0.1613402878878724,2.2126054703765208,9.613458302417563,0.07230094757300108,-0.03568810171159982,0.07609701994998659
89.275,-0.06688345140769034,2.710140612666447,9.66630879685895,0.1541567931510378,-0.08104626448166341,0.09140370204732631
89.3,-0.03813783306167788,2.881079511941385,10.071981971828135,0.08860674250683293,-0.15683646947735558,0.14848524820064218
89.325,0.30662368254777084,2.9209309475890777,9.349633402821803,-0.024041490975456298,-0.14814474193126576,0.1972431635742941
89.35,0.37695087750062073,2.6335448914110255,9.511176316453103,0.03493996865377649,-0.1091105585911087,0.20838337528557635
89.375,0.28440566364107533,2.549434291972345,9.339004213603202,0.028827415145869225,-0.09034075104902804,0.21844964090129615
89.4,0.14695106420341164,2.418042593126173,9.480222384001872,-0.045775369651859896,-0.059272508227637605,0.166508268370193
89.425,0.13551644741976443,2.2689317163045777,9.459614402404776,-0.06574556372974799,-0.0660502233137249,0.13710314839588736
89.45,0.3270859414158994,2.0998312152583805,9.157105007977115,-0.0041151450284819995,-0.07430013824047077,0.13004974018367546
89.475,0.07637397774345425,2.465760707134853,9.585882402718878,0.025953898894237073,-0.09535721285648194,0.13992697158672202
89.5,0.6845028783386168,1.7353684273380274,8.875418327517949,-0.017094210620872928,-0.05803503314859208,0.03221610567233496
89.525,0.7312128831370177,2.960026817797003,8.42983169566712,-0.020625059136182382,0.13075144999065283,-0.03202851663706554
89.55,0.38663832630047307,2.386444862905291,9.930239136060397,-0.018031599737697215,0.1571400121249328,0.01546726382639937
89.575,0.10345941604410058,2.7101958260920367,9.896539071629189,-0.09920587286791537,0.08417393029638509,0.05330646394176147
89.6,0.17382838000309675,1.8684483856082077,9.65222411537137,-0.015510135023609152,-0.021091601469814057,0.01934525339684002
89.625,0.42344738139706123,2.421648257361126,8.887220174240582,0.023450065448455508,0.0339217535334562,-0.04572539897779575
89.65,0.29549737155009254,2.428310052252125,9.123659958103177,-0.09389770120511237,0.14603791886975379,-0.09274259328693932
89.675,-0.10846359978870834,2.9322614060534224,10.671293113723026,-0.05345186536108682,0.007562962442804049,0.008844407527301194
89.7,0.47391351898213113,2.591905667743879,9.233386533231462,0.11345110943335822,-0.13952161605322932,0.14475888913028945
89.725,0.47224434732104026,1.548810010767302,8.64691060650423,-0.083213771311366,0.03142567834978129,-0.01365411906333653
89.75,0.09426024376985886,2.029858148399279,9.623368003746636,-0.09360857351869285,0.12515260281365428,-0.19971316627043686
89.775,0.29666784742486013,1.8424969885315723,9.904528851013227,0.10619698926983608,-0.0431716445103348,-0.12207431175433922
89.8,0.5118669529658068,2.7837744874190316,9.13201652070157,0.14702353371867022,-0.061527857098262105,-0.11348447335107513
89.825,0.46103722914282824,3.40786140841657,8.90413352407854,-0.021305028870142993,0.06804652412095545,0.04840271298076793
89.85,0.18333779209687776,2.7353277647193894,9.896490512365395,-0.16021023319399466,0.11197011438551661,0.09948996100823528
89.875,0.4014157646661345,2.396218545729027,9.42797774788845,-0.11358804294664646,0.028756158599880538,0.14353801838930796
89.9,0.6777526904721137,2.524057937799427,9.01433295674009,0.010759554354470117,0.04906848973373787,0.22133338877436287
89.925,0.40058555234799403,2.0629207268146814,9.095568891641438,-0.14881158303973582,0.1568111881455405,0.22327600650896573
89.95,0.14963988304796588,2.0471555177242826,9.645295132192038,-0.15027986965650944,0.18032547297616244,0.19646836576392096
89.975,-0.10926312992384193,2.0609121208754733,9.926133837148923,0.0184107431162605,0.11802003941555426,0.1815351953981874
90.0,-0.030199676258565757,2.0097331137703676,9.364043670706517,-0.00911126464333945,0.043280882275205344,0.09775979309040526
90.025,0.015251624257451642,1.9483372079553616,9.101370203055978,-0.018254515321081216,0.13012020792681253,-0.04835272407502479
90.05,-0.028488982185690362,2.1886718991504597,9.428117555827418,0.09401072314318432,0.111262793154393,-0.08472930579544664
90.075,-0.12710139787498492,2.802393539299015,9.95173950976488,0.11820973266907335,-0.019600047892291726,-0.007288794271076798
90.1,0.09647797724296595,2.4032668934859505,9.459534440512359,0.07739847035223914,-0.12422741193548517,0.07121442621368815
90.125,0.15748124543984063,2.345186820276479,8.740755835413905,0.22896431294478736,-0.1180949690161743,0.10388951894580273
90.15,0.33692386747908876,2.4610085489372904,8.847602133308126,0.2535118041791992,-0.0015272659276944047,0.07433245893008959
90.175,0.04232717089262621,3.1208962279568304,9.98034987140366,0.04467098988634371,0.04798524136589301,0.08719571687664003
90.2,-0.25779179107810435,2.5643809943285363,10.688927158448099,-0.08938790959970654,-0.12749071756274055,0.12712608463935404
90.225,0.0386020836029924,2.0905698075564607,9.300557254839134,0.16196834076828912,-0.24809133338709513,0.04489027841282088
90.25,0.318380345173598,1.9918764867491072,9.207084908342715,0.16180175198404767,-0.14228886437735935,-0.08114745981911052
90.275,0.7115848981841327,3.058868165277832,8.971211227695125,0.06629937140299534,0.0359989281803927,-0.21081819469493282
90.3,-0.19629226209182632,4.005893809602497,11.282544610402978,-0.03419915326834554,-0.033817449583922216,0.08061609180161917
90.325,0.3856763162061394,2.505226531965828,9.083095172498256,-0.011201606552568615,-0.21784596536897807,0.0770262816387981
90.35,0.4828555192011636,0.9399842510738293,8.616482312270138,-0.26130168389618563,0.082032101436449,-0.08890218616512213
90.375,0.6595405385543509,2.0955224627168505,9.064984156363348,-0.007249238159117486,0.20899044091714933,-0.3280102022275647
90.4,0.1431954778323952,2.912799267566547,10.327967692512459,-0.005512344009157807,0.1727870409566817,-0.211801455934464
90.425,0.10989939883473368,3.1781330308168148,10.004627113160234,-0.02300205914690227,-0.0058909098172945755,-0.02442395990675779
90.45,0.2475324011066462,1.827791994616461,8.842221660016637,-0.05709086926287532,0.08536832521762142,0.012431632650126909
90.475,-0.008270246047095836,1.9256478244707478,9.506220124266868,0.034012949798915074,0.12963839721282455,-0.23044101007213624
90.5,0.07103681645623836,2.916600894400187,9.619735134690652,-0.010711792593965593,0.1201043900903054,-0.20498340825896036
90.525,0.15204225898497098,3.1873137035933246,9.833106922119274,-0.09214160169217311,0.07149838574759246,-0.09554264514911334
90.55,-0.004151449846337453,3.1043466706695693,9.652276984583066,-0.14843428530034264,0.028321027387498362,0.03743785795278705
90.575,0.09060738736457313,2.6785304651874964,9.683687064355107,0.0015242581953764701,0.00477989887125046,0.0974462139527978
90.6,0.18690991129647705,2.9680586045720414,9.394292322055131,0.046366700744085464,-0.013819382630463645,0.14054334215046
90.625,0.27192567536427215,2.609697388933889,9.92177438786336,0.16124831080824545,-0.04866289894210662,0.2142631119419248
90.65,-0.2770040147556976,1.9417086079646715,10.76612571819692,-0.017272991731663793,-0.1141059930579948,0.08752631368272465
90.675,-0.3014059501105472,2.6736182346764448,10.263042135520472,-0.034893654084343514,-0.22170507070934342,-0.04697932107222493
90.7,0.29226265010481023,2.3596039623086225,8.834753872596405,-0.14608166129061342,-0.12867620443849995,-0.13319120245675334
90.725,0.5689749610337934,2.792257191411399,7.940806743800589,-0.24171083642179106,0.17808733074892436,-0.21350416439967015
90.75,-0.051801002201030684,1.5722866256502,8.95789609932653,-0.2618817177672042,0.3810717892568587,-0.2538303914484526
90.775,-0.6452280375566722,0.9694346962069456,9.940042163794825,-0.24572065521958547,0.30934241674807356,-0.4243849763232893
90.8,-0.19327594339350052,1.82831131753533,9.916159534394733,0.018379405810681818,0.0932509841006475,-0.4638667868971727
90.825,0.4476284011262973,3.2419460768930137,9.051984593488443,0.25308439391128607,-0.003285197024671441,-0.36200279194098217
90.85,0.2898373974425223,3.887224739676773,8.57488342748644,0.13986263562726772,0.18684953248688976,-0.1592959410462955
90.875,-0.20363753676048033,2.7973801344564984,9.580867590950062,-0.22596796869071015,0.2941108665444396,-0.09507257659426878
90.9,-0.29289453240381924,3.005948409024719,10.153673757036254,-0.2982843897028381,0.18593488122856175,-0.016626624315418597
90.925,-0.4123730693381403,2.924531568459658,9.740281064867611,-0.12821144448661412,0.01667178838828651,0.13417422551515645
90.95,-0.580480906620276,2.1718176702351824,9.787803593946322,-0.08969640867277173,-0.03903549742339665,0.2101859485172953
90.975,-0.7529081814234464,1.2330166555977262,10.049037627597443,0.036841734545037357,-0.11179179804807275,0.1183834224496484
91.0,-0.34755331422899094,1.9638000706005976,9.523065203736166,0.07406491503691297,-0.11952474011153986,-0.059166924568070246
91.025,-0.12681906900219633,2.3975151234217176,8.877346790004973,-0.18108843392062363,0.051009061497757455,-0.16309014801420083
91.05,-0.2208114303006834,2.0150630166855086,9.239154555244427,-0.2660183032247843,0.16343256126721317,-0.21102289515605957
91.075,-0.3257085763275263,2.4600551860691158,9.658735986557462,-0.178033497231065,0.16772644319315813,-0.1297545268861502
91.1,-0.24872907455085647,1.3367715187040592,9.894191284947885,-0.23438127489332505,0.10821218547174098,-0.15510930484599927
91.125,-0.31943213197131554,1.3607661389070174,9.518188438967016,-0.1346103370271275,0.032208914886102585,-0.3027971662686144
91.15,-0.42814060434108464,1.8735721898619733,9.815678312804788,0.15103229906327678,-0.05016008426687973,-0.2500128440520616
91.175,0.04994226493760556,2.9352913254606188,9.439051247517494,0.11262331409298154,-0.09361217822802567,-0.10162424601992373
91.2,0.15642565644391207,3.2730154664611284,9.524224670524806,-0.06699943910752437,-0.029608208432792178,0.26139643506880017
91.225,-0.1126587076056143,1.9284726299213522,10.371824151032925,-0.2289946088667495,-0.024029478619115908,0.2959494616995575
91.25,-0.2719788803629273,1.5292049368957301,9.515012205047942,-0.20316362386285752,-0.06786619883034198,0.13442491611019086
91.275,-0.22115643062874088,1.6605085977325813,9.153772615721332,-0.06819381431495644,-0.01871370049042157,-0.006213243688447863
91.3,-0.3184035655582502,2.024428030211884,9.296551559935612,-0.12019313080974059,0.04091618534083599,-0.027572409983658386
91.325,-0.3184297228535653,1.503420877530688,9.383778667636308,-0.1641654402940756,0.0806576677215027,-0.0552398959157235
91.35,-0.4442793557811571,1.4892475924617337,9.546769717882464,-0.023874558132037337,0.0643366060079623,-0.055722506255338144
91.375,-0.49190129553591855,2.1365217524592706,9.490902644283812,0.02305534640959248,0.03597072782107896,-0.04099072620673544
91.4,-0.29826514013275496,2.4926736143397905,9.315492705415682,-0.10912171270032976,0.0682993153704367,0.023367787962841485
91.425,-0.38147836930255913,2.054474856245851,9.077808311361164,-0.2066387407411439,0.15032421883875458,0.029319267955263253
91.45,-0.5166026983333233,1.572017164090134,8.942873095332269,-0.20736263553940357,0.19499614065620785,-0.022774673309114077
91.475,-0.6451239918062819,1.4007094782240777,9.239479869672056,-0.1965955420395761,0.21298353368315234,-0.077526343709753
91.5,-0.655438989944413,1.414126271570357,9.40816870581338,-0.17135638253934662,0.18282410039601185,-0.10632298277615272
91.525,-0.6275756654486789,1.6400089398153495,9.053615522993695,-0.14599248188963357,0.13041159522821,-0.034859583025884586
91.55,-0.7568579006741372,1.6066497064611573,8.965784072048548,-0.07299805399346292,0.0996017478717378,0.09399241920528617
91.575,-0.8372919221094709,1.4013911811773099,9.570564743796611,-0.12323439173930122,0.06495602139618509,0.15528992059700078
91.6,-0.9683302249829677,1.351071984018936,9.659132293121239,-0.04398321548662964,-0.001826627616229167,0.07868995334862217
91.625,-0.8992832566952775,1.1809088596689807,9.12725669214227,-0.027933698259433516,-0.009003849659109334,-0.01313739345787732
91.65,-0.8538344851700396,1.3680591337208008,8.714072330596268,0.02904089750607891,0.060588581078011274,-0.06367011537601194
91.675,-0.7667489342492969,1.1713471833957787,9.112966853737609,-0.10771004285775689,0.14998366511818415,-0.08920211837336918
91.7,-0.8206276071663893,1.3774396179369262,9.443388068974459,-0.06406146815423117,0.1218140812766969,-0.12273862200073256
91.725,-0.953404244180996,1.2106056001927095,9.687260045126731,0.03698213606755415,0.032791487030506904,-0.1382523515829261
91.75,-0.8484648187521513,1.3094017523281336,9.348746495659505,0.09240581245385268,-0.06313551399763176,-0.15260135275284503
91.775,-0.9010899762233304,1.3393968515174792,9.456463689453045,0.3367651763994959,-0.151204392870727,-0.0920564799631795
91.8,-0.8527200729727102,1.2825929940141212,9.841608653711004,0.484849057764497,-0.25714214597584245,-0.11458413469943395
91.825,-0.33724444865555503,2.407439249398421,9.12549873951643,0.37663485638064365,-0.22498757730609992,-0.13751467166474857
91.85,-0.20435512477083995,2.5116975050701424,9.123213338292727,-0.033192592224294264,-0.05316704857293343,-0.10573067196644055
91.875,-0.6843634205523399,1.7548843978979043,9.720197662584615,-0.06605848567920093,-0.027174027247098782,-0.020249619032088904
91.9,-0.7259712539948051,1.3671802315598058,10.0387565812124,-0.010196972935200142,-0.11333699574709169,-0.010647485195224023
91.925,-0.5726477043448218,1.1616489179138412,9.632679731585766,0.2653217974366219,-0.20487128944110336,-0.0654620941670816
91.95,-0.3068373555779622,2.1361879814766582,9.417565348736668,0.4594781444757973,-0.15644890716650595,-0.057517423799091943
91.975,-0.40574647705264305,2.434628323370361,9.797155930517192,0.22737853192900473,-0.1314809222020147,-0.002979713529575659
92.0,-0.11833632713726908,2.6382184802783493,9.384095279200945,-0.0856249112491426,-0.08765343691405371,0.0598694157958006
92.025,-0.02681465944344567,2.178524104199077,8.77029536523335,-0.037589234005171675,0.03263147061155277,0.060728439817204376
92.05,-0.5306422442113348,2.234342756355338,9.718989616376684,-0.14987967697466445,0.12902204232855646,0.17457423493843074
92.075,-0.6890863990125418,1.5543773212269867,10.31848941896134,-0.08208396011438739,0.04691701229990207,0.12162189704485989
92.1,-0.6407011005857078,1.3141860273836767,10.105096901850212,0.043507819185412716,-0.12816900204653756,0.1203625489640531
92.125,-0.2721508167472104,2.1305181099528085,9.509986530177104,0.30298976084724294,-0.2611380003169761,0.14358501996441522
92.15,0.10905558325852013,2.268148710204561,8.979292243837959,0.41822322362238806,-0.183413349401242,0.13225167399438054
92.175,-0.12765088511053224,2.8131086888424974,9.155467628628772,0.07409893178861955,0.018873594547039258,0.1345797659109997
92.2,-0.3678908655487605,2.394857517400955,9.955635055411328,-0.19555010925878655,0.08484381466755887,0.12817296050857827
92.225,-0.46079254429764893,1.6727237057054885,9.914308825401628,-0.232483717975462,0.007495572158847933,0.0729550368879172
92.25,-0.4402649337482714,1.6605996285308415,9.457713382921309,0.11591466774349518,-0.06356623575482631,-0.01591458877498752
92.275,-0.281619383688394,1.813545976205152,9.231348497414995,0.1965806002551685,-0.06599398790171573,-0.017702983735682725
92.3,-0.1244720936735085,2.221390178052618,9.14457872714112,0.16233453237525727,0.004488992948826483,0.009367866716170667
92.325,-0.22620000465392892,2.3572622689722658,9.410820383113062,-0.0046940679043392,0.10795645279415306,-0.0005149219487012459
92.35,-0.3337987451753626,1.627186674161348,9.647503578242512,0.004243761237275977,0.12117245431624062,-0.09514972938763185
92.375,-0.4592187701535613,2.0524047066891096,10.020330234984876,0.0863258110546876,0.07497642865696413,-0.16978117796033088
92.4,-0.5901832825142582,3.132313964219158,10.184470273692753,0.14943902716344426,-0.04634184303881312,-0.06166198111648195
92.425,-0.5457089552919341,3.206691189319069,10.004054648068035,0.1620279460225831,-0.16116804624461675,0.10718779763758544
92.45,-0.38761188189124,2.589411562666635,9.57785358192675,0.09042255102910819,-0.18019042812817007,0.1810047375992548
92.475,-0.15150186272533547,2.4190051521788978,9.314364428197111,-0.003659531338812841,-0.16376985314334275,0.17911359548841677
92.5,-0.04736789370290717,1.9957897541371692,9.248775186419078,-0.02137486872468042,-0.12413986001474414,0.20567405788898707
92.525,-0.03886800348263926,1.8572167320707509,9.378432288895661,0.05315300166608328,-0.08260598605778824,0.1523817904748
92.55,-0.0807546427790182,2.113741785093824,9.32646621379888,0.041136400073472565,-0.04518981014890014,0.07604446595710675
92.575,-0.14799220117825465,2.3277263304222027,9.508837774199938,-0.024204131116918624,-0.023116740461610153,0.05774752019182787
92.6,-0.19259136604860522,2.6899162831765118,9.77901007267389,-0.01193900491530538,-0.05589491295288034,0.10669710291110178
92.625,-0.17748026889463273,2.4578746994873675,9.713062610047665,0.0036979712928484464,-0.1304982084824523,0.15712243979835494
92.65,-0.07655232948917379,1.9633902144203943,9.27615314803017,0.032569407882464506,-0.14059142082379344,0.11414678771622386
92.675,0.019477850924270887,1.815637778484557,9.17361122067951,0.04403324235850572,-0.08897680799512772,-0.009790384333379008
92.7,0.04773382651737535,2.5405185892890105,9.338172312073437,0.02181125479823314,-0.06792224548129168,-0.07156663095958689
92.725,0.05992884004510532,2.9202062177048966,9.377184156607862,0.002614574052597817,-0.10164290917113111,0.03446446807587015
92.75,0.1459341899702832,2.6119950228312585,9.200173854521198,-0.058843036360213756,-0.1396238638797434,0.1813098038198747
92.775,0.17324701470990544,1.799856039143689,8.81013111454433,-0.00490971275096217,-0.11009732143982412,0.2453756333002099
92.8,0.06468822995241016,1.806840467590579,9.534837826165827,0.042234350304559715,-0.06993908116602325,0.22455965355558452
92.825,-0.00851549125764416,1.8652644670206746,9.995273982226136,0.13961126792148665,-0.10945814840986186,0.11786669916494452
92.85,0.2160480330839616,2.0905023609540443,9.518874172811042,0.2674445241410202,-0.16949304208678204,0.009941318431254377
92.875,0.3033680448443057,2.272960609857559,9.207730407510763,0.27058110038876493,-0.10275351876018156,-0.0910263923310494
92.9,0.28419795013726995,2.8626160291363143,9.524048725037773,0.07892498094323937,-0.004969836146772767,-0.11496954134371212
92.925,0.2738556506911241,2.9330490202990678,9.601888575526027,0.022915808883817477,0.004148894400344105,-0.02569295509386076
92.95,0.32277048741616565,2.8415486906883034,9.833869014329139,0.15544776147281153,-0.06655705954494842,0.08614209648494793
92.975,0.3562355673096154,3.222352971951702,9.941502279369232,0.12247165539583577,-0.10725876355619385,0.1423801564228673
93.0,0.3208973956282152,2.8665497240664504,9.380829017001993,0.023690572130128415,-0.07177544174717007,0.16846584844456094
93.025,0.3078776630979805,2.066571123587961,9.305091283557443,-0.05355115708251057,-0.018249365229364888,0.10149938825849901
93.05,0.2700765661885734,2.3924324874080276,9.522212829284191,-0.0036342952920232407,0.018346352856152954,-0.03813311532786046
93.075,0.2986196646747018,2.9218880793257016,9.639154420371007,0.025554315281605598,0.020654145292142972,-0.009438616781040894
93.1,0.2692526075477387,2.6640700709106615,9.333877113717525,0.005058289842304523,0.029451851937516003,0.02431362155915637
93.125,0.15521735327601638,2.4926015147732814,9.51855855126972,-0.0117471532143004,0.048820804716065265,0.01361453632099054
93.15,0.22813731586712713,2.4005277523720108,9.488453250308172,-0.010491922883546188,0.014577027390164305,-0.07071698789309483
93.175,0.2715808778006943,2.936844166387413,9.38593600575788,-0.02283328267318299,-0.0019897295707543916,-0.0666823607305694
93.2,0.2948507675435772,2.613882075550682,9.35993111641527,-0.0031792585102331967,-0.00923733305341065,-0.01214938576165383
93.225,0.28186906732435596,2.478395715617162,9.266644949078506,-0.006924239974462198,0.0008831513723247309,0.04827841991438432
93.25,0.22274711520575574,2.5756940828411437,9.517448181241159,0.05526713229905696,0.0053297119053422465,0.07549500059901045
93.275,0.29607471245836525,2.6012447267282033,9.400977540858634,0.06872039866037348,-0.004189622009461336,0.03862316538526039
93.3,0.2637589321212206,2.729631498823256,9.450034434667906,0.020383179878638916,0.023448301644252472,-0.02203564428454944
93.325,0.233903355824599,2.75398589739627,9.465202839038287,0.01311098086077905,0.04247262575658142,-0.05085846308344031
93.35,0.2103905458819904,2.674408880818221,9.406082329042688,-0.05902145178179494,0.04723062056465121,-0.04293986526116728
93.375,0.27352804370298184,2.5197176519786932,9.304666141409642,-0.015388847215981239,0.039555553325360766,-0.033506240948332704
93.4,0.33847460987283295,2.518917717538088,9.142144208441701,0.03847892926308626,0.04715374743240745,-0.033139890688521155
93.425,0.14905614194430533,2.4884004466671965,9.440783308989841,0.025890421491934466,0.041569190416482785,-0.042654735775622545
93.45,0.16181032138956514,2.5952475654733878,9.621180593366558,-0.009214374890623302,-0.031023150350882437,-0.036408814958490396
93.475,0.3155049635747299,2.6439132267479355,9.327839720542322,0.04249526940385564,-0.08055038723932693,-0.0010031165875450114
93.5,0.4411533534163771,2.7908258663880914,9.102919263951188,0.03816100036649017,-0.04233477774636811,0.04493687774194323
93.525,0.2989850979414417,2.627122716964307,9.164139631615454,-0.027738516699672047,0.00427424111743689,0.0978246577104772
93.55,0.11566572123116045,2.3691999433112105,9.450098030578742,-0.00973573721963421,0.010879977100065842,0.07977283142832699
93.575,0.19361800196632278,2.1028886706665526,9.579452912974302,0.013245064877840754,-0.020162749318386478,-0.01280310334667712
93.6,0.3513415051041302,2.396808345019048,9.371523364426098,0.07517466628233954,-0.04639495597920666,-0.08200157980811319
93.625,0.3535226622327787,2.838108072873501,9.104203476766825,0.13983434755979596,-0.03311932717491883,-0.030925169490349902
93.65,0.306594110464815,2.9359337303418367,9.227278096810313,0.09255450253917177,-0.010784448882738162,0.048509049908466086
93.675,0.278108985147113,2.6897456574556506,9.3873732834532,0.0014313549519052685,-0.00986463930832507,0.06718996913467296
93.7,0.2991237852596377,2.661776344887043,9.516348182358646,0.0015452193107394954,-0.026260599008093244,0.04409709767113761
93.725,0.28516260779992764,2.9856151564325177,9.321638221540631,0.06468158622735876,-0.028475733348566547,0.03164470286436721
93.75,0.3130054676161701,2.9214248006028414,9.229402857104247,0.022300005038504947,-0.005278854804635929,0.04211537226754889
93.775,0.3759885044043699,2.701710763175328,9.307735641015185,0.01933597372800107,-0.017102528990314367,0.08192757723212318
93.8,0.34122791666150787,2.546510084708674,9.316381927632039,0.06493854080334283,-0.02680578317153356,0.09120509120050979
93.825,0.29044235725394985,2.562761987593974,9.27855813515603,0.09815342751712375,-0.03806632666071136,0.06370205053372105
93.85,0.24927704754629554,2.8251838542384595,9.345472675732026,0.06602373056160724,-0.0199954519943188,0.028724320571097615
93.875,0.1152738079969281,2.894182224172298,9.455212962827277,0.021375185318007955,-0.023533168931076306,0.018476819387606785
93.9,0.23666947444562605,3.078788726907319,9.330383819773978,-0.022698726234392456,-0.04974808544327987,0.050651586313404134
93.925,0.40361458821163787,2.817304049014677,9.12198009975911,0.0014730555323093806,-0.04865157965649899,0.10373171485773319
93.95,0.38498457039854733,2.551755829540508,9.182078721535177,0.02320295401343247,-0.025133398106472787,0.10207672283959791
93.975,0.34793601396436613,2.3219752169288226,9.390703466519906,-0.0016681429270330012,-0.02322617553915681,0.04340314497820709
94.0,0.3515314674090103,2.424188218239414,9.504878718648412,0.07436603237731113,-0.05346126526497662,-0.039190478674347905
94.025,0.4918851138070708,3.227262256309567,9.183418477729777,0.13505539676610945,-0.050344926311330446,-0.06646534898769035
94.05,0.5476835542001846,3.4138881663258704,9.187877970445616,0.0766603943693722,-0.027528262593269032,0.029200355780852255
94.075,0.4399118249254212,2.9123522436669647,9.432126967022485,0.007337279437960912,-0.026653567464732426,0.06174458160723282
94.1,0.4224731188539049,2.9093893621765408,9.596012169276456,0.06874483315349668,-0.06214136479188307,0.0905763145336573
94.125,0.4962843248682847,2.8375645076452938,9.574988352347367,0.10106795080312825,-0.10320495807604163,0.0650333733169281
94.15,0.6977655828459305,3.4452417100298103,9.230968163387661,0.13442547465379534,-0.10362442230581026,0.08472463260403623
94.175,0.8989441005742325,3.1004222012469334,9.095997739796493,0.10674580531708583,-0.09736807322914975,0.10980424947992559
94.2,0.43734385180526153,3.0155247358248656,9.176782164126516,-0.025651723740518426,-0.054995138307173945,0.10060074088054687
94.225,0.6860499352512094,2.438217253601604,9.227525535624828,0.02253476035586311,-0.0991338865381717,0.027933570046464143
94.25,0.5392132571737551,2.9722944248659164,9.255290014901211,0.08235729474647538,-0.17371123343133288,0.00533986617876869
94.275,0.5891645685656475,3.513762501897052,8.876152189209243,0.1586920657157575,-0.2712386259776757,0.10326026395767272
94.3,0.783218619191713,3.441417025371971,8.352766010428244,0.1694804957060173,-0.293471862244061,0.20342958422325283
94.325,0.7071421309079944,3.016369222768888,8.25236910914784,0.03693372042170354,-0.30226141221879294,0.2470647542008215
94.35,0.8372665980373526,3.0466893778448045,8.742491563783895,-0.1962514985541739,-0.3325071357989941,0.18127104539608732
94.375,1.1151094736002178,2.661949887993956,8.426906370399816,-0.2385283239026065,-0.39601678258051604,0.1529214463663928
94.4,1.8513936650757978,2.4511139475228854,7.094362445666064,0.010332863473941783,-0.38842073189178494,0.2632183805779509
94.425,1.7870746744825352,2.63056111459504,7.582513766632055,0.08385742235720281,-0.09785897843644044,0.2884198517647181
94.45,1.188062931544321,2.02582397328206,9.343436970837658,-0.09140871662159503,-0.07613814295176545,0.25461826164957113
94.475,0.8143451032827158,1.7033464485796617,9.726362215546393,-0.06890541158945418,-0.20849953588410458,0.1547405114564408
94.5,0.8565810126194229,1.5286737050293113,9.380880539351988,0.3730484770356714,-0.3971486520646311,0.019248622693916223
94.525,0.936181717716709,2.3488918166548554,9.664351851888975,0.5951452381401892,-0.48797777467868053,-0.045905917447540724
94.55,1.5789835027837187,3.559882126513151,9.274018291146403,0.8196187204327741,-0.5807527292476,0.03680238058340316
94.575,2.014638344298252,4.128509890953422,9.141439519053712,0.6263478076776013,-0.529524179369531,0.09250424200806798
94.6,2.0682996945975796,4.29000363752577,9.493403077224269,0.43254758601927035,-0.3928390664522083,0.1358579341917851
94.625,1.924004826925396,3.861284849061967,9.627704938926167,0.2682764470022109,-0.2951845020128368,0.1911900158279805
94.65,1.9016297630594758,3.9447123766773977,10.283363276563973,0.2665727826678469,-0.28074737885565526,0.16247126852277605
94.675,2.0954190773175543,4.164566767794341,10.358224930913726,0.23187515982399853,-0.29868519324061654,0.08121554959741835
94.7,2.165059144657065,4.1353895147240225,9.661118682853058,0.2127431069680031,-0.23514401323620224,-0.01098085460123803
94.725,2.2381769911561142,4.654801766415834,9.110275006973247,0.1329480378302054,-0.07187333697043485,-0.07187751895991261
94.75,2.3240329886872018,4.815224181704446,9.05359563983749,0.027276746802488965,0.061771071808002884,-0.03160858855696437
94.775,2.2826514327114196,4.738626020531554,9.448254332227451,-0.16970925122150735,0.17659586771730573,-0.04389185965537512
94.8,2.1176927207588125,4.109057053782772,9.266342090193529,-0.18840497003686055,0.19675417606601128,-0.08927656458441216
94.825,2.0101798422303734,3.805072225227454,9.008334234823343,-0.0814755207978658,0.20293820155795786,-0.11678673119896026
94.85,1.9431061537566334,3.83715773909094,8.969803092423412,-0.07635416457888776,0.2345113375712048,-0.14283318214275192
94.875,1.9495850881214953,4.144648338599646,9.121723166617944,-0.15001192725672952,0.23131080629616035,-0.12152443581988707
94.9,1.8891908431126467,4.093359015949487,9.072511911422623,-0.1756481699404559,0.22891225469027834,-0.07316864555382892
94.925,1.774196312954527,3.8617261417810727,8.894525323789754,-0.23550947525554977,0.22616185449046738,-0.04694567780198984
94.95,1.6707361864365633,3.4436761277781813,8.597156471252928,-0.3492923201099584,0.2171000837015973,-0.037575827269160415
94.975,1.6141289370220682,3.2681796862480734,8.976746742235989,-0.25147594575216303,0.2023044956865234,-0.06986951866212185
95.0,1.6076914404643294,3.2521833377756724,9.09979074219787,-0.1833170569508096,0.1292978381155366,-0.07836844175139707
95.025,1.5218252951087956,3.098412626711985,8.818119152060078,-0.13093179071007593,0.07238340840407198,-0.08863169696142681
95.05,1.4340455100588982,2.985303068514682,8.704732984332242,-0.036582439142384356,0.048881309337188227,-0.08714698547210832
95.075,1.4758556322515572,3.065697979583161,8.748862612231495,-0.030411979352143882,0.0585128291126912,-0.06708338991221129
95.1,1.479781956843492,2.9923356222144077,8.701562642871057,-0.04575491681420811,0.09700907453161417,-0.1004597422395888
95.125,1.3759513362785802,3.310807354906979,9.292169811483914,-0.04332070151721653,0.08626145511140591,-0.1577075165079938
95.15,1.305876516960107,3.6034285412381717,9.485202548286793,-0.020721646114563688,-0.025362633140780463,-0.1423400141157397
95.175,1.5414885418573785,3.605561480248527,8.823048617535804,-0.05229703805154657,-0.07195180726099693,-0.10623631281210506
95.2,1.7729154006203283,3.675284775182921,7.957374767726532,0.022843531418478988,0.029687178592067518,-0.04106978628597489
95.225,1.6498408655988406,3.452603283746921,8.36386086891461,-0.10036303344813655,0.16911275086675193,0.006199420970390324
95.25,1.3745811104195977,3.281292554178355,9.217641334966245,-0.14774178532452187,0.19755000289886093,0.00738103913977678
95.275,1.035155436339478,2.7730010433476524,9.848727094204797,-0.053044588753034284,0.06561771145136461,0.01593704316700323
95.3,1.138409430751335,3.129331058715199,9.332650363221738,0.11486349451474108,-0.07017031328982909,0.0015662000731972929
95.325,1.4882824521655957,3.893841129108934,9.029062489965867,0.06552418281372405,-0.08728126068848778,0.04762301204482881
95.35,1.6752367044451457,3.938185099453376,8.751919788299947,-0.0648972139122068,-0.046986066237216295,0.1067036631938435
95.375,1.6274022510181307,3.4729041981018733,8.544991211085797,-0.16701416047300507,0.06931553993404545,0.14014852390642243
95.4,1.3726068162013387,3.0053899612519586,9.20639090578195,-0.17319850746665186,0.10581850700551965,0.13544584464444423
95.425,1.2327453524671361,2.909710615039207,9.426914360769002,-0.15488934851942945,0.04989392930759639,0.11280024043624776
95.45,1.27398463404427,2.7070390324214237,9.18938158138223,-0.0725047033711656,2.3963067857697543e-05,0.040994317421206905
95.475,1.5499439214105635,2.9012831661171106,8.744694264307526,0.049361727099293956,0.01926101101898799,-0.04377579378265175
95.5,1.5320171206601854,3.164766686143202,8.680796896329522,-0.00046283727197415187,0.12069428454318135,-0.09924822730038682
95.525,1.3712096255215884,3.1518762796984334,9.062707310812995,-0.12680431168351455,0.1744126241967206,-0.11948236378764697
95.55,1.2746117938914971,3.2160031889367158,9.425347950956802,-0.06568303466792742,0.13552311915922674,-0.13737220612687953
95.575,1.3153850265912106,3.294778074474528,9.289232855803032,0.04439289022005792,0.10003675756318156,-0.16105720648004274
95.6,1.2443504640882328,3.580489709917531,9.098920924333942,0.007437427381604329,0.11591945149189828,-0.1640289105303111
95.625,1.2311739484436492,3.628508279945736,8.896423212608813,-0.10626893493158113,0.14562375507889364,-0.10993537480824711
95.65,1.3102502560118316,3.034181524087282,9.30767497814198,-0.15121311996483702,0.11085027083695187,-0.09332668601677772
95.675,1.2173535379796103,3.3018772116085313,8.86585587341317,0.0008096729230706971,0.09407393982557806,-0.06824552891912526
95.7,0.6683444175904583,3.21553544787992,9.392314805218644,-0.026878043705013645,0.10245076934709979,0.020326109730559132
95.725,0.8459889636208551,3.756757872138144,9.849395720610774,0.1207720445922623,-0.050879850220241045,0.17198420748304316
95.75,1.4377320486677025,3.441662521784078,8.724923074320749,0.07318569929001803,-0.047585176317580594,0.24250072732520994
95.775,1.3894433559819421,2.940625015523862,8.571648679237146,-0.19260372847983354,0.13555428553549018,0.11128317546974177
95.8,0.9963115589552165,2.553465377092915,9.435098049860901,-0.2746017365897602,0.2138710997740686,0.004118567872249947
95.825,1.0132309220070392,2.7851535763899236,10.041358082267319,0.019152028161546576,0.05189888019195032,-0.022781678299039196
95.85,1.190305178257124,3.5064535940466195,8.789392554293034,0.03721920824261589,0.005564972551933785,0.04013917996532835
95.875,1.102422269173604,2.909336152315541,8.556810068268078,-0.2405350582792498,0.2014746851776507,-0.026904140520827475
95.9,0.7027890631876481,2.32430617254498,9.332097405443813,-0.2341391317610716,0.25663631552666005,-0.13050776763500394
95.925,0.5417224681224461,2.70798926849751,9.995721071773145,-0.004576559430639863,0.10654250993515085,-0.1677879707741175
95.95,1.1328265587966166,3.0527391588757666,9.264879740001028,0.12560347756015808,-0.05923093536444391,-0.14169719216218762
95.975,1.3572628904139041,3.6897828424074204,8.522142929541497,0.1490657140383689,-0.006608719126626259,-0.05763806418276548
96.0,1.0712088493806358,3.7078777221777313,8.848079085658972,-0.024687340375176847,0.12266960447956751,0.013397875914734826
96.025,0.8112557040265497,2.946823488017964,9.341018567107765,-0.1463704778659305,0.12740936605760045,-0.013331764928152415
96.05,0.6327128652716107,2.81290301996897,9.364582071980054,-0.03656405666280463,0.06536703421539748,-0.03278968519583966
96.075,0.5084349114776985,3.357247069888739,9.438867887838411,0.07164362906765087,-0.04411162036216854,0.06967819303799984
96.1,0.8693880852061425,2.720176277377951,8.248367813916934,-0.005264781306574301,0.004542792867466923,0.0797058521361966
96.125,0.7540086104337954,2.1254667297388656,9.02093623990985,-0.1336538188728154,0.13795739838299934,-0.03118258687323844
96.15,0.6160381256206977,2.339253382968421,9.600123073285182,0.0025225560051005424,0.09165510121581617,-0.18478019372032173
96.175,0.9255516166685978,4.3788520967912055,9.060812684276417,0.17735829730398925,0.03597712934662969,-0.14908422365363022
96.2,1.165489176878079,4.943300711230444,9.17098428825105,0.03696670758748989,0.04747307142803097,0.2218454491720082
96.225,0.7531586997611808,3.811936471111594,9.650676548125906,-0.14936346073239054,0.044272136239752125,0.4976548461653041
96.25,0.40257641401018623,2.3908731002466452,9.880001857310386,-0.18553721452377528,-0.04506332170730916,0.4350137407789117
96.275,0.63910994135985,2.8036218445019427,8.845885682359429,-0.02258929372975377,-0.017082243209809632,0.2963963535938184
96.3,1.3624778074222934,3.61448371015124,8.488713413764836,-0.08622319794675895,0.13824684581376942,0.34761664477032433
96.325,1.272508273077814,2.859690247020437,8.915416950627195,-0.32562779407553283,0.26904731986492003,0.46549993824490005
96.35,0.2342877619860234,2.005940521761431,9.966998090571456,-0.29596942553629746,0.22995488661813235,0.403400502881635
96.375,0.166827193218408,1.3766427446094895,9.96218797922399,0.03522695249794207,0.06945449235436987,0.1792771221754313
96.4,0.5927509231363721,1.6926203470485393,8.864844577940397,0.4717852076933336,-0.051846174278460715,0.038797277577758256
96.425,0.8877557247006014,3.7302300029705027,9.251449921339358,1.087393662269602,-0.07659359196333121,0.09055853329232713
96.45,0.9559581435169694,3.8768912490019143,9.4169625664548,0.5566478432114313,-0.023820034072837396,0.1423680684171509
96.475,0.22962479871065566,2.857604873828602,9.632390036317679,-0.30659511756894803,0.0009693452645811024,0.05771153352355966
96.5,-0.018323127105362134,1.293502218335041,9.122217915781361,-0.12714182750809372,0.014782557798011367,-0.22099701592521695
96.525,0.18570694736174734,1.1194628141976208,9.626879126078364,0.38247652894017536,-0.10737124317913564,-0.4962820890109194
96.55,1.0859230921429281,5.420223088216946,9.760607455438757,0.5878740722277778,-0.14633330640187078,-0.3810463770642962
96.575,1.516825232474567,4.311448054486394,8.085718143990858,0.037904013220184794,0.10747701017969281,-0.27105679478964967
96.6,1.1953331980875685,3.1298967496302916,8.446466581724899,-0.42638018321695126,0.365958121392485,-0.3560776067766159
96.625,0.866006766694338,2.9063629478466844,9.14351533913213,-0.29198404273316503,0.42968872124073376,-0.39427489764972395
96.65,0.38104958991469284,4.648113582216491,10.516623694318744,0.09882032357907986,0.23153492278289828,-0.22402055086228867
96.675,0.0812480153908644,3.8567078441803124,9.853053488108095,0.2566529963302347,-0.021095331650484706,0.024386666567380675
96.7,0.26785829827575425,3.755352156105648,9.028531069454404,0.3455972722911148,-0.11691475258541334,0.1652199116748117
96.725,0.727626083648288,4.830999665061127,9.6008942706689,0.16010708160472925,-0.0587491057187991,0.20429821260661565
96.75,0.9171220353817915,4.183557716667198,8.939323928527955,-0.3278949005228307,-0.011196439702269754,0.24320722524241828
96.775,0.45922800297805133,3.31365047307937,8.731124746386268,-0.3528678471035998,-0.01076228491683702,0.31014554027720487
96.8,0.8968167981847147,0.568559516948782,8.046827407857439,-0.2836789375113701,0.035663056153333,0.09791537911495009
96.825,0.8725886404591127,3.5866325625184325,8.382004714519384,-0.15183965106494207,0.18893708421225935,-0.01426345006813663
96.85,0.3558812789323831,2.5102180795923026,9.008074672372302,-0.32261279822878464,0.2642735196804243,0.0048067261950125815
96.875,-0.04124560884100742,3.0122385448563462,9.987067818994124,-0.12184219652281113,-0.0008376183855864571,0.049406972169288035
96.9,0.37588406686006415,3.7212314249167893,10.141891425137104,0.3224514685544956,-0.3762157326866017,0.23877714644440456
96.925,0.5051719158816848,3.232803099097472,8.850050543559691,0.27311324321979386,-0.4840180981587959,0.2727850962859004
96.95,0.7692172248441096,3.163365930588051,8.439101991118719,0.061511301317177663,-0.39462154664412485,0.18852412707520003
96.975,0.9300953246286489,2.871298641982642,8.479753327300951,0.2002368848662322,-0.3793312251167816,0.20131246119519983
97.0,1.1032382545028832,2.8274824235853018,8.172005307593395,0.1956379800961447,-0.3898720480852982,0.2000966770605534
97.025,1.040612614833717,2.8746414104740037,8.64798561227486,0.3153494758746445,-0.37165757920629305,0.1678900650696908
97.05,1.0758472082585762,3.6214950106490096,9.069188268066362,0.5294102832821751,-0.4359308566863835,0.18733704959180636
97.075,1.195124992047645,3.9932155048944766,9.441115573802676,0.5459622752254432,-0.49935844094946835,0.2715028413795586
97.1,1.357452689811338,4.214110439870551,8.467109716971903,0.4350512684603461,-0.387263197937767,0.35833006412392715
97.125,1.3842578698368997,3.536814368669908,8.882629222547719,0.14966553453583348,-0.1550872042694848,0.24561791660418086
97.15,1.3109487937531688,3.0082117471809426,8.898570567683647,-0.02316149399481013,-0.000863908606494832,0.06764033067518224
97.175,1.3104608213323012,3.507195805492791,9.723484020932869,0.047945212978636464,0.04186159283869694,-0.14056308031428574
97.2,1.6546750978222495,4.280463217535208,9.596332179303563,0.09782595664031864,-0.023507783599196003,-0.09662437350720506
97.225,1.93817874769305,3.9889827441412833,8.466556531834126,0.10552373969656033,-0.044717457468926525,-0.03303865375537156
97.25,1.9086925883125871,3.35080222897117,8.064406576364526,0.05208190001786196,0.13345196705451282,-0.12005950381294542
97.275,1.5741129071235498,4.711439020880028,8.54532436445768,-0.02202537087159797,0.29938479590441386,-0.1105241334380913
97.3,1.1978375252666271,4.393622409582585,10.094391892943072,-0.141493457032977,0.2156568183585154,0.0005372953930328324
97.325,1.1739205425936958,3.653178347474681,9.604489513435718,-0.005192802777987518,0.01562524583045901,0.07367871546821815
97.35,1.119703279102853,3.495019159323851,8.808348785336701,0.05208425229214367,0.03127633981475841,-0.03767168455166407
97.375,1.3096842474777375,3.5322237964770298,9.299257675712136,-0.03185879485210855,0.03748546689957456,-0.09292981183609575
97.4,1.3951465447667266,4.154993843636608,9.120222699299855,0.010375124984255631,-0.006607470701624007,-0.04980868488013165
97.425,1.481470739721411,4.155824929003402,8.704071239302973,0.05794480173688695,-0.012025333527337487,0.029942881060932604
97.45,1.486771605143068,4.130728983332335,8.563382186162166,0.0005153408510280648,0.03508974834988559,0.08252207631021509
97.475,1.341755708339327,3.9498790677902424,8.926992626989469,-0.11581496918483601,0.13364788423006843,0.08975778704124623
97.5,1.2336191008784654,3.8193372421046026,9.249337253180933,-0.1622452607969042,0.1096257112830598,0.11985734080408991
97.525,1.3477154093956791,3.4099100486094502,8.784352005183294,-0.09275773397179943,0.08128573363609413,0.16042343746989976
97.55,1.1837621199981716,3.2705584464402904,8.697707365339703,0.052903079735424276,0.10312729013855604,0.16795528569588225
97.575,1.346938261802729,3.4429874002823744,8.877579623714093,0.015058598001181749,0.144202094380876,0.16799751982516806
97.6,1.322889541853975,4.406528381537441,9.488615724117212,-0.0760486855163741,0.11633791651448284,0.2665911067914698
97.625,1.4776965533870066,4.417475237754621,8.982677605909883,-0.0020126091330547446,0.02947873241111849,0.43814582283175
97.65,1.234287696879432,3.4710137135364194,8.547069385390303,-0.11545015752268317,0.04469378509818175,0.4794044296317934
97.675,1.3768223860337347,3.585883191609242,8.72198502973341,-0.19196267259324573,0.09776963470696914,0.42763890867544335
97.7,1.3691309712534758,3.1726679501844246,8.998044475081521,0.01528732335188598,0.08835984495266122,0.3598223830012198
97.725,0.9390195106605495,3.194542298566912,9.383895407471817,0.17962489091936348,-0.013094113186421544,0.2982355617411645
97.75,1.0970507072839257,3.413691967540132,8.82047870650555,0.13960303902110385,-0.07109677420583489,0.13306674339066352
97.775,1.5141443813064563,4.018519197919628,9.155621160979548,-0.09272077716562746,-0.09727072744587965,0.05987504799957532
97.8,1.7351853626788363,3.6499181357939485,8.36471868056192,-0.04953866448745272,-0.08651965559713853,0.06460304681013213
97.825,1.3699373617102004,3.388714115684103,8.437457416857452,-0.091175737015228,0.04261240932892679,0.04306823586953584
97.85,1.2742416688098037,3.7346445577487066,8.997364632237197,-0.10375984869523294,0.03798123423604058,0.04445729579775838
97.875,1.247484264012154,3.3296403847901868,9.229904396631762,0.06981861124039651,-0.03308238776698973,0.0006447201694583884
97.9,1.488470963403414,3.4928832421592437,9.109663558974614,0.1991042410612913,-0.0592132077974981,-0.07547112152166227
97.925,1.4554775896400565,3.8255881476061337,8.857278636892712,0.2155051024102678,0.002500361752872281,-0.14177746372482747
97.95,1.1666794882904212,3.809230255159374,9.148787752046163,0.06328772624043386,0.03628021617954779,-0.1711553631712462
97.975,1.3687909861788066,3.8641113251102617,9.208161422535351,0.14199884110757346,-0.00647064193486536,-0.17083625840276664
98.0,1.4599236826256479,4.260895416551698,9.143869074263396,0.14172106681213345,-0.04003780214235635,-0.10079159799923963
98.025,1.3841660461400283,3.618600987920966,8.500205792243179,0.014276915125195654,-0.0008592050728076685,-0.03942584307469939
98.05,1.2655376822551205,3.018734609646541,8.506604502731538,-0.026375163961800115,0.10346745402839239,-0.1307177524625889
98.075,1.1448513142683021,3.978332690782827,9.39178747688361,0.1442579612965605,0.00750846766023065,-0.12898722168864377
98.1,1.342477976928248,4.381068450203706,9.04503060966022,0.11978747283797311,-0.09663693410919023,-0.04482644987134133
98.125,1.533172290218622,4.014603639165622,8.205599103200322,-0.05227647631098097,-0.04304032910071308,-0.018546387907346168
98.15,1.4549704511749801,3.724716495010984,8.42358179637586,-0.03480114880637298,0.04857914949594291,-0.015231547295252511
98.175,1.331618808144198,3.694688806781316,9.035347795881544,-0.00019369959868646862,0.041529801447515696,-0.003429586592490715
98.2,1.319865648843728,3.9402282494920167,9.204448225892165,0.049597176317134534,-0.05703401274722912,0.05838943508303514
98.225,1.494706106166832,3.87361464924464,8.717739449373667,0.12570337203706647,-0.09052085352109507,0.10646165298511626
98.25,1.4290068387009567,3.6385401289991495,8.420981085070654,0.06594877235327214,-0.017045244558515468,0.06619857612544765
98.275,1.379185360266634,3.8310598974357326,8.811602328810345,-0.03320676468028674,0.044176175114711946,0.0002288573843381253
98.3,1.4176821637601524,3.78780745437419,9.061517233429878,0.005137665581060621,0.011705491626172529,-0.005079206548939488
98.325,1.4363678469774959,3.9052607322042356,8.988310271912006,0.06972972657454767,-0.018190188116350238,-0.023046889380795264
98.35,1.5227167954995229,3.7295059500387655,8.482504229499394,0.06762639782647259,0.012772392990449636,-0.055919928552468454
98.375,1.331115904165153,3.6036181001935255,8.533209110785297,-0.02373575507582185,0.1275371736736936,-0.17406945059460238
98.4,1.199728015146027,3.9375205493693732,9.13404967302662,-0.015289619363553717,0.1314587871266914,-0.2352747187457609
98.425,1.2653568198861052,4.127847677690907,9.159318796226032,0.01760461060841287,0.055387397330501596,-0.24690809091497853
98.45,1.5028557231822213,4.076699249005305,8.596492779775891,0.04080071939711936,0.0404869470449856,-0.23159857771725212
98.475,1.47887328076692,4.323383944153534,8.32770301400639,0.1213968747458381,0.09024145173747249,-0.18176450837899216
98.5,1.188222979931081,4.226248645295395,9.042382352581233,0.07200865994350297,0.10312244348417976,-0.11601619936454176
98.525,1.0163037771414478,4.439111891715051,9.190857254187069,0.045085183462993714,0.04053490086012456,-0.06383381892357741
98.55,0.9097182504042306,4.515993669673487,9.370025285881061,0.055603126737438134,-0.07938571011920158,0.04390352060929154
98.575,1.125843389793828,3.9737696498705386,8.745280757794934,-0.029226145731139824,-0.0706869369957356,-0.027129213144930726
98.6,1.1264001098618983,3.9330785465813216,8.737815929004391,-0.08782516807457788,-0.03394098750936434,-0.11730835584288665
98.625,0.934616345996868,4.076161360645147,9.080261212435685,0.021681215448583094,-0.09713747340760989,-0.08562253395373208
98.65,1.160682293118347,4.248451406549235,9.079757902952938,0.06547194709785212,-0.18660119463281283,-0.08724337606846239
98.675,1.2859449392329694,4.030663796676412,8.656210513535598,0.06608969351994401,-0.23029321054205884,-0.0905753114136011
98.7,1.1973371464724132,3.94709070184344,8.365992633908684,-0.013096575332211076,-0.14328255716935825,-0.09641181052950569
98.725,1.162334198129214,3.7936515858593234,8.302927001879059,-0.034713135356317086,-0.07311827122745661,-0.08850329790150252
98.75,0.9675298069734974,4.533805804826495,8.897992044734497,-0.040312231691404285,-0.02909941784929188,-0.017652884038900075
98.775,1.0491684428061543,4.0329961614446,8.974328581308288,-0.07029993144147434,-0.0688883114670519,0.08551393858045864
98.8,1.1384134438497213,2.9476056808816207,9.073064900446685,0.04082343619213207,-0.11897338692859358,-0.015512254452724755
98.825,1.1605488404049693,4.081103198854731,8.610490446654497,0.15511125663372927,-0.06960709481543366,-0.09152096170200907
98.85,1.3291751519974861,4.623342846839559,8.902948365953996,0.02229317707210483,-0.056586933261567066,-0.07160893702662213
98.875,1.3391819014576942,4.358675658782775,8.847046561507671,-0.13589617244125943,-0.06809422184904639,0.01773439605930633
98.9,1.4017317948737669,3.959918597723089,8.363528534440759,-0.016687172032758178,-0.027292378833721206,0.019685044453741526
98.925,1.2645568426413665,3.9894923973182714,8.580914613586922,-0.029244283530347668,0.04913301860410802,-0.024139597773057662
98.95,1.1613915171047473,3.9461444504447294,9.108503784626068,-0.09868461838957003,0.050845710367657025,-0.03798605618530665
98.975,1.3263461091742605,3.8771001825733555,9.043800152252865,-0.024990811174203896,-0.038004940740227186,-0.020474220136237304
99.0,1.4492445255047843,4.042502064419182,8.797487837623025,0.0223822369617043,-0.09013400014801809,0.039432907791680696
99.025,1.4806433377254624,3.514073078920058,8.127484819402586,-0.009390879573783751,-0.03113492510884808,-0.011364424019593432
99.05,1.3117701808082407,4.624657751684968,8.882876130698573,0.0022855163745355983,0.013061116129611689,0.04997426287951156
99.075,1.2933927687297948,4.034544961898038,9.12782448969121,0.01888403852356874,-0.06381437040436451,0.13070976656675254
99.1,1.5239740071847006,3.567587283067046,8.601027418710958,-0.06942644074422508,-0.09553032807117447,0.0006194305468556788
99.125,1.689768164068974,4.449040572300622,8.843359343292397,0.06685356048973469,-0.09098767979222584,0.020539188710189178
99.15,1.7747498981548202,4.334173568471142,8.448849127787144,0.07980212509553081,-0.055860505698636265,0.07268450970688238
99.175,1.3086968271700086,3.5961649133745817,9.099852963350493,-0.09772738508637177,-0.028178781053141505,0.06055850450216807
99.2,1.4339814499992878,4.070741560879507,8.52599529404258,0.12797093477647983,-0.045977148435268844,0.01623805847985527
99.225,1.3093411673295163,3.871246604933145,8.9856658805651,0.01703912416581963,-0.04039363684783907,-0.032143330565868225
99.25,1.5633017081378626,3.9826673796269,8.67007984957042,-0.06549183251855091,-0.01676706946733564,-0.04577384297652555
99.275,1.5298159117142562,3.9651381506022974,8.973359917403242,0.09271358178875468,-0.011366378360396164,-0.027495804968544136
99.3,1.3893393131191492,4.039398058448496,8.873599781994235,0.07827576318107102,-0.025296521311424305,-0.08477016673902171
99.325,1.5799653415407326,4.629755857184839,8.963572742579029,-0.05477018240261873,-0.022935488133113757,-0.07952010149439996
99.35,1.7263089614258142,4.42463085807477,8.340058131783882,-0.003997353189729793,0.00818669761242596,0.022360195899840774
99.375,1.4395000226092283,3.710555457245121,8.612212009858181,-0.05616602886355336,0.05795672578122306,0.045094823332823955
99.4,1.5579745340540045,4.043950793697464,8.643752834431284,-0.01466273281670197,0.05516251874758421,0.04122475598191493
99.425,1.6033599632403641,4.259100196141781,8.995601986829614,0.01562571673564469,0.05153500786385056,0.05480252562583457
99.45,1.392350818661562,3.9409189450549724,8.958646547474139,-0.03640366731799915,0.017423968887458115,0.03215790098886015
99.475,1.4200709969181944,3.753371434117589,8.674696040803322,0.020368881337905764,0.005704397355254306,-0.0323250880564258
99.5,1.452921456854249,4.018937527011189,8.692089722679738,0.07116630248063344,-0.0027948317625644276,-0.06330716853290745
99.525,1.5151415908142958,4.203994238866987,8.585327013763592,0.00988197992486945,0.0314985717589634,-0.07078694879644065
99.55,1.3952303022572567,4.147857687396877,8.692966688696371,0.0035380560993467413,0.06563301000431182,-0.07316472216042223
99.575,1.3270191976005985,4.206691914739795,8.673972332153435,0.048236134790057256,0.07076048091600196,-0.052469170357949735
99.6,1.3173166485852046,4.250603498849374,8.66343156175506,-0.0033499117776025576,0.06560680210815989,-0.017484997289763125
99.625,1.3823814729348403,4.179677364739433,8.823230188740931,-0.0412358392343291,0.05796850824019575,0.004730347666601504
99.65,1.372486402356523,4.164031761839532,8.793659402867899,-0.013896851379142835,0.033685777121352366,0.03839444155703517
99.675,1.3100003440289885,4.070291644359647,8.682040956777904,0.011645297160982594,0.02036357556614288,0.04995144167283262
99.7,1.2362882944225873,3.9776588489393268,8.725066784851757,-0.0254173067976373,0.025094492147839615,0.021748989401735346
99.725,1.237229949848143,4.065761232868266,8.930139519531666,-0.012500179436857958,-0.008504395932957983,0.009997383150697044
99.75,1.2688296072729008,4.037141874125139,8.733229603159305,0.01808701762161937,-0.04797601897380986,0.031844877735357484
99.775,1.3303001462057757,3.976551166749733,8.504921053288633,0.03552037687192953,-0.03422270519822545,0.02992841108030038
99.8,1.3160703624528147,4.034403679929769,8.528301904258988,0.022644228889061147,-0.000863929369426642,0.023712606922572873
99.825,1.3531926148020899,3.9871827089499856,8.845642887003484,0.02425332009591067,0.004169872023492682,0.024857438798737665
99.85,1.2356525762763688,3.953299507649923,8.810322743062223,0.026314214103164767,0.008413033001861057,-0.0269351748619236
99.875,1.3920806833484183,4.140031500227971,8.714273761351391,0.04317235654306063,0.015856227999540812,-0.0874405971454074
99.9,1.4524475785763236,4.399891631812514,8.741919852474854,0.03198099341104427,0.005729594252792452,-0.04913766115863789
99.925,1.2604812772184026,4.09390759073574,8.642771796193923,0.006700754563326884,0.02677033926792473,-0.03568420323843957
99.95,1.2206369423133545,4.006262729135707,8.806862157629585,-0.026245506909951897,0.0383737206251019,-0.08307829815557308
99.975,1.189982987922404,4.493877905191287,8.902380307765998,0.019728013925366262,0.005184809374495537,-0.06989613588969493
100.0,1.4499312126624173,4.20462102065397,8.452901197266655,0.0051256396346133735,0.006875392487354125,-0.03920940260295883
100.025,1.218380466669658,4.365972362190525,8.503090224788123,-0.022637421561148948,0.05465862698629941,-0.018152982207764377
100.05,1.1520485666591616,4.066469578457464,8.742465315301203,-0.039495950828757315,0.06137549773789637,-0.00010227686864996527
100.075,1.2487179879573886,4.083676180859033,8.998596871546543,-0.032620674595457366,0.010162622225340246,-0.03771872198845427
100.1,1.3771775914191824,4.4386921267445105,8.566419657080674,-0.008981837426590901,-0.0004104297711092392,-0.013945236636403062
100.125,1.3061499861238237,4.204504618423474,8.561486420679321,0.011867376851913677,0.01833948809023901,0.0016736060595745946
100.15,1.2679383988176403,4.010797127859816,8.606188829843394,-0.00541821135990443,0.039488287584117626,0.011569358337151793
100.175,1.1181603283463126,4.166155446668472,8.951681340830007,0.035269851021026415,0.03364146091845808,-0.006592391540743044
100.2,1.1656132226439162,4.4078539019701815,9.052480963451064,0.038245999919056806,-0.008909592711231,0.001755377427075637
100.225,1.2620760932443806,4.2500456106666915,8.61954526117717,0.0065995381910712095,-0.0029378767014257077,0.0266320851070999
100.25,1.066231714144468,3.9569019455915346,8.640277078132593,-0.03187293908335168,0.03507275524459224,-0.011736642268633767
100.275,1.079254773469572,4.028889161594378,8.998032186191127,-0.022851450957034735,0.015836698475055883,-0.06076656712015579
100.3,1.0839490873681594,4.327892830241272,8.98339732033182,0.03337391708355012,-0.04505620413880113,-0.06667864771501444
100.325,1.2796724637766805,4.635939337399075,8.426680135006878,-0.029012154867743157,-0.007198830874168051,0.010381389982811155
100.35,1.2314216970865868,3.8183435573446713,8.614508357093039,-0.03412813127211524,0.016221235504000234,-0.013583290492256725
100.375,1.1490116220969449,3.93480703230334,8.67849551806892,0.0192431656272743,0.015386777086470174,-0.04671924554755315
100.4,1.120645544591667,4.341055810628022,9.124005818142518,0.04785664837002307,-0.036775606106819334,-0.054343091881710597
100.425,1.2829803289417365,4.593648198940603,8.551067716183361,0.0013211145076523433,-0.04883578341918277,-0.009589689426271506
100.45,1.3032490658613611,4.224172210579888,8.574153507258318,-0.010241913828960097,-0.004727193046734417,0.0027566138683286262
100.475,1.2441838655703759,4.365679621092743,8.655183727679667,-0.005616456781511509,-0.0013083038606434018,0.022877443022104524
100.5,1.2246216867829907,4.172863663315942,8.768869454306651,-0.014033739762036439,-0.01169307039856632,0.042410594359730554
100.525,1.1727562140186032,4.250209203570046,8.959181732845709,-0.026316468355994493,-0.03295318665093077,0.034329222927658276
100.55,1.216081193879725,4.296590631096965,8.722688112027727,0.009611237073430897,-0.06014812856598542,0.06341926077248139
100.575,1.2328222959290212,4.244803275480844,8.599986869872383,-0.021681455301789002,-0.035287350416337286,0.09770868988268723
100.6,1.2974288717422342,3.872864942486787,8.813667875575497,0.002226139781712226,-0.040859683717106236,0.08940817424156655
100.625,1.323944519812044,4.206546441063089,8.843262560373809,0.03411767389652342,-0.07250168815167453,0.08183002036568132
100.65,1.35176987538084,4.399713215063872,8.76406955492762,-0.014254532839335178,-0.029839566530274777,0.05856119873105075
100.675,1.3241241704387476,4.5182931615534745,8.935221779107668,-0.150636272590202,0.007941979210592398,0.055477219814522714
100.7,1.3231924527724161,4.040293250612071,8.762884203703463,-0.1356980283051823,-0.01020107790128821,0.05763820230314086
100.725,1.4059310191229835,3.9132749332735246,8.609342216013655,-0.05432349331409831,0.006160479804849237,0.0247585904834496
100.75,1.3190764362945417,4.0442779821558865,8.824766536997203,-0.03645386811711087,0.037463708460564044,-0.032088794830628195
100.775,1.2697731631606461,4.379172072649873,9.2681401026949,-0.20335609389309267,0.05310661884980508,-0.11289575970728576
100.8,1.231244899421564,4.6593949089843,9.085877910477366,-0.39260641804473667,0.0733083202799722,-0.15849495151837018
100.825,1.2087819248411649,4.136713148439835,8.859386185151388,-0.4518096845086344,0.04462916459493028,-0.08819779261277964
100.85,1.3581194086803967,3.6844877351160394,8.297970208729549,-0.23483401874469706,0.012123448546981674,0.025799187691552525
100.875,1.3390373648382319,3.175961407949097,8.846956566525352,-0.06879069421150306,0.024818455029613322,0.08799701927248751
100.9,1.1659107812854566,3.5545614135338304,9.084681379627781,-0.05732245143359192,-0.01161891257008515,-0.005377686708261531
100.925,1.1664781839291838,3.696210512433167,8.935358438408938,-0.10320420649351228,-0.02499193365935263,-0.05467260447437085
100.95,1.205346929488271,3.6106184009979665,8.553713852831299,0.01874578330190622,-0.020557453212338705,-0.06387842877545188
100.975,1.2865287215076766,3.4547325915824936,9.066898248819136,0.012140597933141817,-0.01111949038023091,-0.0785121580617279
101.0,1.4062635223891005,3.561470156049307,8.866713682234751,0.060123195110007126,-0.04135469662977696,-0.15650843046118357
101.025,1.3167042497132175,4.152703540289657,8.78016476615564,0.058123024936704897,-0.01492211357852476,-0.12262997750777249
101.05,1.1662924013337346,3.9091308942150573,9.165065389465456,0.041341559077859386,-0.09481434656087523,-0.019291110653513667
101.075,1.3022085150909768,3.9084438124984207,9.006015857036582,0.043595503723053444,-0.16007012699411066,0.002489471675381316
101.1,1.3037032241495068,3.384260771062844,8.717347629884408,-0.0034483373633963353,-0.09216684217497012,-0.06126894141343028
101.125,1.2511084231942162,4.063330971725833,8.596599477144908,0.08414707555781847,-0.01405457639325011,-0.09472829364278178
101.15,1.250494763541093,4.116218819268688,8.881393293171719,0.17375920496498823,0.06218148396281386,-0.02243630522429079
101.175,1.2499394598880218,4.264329856789581,9.242296169697159,-0.10236840772808495,0.06900431333797163,0.009953474718488453
101.2,1.4246699118932453,4.222820406542197,8.86770391877863,-0.28502371095046436,0.1184186673664275,-0.009786838518414593
101.225,1.2969398150643492,4.052348435283891,8.638985148433063,-0.17527466349059373,0.15803421174820986,0.01582305398401675
101.25,1.1969620984391358,3.6617983588344587,8.882503281831278,-0.15920068458971295,0.18506309939839075,0.02805775139294095
101.275,1.112766380646847,3.6876604321228137,9.07874678036478,0.01685583558908784,0.18071629264979266,-0.019170560281539413
101.3,1.0188079340057563,3.838920933586496,8.88324790203872,0.1730414145197081,0.11874396360981268,-0.022716087388677822
101.325,0.9934081691388904,3.778738498924019,8.70599031209176,-0.0057351266288129905,0.06593458184458666,0.009856199091484594
101.35,0.924494347126968,3.696514136715159,8.847170405355842,-0.16997687932227956,0.03394152026763957,0.04121192016614396
101.375,0.9413475386371615,4.053038132913439,9.073885431784904,-0.21464143844146577,0.06898968383219738,0.03490175761350556
101.4,0.8757019369969596,3.806622546307838,9.098024792362878,-0.39249305283360897,0.021536507813034032,0.08290424822391788
101.425,0.9466015640881398,3.5550859379598214,9.17555154960906,-0.3670440307398096,-0.03469046536226757,0.07680711996438248
101.45,0.9393922906105947,3.1305795231972002,8.774126381361837,-0.20023596402979119,-0.06633671489787021,0.08594459755923492
101.475,1.0888352482536021,3.96705836372446,9.003104899339135,-0.263555161324794,-0.05495961061901993,0.10303121580699484
101.5,1.085091926458065,3.2865112492529733,8.859658737977226,-0.5239920733246117,-0.060481502592116515,0.18749129117421573
101.525,1.0474743907702022,2.9985502351154576,9.13077390207482,-0.4015174944503709,-0.08941252412394833,0.24007255905263464
101.55,1.079753930701907,2.3421424448736587,9.007316915100914,-0.0825865014224635,-0.13348747198590183,0.23024094991684366
101.575,1.2147299916245622,2.0725826991257406,9.477972773024854,0.4077146936087017,-0.1402186975241482,0.028396512359687914
101.6,0.9977084362421221,3.2054505281147345,8.954389189639976,0.32502399777296764,-0.17047904542637016,-0.07329912648996283
101.625,1.2185829729331548,3.6993038095523074,9.267019285505462,0.20300301314666694,-0.15193925426296376,-0.09425378163972314
101.65,1.7525521516333236,3.439849004660675,8.079350799660228,-0.24347987454825673,-0.07888774225655121,-0.04582963407697151
101.675,0.9059102401518287,3.0165483440352197,9.26172763976875,0.28409755407283627,-0.023710387196479388,-0.07249211939117875
101.7,1.0554510102541261,3.0748439549161968,10.0080367994782,0.429132013960512,-0.10371529682890139,-0.23287699019200633
101.725,1.2888500766166406,3.7339087584744193,9.289478824570907,0.07605194602918909,-0.18515050636400654,-0.31185485765869553
101.75,1.4084840244362464,3.2826374727348813,8.60475522536165,-0.08944143645328932,-0.12714749126294844,-0.35008380338957507
101.775,1.392983790758156,3.5266706553682443,8.593285103664112,-0.1181428188104331,0.02690009545155438,-0.34350425878323904
101.8,1.2281643561932991,4.019514046346833,8.85407851367757,-0.1752212005594754,0.11921543872549134,-0.27451098277661806
101.825,1.258881171528005,3.7951234668907428,8.979956019333084,-0.1614677905723462,0.10111084748707815,-0.10787705032642382
101.85,1.2801606723624754,3.761965832525223,9.390284150612818,-0.04890147105774918,0.015405396820073245,0.008598806789560735
101.875,1.3004776420905584,3.7293145136461843,9.150707434069812,-0.08794396716666418,-0.010444393106849756,0.04911663275936454
101.9,1.2520037865584401,3.2802602464240618,8.788751470849899,-0.14794125577349737,0.0235331730766016,0.05374292912660552
101.925,1.1551569140772076,3.3306877770775216,9.019618746105182,-0.04244923254201139,0.06293751665959968,0.04656608704107372
101.95,1.124678738789277,3.41042184538652,9.382522872369975,-0.15369175519288947,0.081185264960437,-0.029323386861557645
101.975,1.097650159977027,3.84799153389021,9.490042791734592,-0.27310730001364963,0.08490476855284099,-0.07982097557812032
102.0,1.1294123503255968,3.5253834595251416,8.975423422410307,-0.19261991064429737,0.05982687426022991,-0.0022764456140093427
102.025,1.236197460405798,3.2211327468153033,9.019299739823172,-0.07719262956429147,0.02507731969101561,0.11488488782718409
102.05,1.2048952686204761,3.184936921810795,9.328732452396807,-0.07778208177202636,0.008105861819755776,0.13841352395040318
102.075,1.0558991037640137,3.153495278695419,9.286075876019055,-0.15273452723073203,-0.014116276041288922,0.09510966895290356
102.1,1.129227928276082,2.971865627708758,8.95494009748985,-0.13722250688868196,-0.0066270786014696464,0.07433681790603883
102.125,1.1545650383145738,2.8919505307908824,9.079563004294755,-0.0014554207117550009,0.009218949167278268,0.06112781620345139
102.15,1.0434455049439377,2.997596639238975,9.162944753336532,-0.044250989571661285,0.025062908849749762,-0.0055917173496036485
102.175,1.1253153957313609,3.080298425508014,9.115312186122855,-0.08309728330221698,0.016929833872622393,-0.03178690532021791
102.2,1.3026368174876946,3.0119965076334885,8.825862577759025,-0.04503104866534526,0.04204594041525711,0.014502005368084636
102.225,1.086684129271117,2.938645557855247,9.29840501663903,0.03924424738510584,0.01349836126210654,0.03190800732440487
102.25,1.0845960245696382,2.970164567498143,9.095871866962524,0.03054808140109148,-0.02551308881195152,0.01946558817466769
102.275,1.2294013416581033,3.2243856917929397,8.920852582307377,-0.027182750975111882,0.002457868879949263,0.012564344232550742
102.3,1.2029813363652333,3.2013382633560696,9.148746439040666,-0.04413644806847009,0.015762691148070686,0.0323773460566146
102.325,1.2599363246472248,3.518575219607539,9.3516712393907,0.01631855694937892,-0.00658073975973446,0.10694603812345985
102.35,1.2405163098493766,3.3290466955676186,9.397360661957643,0.02876685794114704,-0.05562040797872906,0.20119970870126427
102.375,1.15172895963301,2.9931647757221933,9.255671407063323,-0.012756749895489354,-0.06390546439826852,0.17767885575426684
102.4,1.1704421698685452,2.7275315411333176,9.059250024636329,-0.02757808318513819,-0.04166197401279108,0.11021694154344475
102.425,1.126424501272281,2.9142701405154057,9.070757322849444,0.0014083231995170487,-0.004116865543893122,0.06573884567635188
102.45,1.2489863685414113,2.761286039078819,9.048355319074242,-0.016530729589841715,0.03359406100156199,0.00497303113310817
102.475,1.2326965806443408,3.1184263681467645,9.198466285683974,0.006797057142038743,0.03134353350713,-0.009900007802788813
102.5,1.1846846116573049,3.30584101596693,9.421451237609952,0.0655446689064776,-0.032059810243935276,0.09790458791631315
102.525,1.347232014422874,3.3786804547922706,9.22066525943225,0.07334372139490974,-0.027018310430556094,0.08298931701986685
102.55,1.3045371631694926,3.1126425986025215,9.000355180315532,-0.05490058722570303,0.033774239801931456,0.031569876370910945
102.575,1.1808323846975057,3.1412753856949216,9.133627868569796,-0.07461733743808693,0.06541580558200671,-0.027234428352872927
102.6,1.1277551591210813,3.0191778729138092,9.338902661105985,-0.037756433412617973,0.024054950087272767,0.004197422215760535
102.625,1.1997037827913766,3.2772848087324506,9.362783630731652,0.011644781532694175,-0.02425403871381782,0.04824887605037501
102.65,1.2520574987047088,2.984143158400754,8.920866227230867,-0.004672318499363139,-0.01706963856600013,0.08242600330033374
102.675,1.229353581257262,2.8624075837783804,8.965572672861224,-0.010190070493970709,0.043881319118896325,0.021522300381545914
102.7,1.2171778022007869,2.8660473382766987,9.218723822638507,-0.008805567561770908,0.06378256630831071,-0.04922206217785917
102.725,1.2433222307771614,3.222493430415631,9.391097854903515,0.024793038810802193,0.014870267823079151,-0.0077058638967965835
102.75,1.1863311088450028,3.2105213336791816,9.17874274524602,0.019969025382493524,0.00789692840856164,0.020981558187689053
102.775,1.1536284262207528,3.0587555139559672,9.159314987606026,-0.028893193917940038,0.021011445932104206,0.007243715556437482
102.8,1.205505637504784,3.127356935887676,9.326468741965119,0.001104368618546124,0.008936542147057153,-0.012851129888388867
102.825,1.2587893902773877,3.177567841299477,9.15484895940438,0.042510150998415715,-0.010163604445951943,0.00030534530964361993
102.85,1.3004014722800197,3.2323917196653524,9.067314435236314,0.02471846625766503,0.006744551872350303,0.028549586510313096
102.875,1.192478799581388,3.241466026768491,9.247177062413783,-0.02826504925157916,0.015545629226378414,0.06941477505374323
102.9,1.1932384838080552,2.9346930090481522,9.293060819492217,-0.014887707135608125,-0.005224463228876319,0.07311607203080922
102.925,1.3590602796103997,2.8294276177822075,9.031888325457121,0.03321538808025463,-0.014336179184189356,0.05646810086302615
102.95,1.2797667520529974,3.2103465412034415,9.129490621455274,0.07656707484278938,0.013531799611204967,0.05164248186620085
102.975,1.1068795871506663,3.129567871079474,9.292086090611207,0.01914178580169136,0.014755671658622793,0.05407328929540983
103.0,1.1274834912943204,3.0723867877166784,9.098750141016993,-0.013389793951781569,-0.0027926443676165214,0.03191845333603828
103.025,1.1920594205111226,3.0975627139377684,8.96936349268844,-0.003705227506111013,0.003774211205502034,0.0370993534162554
103.05,1.216398832336452,3.137736009188872,8.976233600887344,0.01945869814124977,0.006793734216812236,0.10193801604425622
103.075,1.0670291736364257,2.8476942208535942,9.183082487996055,-0.0008964978632903912,-0.004314197038464964,0.12143133746070006
103.1,1.1363132784094676,2.717206359265217,9.11929162152686,0.014163599684406631,-0.024594856531089306,0.06907995925154423
103.125,1.3010067930269682,3.1008860530140576,9.025250099565916,0.05796108933860651,-0.020150904416415705,0.04014468891251435
103.15,1.2296610567142487,3.1677574999372253,9.256650952209975,0.0095303678561275,0.0035917686016446256,0.026286798717971183
103.175,1.2817235093519892,3.144466560799427,9.207260294900902,0.008646370550355826,0.008424049988404986,-0.011966313722228474
103.2,1.2452121764763606,3.254338351297691,9.152691593877783,0.04070052721573256,0.01897062103064241,-0.02088740584833745
103.225,1.2057484671823908,3.2291663860034774,9.160411803071058,-0.0019945767906890915,0.03141156067086001,-0.026064830570079002
103.25,1.2010679124339048,3.1363677553367126,9.199630911776124,-0.05371542602809805,0.03916022614297062,-0.03921797614680449
103.275,1.2041464408235452,3.0437750123764546,9.098722894730649,-0.0007135209212665698,0.030009127972049857,-0.04049631034121565
103.3,1.2633671623632117,3.135670011526077,8.867215782173364,0.031062673461014496,0.03054800260318997,-0.012275463388804694
103.325,1.1524710698001854,3.1577960898060455,9.10722621381166,0.02172239286012609,0.027714914143608736,0.03405922655379507
103.35,1.1594828333798213,3.0915332121285033,9.191412105939703,0.022647139089110563,-0.011643717776112027,0.04526800788005513
103.375,1.174577852172795,3.118624021906465,8.993203321989004,0.06297005603244128,-0.01633641469260262,0.03841729121453674
103.4,1.0867849819241835,3.1677446941757426,9.188082745506021,0.044368139483432815,-0.010074838978104243,0.0423870005584722
103.425,1.0408813605958547,3.1692135308109095,9.245986125838128,0.017721982556024248,-0.03219924400952693,0.04544854151124012
103.45,1.175553796509451,3.1568703849364246,9.105152076844217,0.011936922460968129,-0.03995108326153351,0.035492581441631595
103.475,1.309874316346559,3.2873576887478757,8.97218175760076,0.015151733943117163,-0.00014915129820068293,0.0326909504665624
103.5,1.2629727615149646,3.1383917761119684,9.066917229462836,-0.01990463803045287,0.0436080380528194,0.03122115315071664
103.525,1.1965480753790814,2.8999447169114276,9.19952710544635,0.035740275868878194,0.04594379307924824,0.01909582203801933
103.55,1.1596171320637236,3.273485616759436,9.436133321452141,0.037924009668466825,0.0011967008773082653,0.011539646341040292
103.575,1.1616256088115189,3.4604039080014615,9.434798370773297,0.05040204604319735,-0.04514519179598612,0.02585649025608544
103.6,1.192490158968882,3.1653333456509247,9.031897460958339,-0.01432196347622584,-0.03383304628686663,-0.0019626785616582766
103.625,1.3308943739889345,3.37020446739628,9.105462886033457,-0.004167176534650596,0.0010010057161094345,-0.024462563833036258
103.65,1.3633396704704084,3.390200308429192,9.118200190599802,-0.019235146070001055,0.020609848381073773,0.003929598754946094
103.675,1.20368213923971,3.2026752260895908,9.203550789524732,-0.02457595418234106,0.007028648749901691,0.04309262166285521
103.7,1.0723412960256373,3.0598684923787536,9.203117246379664,0.017813228688890664,-0.019399401104868604,0.03987795116915744
103.725,1.1920484299359275,3.1072361463488414,9.087274760799659,0.025326203950553856,-0.03930389394853154,0.030995375621817138
103.75,1.2664940395407325,3.214417603419902,9.06909574942133,0.02424028361372788,-0.034723047955051344,0.029982929077013817
103.775,1.2486340311413782,3.1137643160478436,8.959644540939319,0.0169334721485038,0.0011821832412855858,0.02561014575866115
103.8,1.1545609721447294,3.1916446454617238,9.190497817172078,-0.04200241118671917,0.0376440780234668,-0.004368236058744104
103.825,1.2083972457947905,3.355889631113382,9.364327762031305,-0.04023068826912344,0.023050524519148116,-0.0380308459251798
103.85,1.305142215986081,3.3463432035277685,9.17652897092487,-0.03917580093043214,0.01280468575087009,-0.04976338740761743
103.875,1.2813341964468792,3.079204063530928,8.833383155136056,-0.02715862266936506,0.0332398510698528,-0.044189623596010134
103.9,1.0658442800904762,3.0200626204544667,9.347141314178367,-0.009242012054802327,0.038981537767236334,-0.05543429659949169
103.925,1.267495107555517,3.4932197444491764,9.273077463470218,0.07038219930314912,-0.012395500022392814,-0.023536939615138048
103.95,1.2426317916422234,3.284443038754306,9.128649289781727,-0.003015515243384264,-0.01806142025358864,-0.002493487966719553
103.975,1.3200410276249719,3.1657185103115286,8.878658502262251,-0.013166275429490828,0.025011123537737278,-0.018973830074469157
104.0,1.0941504491096632,3.1633860761257897,9.31436856278506,-0.04717085291586221,0.04239162221186291,-0.031902526521214336
104.025,1.1590664214361637,3.325782330463259,9.028244098255957,-0.029911609733861876,-0.00033748778814962936,-0.03346010457428352
104.05,1.3081717442116916,3.094207655495083,8.753606639342596,-0.04917719582326957,0.04261866783579213,-0.017963138140709586
104.075,1.1768197528946138,3.1244753987320935,8.94025297633954,-0.04926368469665131,0.08693871359939888,0.01659101711139554
104.1,1.0294986557750172,3.0553685319520465,9.440485871788573,-0.01200925268578768,0.03588687885148467,0.03891716074211688
104.125,0.9691019724856078,2.9701175462254628,9.54357744021822,0.0648583967800899,-0.08357592852030347,0.03951509421835595
104.15,1.1953755966514612,3.191224599286601,8.991507117204502,0.09371606488834859,-0.07822443400347562,0.01679114837283981
104.175,1.2752007571397594,3.2741199522096807,9.051485129340415,0.02921603222080531,-0.01814633023728213,-0.013569240553264804
104.2,1.2737177072253196,3.3891493933192973,9.161298543265858,-0.012718737961282775,0.028082313847817647,-0.010875693110091584
104.225,1.260801230674749,3.280722282512003,9.263791128156186,-0.04218068076236548,0.03455849658097673,0.0063753031681661725
104.25,1.2394695200456836,3.1888311375381857,9.321575275281834,-0.06440474649732683,0.015094668289074485,-0.010251602209307495
104.275,1.2327781398594058,3.0965417211161554,9.228928353710293,0.010159701472468167,-0.020594114211744417,-0.028144262200739154
104.3,1.254499335256984,3.170967439634875,9.018048043604129,0.07749193404291888,-0.0372888993622875,-0.005834164176392807
104.325,1.2466007043918694,3.2714819814935185,9.012741982974656,0.020445384544051606,-0.007097204853663078,0.013210689274636539
104.35,1.2283043225113601,3.2902706713520518,9.098435171697462,-0.005040369557675687,0.022196743689116512,0.004158118002380694
104.375,1.0894708247753802,3.1616628365011823,9.279950251738667,-0.011523788454521629,0.019532593533810795,-0.009337884530147427
104.4,1.1361924018235505,3.120872560441219,9.244761964978954,0.01884858198227254,-0.01636476509977734,-0.024921681313399793
104.425,1.2453408774925048,3.2431899382583573,9.04233052757833,0.0502127344658931,-0.03145820217380899,-0.011117467852414572
104.45,1.2866662102435225,3.2759560874427294,9.049303725312878,0.04285829110033351,-0.014468738879626809,0.02234784609738147
104.475,1.2702324892088417,3.3638509690776797,9.102672350593394,-0.003669394043998535,0.02743065108946883,0.028877483861266214
104.5,1.1559183338398151,3.2671192321723104,9.325675588458985,-0.009659336857549149,0.043991850170314394,0.020719232081933006
104.525,1.106329811087525,3.4278553881102742,9.311778217969133,0.004468485091993909,0.02088497403528785,0.004525423905887744
104.55,1.158702272561323,3.4180774639886744,9.133528676334244,-0.024949675648719492,0.024923783413907663,0.001408716919865268
104.575,1.1427806244607837,3.2349969696060388,9.079639596472251,-0.02986926493922305,0.0356197330380978,0.018254712522665046
104.6,1.0578905023850056,3.0279009038479887,9.114356330945654,-0.023978744164743826,0.04635473527721816,0.0249533315543394
104.625,1.038673411135387,3.0957050970596183,9.183434190291642,0.006787050220122579,0.02132633944985067,0.001151911445935435
104.65,1.142899932282131,3.2781538390545575,9.197343653369398,-0.006255774215100339,-0.0026727941047113677,0.01011673784594154
104.675,1.2532986538188566,3.2237149500787754,9.01157123180705,-0.020113250036021692,0.005047737186955867,0.029779223483494266
104.7,1.1611110831330804,3.2458302436753104,9.197054393205045,-0.010916953815751489,0.009307058052634832,0.02910189373201741
104.725,1.153917100896391,3.320139305695811,9.195646994110398,0.00032834026922600747,-0.01086777829328673,0.02311905758536819
104.75,1.1138183003546889,3.317446742534328,9.25517977352425,-0.004024350780920063,-0.019291528190510134,0.01703064208615931
104.775,1.0505666093475274,3.2824256280871515,9.183748806061864,-0.01585158839279049,-0.022539445665091536,-0.011140610061210112
104.8,1.0212734886197268,3.160506620072414,9.04917388300512,-0.021347243587832646,-0.014509099700696875,-0.03752143407543182
104.825,1.0956201099447578,3.0237915754556184,8.98072005913837,-0.03514799789569249,0.013702346007724355,-0.07150127959560583
104.85,1.099671764636148,3.082700027569535,9.011907707299205,0.012397973589549645,0.04872338325349899,-0.0974271088157987
104.875,1.0627355838010262,3.144328205258891,9.232706023945877,0.006049853751381011,0.04743137195531661,-0.12986755766173208
104.9,1.0646819875498832,3.3893620686629764,9.161385364752945,0.002347252683087325,0.02708804805204306,-0.15204539224709163
104.925,1.0757334454249976,3.5044196722366405,9.137144360984122,0.009629333037512143,0.027065291172353522,-0.13236104329072207
104.95,1.0016491152211002,3.3095424070464503,8.89685191502039,-0.023258162047445838,0.035727989726159044,-0.10001787231441302
104.975,0.9911729512407131,3.2023282948976814,8.99937864393245,-0.060730433341065745,0.03711770850941365,-0.06784279171154864
105.0,1.014009995871424,3.219314834734266,8.9876074730937,-0.01627409689899615,0.015841532276964863,-0.029864354525754686
105.025,1.068504297497003,3.1538152497422915,9.1269170572515,-0.032019738115190176,0.004277424567196577,0.010383403493391796
105.05,0.9790739097601151,3.038229019271459,9.220080917115578,0.003896665079950279,-0.03496292471788073,0.0194742731167687
105.075,1.026314952058747,3.199250566166433,8.924058474108147,0.04762531204300766,-0.04294057082469865,0.03846527452203076
105.1,1.07844483482477,3.17086523415111,8.942890803390009,0.012459725204549904,-0.015678086797208966,0.06571294480698826
105.125,1.1041803085327813,3.119116082353043,9.154251251149766,-0.030821805839692327,0.0037685367982595074,0.06113410311913042
105.15,1.1007604843312973,3.1842140255041858,9.416909772808443,0.007198256074871437,-0.009887495537700169,0.050845944690530984
105.175,1.1801106785169413,3.449954837766198,9.269114174896915,0.058048600985714086,-0.024266874441893873,0.06132260850960852
105.2,1.1986660379691303,3.4170507627812836,9.158770492236838,0.0031169283190704495,0.008914020009557606,0.051700129024239226
105.225,1.1741945730662255,3.3992047639367606,9.322185309495701,-0.04089346625656666,0.01950740171933753,0.02696128284565539
105.25,1.1347420468254283,3.425083338766654,9.240354004905143,-0.020432843619181244,0.022250643360979285,0.0014536243175569208
105.275,1.128851060370818,3.1865927763831627,9.015215925910056,-0.05166838411140081,0.043366456279013886,-0.04249906688525198
105.3,1.0271669885667614,3.3217275784236517,9.065133654672746,-0.05120742515470454,0.06296615151639996,-0.04112866495814197
105.325,1.0836089809126823,3.38641407888531,9.073107651101564,0.008614478441906135,0.06696564698714735,-0.004176572729726935
105.35,0.9279105295424449,3.4051027711940396,9.124674902043411,-0.03525344785946979,0.05617135924549042,0.0677213293618318
105.375,0.8959447166769234,3.112458309183074,9.14274497008863,-0.060945775494764085,0.05457345225595533,0.08955314889052633
105.4,0.8304509109009879,2.7773573478736058,9.112341142295827,-0.056943579796590135,0.044413626603240046,0.05280696260813852
105.425,0.8979369880159686,2.939468185279474,9.229960133688369,0.019801020887198914,0.03822128293506412,-0.001825446965126384
105.45,1.0662320339324869,3.0548521546558294,9.138324322795937,0.016826619730168874,0.02756821144755217,-0.03605296279141764
105.475,0.9232966621509144,3.53537339923793,9.255484141953074,0.013149784402079681,0.001869338377943584,0.003926745498191748
105.5,1.04449629721665,3.1937107509267224,9.085164109693494,-0.012395220701425081,-0.00316508725404476,0.038948735787407096
105.525,0.9859021277779935,3.171603688825447,9.18118214527038,-0.033641209885875864,0.001351173664003383,-0.0013793770855542581
105.55,1.0152341333584498,3.2775528070369546,9.14590059002076,-0.007732788316454671,0.0004887348765903754,0.01181673280028394
105.575,1.0024995455639492,2.9851052993173415,8.900314031945424,-0.016518259320334204,0.025799247378346574,0.01966658764852382
105.6,0.8446567298041829,2.9315329751285395,9.099838471107743,-0.03790198623629556,0.07180922013168846,-0.021316066626429212
105.625,0.8092710496880309,2.777536505871391,9.288666655119162,-0.005410291693575162,0.038694109670862654,-0.06570480516347099
105.65,0.9632328762529129,2.751474416644365,9.085347945962999,0.03690248272097992,0.02056801677642064,-0.14126453090890387
105.675,0.8815330410100003,3.0221906211473564,8.999653442809208,0.06552528502570754,0.03617601619417624,-0.1829367927553626
105.7,0.9573305075681128,3.5527434341042334,9.212881024310562,0.08338021145739707,0.03599700888790652,-0.1423910942350108
105.725,1.0230946492347812,3.625883206433358,9.1358337942793,0.040480492525915374,0.0293345665495754,-0.039391804569070474
105.75,0.8810463478317813,3.3367890389175834,9.154883801809051,0.009460210356531414,0.05387960149724291,-0.021234393339779566
105.775,0.7857064148889262,3.224044397785983,9.441010999306176,-0.03344800470660955,0.025635363647273174,-0.021894180706724112
105.8,0.90027958620437,3.1617047907522164,9.269561733374246,0.019870509895414955,-0.011100081272907915,-0.03902994763295302
105.825,1.013800696696578,3.2518900536948756,9.026229300284083,0.06528049317009826,0.010160257403067089,-0.023157397132928678
105.85,0.7175619859442218,3.3313911177209508,9.285945676948133,-0.003313897443601992,0.03989321613104343,-0.007648895767046655
105.875,0.6242234314739717,3.230179155622406,9.46987418595793,-0.05093149616864756,0.02601057641388385,-0.015220057642484406
105.9,0.6459654478927835,3.3512709537329988,9.448568797850985,0.02556804147783111,-0.02001635103311391,-0.04399347192831077
105.925,0.9106034429502892,3.4933105395865507,9.198505315234078,0.023619632534690457,-0.029555872372762616,-0.04013474594676238
105.95,0.8496337530036315,3.488770551692332,9.036707650010724,-0.03814056088956148,0.01337641221642128,-0.041630506005164394
105.975,0.8950299266205297,3.2891024233929387,9.082080707526845,-0.06490538042534892,0.051704667059912855,-0.03670282512374618
106.0,0.793620126252576,3.1944653294751117,9.129861591676477,-0.027379959897312248,0.06344018347439473,-0.03996577067637637
106.025,0.6796487346152303,3.139950362805256,9.346920646763406,-0.06429304385123846,0.04747495522758345,-0.04965003631903681
106.05,0.6574160582317644,3.064755244721558,9.276543085259709,0.013508301485104372,-0.011729898942700826,-0.04983643248449424
106.075,0.8147235372098702,3.2643734628252203,9.169129080550492,0.07397309355193973,-0.040990043241659564,-0.008582163736660669
106.1,0.7781070242725718,3.393802036195072,9.14685539875431,0.026392429354531125,-0.028776408616449842,0.025952857702095065
106.125,0.7154652299668832,3.17829924117978,9.299192705878209,-0.04576854846227354,-0.04045234597154934,0.019528060709005222
106.15,0.7940399778138386,3.1585733300053667,9.30941701177771,-0.026707498190854738,-0.07092645834463261,0.0023229946346439412
106.175,0.846757701706453,3.2600334620840696,9.245263573466469,0.10285171248293576,-0.11278642819201107,0.011772317359630049
106.2,0.9134230548201714,3.196594409203393,9.25925656020361,0.2902530587973254,-0.15873933882977817,0.03824075408097063
106.225,1.051238756596383,3.3578843847224547,9.180576421922146,0.271996304597862,-0.1442890363843428,0.008192661739928064
106.25,1.105266327639177,3.806810959555706,8.79863969801529,0.04011564980596755,-0.07120918504015002,0.02989684266879446
106.275,1.007469655528542,3.266678805969461,8.950735225629911,-0.20864675281164582,0.015082654673535981,-0.005433374932289547
106.3,0.8254368904712464,3.2170862644952662,9.102531433947924,-0.07924883777592974,0.02396268516577094,0.022364472535933252
106.325,0.948565537673103,2.9856411914253393,9.228146766359604,0.03551383087336733,0.00034282056898519736,0.017838678139238395
106.35,0.9415416301585966,3.4772343004901574,8.966186675463657,0.02135375430182803,0.026514622852420365,-0.007300223641168032
106.375,0.8696449385876587,3.3878884014363657,9.058836332173344,-0.032641161028894645,0.07697111388154515,0.001064012932240046
106.4,0.9024170366787568,3.3212435503215763,9.044086197374133,-0.07266533386261631,0.1109087624037846,-0.02165214686111668
106.425,0.8356648235576938,3.3684030456777476,9.207877188576918,-0.13978974736587457,0.09359025370191615,-0.047566995021715866
106.45,0.746788531609969,3.7330147933179756,9.60592645084148,-0.19433809775988883,0.042282487151910575,0.005058620100028541
106.475,0.8676838824721039,3.1388227913714646,8.924352431802667,-0.11125894878083936,-0.04273933779117691,0.08243483103248433
106.5,0.9300346282563847,3.1224771268866673,8.84772977658442,0.003061507835038546,-0.022203926921591278,0.13928152792469156
106.525,0.8034947931479859,2.721933189969224,8.914722892487577,0.040525756053822734,0.007756006649784125,0.0859431688216961
106.55,0.782741579840755,2.9046652301717195,9.116516041642493,-0.06438681831398904,0.023998411427392112,-0.023040278869036757
106.575,0.7735820866672309,3.7440010802406944,9.374422453813253,0.009084873545400255,-0.01513651565334732,0.004486497580525162
106.6,0.8814256455689153,3.370217144886305,9.085541480290585,-0.011593266214711805,-0.055780060772616755,0.06625081194731128
106.625,0.8658730552253544,3.488169151850292,9.051767676125626,-0.10000316175542605,-0.01762273085992016,0.04939777146751575
106.65,0.8471063397211306,3.0490541435685437,9.2573707765811,-0.12419329855494832,-0.006260912750349202,0.06205968881306114
106.675,0.8670172328421755,3.156555611160784,9.219299053338819,-0.11389298589766865,-0.03510589742293102,0.061515413698065104
106.7,0.9339433349623082,3.220871538752743,8.948252829181405,-0.031779264053155294,-0.03645510486422263,0.1190504700561
106.725,0.98075460552435,2.900507435149557,9.069789974515228,-0.019233375461255486,-0.02299689224506487,0.1193874693694244
106.75,0.9941730671141682,2.9391273938566487,9.261727891415523,-0.023815577733464998,-0.03371421434933281,0.07989789572966567
106.775,1.0039030590701559,2.9142458932423883,9.154316297093871,0.041761170896061316,-0.014530875824020198,0.03226440655237387
106.8,0.8931482292337901,3.172891206870073,9.244281211540308,-0.012854057852452713,0.014009330072430794,0.011669403611474108
106.825,0.8370302783469963,2.9080693138908678,9.282370570319074,-0.08875421870549001,0.014394186145333259,-0.023742807083231385
106.85,0.8663936623945594,3.126395712825863,9.410265690907595,0.029147376973076938,-0.03616504561678983,-0.04485685982238229
106.875,1.0194006469229646,3.3664640064189704,9.102982857156963,0.10143412795259073,-0.060501310157410254,-0.006608431488204919
106.9,1.0822117016032007,3.4082265066758466,8.941689934075228,0.015853379600899952,-0.01995627572103486,0.02194015586945097
106.925,1.010911440102385,3.077543956971686,9.11172449041032,-0.023591855435923837,0.020933876619209042,0.03752021737386664
106.95,0.8440871409941192,3.1552877155616814,9.568935986177141,0.04318435332048832,-0.036749446650218454,0.050869703008706246
106.975,1.0122727257299453,3.214971731244585,9.227109806329793,0.06792894627156709,-0.10078672994757168,0.07808789423406043
107.0,1.0831803265865547,3.0285978552499,8.877855602480395,-0.0021744124915011693,-0.06318372013261896,0.07554238682037843
107.025,1.0109189531385439,2.9505842704958125,9.093897335210958,0.015095658661045463,-0.016613580055354394,0.04427620584844114
107.05,0.9574239145764916,2.948918139303697,9.242279648992268,0.03972378620049328,-0.006237123726524455,0.008746418782423186
107.075,0.991571175760665,3.1828286679457594,9.363362480698548,0.03486288794862352,-0.015566477851659237,-0.015138783180147702
107.1,0.9933273916581854,3.38248957212733,9.317116620287921,0.04763917273436608,-0.028677114433527842,-0.03435174472936681
107.125,1.0749295803259895,3.4047283725151085,9.174077705995565,0.04332190388244044,-0.027624912976631374,-0.033655532294618894
107.15,1.1974497803513233,3.458892775177359,8.919553237244534,0.022510849300777663,-0.0009272870703380977,-0.005947557771628753
107.175,1.057366879337074,3.305825460489891,9.130599922060476,-0.015510442287106348,0.038898869012444326,0.02484638039254493
107.2,0.9340187700178554,3.193132369549702,9.345579131984879,-0.034503975523176605,0.021368003152540335,0.029635203464276342
107.225,1.0317405756534404,3.1847695347396083,9.17195701699298,-0.013657785797909048,0.008512238880699534,0.028483815638645413
107.25,1.091376601473668,3.2592200979364963,9.054468287614222,0.0006701379106024715,0.033874577787909296,0.016478627578522913
107.275,0.9132823314624374,3.0275953646039167,9.182765259604125,-0.06490129024311429,0.0698609387938988,-0.028106256680927158
107.3,0.8462501256925881,3.1096710958586256,9.5115439994363,-0.0382923625725633,0.02699871430496514,-0.07319461443637928
107.325,1.0299455851551953,3.387604473488388,9.29807462275399,0.057964165024151804,-0.0355851615133227,-0.034398067069584516
107.35,1.1198591842041512,3.4481677780339464,8.956999126415445,0.013211722711633272,-0.01798351957475374,0.027055369165756408
107.375,1.0817699316213545,3.3676965007903408,8.97753408912461,-0.04228995366776747,0.034650003714730176,0.05133031831527314
107.4,0.9416076684660867,3.1759999555873195,9.31564276035831,-0.06625796209439154,0.046679244535633775,-0.003434253584212976
107.425,1.0290874021252894,3.1527916429507195,9.178752307712859,-0.02562028115807883,0.007044698003814857,-0.02459098325435642
107.45,0.9233021727982679,2.975997965326892,9.204868524101753,-0.018729732727684707,-0.012146974242469175,-0.000945182364566196
107.475,0.8682758660083036,3.0466153843372883,9.187560622225242,0.004807555008033241,-0.03476038210212856,-0.0006823173446094653
107.5,1.0520092883195553,3.176533847019604,9.042098584411045,-0.008634124165981383,-0.006104965352595157,0.011960527702824362
107.525,0.9753016983348779,3.448466158425814,9.25088266317669,-0.017990629257770455,0.013321149106164698,0.023137160984026996
107.55,1.0181430056516076,3.2515755286301373,9.299440506282158,-0.05872415735072403,0.002074208894964345,0.05597239728569301
107.575,1.0908188729630255,3.4013961455934125,9.37090095327402,-0.010709105030219483,-0.022503158317932384,0.07884945405752533
107.6,1.2152618042210908,3.4503848755450064,9.240184303410164,-0.006504446859088999,-0.03803369018747386,0.12657224864787914
107.625,1.3892238703834507,3.3468948881312794,9.338201699802994,-0.034964879172564134,-0.0473449301879842,0.16896650344947928
107.65,1.3295993421244732,3.0869966799844533,9.175104030558572,-0.03632465127421521,-0.028428646948400027,0.16294207424569593
107.675,1.0268896423349048,2.921193459717534,9.275950213909399,-0.009997181698597316,-0.008817143961631614,0.11932202934263687
107.7,0.8268459769111441,2.9307988507762763,9.428138989183514,-0.0005331906241581922,-0.043370491037481126,0.09171969415521446
107.725,1.0141420021118597,2.9984907776490783,9.084823980060316,-0.031006021074231633,-0.054431030609437464,0.09092063362042076
107.75,1.036622542755171,3.042679891408495,9.180962636419462,-0.04402362151027198,-0.0406014141958055,0.11348440264820961
107.775,0.7804023294058355,2.7848768761510936,9.048685865014152,-0.027339669532912197,-0.04385744931689036,0.11277978451942326
107.8,0.8246167191162437,2.5548972735970286,8.931121547648674,-0.02732299815963989,-0.017012477965144983,0.040603354369482474
107.825,1.0542418330136325,2.8317802147900917,9.09488391678423,-0.02159005938020299,0.011729842221663431,-0.02956355261828644
107.85,1.165870358682771,2.5153112571161746,8.987664846728018,0.02925207977902562,-0.007716919157620352,-0.07062859851587225
107.875,1.1132899239579424,2.7277401790898015,8.818329593058644,0.0461988416866425,0.0625931793799294,-0.16138238663783766
107.9,1.1096739277536016,3.15086966867788,9.249369347363723,0.08377350363504357,0.08925498490345488,-0.2149241522016392
107.925,1.0094542430361022,3.7500223851563264,9.767477618107035,0.09591902580811418,0.02333971155480035,-0.18415031055787293
107.95,1.1504589878503646,3.5627519868964037,9.242662571548312,0.07318898414302784,-0.027646291254927756,-0.14941115718031006
107.975,1.2129549266121575,3.4636095824158923,9.03620393104832,0.0070287946755348205,0.018753164837877888,-0.13116638182084828
108.0,1.2493677347290928,3.47976166840224,8.88122634701331,-0.019707537498521884,0.07398496753214143,-0.07339114595789013
108.025,1.0658914064771225,3.093891144825162,8.87266255290517,-0.043349739242778795,0.12800500474556423,-0.03286884191253418
108.05,0.8892406750343893,2.8615695486971204,9.105273783765305,-0.06697697330260569,0.16279019582854856,-0.06098679043305082
108.075,0.827247040928659,2.8942668971689383,9.124621731441412,-0.04374651598269253,0.1536195663354079,-0.08740786475653797
108.1,0.8388269725575181,2.6893318297497335,9.123890158234422,-0.009988416553605326,0.13654674029485014,-0.11921745374987008
108.125,0.8103109371742135,3.038335002272241,8.833307122319997,0.002343614394844551,0.15261531327339067,-0.15760334212202828
108.15,0.947219605641421,3.38107271087635,9.022535024652981,0.01050266589940669,0.1554730748319807,-0.1220013522560089
108.175,1.075691266895412,3.4623031321741067,9.094220635771451,0.04401094992165866,0.1194088371362961,-0.025736762612083987
108.2,0.8470893244677083,3.526617356289314,9.252298355532144,-0.013745667212663152,0.11589270593970123,0.02998365731282053
108.225,0.7014068552894902,3.0734782037180466,9.266855837633496,-0.07344482860219236,0.09904871455746854,0.026426721875928996
108.25,0.745199485458236,2.9357252804968423,9.003202660582815,-0.049428600536122844,0.09082223669679092,0.038174616559076044
108.275,0.5875352894093526,3.3639711075572167,9.187115375726808,0.008563395378564348,0.10100592224815577,0.06782764029059164
108.3,0.4294561885541168,2.930735615280944,9.852460836063718,-0.08343902323934982,0.03646109250641925,0.08451321226353653
108.325,0.4415743021732119,2.8578270854536787,9.538064506295477,-0.003828312116670693,-0.05498916401973834,0.028492231463114043
108.35,0.5159779950372823,2.8838459086441857,9.289709709156442,0.08305440988693809,-0.08197677141820105,-0.019364757348866984
108.375,0.597012307814254,3.097691124871151,9.161708018684768,0.0894762229279641,-0.08280619424634728,-0.0817882857259001
108.4,0.6101458850036477,3.4627886687045484,9.126172415495418,0.040966878616075335,-0.043219705662467835,-0.123237440820172
108.425,0.7055752663808936,3.672224813935544,9.269559503483626,0.044248842551712186,-0.041399005580122876,-0.0721562468938812
108.45,0.865706486698345,3.4657642762430676,8.931157874911335,-0.03519706218249671,-0.04193712948157095,0.004926633492295957
108.475,0.7825214992190639,3.3331634262216694,9.082654375005148,-0.03517314256546653,-0.01640760914570121,0.03962204069948023
108.5,0.662856849918193,3.190222068712062,9.275939362176967,-0.004405739671542644,-0.011040291917386147,0.05690030313913533
108.525,0.616702308300689,3.1886021654122843,9.266221954169819,-0.01859033578673141,-0.008043782340598297,0.021879387811217493
108.55,0.6177605069841204,2.963193712530808,9.105009264386645,-0.020482611257510323,0.008735587465553234,-0.03728992926656446
108.575,0.7040988457874431,2.8435460521696845,8.965830786992358,0.002078501717950985,0.031237671883722923,-0.13091313597914206
108.6,0.7517191598582329,2.9458850459553703,9.074826757921253,-0.01824087390497792,0.05708781505409484,-0.15669891611792391
108.625,0.8054839240713588,2.9599069334147705,9.259069095537185,0.023087784359339607,0.03925121900700887,-0.13362246622795307
108.65,0.8199228845053289,3.1373950298283764,9.127815386278892,0.07363848563436538,0.021366955647617866,-0.09522336606017502
108.675,0.4868371859471238,3.1927963057493436,9.400619915292472,0.08751627429895499,0.0026962507496164374,-0.06782873522870127
108.7,0.5173761304416089,3.1899910680550523,9.378603745788189,0.02886646271141626,-0.022034974139060137,-0.09489221174691506
108.725,0.7937112330924995,3.0016008300099877,9.323833673045446,0.03184970849575978,-0.03803283085768819,-0.13748137889069056
108.75,0.6279485058192136,3.247499429765374,9.13589472273641,0.10229895843976844,-0.05774125017167188,-0.14863686056880687
108.775,0.3709445604578335,3.8026675620529424,9.109960101570538,0.08753713912973464,-0.03975301124868234,-0.05417164016940612
108.8,0.6195386044046867,3.8510052017283467,9.27394118280176,-0.028278691479014604,-0.04055661358211878,0.038960089835438076
108.825,0.7830999694730266,3.7205004514903464,9.224904217680553,-0.056436549643372316,-0.06081238567102516,0.10916987994107928
108.85,0.7843892509389356,3.5956757022690584,9.190326205141599,0.04013294069905382,-0.08640048892333023,0.15232562626707208
108.875,0.8225500712865449,3.506902931544776,9.12307900741313,0.037520137498779166,-0.08997930190240691,0.16892190892607217
108.9,0.843078595391098,3.5761740447244494,9.075255883530037,0.026947280488931562,-0.052142416527997594,0.171239610764775
108.925,0.8477827145326735,3.3347845759256094,9.26905407796207,-0.04050266751038268,0.007476369083199818,0.16656795815184613
108.95,0.7281402218554628,3.0808911052228094,9.231885175281606,-0.06065834208509941,0.006870808539855453,0.11056342936294852
108.975,0.7493872319574802,3.214266536130313,9.03888144380741,-0.08345266755146634,0.04421031381336671,0.0907771005103604
109.0,0.6417819950719993,2.992534467117321,9.372990311929819,-0.09847616933358361,0.058564094537894844,0.05952897968502302
109.025,0.7360844302686419,3.223917977964877,9.266629254033418,-0.06420949753637058,0.02688547468369824,0.07285372700252912
109.05,0.7176856138836025,3.0297716373235817,9.14822822396939,-0.048251521269286314,0.021066942416218388,0.08019447783003109
109.075,0.6242226542743486,3.294619329948194,9.264077034776827,-0.0640067159324196,-0.010006141659308222,0.08328295061800105
109.1,0.8806731649457038,3.096204149408911,8.951813966302558,-0.030801978803851455,-0.020690308397228335,0.09393985327961007
109.125,0.8448029294135999,3.0798408607569296,9.04062649319693,-0.04681789876909616,0.00948414601693889,0.11046857659613457
109.15,0.8601326174074722,2.8603306931234718,9.264091192918256,-0.06964525988686696,0.0220267233018911,0.07132813345288581
109.175,0.9103652770042091,3.24603274775954,9.296676179451218,-0.012684936116177948,0.01931285865588669,0.01597578102210426
109.2,1.0392202685767207,4.081795811565232,9.5005237855715,0.06062587043179982,-0.02543013984514609,0.13029633299077503
109.225,1.0847170677034104,3.7543995671769537,9.247176226497656,-0.016922411706860103,-0.03979689363418452,0.2364185057394893
109.25,0.8875453882089487,3.1308657465920517,9.28807456823822,-0.14149865905030393,-0.018785766208124086,0.2354748839344433
109.275,0.8248327146934992,2.865406589170627,9.336196267196717,-0.06362027074456163,-0.015307000393124269,0.17961766213363756
109.3,0.6501183814111151,2.811134759291178,9.419202087716895,-0.05795334552099463,-0.004574430500084173,0.14170166177756743
109.325,0.5257904458385919,2.8684322428868017,9.333581425958862,-0.03413034388599077,-0.050875010668331416,0.1344038185905489
109.35,0.9230255107402278,2.8678689287860353,9.03853803512318,-0.015027283155083507,-0.053625402275053954,0.14766725610579884
109.375,0.8919256563256448,2.831147507988819,9.081160161959197,-0.018218194589564127,-0.04094256321780238,0.12073096002290809
109.4,0.6537075490802832,2.959223123971263,9.203947987382382,-0.053137808887382926,-0.031280173615035656,0.1045630664539884
109.425,0.8237925594003436,2.7958621026091826,9.097184204693855,-0.02073896181638198,-0.02729546052917757,0.046718053055309995
109.45,0.949133794123996,2.7602469589905945,8.961552196775454,-0.01763379906420724,-0.010055584390060811,-0.008589764556582983
109.475,1.0715693693625337,3.045001115109519,9.049785836902151,0.0041273239585537715,0.0033494450294137713,-0.021890299585343356
109.5,1.110993443165237,3.264614038979402,9.183387001938689,0.0471622838637598,0.008096637274408975,0.02235760925503426
109.525,0.9482592936882123,3.2245729499501548,9.437534211467616,0.03534949777164326,-0.013943217112022059,0.05237745291496718
109.55,1.0247169643778675,2.8756125601157265,9.175012702032072,0.01331989599905089,-0.0028821652090907624,-0.004553128186420285
109.575,0.8774368638077524,3.01991703274818,9.30841333282266,0.015653603247948625,0.014306764754312798,-0.0700487847690491
109.6,0.8483130205732984,2.957325220812061,9.30900300121123,0.031050299059186062,-0.017665152790952945,-0.05339275725421377
109.625,0.8920581636345011,2.874083021173528,9.170378440822772,0.018100820192181004,-0.02569152315384985,-0.051117701898711454
109.65,0.9199691025305406,2.778580111063605,9.079391116323821,0.05412316407593913,-0.012364769665468504,-0.08752239671380624
109.675,1.055770685812085,3.1204273953394046,8.677848934577636,0.04062814692768279,0.04355329320951562,-0.10991355727947567
109.7,0.9440689536983582,3.089656495722528,9.010405393052828,-0.05477475186908534,0.11781731664063094,-0.09142603486579431
109.725,1.0415207459648912,3.4353422568600327,9.19108117466958,-0.012445207552756271,0.11624461954000857,-0.043574279121604234
109.75,0.9030834722091401,3.2947950991906194,9.31526309072874,-0.01776433723724469,0.09119604966107393,0.023950094858609182
109.775,0.7297095560980478,3.370476060221035,9.39355496984667,-0.06015880145853879,0.0810218267712088,0.05462508887615969
109.8,0.515672915090526,2.854989079154,9.38152999659882,-0.0909777103969288,0.07339969110643614,0.030087681173734712
109.825,0.6477975804253073,2.8522593535064003,9.372524259035416,-0.03965522496890414,0.055391277538843126,-0.019355522578335477
109.85,0.8009379408360096,3.1887660720863433,9.39007287324962,0.0012850772066731093,0.020875549794149333,-0.03786085797185374
109.875,0.8009667661322323,2.860768194412489,8.999067671227259,-0.031506807050968394,0.021507726074936305,-0.07635393992151653
109.9,1.004099334167057,2.6180809270261394,8.5319122044979,-0.08810852167437862,0.11939687782017205,-0.16550720621214793
109.925,0.6323979124461777,3.046702883370268,9.470289293527363,-0.08071620860721296,0.18600270698998533,-0.2064548410415085
109.95,0.5619256063546348,3.281832187243793,9.792864100704072,-0.009773309178625464,0.052339887225479755,-0.1232953687772702
109.975,0.5303271885513747,3.346400984772562,9.491566447412483,0.06694820321706646,-0.03508764778189661,-0.06668391876712057
110.0,0.4686013368608199,3.0756406202488367,9.346636090233405,-0.0027495706769629907,-0.04526003032993135,-0.04272803745348105
110.025,0.6294405730285312,3.1053909564078834,9.321322591514127,-0.027128630057015688,-0.06736321295495508,-0.07494873134093037
110.05,0.9618424082905583,3.2681860954859983,9.193529114446736,0.02120549557638439,-0.08266600405541803,-0.008123073178886884
110.075,0.9109422616585751,3.3502963858825385,9.291453974450917,0.02627864892656133,-0.11044488730299866,0.07770267537364758
110.1,0.9900455349617271,3.2627856862358713,9.088661199754487,0.007447189247212749,-0.10538305788139547,0.1525798088407593
110.125,0.733554781695185,2.800793725539695,9.00480177287316,-0.016636959927358388,-0.050626187162685285,0.1319237842079442
110.15,0.8843558364292579,2.608159030305276,8.982253738966994,-0.09909011906266954,0.01902054059327284,0.030499684944038954
110.175,0.8199968215215573,2.4293576012234426,9.19230397144581,-0.0927520345853853,0.0511966227633182,-0.06013872180136506
110.2,0.775051242717041,2.3540468814235584,9.294531414014575,0.018470812545162602,0.02983891496001633,-0.11769682216581032
110.225,1.1033815122340345,2.6171328861196614,9.015848641319636,0.1395037303591424,0.029658934142214113,-0.167129963643362
110.25,0.7801242636735409,3.285339338442633,9.23487514727964,0.08670559986142938,0.06523168403759484,-0.18107244444224277
110.275,0.5737292626441627,3.371109869444746,9.221226063548546,0.015865277449274087,0.06473795646924389,-0.10863539658253123
110.3,0.287443046080011,3.218514043599885,9.384351984738615,-0.052588424834805844,0.03577305433517228,-0.016921197916423894
110.325,0.21427742895772467,2.6797495225332195,9.565014635790018,-0.06930130539102457,-0.041948964649691826,-0.005190585893601395
110.35,0.6810557456203608,2.7862828838644567,9.10389850988347,0.06527541949426148,-0.09814382743458384,-0.02770495820857373
110.375,0.8380903821491256,2.895048614560891,9.051981898607796,0.1598561925161322,-0.08887024621390792,-0.05810682157134965
110.4,0.9663414831389965,3.9204060698259595,9.135916632235954,0.12901632256521298,-0.07176181465070694,-0.024501355366316018
110.425,0.8671465187937336,3.757715129065885,9.390247137148643,0.01083744182856227,-0.043185823463377945,0.07984760632230928
110.45,0.8662750556246118,3.593442393473077,9.326963479923412,0.0012980991482371678,-0.05364193707904763,0.12538376651707683
110.475,0.8523112921425161,3.140274130926059,9.25378074499547,-0.005080676285104425,-0.017464199770611255,0.0865874594606988
110.5,0.8362997441180751,3.1161257207070623,9.178815443403627,-0.040406658454764335,0.019831071934818194,-0.0024773914579832726
110.525,0.7131440616913607,3.3059254732862358,9.068938394326512,-0.034888414096565484,0.05500991578168935,0.0037372113290548427
110.55,0.5073797502952893,2.8998633417202377,9.47272025021627,-0.0339443845902191,0.03534455041081435,0.02863485666191991
110.575,0.6469779416706227,2.967844024998055,9.374787504156453,-0.00416201561471742,-0.017322863871337264,0.04773470074608163
110.6,0.7273424501766048,3.4256200998648048,9.146392059608658,0.03577923696571668,-0.02262065215671816,0.1021360936748408
110.625,0.6971293326177538,3.343106731230939,9.114816137419957,-0.0542837905585475,0.007717909326378928,0.15175783445748542
110.65,0.666088521804253,3.092330608287424,9.284745666609147,-0.13411982801704175,0.023838525109907964,0.1479945532182297
110.675,0.6290879021429289,2.7391563965230654,9.306308837046307,-0.09050540383287332,-0.0023619024117421277,0.08722429136453862
110.7,0.8097940226552625,2.842219935297586,9.080706395360375,-0.010417644677238186,-0.013083210864720887,0.03720679115226225
110.725,0.8594908305515663,2.6442019992734,9.155790513279142,0.000395283170641806,0.007329691124950322,-0.033160299655278024
110.75,0.8909912268914959,3.3763345555973037,9.286810936046182,0.03401813247210532,0.00831152225675357,-0.03519385159208612
110.775,0.7722585426283192,3.7569156463086086,9.597872986366779,0.05343083801453319,-0.03612148360804196,0.08771452120383871
110.8,0.804902065647186,3.6482237404114968,9.20812854979408,-0.011522613898979298,-0.061173555715466565,0.1537092086085338
110.825,0.9376363921089962,3.359618595013036,9.267558539271302,-0.07397900108154629,-0.03853807822976208,0.2141640935318834
110.85,0.9715600224828296,3.073953994941931,9.218297003348487,-0.07634308162980849,-0.039159655308566875,0.2552824671268645
110.875,1.009946794318684,2.504274232540764,9.002252938122034,-0.14186905372718672,0.0011828543949576858,0.2335917660428829
110.9,0.8102957211736157,2.274838322881571,9.28808195256228,-0.11135203153054611,0.035194931550346566,0.13918312081997114
110.925,0.6882449470367445,2.5915392541013733,9.60101558080811,-0.022515833834011883,-0.022412321295661567,0.053770555026884374
110.95,1.0166549651856058,3.0259109803566275,9.361230333010221,0.056726402103384053,-0.09363615188879848,0.06248304705168472
110.975,1.128677595581561,3.0382435484776846,9.028142691004831,0.07138241979592494,-0.08460353510365812,0.09622300193323026
111.0,0.9014086290481106,2.6114718299670514,8.836209439635253,-0.040422543908116074,0.00478436889951637,0.053942853458356914
111.025,0.8808309280638897,2.867643995606469,9.212341261654894,-0.0801726817810195,0.04412076545774347,0.0083151839704347
111.05,1.1638023393336097,3.078742682880909,9.33469549480206,-0.04200416146605404,0.025708172053335858,0.04470114926050271
111.075,1.2141174913527975,2.837932461536469,9.349444533764922,-0.000494693949707729,-0.004216644508924706,0.11880158783022
111.1,0.9460424897055456,2.703665317168242,9.746558979768874,0.062155957242137405,-0.0649164975800959,0.0998119008297457
111.125,1.0478857220250994,3.10766250567248,9.1841792791027,0.0999786147147362,-0.07788742874178357,0.05908815773668969
111.15,0.9395549403592466,3.180965401092979,9.166738815329142,-0.005818582628222215,-0.010709299082473011,0.037091551751857105
111.175,0.8151202756057134,3.021175318800164,9.238041283754377,-0.05552907867525079,0.012879754177995124,0.0360068937259551
111.2,0.6858964613537788,2.7757540881676235,9.051435141307266,-0.04893049783000835,0.0499345778813754,0.02190567770958944
111.225,0.6450325300222136,2.636223912415393,9.363649747731564,-0.04709681946092491,0.039748086171722784,-0.004268877879530584
111.25,1.0697401188803504,2.9541114779865674,9.046242518213175,-0.0051284807220642195,0.016306396150252502,-0.012452009519529208
111.275,1.13350782015141,3.028875158621197,9.133398440373224,0.022845567048559164,0.036343454153474494,0.013936478480020862
111.3,0.9787552304842119,3.0578238762609398,9.27122611653919,0.001965542518981827,0.032611596570392615,0.022353078305594305
111.325,0.9466249509692852,2.836054152699405,9.180595526539271,-0.025292897499363552,0.053958025298018505,-0.01719992459358713
111.35,0.8981300216388136,2.832786131081841,9.228596183471646,-0.04316882404498469,0.08738105675566446,-0.08301127179387446
111.375,0.849821855772024,2.826185073303762,9.4652827314223,-0.05604949672592467,0.0812574193262977,-0.12262765230648748
111.4,0.7737081045445054,3.0043193243003325,9.421294690888919,0.02996986605770351,0.023163093736903534,-0.08162929719787333
111.425,0.7907052061547856,2.83704601436069,9.237281477633225,0.0421091762633826,0.01615083919796202,-0.10030398479931368
111.45,0.908826401640661,2.9510508152442623,9.117381551413544,-0.040334485489350015,0.0467145264328524,-0.10849360319144971
111.475,0.8634506627051932,3.1451962611987927,9.285194518758672,-0.044463345878171114,0.06527605945534251,-0.08787572588207003
111.5,0.8887019203005406,3.256538182800134,9.41235833593154,-0.03962432251520616,0.02687451659045322,0.0020770472407678703
111.525,1.089146490317945,3.061593049190394,9.374047726416437,0.007872962878061884,-0.022300154861782346,0.10274037674478902
111.55,0.861024642274469,2.708053784693344,9.255744582552405,0.0023785500797959343,-0.02905449435537458,0.11545125086923662
111.575,0.7492146906338666,2.696459274514294,9.457413788590001,-0.033474368587877626,-0.008962248425288854,0.041286137065682474
111.6,1.0874518930938668,3.017407212846707,9.443535589816149,-0.026030010656270423,-0.020940916319338813,0.00666938452489416
111.625,1.3603022823472815,3.217651773665063,9.033752335984415,0.022091681417367354,-0.016597968718581917,0.08193041676673274
111.65,0.9583871308842083,2.5473952861357363,9.127801845697459,-0.06675415171164685,0.04015193673508813,0.08475405034970257
111.675,0.5730375969776607,2.13431652300008,9.232665739103735,-0.07653074377472312,0.04300980755434152,-0.013097954054973035
111.7,0.7487125688101,2.108157252552279,9.13800723362583,0.03206103018045401,0.051467989646458295,-0.1314892368504741
111.725,0.7102650147476962,2.57001109491772,9.024458754094415,0.030251015476640896,0.08497378495836726,-0.21702922259567073
111.75,0.7058177502687801,3.22575286713457,9.33535869599624,0.01908741221116136,0.08138287990191519,-0.1488788326994528
111.775,0.6800624926975333,3.0969287935946066,9.303818626719067,0.04686014809689493,0.037117499580074424,-0.09758187439407101
111.8,0.7682866932418037,3.2690443396138074,9.19022201980303,0.019155719037634602,0.03182855494671956,-0.06971268441363349
111.825,0.7326204568621401,3.2868487947532614,9.23634335198996,-0.030593419710511004,0.04256731510239126,-0.039102934102062586
111.85,0.6623683416087813,3.1417707105083177,9.262157373320349,-0.0478897794757871,0.03441448996483312,0.020243153613527718
111.875,0.6653222672200756,2.678590344453494,9.281032592068819,-0.014068216270723027,0.014470689996357344,0.03739221061918494
111.9,0.5719992249592901,2.7528273019968164,9.272930096163071,0.023125149673759778,-0.018088476624700176,0.013814202907293755
111.925,0.5719257028572448,2.9286248752239565,9.22717509990093,0.04959059970775654,-0.027790357958166548,0.008182547902825027
111.95,0.553607415740782,3.1127477543776547,9.272288733829836,0.0437103251534869,-0.029792403727818287,-0.0039428326232709915
111.975,0.656556976235449,3.2177826764839113,9.380045366767613,0.023180625444129226,-0.05070135546924294,0.039041930210998256
112.0,0.9387219162983322,2.9254445694850206,9.121004222040344,0.030523099114426765,-0.06555322647004673,0.06574662873347685
112.025,1.0045783861607247,2.6207503452995082,9.053210068972012,0.009633574883684545,-0.023677788426391972,0.04574234769002856
112.05,1.0042317608141138,2.6265014067914816,9.287491764854522,0.054136853540717095,0.007024835868347475,-0.025236063198005466
112.075,0.7636417934024113,3.157193752402696,9.547619276735722,0.07027475190106537,0.0005104710835747868,-0.017022018520626247
112.1,0.7544113772625918,3.1165523033736577,9.633819775021438,0.06490499170222709,-0.04996037502292715,0.02585306940582319
112.125,0.9508697276563821,3.2258243499841894,9.338089500022248,0.02773104854057318,-0.05606234612695205,0.06984309952015444
112.15,0.9798648984364727,3.0885109148171748,9.22265300852988,0.0067004145546663944,-0.01778436794453559,0.07136190971806311
112.175,0.9839343630319859,3.2878947638041187,9.212048488594615,-0.05083947456975956,0.021635139649959636,0.09756037258435166
112.2,0.8650533310914584,3.1434108086532513,9.488276680203866,-0.06768246397075306,0.012014965909977878,0.15969586478688103
112.225,0.8290008553830926,2.953074059236057,9.322902938474432,-0.04377397305825281,-0.023109155321734805,0.20263984014998454
112.25,0.9139531966638458,2.8905713881837594,9.197580145897634,-0.02584909280204834,-0.023578754745197668,0.19088152589231078
112.275,0.9888159930387125,2.9928162545461854,9.167328648885674,-0.03418202101965727,-0.01537664481335267,0.16094970132403386
112.3,0.8973051118355004,2.9507612046331047,9.144370803772945,-0.043549492057864174,0.00024340332641250868,0.1475465317190571
112.325,0.7395887396833506,2.7849624423084234,9.24926301007908,-0.02657929130610067,0.002733242795160133,0.14096982700737115
112.35,0.7765442817251145,2.735400434053114,9.223689799582544,-0.020235463558124306,-0.014242129516195289,0.13248659216476114
112.375,0.8408643219782135,2.5224230193247523,9.204448879815983,-0.012678499441783257,-0.010956686622483216,0.07711305230738438
112.4,0.945621068594301,2.758817149354349,9.218133993296089,0.050716439379847024,-0.0022047881021653127,0.025075062433717932
112.425,0.8405470126501262,3.1310955974387245,9.29615100070684,0.06062779501010102,-9.561476558815236e-05,0.026091780392103768
112.45,0.6294196558736339,3.2686555576253817,9.231402930333918,-0.03449428660625981,0.01602622701432262,0.0634386995233241
112.475,0.8722095004073086,2.955700650603664,9.146188418844721,-0.054039048938562616,0.04316055116105617,0.051253562327798124
112.5,0.8396672364034026,2.7960251609816122,9.261532523672226,-0.0752626288862883,0.06372708275789121,0.009439205543568117
112.525,0.7968413858523408,2.7313099095012054,9.552571603322031,-0.0035031190719319884,0.02778208758230155,-0.012922715014159845
112.55,0.7141695805062618,2.7969743260041686,9.249243675919779,0.040867773259276,-0.000445727704784957,-0.027431088797960478
112.575,0.6635888502827577,2.903686691136585,9.227016886522678,0.0062730050308086125,0.013755599966236102,-0.032322710676122676
112.6,0.8241642661048917,3.089473952982251,9.284899813508435,-0.043524580719893416,0.029165001322476115,-0.039297012163998536
112.625,0.8401277061534324,3.103651743578588,9.484062602981329,-0.019695370770579416,0.0025361481792684102,-0.013220454138273751
112.65,0.74430350422289,3.0977306960068103,9.341572161238636,0.018758197582684252,-0.052232184159092615,0.021971810107945428
112.675,0.8102542858178869,2.8905948120372704,9.035361398070247,-0.02471514507049441,-0.026156865831652908,0.020653259888195
112.7,0.8721698147041012,2.7374370352053714,9.191783317290831,-0.05226055020571397,-0.00032364892134933054,0.0012070429038603502
112.725,0.8929600123551001,2.908652315006114,9.39352037897605,0.025529981330236574,-0.03582089677773114,-6.073151490761543e-05
112.75,0.9219120694200588,3.0600621587979187,9.392144729802489,0.04582361306656353,-0.06812156206557259,0.022334288286672752
112.775,0.9588343536561801,2.9641852626186664,9.186022646483353,0.03621383168174395,-0.05675654387068643,0.019131223478417798
112.8,1.0432325507265978,2.827041494865174,9.039140157330838,-0.023161975852131055,0.00576444331104345,0.013265157290400459
112.825,1.0315926918539626,2.7447701857304243,9.34658655658716,-0.037035458676520534,0.03630464147400686,0.00026007318885401683
112.85,1.0441975171550677,2.694393725264363,9.384678212852544,-0.01973923145880713,0.00820517920807142,-0.01405425293564448
112.875,1.0415938958736157,2.7803169784145547,9.393746328385047,0.04285166644975562,-0.025454132360524892,-0.020950897027377322
112.9,0.9437802345652737,2.8815149266239404,9.198314072353279,0.02469600989952857,-0.01226512338529498,-0.016658148318041754
112.925,0.9869688685659775,2.929092297124273,9.264579932412794,-0.029993089526885133,0.012409929608671209,0.002264801258406337
112.95,1.0710182145341731,2.9371202376381853,9.277312364679398,-0.008584290096524526,0.022242714965834246,0.016457950312458842
112.975,1.0554227850571276,2.9600695291000694,9.34459810655555,-0.0022374912908054707,0.02539113718855381,0.03357834596872826
113.0,0.987679366909153,3.0021584386256133,9.354267531645968,-0.009782779852400112,0.013422347609831638,0.05405157056922881
113.025,0.979564410615174,3.041943385438098,9.2216380102057,-0.006896845878681841,0.005856223433356304,0.08762299728966316
113.05,0.9399237500222957,2.9595068630053576,9.278242837684957,-0.0134341812503364,0.013130648211525524,0.11871034821226947
113.075,0.9494778946042378,2.8169130985764643,9.347170272892606,-0.027452016640818106,0.01415864790532886,0.13583567882498754
113.1,0.8005275897819563,2.8032427083482023,9.439008259158403,-0.008918196604152747,0.011917883726359836,0.10738425404971925
113.125,0.7221286285463963,2.9523860341853547,9.449593199234661,-0.031005035869566724,0.00409849251382781,0.06368306192262568
113.15,0.8044881504172541,2.9209627754699494,9.278376847705642,-0.037012136000407606,-0.01447027174334978,0.0411990115095125
113.175,0.8496767690640161,2.827425386133358,9.12780488620586,-0.010407030212264272,-0.020915977820248045,0.04183665574569639
113.2,0.93277071912884,2.887170426293922,9.062258641089626,-0.00043556102609438566,0.0028791965513168846,0.050575778865099376
113.225,0.9172811901772868,2.894422850552785,9.039857393329104,-0.06371304102870678,0.04847631307593986,0.03866949786896369
113.25,0.8893306748219535,2.743570693493903,9.134701964897822,-0.0802045725223202,0.06375545475445432,0.025294513586242497
113.275,0.7002876875866061,2.5032779969070953,9.445832819724496,-0.02730847257830302,0.05115706105835029,-0.021095978036400512
113.3,0.7682071541279898,2.533312832636793,9.503206628970736,0.009625787696689357,-0.0060536110311263745,-0.061001737595761066
113.325,1.0337721865807266,2.9864604016153176,9.295291397534386,0.042041095284582046,-0.03558435688130487,-0.058254886941926376
113.35,0.884881981931864,3.0677627911157286,9.161906893130228,0.023424167349990865,-0.024882169318346456,-0.030390533196585412
113.375,0.8364372726494134,2.8238227953264925,9.195644971289576,-0.025154121142276296,-0.019095027664626535,-0.025339927723788718
113.4,0.8458068001586262,2.9218170396499574,9.243268427828633,0.003125986419955768,-0.020784036718172357,-0.009583824059315536
113.425,0.8935048609786596,2.9303856124322536,9.289598773137975,0.016803032671079132,-0.03959518105537499,0.03187845498525173
113.45,1.0114546445179307,2.793169632684938,9.168232254216884,-0.006324998613643929,-0.039340318101511465,0.048728726786253014
113.475,1.0180537785644834,2.6832892876203864,9.20195691045428,0.01949696735212251,-0.018359936554340036,0.01705586722482552
113.5,0.893045448828654,2.8491675466384097,9.324722113613836,0.015012064954907433,-0.014056099415917823,-0.015303384070181168
113.525,0.9516984622797342,2.8149748779683357,9.317566724083843,-0.023133217875182736,-0.03132715148500647,-0.006497034983342943
113.55,1.1143640683792053,2.6588426795542475,9.115483585597044,0.013358341245673575,-0.033413738214123544,0.0170936972806399
113.575,1.1141761719946381,2.8739892592008984,9.236442781437194,0.0555950482985345,-0.016488985462464727,0.013105985201511676
113.6,1.0554601599135953,3.143997377296876,9.373266098494513,0.02569010285332821,-0.01904375592356619,0.004111480111718289
113.625,1.0169629029365923,3.0558964207020027,9.190139846814652,-0.028305634942606964,-0.00954315649699383,0.01732308487451794
113.65,0.9197375674227533,2.698458212330856,9.168461019663576,-0.04648125972286995,0.01775686718844859,0.022471321817527902
113.675,0.8524965811193608,2.578530918226719,9.411309300445645,-0.02313479017820387,0.014206284858460585,0.0066941383262340195
113.7,0.8811538571060636,2.7366353617584016,9.442178167618877,0.053268030270519066,-0.023869277997037218,-0.015013101611566462
113.725,0.9721416963256094,3.0009109768900437,9.276703389595303,0.05200262597437426,-0.025989362007849494,-0.008822469676586283
113.75,1.0141167127653317,3.049339279977549,9.208189933574245,-0.0057500523446457515,0.006276112958523553,-0.020716352313225578
113.775,1.0070947351466446,2.939069932314154,9.351842959602978,-0.0649131373397922,0.03499391385309476,-0.045482092068719275
113.8,0.9372915093443459,2.8787784069575593,9.401704828719252,-0.033941079764866974,0.015438058860973844,-0.0563443318977166
113.825,0.982741761739869,2.6897603630455156,9.216885665178651,-0.004383057107660944,0.0049318998421913375,-0.04681948569065636
113.85,0.9979621016948204,2.6371534480675463,9.027273420085786,0.02345456573319359,0.028826133709283996,-0.043259201225193486
113.875,0.9378083488893585,2.814269422179859,9.2605511275498,0.004536411598710165,0.047643132634799946,-0.03995241780605959
113.9,0.9728014521854211,3.1142105843173744,9.567132669985588,0.01919606350360064,0.007241902892911346,-0.0060056651134885895
113.925,1.0991492387793493,3.01232527728759,9.1898272315524,0.03553973208670248,-0.021226722929514677,0.03584851532321843
113.95,1.0549271678775456,2.840361981847803,9.071840960153374,-0.005283429149602426,0.026343367589982753,0.0332947603151033
113.975,1.0432536386984579,2.853794685966822,9.270350701349003,-0.004117648542401416,0.04130582239812272,0.029997442815946875
114.0,0.8963087427573212,2.9238744526391636,9.475262992615288,-0.0016468036857612723,0.017387717980255676,0.05330974670789252
114.025,0.7106761553602264,2.663011822841408,9.459820625009932,-0.016052192869090938,-0.01517811314578241,0.05341974464958939
114.05,0.7278949714375107,2.64411659572679,9.351613478133288,0.02644232912969327,-0.034339592617928336,0.0005735006815136999
114.075,0.9435240948382255,3.1367998508713506,9.181099092149,0.07001669204809435,-0.020164252703567268,-0.017256996046502496
114.1,0.9939582810176274,3.1993121741881985,9.33646099463462,-0.0161145881387698,-0.015297412101425389,0.0272695572776124
114.125,1.0553255815808058,2.9793599590487236,9.148635286549098,-0.030069979148021085,-0.010712504846228191,0.05342534404154189
114.15,1.0234698945465532,2.8000513173204267,9.171117740021279,0.014389315925755111,0.03295626411961457,0.04033755348886464
114.175,0.8918781811594891,2.9304070782461986,9.50644285978316,0.010360208543493015,0.024460501674572706,0.012006996325624492
114.2,0.8176813054056602,2.851930889896701,9.339579586318012,0.0029220029300553027,-0.007480724220109949,-0.005210254314273788
114.225,0.8024654396393545,2.7180191212970213,9.170175997089544,0.0022903044447589644,-0.0015453404514129232,-0.026704084208965945
114.25,0.8062629107923748,2.8021827081476767,9.193765176775877,0.0062325185464137305,0.02136426929320171,-0.04086859939043871
114.275,0.7323671936897064,2.855481608045488,9.210405373877038,0.0010415804970327486,0.018060608095371564,-0.04408810957949547
114.3,0.9552464444451425,2.824082399335732,9.11910244441091,-0.0006384074207279834,0.010226734732210262,-0.043919104472679805
114.325,1.0027269681235738,2.7461353469437926,9.161474084969548,0.028019747429586923,0.00889597137447655,-0.0542917065792433
114.35,1.0066602434139498,2.884172174148754,9.160291846974134,0.048743888536148965,0.01742782188031196,-0.043222573128905754
114.375,0.8892445061686677,2.9985851726112247,9.328153645129564,0.04406997904141021,0.02440935976783238,-0.04178829569405997
114.4,0.9571431943549226,3.082820734058754,9.324512588523945,0.024232668941765123,0.023982655596516696,-0.06004271290088148
114.425,0.9403877447126979,3.1332372314467145,9.350302306231134,0.009601334605594635,0.024771184412829963,-0.06511353609332686
114.45,0.9614150432765811,3.0843685182171536,9.356076804338526,0.015333788954896078,0.007557984550001335,-0.0216450499382341
114.475,0.9292516432199793,3.1052694347330068,9.178017603069407,0.009343773844189775,0.033278105879360864,0.021698423547130852
114.5,0.8477467044351694,2.980423009737462,9.42718824139286,-0.04928854005429446,0.05269492373153344,0.03586742278508568
114.525,0.7683008936538113,3.067238938033153,9.509216572995118,-0.046276524302007814,0.026906786281854413,0.034620271236781075
114.55,0.8011336376004893,2.930239641517476,9.492555504807836,0.02772397656235666,-0.024475176846740783,0.045431560284571584
114.575,1.0045896226882465,3.0587072798993784,9.202885471572522,0.04501186686869976,-0.042905719116924465,0.058562995902310455
114.6,1.0517294172923524,2.915641957609815,9.106236332363393,-0.024116423537467485,0.009974945401297165,0.05486096893969906
114.625,0.8576660894459033,2.7508232621936277,9.17540524320828,-0.0431110486732173,0.031219135632686027,0.023448126719280624
114.65,0.7300270179046396,2.841721424589397,9.228719047144564,0.0068708519428080095,0.025660325854830583,-0.008045162497049054
114.675,0.7526251847519078,2.8643469097468293,9.313786830250354,-0.00029310797689803645,0.015082846521676718,-0.024145940497678348
114.7,0.8627004562777222,2.9548295774829834,9.242938751088905,0.010552530948201128,0.002200583501820797,-0.010667482544573087
114.725,0.9034730640795152,3.052878524822604,9.088717933986825,0.0712522701800483,0.00859281621402739,0.0026999129062523918
114.75,0.8318919406692555,3.136601436288463,9.20839255761692,0.022040677481335463,0.032830902456234434,0.010958669493737428
114.775,0.7241140378270846,3.0179338270870906,9.290782379399552,-0.04276448401609188,0.04762969641615775,0.008341461511154398
114.8,0.6541627017927855,2.8382555040132527,9.385877225160984,0.005066215343157457,0.03564548482947354,0.0001982406833315416
114.825,0.7009005605498455,3.010219285194829,9.382945786173023,0.01085073394021231,0.017264384092780336,-0.013429413161254587
114.85,0.7390403777645179,3.047029333755389,9.345351360192558,-0.0343651411790739,0.010737255209259293,-0.0199524290078565
114.875,0.7917740119501939,2.984104371925214,9.235065550378954,-0.036160688357387616,0.002164332193699844,-0.011173338206427193
114.9,0.8087806141190019,2.9713047545572113,9.158406527251179,-0.004022150483448906,0.012770197641862031,-0.008601190189518725
114.925,0.7415402009650378,2.9754799576429707,9.198046107862947,-0.027393355570486656,0.04153893551559137,-0.027698908061879076
114.95,0.8328665687366783,2.8152169661684545,9.242266247463341,-0.05357585900120114,0.03869438839913987,-0.03564193612445773
114.975,0.8382710209941534,2.7173275228695037,9.281070306251284,0.011173114215624669,0.018003070836794196,-0.053198883749285344
115.0,0.823522291864355,2.9526379262059788,9.251832142617404,0.04235674345350041,0.021070780533119754,-0.06465509598430313
115.025,0.7455925842223726,3.023011767340042,9.330347534846396,0.00226736063946987,0.023609103509688704,-0.0628905280324421
115.05,0.7401647512891378,3.1039102928605717,9.1948115680064,-0.01521832730564528,0.02696444841043061,-0.05035784425429148
115.075,0.7503970882015828,3.0290536522311657,9.167014557681723,-0.03033135157908478,0.034563002084143424,-0.036609502049569705
115.1,0.7447395696155299,2.9210896045981425,9.172983733516187,-0.06267527126135372,0.04280836385090248,-0.033109562632636404
115.125,0.7166656930052852,2.8396858740298274,9.253353263082023,-0.049862317154149724,0.03256452950235603,-0.016399540643236635
115.15,0.7486700238377884,2.794399702504734,9.228200001174994,0.005156561181656485,-0.0001935909466846505,0.014459412309122222
115.175,0.7709417117915822,2.9152729943469327,9.101814950144743,0.025088518880050786,-0.010721338577435282,0.03952165718328791
115.2,0.7597857216411078,2.8944709593184164,9.140721426706296,-0.009718984266053117,-0.002080481229358348,0.0488061842053904
115.225,0.7566606317762895,2.826805469704258,9.287636697844507,-0.02768771755475006,-0.008485025262636184,0.05560728799267962
115.25,0.7471397581015868,2.8714098257713783,9.287066455520682,0.01903859974508367,-0.021934291564006572,0.06195078549406497
115.275,0.6954636668585289,2.9545218751529556,9.268150600387132,0.042462876099531977,-0.02371890733431884,0.06625351530463718
115.3,0.718019486902187,2.856893618704063,9.197575256463722,-0.00035821527799608584,-0.011917703846084475,0.036421632855373656
115.325,0.729742090277281,2.9538152979680197,9.347083528785909,0.025599645183427812,-0.009329508644087875,0.01399959677785367
115.35,0.7436036198468358,3.180831615646845,9.447692425085089,0.03627272122751836,-0.029149436244312106,0.03540533403866602
115.375,0.7900592395902003,3.1994760792361334,9.26471696346051,0.011805243335678704,-0.03618250206382121,0.0699059055816244
115.4,0.8328090514248112,3.0195049028002763,9.09577360791967,-0.01866321974509539,0.011205510218341659,0.08693638682676502
115.425,0.7511237073213963,2.9207330603519903,9.369457723942281,-0.05620032048190842,0.04452019835003975,0.07872273118740165
115.45,0.7481777581211242,2.8738196821622823,9.584985898488299,-0.038415854437267354,0.007895332360596611,0.05848332487786927
115.475,0.7716593305309014,2.8711661334014598,9.340441471426184,0.035323854289243235,-0.03792721696614031,0.04118104959026215
115.5,0.7993026728438803,2.938900413248588,9.12053479558309,0.05093124206666083,-0.026477412359613768,0.021817653730091365
115.525,0.7070123688521277,3.0854148511315613,9.222738787774915,-0.0046054008914396755,-0.0014661360057424458,0.03032948790932337
115.55,0.6745957784616208,2.996742114483444,9.298071027033997,-0.023323780870200022,-0.0058910343144230794,0.04405340338299848
115.575,0.6875804261920074,2.8834967679934893,9.320768127767085,-0.020426616727673763,-0.02839691938469189,0.048471726609643564
115.6,0.8083908910621007,2.882325583848111,9.267811207543476,0.015161071486902346,-0.053983189325241744,0.05466614103486858
115.625,0.8488904424141906,2.997157428222859,9.207338383045416,0.04861848895958829,-0.0527418795072497,0.07585686183417518
115.65,0.9023541978606657,3.174220655698042,9.2988240948841,0.0405336995056164,-0.02860025927100549,0.07863513357284807
115.675,0.876102608389239,3.1508170147343306,9.351175071053275,-0.01005333972152137,0.00014990278504914574,0.05625062075745223
115.7,0.8493295206173688,3.053876964435919,9.348503845061119,-0.006184145484171557,0.02099359348144089,0.011936474075982534
115.725,0.8656889540552271,2.9992395041044464,9.303468758560491,-0.06309519712388734,0.04670473703486681,-0.03043559773360366
115.75,0.817415827368089,2.8807384453051172,9.325079634393864,-0.06064479356523827,0.0425112536394581,-0.048712468510960255
115.775,0.8145417813528285,2.8892715587310853,9.365483676144185,-0.02327650210224845,0.0236086449536095,-0.04311568800724897
115.8,0.8400252241735343,2.9950220664572424,9.212395826735214,-0.007916699243024973,0.009473969302059895,-0.02852916346055584
115.825,0.88884957492269,2.8689849697153895,9.065160781274534,-0.04054818788331485,0.01936384272063004,-0.007576806746255378
115.85,0.7295980197433442,2.842655301785863,9.216930213828263,-0.024419059948717767,0.035384400780127,0.001544758444636293
115.875,0.6794448612260185,3.0336195277785616,9.385139402946294,-0.027529853170989268,0.019242499243488434,0.007081239033397984
115.9,0.6643130514123247,3.036915941598988,9.278952355837495,-0.05149808656804062,0.005659870415771269,0.01760055611926143
115.925,0.7033266958274704,2.7766252618487663,9.082061006480505,-0.04630431612448381,0.019205074133351808,0.00934785990354635
115.95,0.5306444067991553,2.6850827610552668,9.143722085569454,-0.06317122933641153,0.03549854681535473,-0.025840501448783245
115.975,0.6618814704061757,2.738601055082523,9.221697789928049,-0.04188566688690178,0.01826982555401484,-0.04756019916553511
116.0,0.775724420682517,2.730273788604359,9.225690479545353,0.007966445519647872,-0.001572988855269087,-0.0487437239533838
116.025,0.7768041211396534,2.7707396141754392,9.199756723458474,0.054521859072030256,0.0004069354962721183,-0.07278121112506679
116.05,0.6499425228591608,2.9473409840625506,9.367987350645423,0.040386236752172906,0.008355853281330731,-0.09932781370763334
116.075,0.5689998701577521,3.0386197899659666,9.406873066834093,0.016035749725058994,0.010128598270741078,-0.11894488509316073
116.1,0.6939407030464326,3.127747027007828,9.3430883722721,0.010411211133275623,0.0021564275825456856,-0.10477500841240527
116.125,0.6472075442601992,3.150219202502184,9.386469439483633,0.03255545729200303,-0.01244226982021693,-0.06326527887577424
116.15,0.7308406466678886,3.0803032908640446,9.449439611966108,-0.0039033382559734986,-0.03840211563513185,-0.023828149030199884
116.175,0.7261151452400106,3.1117217396100982,9.3261513045698,0.03180232142339633,-0.06325929643852216,-0.0010399188363347254
116.2,0.7681846539635158,3.041037025903767,9.138105587349182,0.02263056535491092,-0.04559662023119702,0.023683152328376818
116.225,0.9730454442738411,2.84644826840485,9.070828102003365,-0.019805996268667827,-0.016461323588550437,0.021947651503487767
116.25,0.9386956363602557,2.696527818293286,9.215567609977676,-0.02959760625711237,0.015346941072897564,0.0032894093016759616
116.275,0.6573071658199919,2.7625496983469713,9.581699166588395,0.040919733223893036,-0.01018820339981216,-0.0162557680645819
116.3,0.7356069995399779,2.828847209343457,9.310386389049087,0.059873287658525634,-0.023306585809244308,-0.04318768250179412
116.325,0.8294929644087318,2.9599356119635356,9.151544035855178,0.029811817778969296,0.019927608559462302,-0.07626005913198845
116.35,0.7656326316115608,3.0514011609716416,9.32523689077063,-0.026213386165129055,0.04336654075798141,-0.08763223682209738
116.375,0.7874375666721853,3.0243856004767857,9.435004643044012,-0.022949894988466096,0.015772466507340602,-0.07404097004559838
116.4,0.7930975623911428,3.001708206584979,9.306497422512491,0.020731089815396668,-0.0015744032887709686,-0.04065499383040494
116.425,0.770782480579113,3.047415507661672,9.123487251967225,0.007010603012077019,0.012030163053267803,-0.00794037394074403
116.45,0.6652320671422,3.0712419837921585,9.216011446665153,-0.04588586314783684,0.02652116982883076,0.03239870854043886
116.475,0.6266741845691944,3.00691689020326,9.367182061419694,-0.03781192158196318,0.005351191492146497,0.07349035967318329
116.5,0.6136413984838179,2.8826542087421103,9.319999383677352,-0.01644132727976217,-0.03169018173039847,0.08746317531495224
116.525,0.8034607667701817,2.8022514558946297,9.137606483489563,-0.01560121297406573,-0.03742191430653162,0.04978414661689449
116.55,0.721896910783093,2.9185258619181424,9.087207104560884,-0.01419172142189289,0.00033431032090957386,0.020508340027723348
116.575,0.5507498199146339,2.9749889318495657,9.381363551403686,-0.026651108490283834,6.49763438836211e-05,0.026570239654806586
116.6,0.5932248111789054,2.9492638149069283,9.488877987459444,0.009850013152890089,-0.04744796186470875,0.02918736949046687
116.625,0.8111626664735795,2.9379155294674137,9.136411547676675,0.016899201191398195,-0.05902296697039263,0.01894415569785537
116.65,0.9310198978721766,2.8960079383282613,9.04291220537216,-0.024537879693347482,-0.0016766390462360336,-0.025447055756284302
116.675,0.8459872377948425,2.963906969189017,9.190682815208293,-0.03988533506688383,0.042636012568684684,-0.043687282438318
116.7,0.6378170316376062,2.7162745580138403,9.455035809619217,-0.025048498311622373,0.028030353007596803,-0.06478988677719817
116.725,0.6322694257091228,2.895251267193437,9.35882014743938,0.046666891669651336,-0.013767489122269452,-0.07915352027017636
116.75,0.6233001081752003,2.9914481832371678,9.130189441525559,0.0327803500431564,-0.01577470534087329,-0.06286947873536695
116.775,0.6702442071410252,2.866995149821202,9.119175618308741,-0.036965573360961464,-0.00045349650564063777,-0.045942362107479276
116.8,0.6117531445775944,2.831993427159739,9.148671494900746,-0.04528742134667067,0.008753668455381029,-0.03284661422951207
116.825,0.6430112401415672,2.7760731793328772,9.38727613666133,-0.021231657018336795,-0.02199471599162865,-0.015789777316457154
116.85,0.7519143147660323,2.771239544136056,9.277491297675601,0.020010045197684807,-0.08097821105647866,-0.010854680431915452
116.875,0.8931134952058735,2.873962154748667,9.17678691003014,0.03962684787637445,-0.09117102096859847,0.011371833841824075
116.9,0.9220718175783208,3.1770110014516337,9.368784543941018,0.0649353417061469,-0.0811210716229325,0.03542147001823886
116.925,0.9707847070119374,3.2057140389303864,9.400105037942893,0.014064645517679846,-0.07205641808366872,0.05137711179517147
116.95,1.0130620180140977,3.1837903896550626,9.344099177643464,0.019229545388300965,-0.06598140989325885,0.0437628106576467
116.975,0.9806938763150272,3.1088626829251567,9.285144107724532,0.008814665053375194,-0.05185179280472099,0.024356597154222715
117.0,0.9942146847574519,3.2013789336419,9.163932557287373,-0.015930464765320323,-0.030398859625443083,0.03424826082932524
117.025,0.9408663854921594,3.102201111753782,9.254327391996163,-0.03499454536637931,-0.00693929895240948,0.08420862921131961
117.05,0.9273070387990195,2.767599977802077,9.26620328659353,-0.06305319363409868,0.009999271191218689,0.10040608283458388
117.075,0.8764058090301602,2.492679982270732,9.217623819623796,-0.045126228726366575,0.02675777603892016,0.03716374642560459
117.1,0.8354817951798094,2.74256979902724,9.28214805563458,0.013967833830884352,0.018753785782784412,-0.022172768002354504
117.125,0.9012022020359692,2.9485546051083844,9.269542732656808,0.019167839838323517,-0.00834642569037316,-0.01571025636733713
117.15,0.9191212733090625,2.9677767060708335,9.17173833276959,0.014550795273710953,-0.015651899578589618,0.026350896407604376
117.175,0.8476976790803588,3.0475120322880374,9.25316187119362,0.026874074230172365,-0.0187565296906102,0.04569400785919795
117.2,0.878216179182046,3.1444530147236955,9.402314538916837,0.0020729683335814508,-0.033499798192464826,0.06995847194123167
117.225,1.0004624779557822,3.0538883853047505,9.231445518075342,-0.004540660620347092,-0.042443490762339366,0.10611267691486273
117.25,1.027675010984411,2.8672636897007564,9.088048643524736,-0.004267588230466845,-0.017045894832146052,0.12064125896668436
117.275,0.9592258936603308,2.8214457606222467,9.297062361609246,-0.030319538086630037,0.011803745888857492,0.0992704963934636
117.3,0.8447300057240674,2.818952575997477,9.569289963953523,0.0022812917014113365,-0.01033238716645177,0.06837070850602336
117.325,0.9542579997012951,2.961305212017292,9.32263126377748,0.03966828874744116,-0.023518466330333172,0.03877798730360586
117.35,0.9815492112245212,3.010483294984836,9.263183017754306,-0.0038550367033330013,-0.00222853468436206,0.03509566382299316
117.375,0.9817739374909012,2.9610608448852496,9.335258544136423,-0.02613869203333521,0.009270197271080824,0.03452867656516398
117.4,0.9567482197271574,3.0019228769531594,9.301125440092246,0.01100138388674824,0.0005683209871330541,0.03909642007693263
117.425,0.8825299064088021,3.0261771455864657,9.203557455475151,-0.008677352362579202,0.01447095031203458,0.0369454934199324
117.45,0.8448007361738858,2.87630401917643,9.127180473605831,-0.06570581759650433,0.04259479431243349,0.01660370469071244
117.475,0.9212228847359064,2.6658323208323482,9.115449282987562,-0.04222689882032135,0.03999677472552124,0.01913421063368564
117.5,0.90522688181076,2.7087813594794956,9.277114736176253,0.01655261800936188,0.014300718414290035,0.027398469845437264
117.525,0.8560135514528628,2.9758589824658883,9.368427889407439,0.03677079172139877,-0.0096408854495608,0.04046131046975566
117.55,0.813706623745756,3.0617887766739935,9.36406368142221,0.03599559161894488,-0.02541369327071731,0.04251977573252289
117.575,0.9545801542930039,2.9767628942821256,9.169243716406715,0.0149088049271844,-0.013988985075232364,0.019384068618535383
117.6,0.9733737465382615,2.9510208393037156,9.116585296358185,-0.020761971213389845,0.034255064063337774,-0.025814692528693735
117.625,0.8775892613970823,2.9716569804726527,9.412833923509256,-0.035673530068422984,0.048516665760778455,-0.044382605161416885
117.65,0.7841489075248022,2.9582295814199555,9.478716120193209,0.02244986628142141,-0.002485698112673474,-0.031073972997332507
117.675,0.8092933487057301,3.056127486783152,9.090460370296059,0.026219678607716686,0.00464020521510888,-0.0022141502364836
117.7,0.7975192314140567,3.056757639553806,9.211238437876592,-0.05218847928630688,0.039910380535873834,0.012460921364989833
117.725,0.9172401093725039,2.948369307116663,9.393972431535007,-0.07479938562862029,0.02023300229855553,0.02901109169899677
117.75,0.993207289763516,2.882247352790095,9.309547364241729,-0.00459273724135883,-0.010326909944999695,0.06041828779947096
117.775,0.8311825116413648,2.8254611328470904,9.30212414222886,0.0039012295343756028,-0.022378598281965395,0.0677577246744202
117.8,0.8830156489516144,2.8240812300073235,9.182085493328893,-0.02062731747590335,-0.0022893381146585207,0.020413359418406957
117.825,0.8864033396172771,2.8258782707112187,9.399977339226488,-0.00957867705160996,0.012637782352945454,-0.03425416710621557
117.85,0.8191415772480706,2.860922898018918,9.553200012600415,0.020462320637421576,-0.048325938848242676,-0.03570707871791334
117.875,1.064807028180113,3.037519459606736,9.085278881314686,0.08646586894519255,-0.07318036939275424,0.013881903799292978
117.9,1.034932504620143,3.137024425578552,9.036514418772663,0.04875524932768182,-0.005991139752384438,0.056073848035095464
117.925,0.8644245686881886,3.0894478295646954,9.37990532347743,-0.04090531845519177,0.03814126822758854,0.052557183601012074
117.95,0.855850643724219,2.9012261263621006,9.492874422014271,-0.04561300865828513,0.022981729073434917,0.028432908801852157
117.975,0.9533519501665986,2.830566750457669,9.280152950789985,-0.014673891520349333,0.00820762987346091,-0.001320731808238143
118.0,0.9994344630194776,2.8341058815870617,9.058421200726958,-0.03994302714201704,0.03463603306124615,-0.018486205844151823
118.025,0.8341217978660996,2.6869147602439067,9.266192112311401,-0.03983674817195048,0.04312154846896427,-0.035508972453780825
118.05,0.7822921820408845,2.867699077159747,9.224852872711674,0.011944912857952784,0.00998273143546413,-0.023030498364197644
118.075,0.8167189023401612,2.8235291117583676,9.201373988946123,0.026642962068627936,-0.010162300700191813,0.004104814452388066
118.1,0.9052788529822265,2.8437019432679485,9.156684164811752,0.006335855508221205,-0.014163280984084063,0.005532300673754611
118.125,0.9674289545928189,2.9517716414332975,9.264332377097153,0.0283235567578349,-0.014021304663478902,-0.0009849701110236214
118.15,0.9889688951640417,3.054997575519317,9.252210597431736,0.04742291019871074,-0.01571338979114761,0.017722952196416786
118.175,0.8733581352617373,2.953618835727196,9.37240935553669,0.02294377619396688,-0.013809818760194036,0.032210709845822263
118.2,0.8804840208624115,2.9082820140354526,9.224387679859452,0.019379098034776273,-0.013008292106109627,0.018865391616413808
118.225,0.8981260975216298,3.1342307967575245,9.349784103885675,0.008099633263069792,0.0012066412070918403,0.004834637525308525
118.25,0.8433189891172074,2.926920826841568,9.305336966691126,-0.0391835643051473,-0.006088589422002657,-0.017744180375398114
118.275,0.9626955405431059,2.9428513783297032,9.151606464301576,-0.017274744837084455,0.008381376310291504,-0.01674123958848055
118.3,0.9475194249081321,2.8592083962469665,9.092244031723885,0.022342179312715184,0.02733995610143104,0.010846844745376671
118.325,0.9816823538421419,2.8176172381121276,8.980615913695082,-0.009391364905586435,0.04987747141006331,0.024314532299602953
118.35,0.9675446620195672,3.0445329423949015,9.11424367466855,-0.06141241934647079,0.11769205509363452,0.0036914207089029346
118.375,0.676328487942737,2.5729247309062897,9.801062389515174,-0.05601805669302938,0.03353405536942352,-0.03539999717255615
118.4,0.7899888984579047,3.0421505234883695,9.198750786583398,0.035474228303955885,-0.040778685086708115,-0.03488961992968544
118.425,0.7046718911549842,2.871028416726888,9.029475774755351,0.012390677864886545,-0.01808453401391519,-0.021161521437461795
118.45,0.6725686881573233,2.9225833761848894,9.05997795647363,-0.04192073287439957,-0.02190094283484174,-0.004503345780442486
118.475,0.9966219653396902,3.0188759823317373,9.007092452431252,-0.014334112359782434,0.002270286004750496,0.03984368644231814
118.5,0.8565661713221583,3.0848004336899675,9.434574976928143,-0.0035234224208993774,-0.016537325308388893,0.07729351448917576
118.525,0.955829741131135,2.9285786190421907,9.360179564872467,0.008431183726391147,-0.041614526027816325,0.09148285583896054
118.55,0.9546839817266853,2.8944578602691737,9.373452274812067,0.05082431741332841,-0.021965832117331368,0.07289853715859088
118.575,0.9160101977476491,3.027315371729776,9.50626129301956,0.0513927763153306,-0.03562797576180758,0.057690179603797784
118.6,1.0656762331356895,3.0834387694043603,9.38681061406508,-0.013984660318635454,-0.025837041703445175,0.052225373620365965
118.625,1.0043083617506323,2.874538101652531,9.328867577326339,-0.031148397094908232,0.005395230615953427,0.025876198156193488
118.65,0.8781082547278057,3.0229429861809107,9.352043367249133,-0.05048984707634236,0.015282572002188848,0.03026240311352481
118.675,0.7691157164975824,3.0076306003627873,9.290522452669698,-0.04862238084281145,0.00997024952766579,0.06340544408434248
118.7,0.8051803757624731,2.8580280064967445,9.226470605197052,-0.07501174090900875,0.0072728114652616475,0.07634155463566682
118.725,0.9224185981155885,2.632897893554251,9.295194942858329,-0.0652012354861965,-0.00701984044645266,0.04369610014841023
118.75,1.1021026918067622,2.6844162049929263,9.346945373802324,0.0003365231754152041,-0.04188106094032855,0.027557327912279425
118.775,1.220122740018775,2.7973022012249804,9.220970050362649,0.067238908593407,-0.07086346729455208,0.026353571582641473
118.8,1.1581896660006734,2.8681926092531045,9.120290791459565,0.07998052932763186,-0.05190705244147727,0.012686873701174403
118.825,1.0168856498686103,2.9966614727699166,9.179917149839465,0.03243385265479135,-0.00738671371184884,-0.011277157465712197
118.85,0.9572119616941892,3.0101363522182636,9.253436774631181,-0.016918843309183463,0.01705879469141885,-0.004759400566806497
118.875,0.7872514249900394,2.8737087722020043,9.210666994562251,-0.04102006101951634,0.031200100683439327,-0.0006066871503542322
118.9,0.720300588911547,2.727390308942471,9.337581233076925,-0.04590637140789211,0.02826189064332624,0.006483265568009249
118.925,0.9326392232944409,2.8126956112725483,9.271733808034012,0.024557657338251274,-0.0010669305862459723,0.020270443783527933
118.95,1.2040634783057416,2.9423071290879568,9.142242425003532,0.03932440238639427,-0.007026810719905883,0.04665711412056648
118.975,1.1100020328631517,2.925955834932123,9.19908691668637,-0.015030605438007475,0.028001005515074468,0.036288351454863706
119.0,0.7034652525005184,2.906054366609788,9.531896707745766,-0.05563665261422611,0.023243319869493483,0.009199616803342248
119.025,0.9401787893809819,2.8720681796283034,9.372139535380953,0.02555665653754082,-0.03498593885412871,0.013937452963771354
119.05,1.3527965335726337,2.882292093017337,9.008931792755321,0.05995181388929131,-0.04014879403352126,0.03270462025521266
119.075,1.1640367197669539,2.8657787573520612,9.246993859639675,0.03163037568704639,-0.012477893385393556,0.014972798254135949
119.1,0.8768670125626276,3.035138114844742,9.292571701392527,0.048561569043535605,-0.0047015413191737855,0.01373455511671298
119.125,0.7391163317539113,3.0695515548799226,9.312804828478576,0.03659211061603184,0.004303761445726509,0.02771734511244481
119.15,0.8541542410022711,2.9218673425874875,9.356838171167148,-0.01999401107918622,0.012300470443768563,0.029265486803184304
119.175,1.0324778143378073,2.7362673509021356,9.221783646240201,-0.022771896390834066,0.02394199045213757,0.005780798470356142
119.2,0.8980598372453752,2.893156052535126,9.354284632041415,0.015007252531217714,0.01728255362542362,0.0072039445895020725
119.225,0.7627944104476859,2.976477148445789,9.384131050461134,0.009945063367780217,-0.008191894024205034,0.013549643276006563
119.25,0.7128373229650876,3.0526674801332465,9.201397463160902,-0.01334136042994325,-0.013290125078556451,-0.017387481539161136
119.275,0.9448774343661563,2.8689942098832213,9.104908735370342,-0.017344796130441674,-0.011781571932928413,-0.04928370883956126
119.3,1.192872883927737,2.7716474799919575,8.970056778572427,-0.007984181386356008,0.0038054869962624227,-0.07518362780759548
119.325,1.2737217548619721,2.895573367092281,8.994883882170255,0.05250014349300962,0.012552529003862603,-0.03935277325450632
119.35,1.1060245095705556,3.165610779205476,9.208964844343164,0.14977917229541815,-0.01664143461641562,0.004946574916748301
119.375,1.0655850035032397,3.444052231648424,9.017957810835252,0.08978795226723656,0.01746721450279794,0.028148636932713026
119.4,1.0435021419924795,3.4182024303716156,9.308053244817666,-0.06889745416693376,0.05622421896750449,0.07681717442609673
119.425,1.024754460937658,3.1546233823175567,9.611158178561713,-0.06880825626029574,0.04136727861656317,0.12912416265082652
119.45,1.1893704421836946,3.069275565411809,9.32383693239842,0.04926936652709229,-0.0027490933024626103,0.18370618658345012
119.475,1.1253373901977641,3.2598055229526723,9.272660440912151,0.01547310422156466,0.008848001622621452,0.1892467214380072
119.5,0.9789534470576902,3.2486515661223407,9.402343734372762,-0.1115706023709733,0.04609394928239729,0.15606828114684276
119.525,0.8683184587501024,3.075478162695113,9.509732276571688,-0.007169546441192814,0.036261368310225396,0.10858589581109401
119.55,1.0265840991350852,2.983454298692882,9.423462384415558,-0.007924765755160353,-0.01801235667741492,0.10836476744611888
119.575,1.233688417705837,3.0779294770541488,9.210675454372966,0.05118644506388739,-0.024382199579943614,0.13253333498544972
119.6,1.320112078554317,3.000193702538358,8.765472840513864,-0.046042570268392695,0.008312606613392863,0.17940611585553906
119.625,1.0907667360292126,3.0400361003520104,8.976343962644187,-0.0892586094920748,0.06809732740952898,0.17792862807378892
119.65,1.0224919947799755,2.695742775486161,9.28163906173549,-0.16865710539101375,0.10360361285222776,0.1341723879011259
119.675,0.7322231507217221,2.1952616130045275,9.557028518467439,-0.1485610258482734,0.06031595312294218,0.07794853845826541
119.7,0.6664156218901044,2.105876104504459,9.166182314641356,0.0656635200230363,-0.0027560973061806007,0.004698011901131896
119.725,0.6948094588127021,2.5139437703486376,9.237451704187615,0.0989706808778888,-0.02693178309968628,-0.029288080419149175
119.75,0.886246250766331,2.991180026226232,9.391629236702697,0.012046951899002156,-0.005465234135712539,-0.0039643682706038755
119.775,0.7641480723589488,2.802142972171376,9.480429512427833,-0.01813217638413979,0.006470153746009653,0.03936256107111732
119.8,0.6520022235805384,2.7042219672031753,9.672091794835687,0.02111105223559254,-0.0235044205383527,0.04949819489296905
119.825,0.8988998162859515,2.9143751075877455,9.46142828674334,0.030755144265877707,-0.03621656399981835,0.015507411590336756
119.85,1.0858333881593067,3.198317676424884,9.301067818005446,-0.04200372543484062,0.017241862539805326,-0.011331323565805598
119.875,1.104872516680297,3.185883432649322,9.342439229244262,-0.09885220985674087,0.07024854851303758,-0.00374741460880282
119.9,0.9107820018308632,2.930826251900666,9.483369939563302,-0.09334408110474735,0.056703942076355304,-0.005384813804737454
119.925,0.919665724470488,2.8930904184153547,9.32416131809062,-0.029147664869100007,0.01625646124393826,-0.012860310163560072
119.95,0.9344811248607152,2.827241730351501,9.164254891123015,-0.03719765739863936,0.025681953416106067,-0.00966315899622937
119.975,0.870750354085832,2.692527078908263,9.075584449486772,-0.07702874113436378,0.06347781293281839,-0.01952583920146043
120.0,0.7779187984364183,2.5481122558722946,9.307932408875704,-0.0531941869065421,0.06251864061527648,-0.03592081917175284
120.025,0.8337000057881704,2.7026894729788373,9.30479749787577,0.00827027372525876,0.020862304193479574,-0.0414715039183295
120.05,0.8795252038618816,2.8171172983167843,9.285081117403339,0.012498679396344118,0.002219345041992886,-0.037782690347988514
120.075,0.9969789017605113,2.953200742747783,8.996326001902796,-0.021356153449349668,0.03553384313331065,-0.038115496468301466
120.1,0.8812131852503235,2.8773258805968003,9.154222375193802,-0.08109102899477154,0.06634113765612708,-0.03377500769888768
120.125,0.7725974865695852,2.6982733513169284,9.311940779727248,-0.06492097986562734,0.031622094444212524,-0.02909390445175951
120.15,0.795031812550058,2.559133637694513,9.266097740660511,-0.014179984751507144,-0.0008271567849182755,-0.03496084628695633
120.175,0.7831565865803138,2.592161805123131,9.278134003596934,0.013522648400262498,-0.022477550874574516,-0.04727746567788709
120.2,0.8636418025818652,2.833230110232918,9.059730908255593,0.026773026720950572,-0.013540934654068474,-0.03781075025562856
120.225,0.8254794971853989,2.732209860021294,9.337775528520055,-0.01933020066156195,-0.005647894351420869,-0.00280971791803701
120.25,0.8520530943369332,2.83740830611803,9.36884274872496,-0.0108997132876808,-0.030516078858049318,0.016276526237980565
120.275,0.9781963303306375,2.8885602912545587,9.372191920955366,0.0322906259291031,-0.058845656098476425,0.02939075430210287
120.3,1.0658929867351046,2.967034703680597,9.281351597206138,0.006320720100697739,-0.057217385108804066,0.030139937088843466
120.325,1.028994799675687,2.6975943023847733,9.232552366973751,-0.003095701948256758,-0.04475482093140531,0.016303824270563146
120.35,0.9549250985917175,2.674059931648365,9.270679854346678,0.027931500384957265,-0.046919558790653175,0.014783389670017237
120.375,1.0780685509000956,2.792044333541011,9.22568082527261,0.0314335985509199,-0.059334297897313655,0.036407810826420854
120.4,1.0280799535446998,2.7387352548295008,9.299484593214158,0.01779916747465852,-0.03326084655487628,0.037064208053889845
120.425,0.9369274955660734,2.738066162225275,9.321474077804337,0.006466457843251494,-0.004615257238391649,0.013135900714641716
120.45,0.8628151279522157,2.8558663190915645,9.439052553848834,-0.0008846863971635709,0.0019178386635610117,-0.01924121287339299
120.475,0.9394298285870991,2.814706937083023,9.326252489219854,-0.009589302708955739,0.00459866967916171,-0.025492843775027783
120.5,0.9246535985436094,2.780435372114515,9.266468355745234,-0.006259449342043927,0.02868346118947893,-0.03977457733434816
120.525,0.9260490068066877,2.863596305400863,9.253921800850646,-0.03661014784796242,0.050737811012998374,-0.03714262823441004
120.55,0.7577076796908324,2.8482592528266646,9.304276526311211,-0.07038720078426892,0.03961843040023986,-0.02442568368288517
120.575,0.7514968230046627,2.8297109628113932,9.278175692095937,-0.010712717145103166,0.00751930989434057,-0.0022715105286757234
120.6,0.9629208660748144,2.7342133931142216,9.138301542369105,0.023565152257583363,-0.01319814611580752,0.014270265666157323
120.625,1.1127143865779054,2.589282151995733,9.117275256531025,0.00837538125475168,0.0022746870291138472,0.0273149582785172
120.65,1.0056512273397524,2.6510278852817333,9.359326257778532,0.014341653015865327,0.0019602142473192693,0.021482841755157245
120.675,0.8383177756693099,2.7956576869561163,9.564508973650714,0.04432746065405196,-0.03575170501903994,0.020987884652699754
120.7,0.8171908843661697,2.8143303927826446,9.395398265252396,0.03547342272527035,-0.05316479117879866,0.008727032775749443
120.725,0.951642097750029,2.777095617928549,9.186785753098468,0.019921108697143416,-0.0189481872404484,-0.026998760389645774
120.75,0.9606226162613143,2.939270653072095,9.336029323604732,-0.006608853138156475,0.01437407148307342,-0.05026844969956578
120.775,0.7575713742407851,3.0233544427942336,9.532232313691233,-0.04692400452170811,0.003459954817933728,-0.010939703529098637
120.8,0.7776719915277355,2.8597016826038475,9.321779704584689,-0.026811287110229235,-0.028617118048797366,0.016849560560265403
120.825,1.0068402579387912,2.8390885051002255,9.160128403119606,-0.01248589000075211,-0.010019369897416476,0.020925993112582805
120.85,1.0165938154097214,2.862295904561475,9.26294768178809,-0.01607644504532738,0.01698472054307139,0.0009265661219456324
120.875,0.8151184855749215,2.915681475102812,9.371753069613941,-0.0520334535157082,0.007403748803087717,-0.013721104251823558
120.9,0.8816879119319787,2.8291174639839296,9.395986929387043,-0.0396312469915952,-0.033841411692683884,-0.013551180706398049
120.925,1.1122727192974373,2.6950197459918908,9.159475397880518,0.0020502960655552093,-0.057830498711796574,0.008935447039094506
120.95,1.2304691623027968,2.5570352524228417,8.99777028113286,0.04794944652484593,-0.0475139252306824,0.03610364027538028
120.975,0.9653977759566679,2.620035506340238,9.200286336861499,0.03436908796046479,-0.009881583120286246,0.026235389034712408
121.0,0.799853975547872,2.8324532992158113,9.356022216199188,-0.007616727729669603,-0.0026363343251831696,-0.0059679723539861635
121.025,0.9057453926804134,2.7747338154786894,9.435733506866082,-0.018345576584440856,-0.020932465359554803,-0.0010614875201589513
121.05,1.1418555964764805,2.631448338611224,9.279869939079243,0.011166030753846062,-0.019340785293618577,-0.003512520950871517
121.075,1.1131797614845604,2.7987255414044663,9.242501523349047,0.009455757287719028,-0.009559903359668208,-0.005356733320742502
121.1,0.8781488870596409,3.0871187804215516,9.484189314249399,-0.0154414447753736,-0.01652737906250074,0.044762255333858005
121.125,1.032574204247324,2.9923390978260445,9.40910109341831,0.00210852333097397,-0.04083159342927676,0.11825103960384019
121.15,1.1505344860176845,2.7678492894189386,9.342088075615811,0.0017663289586362326,-0.029318393074004044,0.12870527504173276
121.175,1.23059973132678,2.692186418100368,9.503404920193255,-0.01970748510697496,-0.023730114836994932,0.06777886668852906
121.2,1.0833762522169976,2.8462921951730054,9.457254640219565,-0.015598498887544514,-0.03797961716720636,0.02020165028624434
121.225,0.8164846003107057,2.8769967157591148,9.367408274676444,-0.006300604908088116,-0.043875472653347874,0.03202665568300097
121.25,0.8716356539843352,2.875436182189163,9.18500991924618,-0.029044166364672584,-0.027722789652422843,0.054845206691822565
121.275,1.1488881070246886,2.7333854054215236,9.129195416141547,-0.05942249507055698,0.00012648974419916472,0.061102578913939824
121.3,1.1957494720025907,2.73720378719972,9.350390976320778,-0.034272558124608034,0.00958770917488619,0.045876465539241
121.325,1.03868483701291,2.6886709013541106,9.48990765537764,0.0073507474925825975,-0.016772842999754567,0.01637128620499547
121.35,1.11237100997441,2.7156054703165635,9.195340418248161,0.02798930938132645,-0.025851256364850497,-0.01815161749583678
121.375,0.9978197168462007,2.602270736701881,9.10951377976602,0.00617429456539229,0.017475151550148817,-0.046566512881244373
121.4,0.8512233998521723,2.7090392197027025,9.356837469887871,-0.024472936262325863,0.03711664100503051,-0.0815840846072555
121.425,0.9228286601431451,2.8042567037041315,9.421079692904357,-0.02968658751056145,0.015513263117492957,-0.0990615783208869
121.45,1.0196357024332945,2.9252171025093285,9.263414590925763,-0.004789756360653132,0.005957053588273931,-0.08030335084261438
121.475,1.02603498735206,2.9612601634017763,9.129851064785457,-0.014688757971362416,0.017614719278795498,-0.04417775238723635
121.5,1.055937323120205,2.7219984826233237,9.156504045944777,-0.04276823860307687,0.01522833615364546,0.008078630687304616
121.525,1.029410076797797,2.5716554039174353,9.297247994606114,-0.013442468831029617,-0.005569284818779762,0.023743180670123085
121.55,1.0182382144655877,2.6890062205370624,9.344352900929518,0.015488847365688958,-0.02831888783367211,0.000568387320660608
121.575,1.0681312035632744,2.762394877978016,9.268615967938326,0.006286739909271353,-0.03831415004705938,-0.011395723078620072
121.6,1.097695302822391,2.687761486768196,9.177596648250034,-0.0038743496472230746,-0.03300964804777721,-0.0022309631491668563
121.625,1.1685115949573628,2.6491385422346174,9.230200909425442,0.017203218893929995,-0.03820428773923483,-0.0036364356209455146
121.65,1.262507233455345,2.6762449706973213,9.164786074897233,0.023787259021553313,-0.04462644623351619,-0.007408874867928242
121.675,1.2720151908574395,2.7696870731211845,9.09898905565131,0.026644101400393277,-0.021721405803706458,-0.004097041307610686
121.7,1.2402588624480064,2.8351798333112646,9.12401657447833,-0.01279796997754289,0.015973640973035434,0.010202955577599777
121.725,1.1953709710949074,2.873168312459032,9.213581251315306,-0.05780868131411713,0.04499457067257477,0.03340434875451877
121.75,1.1446259021910503,2.6038528137492736,9.198607595660896,-0.023290264104602595,0.0471595090040889,0.05661357393268083
121.775,1.1214207540539278,2.6044727753709886,9.279925903688804,-0.016956974486088596,0.035530261381236786,0.06928798888306063
121.8,1.1780334211454653,2.6941631264227874,9.406615002892279,-0.0060202991691470035,0.007425394508808313,0.08244155251026347
121.825,1.155063411220782,2.7887857236411597,9.276485442569845,0.00883025034443141,-0.00033241721475086835,0.1079894381254482
121.85,0.93513516052065,2.6523755024026046,9.32035772291437,-0.03366243218822408,0.011427686508459971,0.12455231666748547
121.875,0.8855240771969273,2.686491287000778,9.493737629641469,-0.045511451731731954,-0.0018074493358155466,0.11381041748525789
121.9,0.8605197318566635,2.7391488366137806,9.583097759072102,1.7340595227261814e-05,-0.055132770380335455,0.11767773202476738
121.925,1.2023229186244198,2.7886786111809863,9.379297270663146,0.05576451161524689,-0.09972132173915249,0.1299581773337462
121.95,1.2773414999185904,2.898990698090784,9.14332766422788,0.04221330429141951,-0.06239670087683292,0.12296174134456238
121.975,1.2876806095992321,2.9756068509891787,9.350243623049478,-0.014047885158595853,-0.0001751438825997191,0.12729402721727084
122.0,1.3727892139094473,2.8129676556362955,9.4366952098269,-0.04408750497569139,0.006047049506360686,0.1259560363074593
122.025,1.3098392118010422,2.6751867504387796,9.315050565285903,-0.0031087346420527167,0.01567687559732929,0.10111140925450086
122.05,0.836229889795951,2.6118800855919306,9.219244873571649,-0.020147992241572415,0.04943440152833014,0.03277089034752288
122.075,0.6633169909065345,2.613430678485365,9.358481242514312,-0.09893424166385864,0.04528633623843132,-0.014884700954233528
122.1,1.1346361547763795,2.4361393215486125,9.235323810722498,-0.032737577393147074,0.01663829804881668,-0.03310628116334494
122.125,1.3672228115399756,2.308073530977317,9.196531046308474,0.0766792806647472,0.0040370780166876,-0.05738564463194698
122.15,1.149718083509742,2.6455097366950255,9.29235162769019,0.11291484992245258,0.0023849734979955566,-0.08181236826057457
122.175,1.147065122126237,2.897132412616342,9.266815170925518,0.08018990008239626,-0.008651974715776622,-0.059029234014112586
122.2,1.1774745521836716,2.947930994082208,9.392911078415166,0.039467071769684815,-0.004441921161910082,-0.02343877190293732
122.225,1.2065706525854725,2.8745589241957012,9.328144800276169,0.01210295594269794,0.006241637158344367,-0.0053194970657654776
122.25,1.1723657691833995,2.8332394723025147,9.274265928909951,-0.015227164291083072,0.032088407584422454,-0.003588942371833802
122.275,1.0032728288782313,2.6863961800001728,9.307853926866985,-0.017722683629366784,0.042353905640877494,-0.006767512315246989
122.3,0.8225155709149409,2.6779964118167334,9.433723847285078,-0.017339462417121285,0.019166475211963546,-0.028363460861369254
122.325,0.943990601454847,2.7240404102109794,9.375475194243144,-0.010224869597348259,-0.015756465752711165,-0.024657768161390103
122.35,1.2737445967122474,2.760595889622137,9.193556314530776,0.034107762536808986,-0.02579547312803043,-0.012019772079108185
122.375,1.3643251861797179,2.809536806320026,9.221774625013438,0.043284736001171865,-0.006061559926570571,-0.00044849143297277035
122.4,1.2080500178655063,2.998269010673084,9.44982737184715,0.02039908607840513,0.005449697457006909,0.014343832186445513
122.425,0.9642290516908317,2.951028796901819,9.400645162152042,0.0009110275771213878,0.00460619408127522,0.02002045089001118
122.45,0.8333599221647274,2.9344737156224263,9.314203125301256,-0.04400094538893152,0.02442331709368921,0.02525344752744414
122.475,0.9781855057881469,2.766501031668697,9.28406637387519,-0.10525835334442046,0.041193600940469075,0.010541233408786353
122.5,1.4926737486227686,2.4986913367126955,9.120940907198412,-0.05380506820799532,0.03303642188572602,-0.0025478879726735706
122.525,1.4505067412785402,2.5741380298300727,9.296094044533385,0.056599670216535614,0.006882185886891595,-0.0031145992996984453
122.55,1.3741380410113648,2.71726094016758,9.404657617273159,0.09250455601361215,-0.036443229228832905,0.005205196067318807
122.575,1.1265231892719363,2.8714525137013753,9.155327568945179,0.06648291007333196,-0.025380690964636788,0.0201416207972164
122.6,0.855962075021628,2.8299624944280684,9.175688434283671,-0.01189208274535607,0.03332580092456719,0.029794211161125256
122.625,0.9131396372803273,2.7842099056947776,9.374309583790351,-0.06268405072517046,0.054268108873795726,0.0372778778090453
122.65,1.0276836566569014,2.5886481166193183,9.389061814423876,-0.06519148884073632,0.043499697855375385,0.0320664200249919
122.675,1.1422873855292985,2.615935526221211,9.220899860802492,-0.027762955518328622,0.031389650430132775,0.0175998737995865
122.7,1.16668399541193,2.6037562403905605,9.205481249714264,0.01469224838706186,0.01594650151115255,-0.0004810612099177579
122.725,1.0607002132254315,2.8318376408116452,9.284948196556341,0.041169138198221426,0.009504783363977788,0.006355346270628875
122.75,0.9859064774599793,2.9278437374612825,9.278849504126965,0.01681554661408751,0.02812822520859742,0.022016614923368094
122.775,0.9947373770808356,2.886248532295478,9.163247120946075,-0.05968222157006346,0.06535129977805063,0.016214743376976763
122.8,0.9466965118999421,2.7185114099302465,9.362943092641306,-0.07915809023680453,0.0890544822698509,-0.007986460837612772
122.825,0.9481067943677318,2.675101775875422,9.403854203022073,-0.012878524029655317,0.062406776435417095,-0.05392411118189581
122.85,0.9169178614620981,2.813350645773431,9.427628827396207,0.020141070757608858,0.0451208362710133,-0.07873401780641835
122.875,0.941136259954325,2.8672455195208877,9.40568083212973,0.02734125002830886,0.023543901148442285,-0.057184758534087374
122.9,0.9527924922022565,2.9020497501333633,9.385848747764845,0.05040863893201196,0.0034887951301358702,-0.04173512586014314
122.925,0.9855048810447052,2.901464190722277,9.31863581277911,0.00987813427019699,0.012867291281662287,-0.06550670306474611
122.95,0.8404694401493285,2.89826724153445,9.343310721374163,-0.03464408961096058,0.016461733750037223,-0.07721889402193365
122.975,0.7573401335345247,2.6578673757525566,9.370017229266239,0.005412685801697713,-0.011294572018895947,-0.06013540258717882
123.0,0.9198472688602952,2.7140747813720933,9.17782614096417,0.023797712518259677,-0.02506116919310541,-0.030513464283375147
123.025,1.0316227391837276,2.6262838569959266,9.08860962179225,0.015716108015456396,-0.007411670216970288,-0.03858145136514933
123.05,0.890583080625326,2.7434118774005705,9.269189844482385,0.024722005015989403,-0.0023027300853339255,-0.048755243575881076
123.075,0.7590208513529585,2.8483219894579994,9.304580217438637,0.07081787911898392,-0.013799586989945668,-0.026880345496215364
123.1,0.7015061479972159,3.043477026240604,9.214056193156233,0.0018665626910153801,-0.0032489634950431754,0.00955429227773498
123.125,0.8671895484689209,2.961513711088426,9.104107501597866,-0.08140616259071362,0.037970844189439724,0.0379962795783428
123.15,0.9585107197813162,2.7054644206792577,9.246376082121088,-0.09865874687043236,0.06152408575966002,0.02350805828633984
123.175,1.019026540386588,2.508587338668149,9.466294453623476,-0.047289993721651165,0.02284387336927752,0.005213310013283946
123.2,1.2506640511229277,2.4982897606869843,9.263252118625097,0.06361057663596281,-0.018317805765808527,-0.023470080548784127
123.225,1.2436523138889297,2.659183301694424,9.324034065163922,0.07909172890049908,0.0070792893142164574,-0.05722227715964805
123.25,0.9033568667044515,2.8549103903277184,9.61889415722565,0.08766718133226195,-0.02101900032720297,-0.09056878013698397
123.275,0.8464201623764646,3.1847979009028595,9.447072672294913,0.05623820435239793,-0.021757296507401467,-0.05797947718725088
123.3,1.006196314589286,3.02874580792966,9.228060094261712,-0.027738879816994896,0.006765974336838293,-0.03480092952453367
123.325,1.3254475615981738,2.8969614128484538,9.015761914176837,-0.043527462841309164,0.03587328110814498,-0.023376863671897005
123.35,0.9825790778045347,2.744912170511183,9.238467867388042,0.0214538859192269,0.050881660407861046,-0.009780051947914339
123.375,0.6564952544374462,3.0561257524865697,9.343635432983863,-0.012951412715586976,0.02158229123901717,0.021713725947998298
123.4,0.7380230428391812,2.9189703536408547,9.199639623549022,-0.0734918848562097,0.02861199075106505,0.09083227062857445
123.425,0.661768928985429,2.6534431191067562,9.117001258190957,-0.0595117244235863,0.030012986114169575,0.1127083188839306
123.45,0.7138124037624461,2.621695910628688,9.159029804584854,-0.04254659554394821,0.02206353406592343,0.12788565841462254
123.475,0.6823502562993506,2.560347890001075,9.329156502290079,-0.037065453009076904,0.00811408723671528,0.10498016292398715
123.5,0.7610027816839812,2.63218646073451,9.23881748695563,-0.03127435743141803,0.0019287996273898115,0.07081427673322159
123.525,0.7470765606150361,2.7443511612644422,9.239616105619005,-0.018166849254676785,0.019746335973191316,0.01906563777563447
123.55,0.7879870423736008,2.8405948897887647,9.349522857386212,-0.03841092588421337,0.021430773025168874,-0.018913608599660764
123.575,0.7981583718946047,2.8158196444097525,9.557553978604133,-0.005212809733330944,-0.02378988985858304,-0.042126566347146996
123.6,0.9173986520989202,2.950215978268958,9.370745629347464,0.06739360623002064,-0.07152177974752176,-0.03686740694787078
123.625,0.8028905339488445,3.170576354105036,9.204007943427003,0.07052825406284678,-0.05156947855335288,-0.008325634245017768
123.65,0.31270344066348293,3.1911977026894474,9.396417272582344,-0.051290836347818135,-0.004624893406056088,0.02132095562407927
123.675,0.21834204174329064,2.954828390159693,9.517788620478113,-0.15427609414595347,-0.006450526542835358,0.03165918399752395
123.7,0.554532268140483,2.57293527235574,9.55286173388397,-0.11632712703257349,-0.058905629294643186,0.007965308452883997
123.725,0.9324862197471321,2.5527086990627708,9.266529477477635,0.00016031177304443001,-0.11567868806198081,-0.03581787773437113
123.75,1.0926255308094766,2.653553694002819,9.06591036467923,0.03383738454063398,-0.09343458795607622,-0.07523510283057716
123.775,1.0958289891348285,2.86661532044523,9.406264070342138,0.005195646381701826,-0.08759312779881126,-0.07346743389487227
123.8,1.1606951712509335,2.8695185746089966,9.260854486119017,0.020254905152549817,-0.10891535950531296,-0.04438984050534135
123.825,1.305684021142195,2.8892473553145224,9.141213235644598,0.04942443574831315,-0.09289244707519298,-0.019949147960334913
123.85,1.5834919741207356,2.7371642468767794,9.191967443290729,0.013824721860814881,-0.04558085408160109,-0.00784572722332964
123.875,1.716108922280263,2.4933730857276504,9.379694942747822,0.04896409151195091,-0.037400934289036396,-0.027668588412068987
123.9,1.7839364876909531,2.5355083549421655,9.501188641471991,0.09937270484183208,-0.03981700623797519,-0.04640808332244681
123.925,1.9392812609933634,2.744222297413605,9.47296717877688,0.14606679898286987,-0.05118033999654725,-0.04307848961762367
123.95,1.7987038871706027,2.8900305257026018,9.247077242495248,0.13076057387973952,-0.02913306778487161,0.006058630710256514
123.975,1.4979122518447556,2.80657223055585,9.338971682235638,0.07492314697190677,0.010821175008843442,0.04898365196934625
124.0,1.341476277135403,2.7207156285301295,9.550524253622354,0.02995434713318694,0.027024151434027106,0.04648581630019318
124.025,1.4221404772600372,2.941832318266567,9.391682872885934,0.020918584745939394,0.03032672617400958,0.0743600606696471
124.05,1.2342796777250076,3.2462238614399954,9.193743419859109,0.01900251482240025,0.06934928562380442,0.1548582596372969
124.075,0.06115952633013313,3.289035313241829,9.323821071936187,-0.11942953785563859,0.09247939454718475,0.2794223254730636
124.1,-0.5136566508412707,2.9314105200449982,9.446040479249339,-0.2689771664114567,0.048699903118271055,0.3616967336298941
124.125,-0.17169436921890166,2.6295736317900276,9.165738354909937,-0.31078172173552565,-0.004164250233546305,0.3852333853576228
124.15,0.9015219862323925,2.1795423524078434,8.939551480676538,-0.2111785782239165,-0.05405494873480915,0.31285530389878696
124.175,1.788981251735106,2.0198184248235087,8.668922047786436,-0.04567509762900598,-0.04226186045888323,0.18962880186336317
124.2,1.6747528687387538,2.270476186677994,8.863599700918837,0.07131632045204442,0.01540124804071762,0.027469450904042517
124.225,1.12416844246356,2.8933826169507397,9.116265545227241,0.05720920815117426,0.047477194888386025,-0.06873772838293268
124.25,1.3812956169516462,2.9271146147731932,9.025502126336814,0.07323177292923776,0.09554972242898921,-0.14543181772357683
124.275,1.922696676408668,2.032734639042877,9.376816741917287,0.090639694769089,0.14339412117626288,-0.2532114171463317
124.3,1.6135976446296978,2.2478351035052757,9.392198082897949,0.2476335705721215,0.08804506390804089,-0.35660771224853105
124.325,0.8785630675857145,3.417342163141393,9.697099845413446,0.28681655082286667,0.06944536699473217,-0.3021695099692239
124.35,0.6823746413765084,3.5141733822326584,9.408467143162204,0.16102797423715418,0.059994506443805995,-0.14510345489561075
124.375,1.0799528420375701,3.485037447332836,8.912445558806619,0.0084868681665872,0.12111217349237666,-0.01722043906744026
124.4,1.105086964806634,3.043650979971822,9.320665105281545,-0.09019330518003513,0.18869570653771647,0.09846354667557443
124.425,0.7281701435946132,2.5287720189793195,9.789996920669877,-0.114119861663312,0.15225670207510386,0.12147847106446308
124.45,0.35929666079807343,2.509644664546106,9.702447396508193,-0.07236061238738416,0.05154043044960994,0.1324239433599214
124.475,0.3520411769846191,3.1903937853273705,9.569040032168104,0.04328838090810685,-0.023736708023572417,0.22827287244120428
124.5,0.5725873820958847,3.0219376633728174,9.243333272275018,-0.08927682585102069,-0.010684211993242584,0.24058885710699482
124.525,0.6887598375327629,3.0970364581218504,9.187285346398951,-0.17861831316274426,0.008210315071155858,0.2738801768006005
124.55,0.624136802983989,3.0364125076296395,9.608846381807144,-0.12788339434874604,-0.015650327322645898,0.30007472099385035
124.575,1.0825878332335546,3.7778467690047015,8.972660916170488,-0.09841568831295242,0.014619695984396667,0.35646942155143074
124.6,0.8895873233855827,2.8800389997913785,9.33924283207554,-0.16877183076171667,-0.01786702247557874,0.3606631489426049
124.625,0.6080385263670954,2.160412331497468,9.23864366238389,-0.21955169252764514,-0.021460981104474603,0.2524212126590785
124.65,0.50333999021145,2.071661547053507,9.108318807834012,-0.04127129203949689,-0.021188532433597855,0.09789474116468633
124.675,0.2854568721410471,2.3323101892627016,9.342940744718486,-0.056815125471584155,-0.02180337725049196,0.03324702725238572
124.7,0.4159013973970676,2.22338592874728,9.301289271468432,-0.07421419621317239,-0.02676192463948991,-0.013418349228687143
124.725,0.7394313064851563,2.1076020254813503,9.355459584998622,-0.04200484777844012,-0.03273361793986267,-0.10220929260432818
124.75,1.107210034220869,2.0740047673293294,9.194086202733246,0.025657343448150127,-0.024716632773768833,-0.22357384833318572
124.775,1.0971267426944822,2.2875711990836725,9.235202854064683,0.06363661430498058,0.013955345920149546,-0.33934733241775766
124.8,1.2411492371342026,2.880425598646251,9.4210159404409,0.06970786373936909,0.037547639015956716,-0.38302722460840943
124.825,1.3934737130256545,3.4194155207605124,9.5493506833894,0.10834762766555416,-0.019508926218055448,-0.21386799327170233
124.85,1.4160100576399763,2.6571119026087855,9.411781158682036,0.07584634211557643,-0.02561495880011674,-0.14879572313529466
124.875,1.3875707904096168,2.7199790514983557,9.05649957953685,0.06364184104420562,0.0026276674528109834,-0.1377712860550467
124.9,1.41121334299955,2.634793861966633,9.30332221273218,0.02626030551929738,0.07522536826572018,-0.11900157752029987
124.925,1.315358657920805,2.5795118732375335,9.657646116712154,0.017279968340155254,0.03834661323585258,-0.07174211597453178
124.95,0.976847910242876,2.5358945476823354,9.860626894489119,0.1300064756746251,-0.07048028289122771,0.006863802024798214
124.975,1.014026161003573,2.7137141641367557,9.569749476315453,0.1962429518048695,-0.16012259675441984,0.0734858647600552
125.0,1.4396181315795809,2.9142568488991714,9.101462750012526,0.13456675624750378,-0.1298860145698864,0.1157516728957994
125.025,1.4411707418360276,2.804281126274229,9.192460925722335,0.004932310099273767,-0.04623427728889139,0.11973393251981036
125.05,1.2438363314548662,3.0420664292816975,9.547615591244508,0.012994733476392795,-0.06496299075924086,0.1934089149767722
125.075,1.1015998869761547,2.984735403837666,9.213866721988609,0.05184509080560603,-0.10395568518089367,0.29315380460592594
125.1,1.027111538247789,2.742133728201622,8.843497839766702,-0.0019494960822758613,-0.05653544165441998,0.32215284325295795
125.125,0.5336187644505817,2.421750356766837,9.161812801067644,-0.10454951030564419,0.02714583700667935,0.27403313543996244
125.15,0.402973570051808,2.2161544955948056,9.30088853627849,-0.09386009937470101,0.023100023057984722,0.17721694910502164
125.175,0.5310401944989016,2.207054991786174,9.176876444810908,-0.007451150240037139,0.00784050803578243,0.06479447210095338
125.2,0.6012914228108256,2.660466845369258,9.175633601290054,0.008991155759844226,0.004462461072946604,-0.014181068657708991
125.225,0.5411557140222659,3.023707312554352,9.315034715000282,-0.014428822494671511,0.005374740656605152,-0.04531464722682387
125.25,0.6571467508832309,3.2410080796229805,9.214208243583773,-0.05301082227843985,0.00582005354352063,-0.04978675893361827
125.275,1.0661171333601032,3.0804742067355315,9.189979559065685,-0.08507540248477753,0.020887358312296725,-0.05635866597770776
125.3,1.5452751256755293,2.8183265747321125,9.189363117462507,-0.050608703013605934,0.04906720826796487,-0.09509124927704332
125.325,1.53146647923261,2.6499999369898375,9.311149716006007,0.004972300290387408,0.06864509987409628,-0.15356755581208406
125.35,1.2291468976595747,2.605675717673113,9.584442644704257,0.048510546901328916,0.0213452328024999,-0.1864663218383981
125.375,0.9618134388426277,2.6935495089210795,9.360597194344692,0.12817057843836616,-0.03181233590712096,-0.19273323929438618
125.4,0.8567435596658434,2.650547077600261,9.250343000468567,0.09212417841544078,-0.028498733431216318,-0.1855484170266524
125.425,1.0400159195654144,2.781317357643244,9.37947738122103,0.053840004275105255,-0.03266427570275916,-0.15168399442746353
125.45,1.2676417624482166,2.957233317365542,9.366760166908266,0.09878751451811635,-0.06467642859303001,-0.07271613618574382
125.475,1.0961120710473276,3.330957275756445,9.276169458938023,0.10983322652068803,-0.09480241452315398,0.021857159802575285
125.5,0.9568076502988324,3.268669240067337,9.27594217955342,-0.020374278109051413,-0.08320363489549501,0.11824630742950155
125.525,1.1354614084991057,3.1415279893692465,9.090228927716499,-0.092855152261127,-0.03471818381217422,0.19776280933569637
125.55,1.1961565049217873,2.550844465870694,9.306321101213314,-0.1287504555197688,-0.007167086613202707,0.21867261354575449
125.575,1.3273440925993214,2.483107970470923,9.324535498933415,-0.0700962690093003,-0.010328492838139913,0.16378446533071533
125.6,1.095095208267887,2.4277872411669836,9.400835540559122,0.0018892970777864954,-0.0139543609893943,0.09929397830145359
125.625,0.994434468218217,2.5182579300143426,9.255658941872772,0.024442913832840744,-0.020907496746742218,0.04768163052104328
125.65,1.102155369387507,2.4659825115230705,9.19424067346802,0.0039727437156084795,0.0076299095235324915,-0.014437093787629196
125.675,1.006613853735357,2.8233324807565956,9.326990510366937,-0.01671357331225088,0.032088185279201493,-0.05362674221527587
125.7,0.974432853031108,2.9352003649463736,9.52367522249926,-0.01950227933164429,0.012553424740026466,-0.04961562473825167
125.725,1.1444237547287985,2.848833433638473,9.38747804429992,-0.0005840519958349364,-0.02683288850081673,-0.04204911267754527
125.75,1.4077928858567486,2.8820153680160567,9.117736089194915,0.050324376866312144,-0.03997155001895126,-0.028130368147250843
125.775,1.464712280776291,3.0961219084089797,8.917801405428024,0.006919438990710293,0.028759499648582473,-0.0019704603566229376
125.8,1.0334111242196606,2.84449995116571,9.479407054052556,-0.10328353280055678,0.07234728388413733,0.024974623477128782
125.825,0.8522312975218981,2.590013445146356,9.491063266423224,-0.048318077234465386,0.037379690366072214,0.0012939592345995556
125.85,0.9910283430100513,2.6808288438262906,9.35079459453472,0.03779179311572611,0.0046800599147195695,-0.03614542534391858
125.875,1.1052562225390863,2.8248779738086087,9.294992096359126,-0.01912189002651798,-0.0013871781612563546,-0.05802064470998823
125.9,1.1405618924201988,2.874326599109577,9.269854953102774,-0.024448400103942138,0.001787271386177615,-0.04801243720485051
125.925,0.8062008020424667,3.052267107815234,9.43964135135654,0.015126230151629646,-0.027313779646591006,0.02995995902562954
125.95,0.9510562775144761,3.0066060525025167,9.239354259614442,-0.009266580623020888,-0.04102779944493849,0.09390662561961727
125.975,1.7430695653339998,2.612456818487098,9.008449975380982,-0.09618129818356747,0.0030476679155944904,0.08269306711568956
126.0,1.9220952007163499,2.4709601394348457,9.395047769019447,-0.024854293451691663,0.05191800779563183,0.02082329168383109
126.025,1.334039055373488,2.593094131429899,9.80922314398016,0.09470298288232333,-0.02343470338950229,0.009856958721452867
126.05,0.99847374250875,2.8774101338756504,9.340539472554264,0.10842625902606211,-0.06093507831786495,0.040643613348334925
126.075,1.2180571542044667,2.62321897229545,8.943181572961745,0.012054508285322634,0.00990574557317719,0.017383886896737692
126.1,1.4172189610560606,2.6155071689448186,9.26466137533771,-0.06445552959508084,0.09901506354512482,-0.027872116905117806
126.125,1.32333776970795,2.734476731764807,9.759155415235544,0.03739429729734394,0.03942747281770469,-0.00886976312237331
126.15,0.8838598671370264,2.679865796828509,9.218065547007313,0.08774052988414753,-0.04131258483614464,0.05080098675031191
126.175,1.0384952961900968,2.33272672125142,8.526214642546636,-0.062167763589099555,0.07283279257926707,-0.011941556030739311
126.2,1.3242079819223065,2.210559628983635,8.91207831399618,-0.11176754295885194,0.18843961140932466,-0.0945461216277214
126.225,1.1184560893539106,2.692536994188366,9.558673741860334,0.02437699420366327,0.16175089585712019,-0.07492155108520933
126.25,0.9057075848997793,3.124849299646024,9.778027050085706,0.06606862988845881,0.03102183449045199,0.02130784042339468
126.275,0.80642697939045,3.0157832500327233,9.324417025755942,0.08153491680519304,-0.04137728608347458,0.049045895566668475
126.3,1.019349975589013,3.2578108388223117,8.94873862052678,0.0656609776458157,0.0094915222170494,0.054856870067466916
126.325,1.008097814118198,3.072750471307713,9.238670711657782,-0.02566079373728189,0.04191659196931201,0.068595600940956
126.35,0.8290185683367262,3.0067729684801665,9.200464930040596,-0.07310572084789337,0.037045775957053634,0.11878893556661611
126.375,0.6364851692821628,2.855895139714297,9.401001142235284,-0.05441626221970764,0.017098574135173916,0.1696404797876379
126.4,0.8803721616417054,2.868263977823765,9.741311662702456,0.012134318454892701,-0.045237331521272094,0.1932470242163376
126.425,1.0316991013943497,2.76784107638217,9.495759436379519,0.04433025133171205,-0.0976845331509787,0.15061275285626574
126.45,1.1384623631605575,2.949212473057356,9.09955169934359,0.03763513184687611,-0.06241001972972185,0.07410766968542448
126.475,0.8388705368218744,3.0258863026626006,9.198159482275354,-0.04827807072619026,0.009732332671042739,0.012105966493309195
126.5,0.7065134604986195,2.844216630475682,9.421633120552126,-0.09458195387660001,0.011537542498676716,0.0035118412515284013
126.525,0.9844526104567854,2.6332115382188372,9.36297208890238,-0.032191757397342716,-0.027889930136069132,0.00717762764956596
126.55,1.1737617186099683,2.4980976932261982,8.995870502259729,0.01139062690492971,-0.014539956198040887,-0.06727648175604715
126.575,1.1616648883660954,2.556354496707901,8.763523105340493,-0.06243010120682607,0.06572071979452655,-0.11429524166383646
126.6,0.9976621556308392,2.629206602827729,9.169759469441829,-0.053833565887862214,0.08567281255412149,-0.11076185447555291
126.625,1.062180927179809,2.5528645858985177,9.25806476411883,0.007057360899828535,0.050555718936016736,-0.08536539102582527
126.65,1.0786084061120373,2.5479420275392113,9.183357230588868,0.07328572353970285,0.011215791742873548,-0.06472110182809572
126.675,1.1710233954375666,2.8687991932018115,9.169336133273582,0.15741414308856322,-0.018230509654810306,-0.04216452178572906
126.7,1.008513946862302,3.0557455915018084,9.165323330584389,0.22417631226827367,-0.0003970520453157637,-0.014215992806369926
126.725,0.8937567158168429,2.91772681730972,9.089939925717717,0.10757570077313523,0.02399271022024104,0.014599505863432938
126.75,0.9218825458513291,2.887180296997465,9.384290095134489,0.05239969074122022,0.004282898200700893,0.019954334722734123
126.775,0.9709071504088184,2.969524753749587,9.567553851287146,0.020448418787668225,-0.0460687370413425,0.0325361737378533
126.8,1.0913317332402797,3.031041945928376,9.424123974447253,0.05251768927289148,-0.11162566354129845,0.06703667953740589
126.825,1.2443403525915817,2.7766277914065367,9.155217251137579,0.23608659410852453,-0.1502463814530872,0.09938963613219544
126.85,1.3058660704059333,3.04848045924621,9.271982289928653,0.21703588032359347,-0.15448351246576136,0.12317009647395653
126.875,1.350032755227093,3.312722575256219,9.477388543960659,0.20462378679239643,-0.13580634744860437,0.09919543845565099
126.9,1.4526258264356533,3.315184835120886,9.018283482471077,0.1884911503164287,-0.08938612121399585,0.11223082236492044
126.925,1.3573456038012466,3.444159875488518,9.335195535783829,0.2953825390365111,-0.07541669460289528,0.16966575893360933
126.95,1.1917456020646826,3.425894855020483,8.92188831248843,0.24479534929478203,0.0028218822183066266,0.17030078336399881
126.975,1.1649106135184752,3.6411318508401878,9.365647363330476,0.13816847717883526,0.009244970730323548,0.14329780134837078
127.0,1.314977559735855,3.4621087616455597,9.376821349154797,-0.2563147187030016,-0.010933257054237533,0.10680883296987727
127.025,1.3721033719143598,2.957882345677137,9.151148654857092,-0.3434937460241254,0.004929019063143275,0.0704252624232869
127.05,1.3267595602332485,2.551138591776453,8.872587693171846,-0.14683478314858442,0.030252437810809326,0.062431268137138576
127.075,1.342114219859589,2.8856821266126986,9.21559409763688,0.3320540705212605,0.014872723236313608,0.05843961229164485
127.1,1.4371509401633655,3.7631867039158777,9.259717918401527,0.4720633827278023,-0.04364428015033751,0.06439160851961444
127.125,1.1870240467442528,4.156302981246695,9.426376496278765,0.41346121925764795,-0.07897923300054781,0.0683964549200053
127.15,1.0769727235537394,3.7613078808386993,9.201029968729095,-0.05093488958839957,-0.11748979295821192,0.06919611259495756
127.175,1.4966668256299438,3.36804975630545,8.802040256200014,-0.23921743244917668,-0.10909731303450419,0.09930815411674405
127.2,0.9709948718720356,2.598428204829844,9.02024826692974,-0.4068138647653493,-0.17708044354675456,0.19458716484127297
127.225,1.32446638701943,2.615009276873839,8.689387894037672,-0.6809666080441895,-0.3012533441913507,0.11512632860609598
127.25,1.5776592582381959,2.7976680323008667,8.918403809165524,0.30361121281371506,-0.2675414959400545,0.09570447274261976
127.275,1.4862218406434449,2.491470697041986,9.02622621167986,0.4737552333866706,-0.20554387224244508,0.05949091440987219
127.3,1.38463100401224,3.391815092317722,9.734805685891567,0.3598844021849961,-0.1434179583486116,-0.059235886024131545
127.325,1.3672699143637788,3.300755772996143,9.46795954260501,-0.43607710396969057,-0.12105262204097667,-0.1167235511429125
127.35,1.437537072574875,3.2730914905229658,9.145041023775292,-0.5998672533036089,-0.1272442768920975,-0.15509462207372354
127.375,1.8277570814678328,2.998719689589891,8.95428313881553,-0.6673009243984478,-0.09072517550298227,-0.1416134558999607
127.4,1.7228461517538034,2.511145057100584,9.044510871666661,-0.166942156868405,-0.039920700314496675,-0.16085144318135602
127.425,1.7194316897958066,2.834825282285845,9.797402803888382,0.19999034546944494,-0.08629689745767406,-0.20434573197449402
127.45,1.8544153009724746,3.5097504505635593,9.859996313456108,0.01806088161795974,-0.1874182258843221,-0.23234066924788532
127.475,1.7625947795090364,3.7670217283649845,9.347550086133083,-0.4885202720316973,-0.1651322682588856,-0.20069725669961708
127.5,1.560482553641144,2.7768054718981676,8.426623602152645,-0.8278049243742229,-0.09338264370256984,-0.21872335097539566
127.525,1.8842058208319605,2.1428632857482626,8.91576258896905,-0.5718666400338274,0.06916287247154373,-0.19980122547148174
127.55,1.7139547549063674,2.898626621315608,9.45237465544941,-0.07049108019915629,0.12287640637313836,-0.11504640636794997
127.575,1.9821821556275319,3.182672895012951,9.331780700998854,0.26719312486115776,0.18458202009589983,-0.05588167218549022
127.6,1.3658023254427338,3.547749339438178,9.562707137329115,-0.2425521909885036,0.14020178918065684,-0.09951386602488677
127.625,1.4479710274120188,2.4504732298772165,9.465383852214789,-0.8687895937030011,0.14222388969874214,-0.14770998848193845
127.65,1.4814471789702603,1.9773162266936384,9.241735174406974,-1.0326524705749371,0.2776034635938941,-0.25465103187136806
127.675,1.560003221371549,1.4695629061840125,9.135934131866286,-0.8069975496073983,0.3625413936776605,-0.27878912013906537
127.7,1.1659420708657784,1.4450926025681086,9.789129752320077,-0.8408441036856033,0.27260822632202153,-0.2813974029868008
127.725,1.2039398178426872,1.5890396134231861,9.924642650711954,-1.1113237505496392,0.21148083061805,-0.31806923387587016
127.75,1.5313436077497404,1.1177711605105218,9.012840517620678,-1.1920251886535391,0.2537345318433367,-0.3688650387983891
127.775,1.1594160878047168,0.9061420646112982,9.3136569718256,-0.9871137199066492,0.25874220000719744,-0.3360379955786146
127.8,1.0655419154298522,0.5493706474715473,9.315874527017245,-0.41265648463172877,0.13993413655571996,-0.2562540341063706
127.825,1.159197957442,1.3919672515275854,9.599836682449709,0.34698761997885147,0.10397196041704794,-0.18061765807763072
127.85,0.9755742622879248,1.6711731236306064,9.599424286820595,0.29623776004433705,0.17108983135411523,-0.06614500590471074
127.875,0.8133539961820585,1.0550282541677292,9.573124005774263,-0.18497472406018245,0.1991321198901718,0.010316447106713141
127.9,0.7860415608745256,0.750068130731876,9.766869748048927,-0.5298941103604138,0.13792166745697224,0.051837882067402676
127.925,0.6986170547316852,0.01124704219456675,9.606344855153074,-0.19629941642243354,0.10246167029077052,0.00031908374680706623
127.95,0.746867307777401,0.8072566260130316,10.245403364551217,-0.0646602908551695,0.07984186891493546,-0.11363741368358903
127.975,0.9332920612207185,0.7853369051379361,9.65395741940546,-0.23937925603961452,0.03257199961418851,-0.10825275100455409
128.0,0.9995192722257724,0.9484537344665376,9.40839734074389,-0.05669145891894534,0.04530283634149783,-0.05166309644278976
128.025,0.8807681966792028,0.6208089938734516,9.387565881164154,0.352362242261584,0.12619636158005126,-0.03235563065906396
128.05,0.7344133863109923,1.322835731409079,9.893745255826108,0.11780364281593003,0.13647894012568745,0.010039863966498351
128.075,0.7318881138250464,0.5568124121276519,9.753738488039916,-0.4107905365650812,0.1369422795936075,0.011124191893299816
128.1,0.7881507698063033,0.669389977916065,9.804622566935878,-0.4127860813867233,0.18223151439320845,-0.0517443524681806
128.125,0.7883555113166921,0.28285857025014416,9.467221618822634,-0.1729047443602121,0.15777250531915024,-0.105738311264406
128.15,0.7418289869808581,0.7608007356092871,9.455372157947107,0.6735219195206288,0.10600376093994096,-0.08381796208949203
128.175,0.7552768277354434,1.5170681257330647,9.818742254052179,0.3967312094344067,0.12291167663697884,-0.041135407412588566
128.2,0.5094942836844993,1.1965480683104834,9.875742729231522,-0.01993153297899176,0.12365655890481551,-0.06781472949829742
128.225,0.5038826292701267,0.47048272248907086,9.279396204214427,-0.613410434394821,0.057729409598447474,-0.045399973006286384
128.25,0.524521232551293,0.09252079930771774,9.06649790293972,0.301779954686305,0.08939692042324478,-0.07884851471886942
128.275,0.3581228027027966,0.9916507510663165,9.87247957407904,0.49386403273193785,0.1534650940932838,-0.08863215723814365
128.3,0.2564028704044963,1.3828497248629694,10.162971217734544,0.16761372664471055,0.08712208559241305,-0.019417103911255933
128.325,0.42581130020339153,1.037628687326147,9.89608905669512,-0.5174262800208946,0.049587163067354986,-0.01854350982609184
128.35,0.48277219402846716,0.8905771274386134,9.868272142213252,-0.5660010771479034,0.1377398395014646,-0.04709199906060501
128.375,0.381450818233347,0.1914245321373405,9.787720154649454,-0.4987128960021337,0.1592149771890895,-0.0669257048512952
128.4,0.3062368692972931,0.43890816890183393,9.959294191401128,-0.23836346710501669,0.031248855639469542,-0.04372861914009182
128.425,0.21770982818690726,0.4122254856393764,9.682916796610678,-0.16364319453344534,-0.09811181590556686,-0.004210203391895644
128.45,0.5081188179452769,0.8011539938207427,9.729019453305712,-0.17613145934292085,-0.06452561524951687,-0.013156798752140928
128.475,0.4198084734838578,0.5455674305244332,9.681261666281111,-0.6862468215637565,0.010266465017662377,-0.03986230428215133
128.5,0.40339025946962953,0.19895186529553774,9.604502743883542,-0.7300512059160057,0.015990515973566193,-0.05377406226504674
128.525,0.34556676017269405,-0.08038983208257439,9.272721393907426,-0.5631559445910195,0.020239386402056202,-0.015475944813316711
128.55,0.2782234987695759,-0.18495271404745672,9.667827482464396,-0.08657091388889698,0.07115019914360032,0.013318825296068648
128.575,0.28367888701354455,-0.2798220050358417,9.871864758795143,-0.2293042862603573,0.0729707444213308,0.0038278169006561715
128.6,0.1413985565301274,-0.4984685879423242,9.922207882951756,-0.2060191492638986,0.04526300779033474,-0.08689372056340751
128.625,0.2923205378523572,-0.45376357320746075,9.874606488683016,-0.13994365502245643,-0.01605214241636529,-0.18211063015870446
128.65,0.5093228853848119,0.11284453606567275,9.110273742367427,-0.048066516742222995,0.061124921158626826,-0.1911584525141937
128.675,0.25169838614597406,-0.2637565760312066,9.60981017033473,-0.06609112072613597,0.06368863043879643,-0.09351782356317824
128.7,0.2394968734431232,-0.3645631173463741,9.67168871019982,0.09221153204231423,0.0037698449635676615,-0.014752733182699382
128.725,0.3716960898473752,-0.15533556841679214,9.418316163587088,0.2719299257471074,-0.03918736643623036,0.027210412289512483
128.75,0.272068275011646,-0.14966638462143383,9.390064879578178,0.3572695469223232,-0.053903962791283656,0.06932491067656546
128.775,0.39634957789355996,0.12610028330672396,9.924884597623217,0.3433757092526295,0.03131075513769457,0.02627386553137908
128.8,0.3477097343689736,0.5043987180912402,10.264501785662175,-0.016273726822936155,0.06040556228117647,-0.03228936806113365
128.825,0.356169358028501,0.2808179107096008,9.928425923846552,-0.22508315321840652,-0.008157605044413728,-0.027034187600124094
128.85,0.3811714022734531,0.018513852680976245,9.654974500635246,-0.014848000116803636,-0.07164719141122007,0.020728911245296765
128.875,0.4312587393961577,0.08096317423674919,9.603280570893155,0.23254022983599715,-0.1025140147806958,0.08759206781076062
128.9,0.4852104417935014,0.07823811374590056,9.575680312474985,0.06664224094652292,-0.06320305230489565,0.11230552755750808
128.925,0.4004686890422772,0.06522980054502943,9.749707319813844,0.0005992612191303697,-0.022813526823535137,0.09656038099998927
128.95,0.41898450724675107,-0.057532020259534404,9.7002189504937,0.0600790550687761,-0.027493847882286492,0.09088649058946363
128.975,0.3102070985984937,0.06510110297177976,9.799321620136363,0.060969981280277905,-0.0705972378740046,0.11950947508981777
129.0,0.4265690432787255,-0.10647586918006641,9.57428368229601,0.22310146873452863,-0.1180176706423007,0.1376852624163588
129.025,0.5494794993812175,0.2239739095429296,9.77633752115734,0.273126424986352,-0.07165131824722643,0.09637850508079748
129.05,0.5137913708593667,0.7016928401576266,9.940125890738203,0.05018993182481697,-0.00571881062848496,0.044508204214681046
129.075,0.5239653006693838,0.64948988940827,9.7687845760144,-0.1518287053932386,0.005618627784971787,0.0317303956865828
129.1,0.4489017763189985,0.015871479230951002,9.454734682079591,-0.12159718642465986,-0.008316380140620137,0.07794645593587446
129.125,0.3469424262514584,-0.08370521298100524,9.509805982871656,0.04303847333569145,-0.012419071842189811,0.0864540804618932
129.15,0.38837417509900923,0.00769968691484596,9.631284335916398,0.10020868612776204,-0.004121735092586572,0.056463786078992384
129.175,0.3482571123805429,0.20610055207785963,10.014178689731402,0.10706836162877079,0.042507644801866536,0.006393216602705889
129.2,0.2346156779220819,-0.02802488826294209,9.77219346016057,-0.020638922641766005,0.044659668608910914,-0.036610120648933354
129.225,0.23662057382234591,0.14715545577491157,9.742648464167877,0.008248078044083689,0.02216005130434683,-0.031231032015727897
129.25,0.18480353162705454,0.133492214801827,9.780993196977517,0.12594480958671694,0.0024309422809822285,-0.0062116206252592465
129.275,0.3365167835614227,0.5779944927318071,9.974599897808242,0.08671480592931351,0.0016273236112302888,0.0024654304909748326
129.3,0.4369689273106333,0.5353262648359828,9.707591255260068,-0.03569705380862657,0.01572659655186122,0.023066046914870485
129.325,0.47912865474534383,0.42505087288234483,9.727270767502562,-0.0024729024661477228,0.008827933637731385,0.04767321569897222
129.35,0.40586868853664343,0.15992140205100694,9.77508636746528,0.016197512624235057,-0.015007992369299944,0.028323521935500546
129.375,0.43240184557925976,0.27719858826003285,9.829200929879157,0.013805608919213305,-0.03498020147022968,-0.009383825044824686
129.4,0.5512475421955073,0.33235288046445666,9.693269262041131,0.02723493256000271,-0.03534337016210048,-0.018578967787174022
129.425,0.5659322303806171,0.4197821521370187,9.916685725334935,0.11011832553063701,-0.03468339845257106,-0.018356338009223143
129.45,0.4824167912296125,0.42451039859711026,9.843675004212434,0.08577606033846427,-0.0507152812480168,-0.011388820779461406
129.475,0.48645388146208207,0.3522239087167003,9.646461130589849,0.0761192130057902,-0.03713412233319824,-0.0228420295928844
129.5,0.4666243279552801,0.2966757973260568,9.584904301337088,-0.0013779776422316655,0.007299582849276356,-0.05411834776528253
129.525,0.5056477352740951,0.3611981383840018,9.585292903488506,-0.00554607489633195,0.03798446037895327,-0.05853262440694083
129.55,0.4091626707135172,0.38253278650719647,9.844259799597257,0.0347687807006578,0.017418299555958465,-0.0363785964843129
129.575,0.4063408465836712,0.41892779409817843,9.994046504578147,0.14934667365782978,-0.04972259856031395,-0.0034625883023482015
129.6,0.45137151988416435,0.5350637230265453,9.805130853505904,0.07156004930866096,-0.06740448920262386,0.0023568146459523993
129.625,0.5409513246876252,0.5254102131553806,9.523317297732692,-0.013412255891335685,-0.01569997977653277,-0.02501193189103539
129.65,0.5185984743458489,0.35400903686815394,9.488260020799748,-0.08506502826880366,0.052297425046580935,-0.05886968073741255
129.675,0.4814388618349938,0.2992061095436296,9.669088890045524,-0.05308315710029015,0.05707369096434555,-0.0767766041315471
129.7,0.4425752081287231,0.40278121646511267,10.033261687494486,-0.016975857336855093,0.0003091175218611666,-0.06877529275863843
129.725,0.5365832275748077,0.29391036322030323,9.77649540252979,0.023238835239107306,-0.06870464447921722,-0.03618475797506446
129.75,0.6880723604295108,0.4630812405302815,9.611462693895705,0.08302187306231046,-0.09469650440790876,-0.009263133171261475
129.775,0.7421339139311183,0.6107655014195844,9.553406881571933,0.08757846273177372,-0.08902727308405062,0.029971786846252596
129.8,0.8392263780756742,0.619083227731379,9.609287774418595,0.032416055227434334,-0.07294211024342666,0.07601362394812997
129.825,0.772502901450963,0.35814081055408165,9.75602080315712,0.08006513523413415,-0.05683111239590684,0.08493141716575564
129.85,0.7461983857758224,0.2289745660921868,9.78623826030868,0.07740729395426878,-0.05038553901758185,0.05980243900197684
129.875,0.7161890689038679,0.33566878486309343,9.749159029683646,0.07709330058984319,-0.06222357511139259,0.03028233289429609
129.9,0.7445201154937601,0.7322969427677405,9.772722727447105,0.08984242744587584,-0.052969416571883546,0.018752747336505247
129.925,0.6212640641204433,0.8672551364473264,9.749891047600855,0.03176324043992306,-0.03462729049130551,0.041674850437480634
129.95,0.5734057761780851,0.8249410454889502,9.678840783029969,-0.03898702392032125,-0.01023031532063341,0.07552374255342958
129.975,0.6345807521925729,0.6531573433968405,9.641214408355333,0.019026541311047904,0.012890935060108296,0.06645670373269397
130.0,0.51477972928364,0.563557689232064,9.815449959117874,-0.041409757217349796,0.02372276011574592,0.04243585832395665
130.025,0.47332740821041464,0.4881601108496144,9.941557441301544,-0.0898019406831093,0.0024674251755733095,0.006397789036086234
130.05,0.6280425688581116,0.4224632665864402,9.781152893502496,-0.011144623403396715,-0.011596881497380382,-0.021675704319172165
130.075,0.5547643806860612,0.5406589678716706,9.848577833427676,0.026061706477533596,-0.021728560863116288,-0.04672503876185374
130.1,0.496910259681173,0.4836895327975451,9.700631320487739,-0.013205723549432336,-0.01375462356126781,-0.04810276623255449
130.125,0.5375419268858586,0.4959511666022025,9.623853938957707,-0.013189706195487236,0.0031805895077378667,-0.04906308323841862
130.15,0.5776514961463259,0.569444724069149,9.773658855658036,-0.04299151861033101,-0.004217185903797804,-0.04185549350599478
130.175,0.7638980914318001,0.6324623603046866,9.661514982384217,-0.03795418364037459,-0.01992466380570495,-0.029838169371165395
130.2,0.7466907734873263,0.535543729381454,9.611663900448876,0.005191266269395636,-0.023094980333510436,0.014865174197263931
130.225,0.6565212130763101,0.4833308284965911,9.762171461928265,0.008016946130976893,-0.03459667205982725,0.06826229781598173
130.25,0.637319291064825,0.4783758042062253,9.751784386577294,0.0026457990174215637,-0.03823892848999733,0.05594207315157601
130.275,0.606034649552964,0.5415216679980627,9.673718417759524,0.009451886353424805,-0.039034853019436294,0.07023127758422842
130.3,0.6872735440122771,0.7233085457459745,9.630240669465778,0.05507804347454936,-0.05104607806202947,0.14428529886825214
130.325,0.7141580795809763,0.6424153743000939,9.49663609060456,0.0558994226979269,-0.004612711262934982,0.2200951826161656
130.35,0.670705543393467,0.14190860853061243,9.873795372749184,0.028759008417299167,-0.025402001557048658,0.22220619250315554
130.375,0.6544850321906204,-0.19679111515031003,9.521817646066394,0.04051990041037847,-0.07105842526512059,0.1743011779982404
130.4,0.7520223937494156,-0.1554188658303174,9.31739520120685,0.16755156945579133,-0.08020716040583105,0.08780605585911727
130.425,0.6289407827336135,0.25931865590349856,9.575219574860403,0.14816264041821328,-0.02267801925466182,-0.011505730441324484
130.45,0.7283120935758719,0.6768378748633488,9.7385389568873,0.05270417944451955,0.024372345590223162,-0.06511837191231529
130.475,0.8400920818638807,0.7755617286378739,9.717507084520847,0.003849805049138501,0.06294515483863192,-0.07544363268973917
130.5,0.7703456570827615,0.8403505531740738,9.881571350671246,0.007073929640553812,0.05559452032082021,-0.07513646204565665
130.525,0.8329069983494112,0.9129787408107333,9.898662082678156,-0.01534021405352564,0.03020309697489276,-0.07262281371523165
130.55,0.8708671815666514,0.9506945902603648,9.843010347391587,-0.03799429440081287,0.03435664659818814,-0.09065947291657704
130.575,0.7807833329113639,0.7447326077357068,9.791423124884808,-0.09119454426918186,0.04846663223112807,-0.10614072342748003
130.6,0.6152075260936567,0.6349342158683535,9.822760111115274,-0.08882522133681811,0.04208761077971051,-0.131692314222664
130.625,0.5983183214308826,0.7579084896720061,9.583349452870236,-0.04571110372324427,0.05431524809358285,-0.14697278784501352
130.65,0.5413417763328356,0.871289165605639,9.671832889939116,-0.07331193924705781,0.07482623665462168,-0.1512313293366895
130.675,0.575242290044743,0.8103103580330105,9.609627770124996,-0.09283035362197765,0.0586320749242167,-0.13853480496431075
130.7,0.5143347894761101,0.49315423002356135,9.900586994337832,-0.05781428045556453,0.043907517441143636,-0.13058749957618837
130.725,0.33972909687008124,0.30036341134058214,9.918687701260923,-0.0454731600955742,-0.05021168622846852,-0.12417774943610511
130.75,0.656291249835837,0.7185547328437776,9.567207602893893,0.02789981384862523,-0.07830933452007485,-0.04066175123177888
130.775,0.7355279689279723,0.3752958502821786,9.565091755291565,0.039807703007416526,-0.04731112749121923,-0.00414748620044974
130.8,0.6499829903482168,0.28142136590731814,9.877748484616463,-0.01718859692338163,-0.0514957304398049,-0.0028643937013733242
130.825,0.669986400014227,0.1366106982643418,9.817318858616222,0.039668115337475614,-0.09469621523636243,-0.03130525902274647
130.85,0.7200322526101087,0.43162600558650255,9.650598070825488,0.12367833319533475,-0.05836922766881922,-0.05175158651065016
130.875,0.7218882421511594,0.6336501557006853,9.632152186204099,0.03437377897115816,0.007006828710538547,-0.06960099056524367
130.9,0.6350817882250277,0.4892086202022435,9.788758825161784,-0.041774972776142116,0.043586138237630426,-0.08369084492393869
130.925,0.5626325949944374,0.6174274015496505,9.807802690972657,-0.05449255361209583,0.0468441826221961,-0.08996280940639416
130.95,0.7460317252680824,0.7975669125813462,9.632411571456494,-0.014958792379893917,0.03206731514286614,-0.013942445770500068
130.975,0.7638835792478459,0.6892175662250333,9.5488821645231,-0.02100435925264885,0.06986944599464594,0.06833994740842958
131.0,0.559393423212367,0.1915899146601993,9.874200784942609,0.03214035688972007,0.03526689526902113,0.10978845578240601
131.025,0.6148676026264499,0.04554747815897871,9.665543941968023,0.09282174945522748,-0.029738555951841238,0.11037201544762236
131.05,0.6474826963755418,0.37916521510278905,9.49673858939522,0.17156432514303768,-0.06867144501460908,0.13106793555946314
131.075,0.6156605134593197,0.8358567263432288,9.706902305401028,0.18982063070178898,-0.08458370848149248,0.20172013693851423
131.1,0.6295799827939704,0.8959263401040507,9.598563664842512,0.15771393906908146,-0.06777507897294921,0.2640283544499048
131.125,0.6226586588880088,0.6888963563136766,9.688077060958099,0.1324534331528437,-0.05073346097540208,0.2621829756591425
131.15,0.8143079307366673,0.5045311489326787,9.703960663579693,0.15794744482909376,-0.03991927427935367,0.1653776801595975
131.175,0.8937164237371594,0.5402438026502348,9.702030056203572,0.1282351156482394,-0.04006360970959674,0.05511592022927472
131.2,0.7832035947951046,0.700928109275909,9.620533981399626,0.12245021391224216,-0.05405090121383366,0.05154836318272901
131.225,0.7627791118951451,0.9355170795253064,9.490216853206142,0.18362264848319276,-0.06814818556205851,0.16526498981519672
131.25,0.7181530526998385,0.9765501399992226,9.601068232452596,0.2478773355025159,-0.09105291538792086,0.2824069351194005
131.275,0.7384893290198558,0.735086233486206,9.620877906703049,0.170403221854279,-0.10828116980557383,0.28743009549317877
131.3,0.8529914894120694,0.873998625457892,9.73099064025926,0.14855417821523392,-0.09665597357617245,0.2045166468452844
131.325,0.8836632212849782,1.1636336528284184,9.848024085534492,0.15307464215425112,-0.08975777943485783,0.10220060333614171
131.35,1.114555438761649,1.783809147041968,9.562975262827425,0.1397129211984687,-0.04296887404764524,0.04747521464162194
131.375,1.0919181662156203,1.5599511420999308,9.474183890205712,0.021153846108595106,0.04260722577555278,0.07064404255508702
131.4,0.9850211021483598,1.3228106066563714,9.687978228534261,0.005835027067423238,0.09418515915531035,0.06894247578968497
131.425,0.832161807540901,1.0199294461266495,9.96130231403219,-0.03153383074395331,0.08934170869754048,0.040172793960783
131.45,0.7198609693649051,0.8962177562505482,9.843988070127333,-0.009014362764097372,0.04694437142712358,-0.007263169023884664
131.475,0.6661397405617079,0.9338852176641577,9.484510052951695,-0.034844810950786474,0.07040866485873243,-0.06569266710687462
131.5,0.687200800578489,1.2911692806753146,9.753232273979672,-0.032656234691383346,0.08651338598401909,-0.07097307253009003
131.525,0.7196873446869448,1.5000416221045443,9.798272489385027,-0.0826983011067149,0.07746252184378193,-0.03892744004766718
131.55,0.7539903091294953,1.3806750799831649,9.719135945984153,-0.08140346766238743,0.054513434856752745,-0.015591190867192222
131.575,0.8112234871773184,1.345553081718474,9.594551148234022,-0.022795034284736206,0.04931673504485162,-0.0016668144688609951
131.6,0.8266332240503226,1.2973108787322138,9.700016196859323,-0.04753484751568903,0.06169499494867702,-0.005113726717659892
131.625,0.7974293360841921,0.9744783408465628,9.8106852713832,-0.1860116511018816,0.048392773110814656,-0.038696305069051334
131.65,0.8897252883140292,0.7500593028192896,9.72682876638865,-0.14592545242108523,0.025421326621741618,-0.09047086665602541
131.675,0.8511824882949401,0.8421057547293685,9.47823894358117,-0.06684603428303872,0.04437314331140526,-0.11063276649481521
131.7,0.7088766814710907,0.7756872092399683,9.764120462132626,-0.07109611128222484,0.03744034645914293,-0.11435600665712686
131.725,0.6645243783677567,1.016217870524645,9.711721342107705,-0.0381110461431228,0.017089066083395898,-0.09200624616988834
131.75,0.6534988197352551,0.9624676904255145,9.669520123651928,-0.002787151266783367,-0.0027490005232756044,-0.04946844852973558
131.775,0.7239665178865308,1.0660728274508053,9.796620973563451,-0.037947363359398675,0.011357787942119724,-0.036216346628720114
131.8,0.7939868557976937,0.9638432709824291,9.722528971889277,-0.04062255387510786,0.0042142287988887845,-0.027652542890204076
131.825,0.8074500614601796,0.9903713964520622,9.541153981280438,0.007691906773212486,-0.01919838576019499,0.0025751033755851875
131.85,0.8325137928903632,0.9701762289567746,9.4033785071073,0.03526717656869387,0.002630483543195915,0.02697197484800744
131.875,0.8279806242338381,0.8433726388490317,9.583633258597294,-0.03791887399951642,0.048056333427925195,0.0228555057934161
131.9,0.8083226257367384,0.7400568084951862,9.675719846564181,-0.07404997614006252,0.0455809109898974,-0.0034196407687390553
131.925,0.7517451819359408,0.6891081636374592,9.660547649158111,-0.019854363100434445,0.02973275553749325,-0.02004030865590077
131.95,0.6259949659457875,0.9487185310641053,9.930623811499462,0.036821563606522945,0.006131002482035173,0.006789759357743332
131.975,0.565166662813818,0.8540128915936234,9.917020123706354,0.026257802827696432,-0.03274952273699714,0.0627046180529052
132.0,0.5932138070482668,0.7648439797440745,9.774410966073125,-0.006488133042629049,-0.05820914925868751,0.09161792978561012
132.025,0.7410512571345681,0.7236580523266251,9.605502917476425,0.058407262175008454,-0.06393103439107992,0.0885083749817292
132.05,0.8360916123005995,0.9196589468451963,9.699575329860899,0.09014493582483984,-0.03388510797718883,0.06993240302256001
132.075,0.7555103922016628,0.9242449081774086,9.848354622002066,0.06065682625303549,-0.027299709578413905,0.099906641074772
132.1,0.6978610504173064,0.8864239040245396,9.874125596715862,-0.006660336350143428,-0.037196466815023775,0.09876812086995375
132.125,0.6191520481527679,1.0366489443944986,9.7549597917953,0.017615076872443135,-0.03301434024749031,0.057114183298029045
132.15,0.5430679794640185,1.24611533815947,9.60084706094913,-0.013620459459336091,0.012158350579567228,0.03050260146775877
132.175,0.566776210371413,1.109712456041921,9.656179386539764,-0.07341360016717029,0.0545773777963226,0.03931098885009542
132.2,0.5820722293823731,1.1425236670303638,9.702029598108394,-0.06400405592474835,0.06120137198443512,0.06375699136882548
132.225,0.6306098443873974,1.0072874625204176,9.862822215751022,-0.021910499779769277,0.03142967911269738,0.09072412307800834
132.25,0.6224327706936326,0.9250261858214567,9.714290826180791,-0.04306086171861827,-0.0009454845833311216,0.06265488239517107
132.275,0.6110485897672868,0.5829468081692374,9.51296053073893,-0.07343459424050264,-0.003284410913341603,-0.009796226094014975
132.3,0.6777378392854043,0.6893666030992598,9.549821027843043,-0.052200133798953975,-0.003226794718511434,-0.0524355236859125
132.325,0.7363103533484977,0.8056178065176731,9.638447461186031,0.0046140663070615,-0.026164161446762743,-0.01250120081839236
132.35,0.7536440828480435,0.9354904979487669,9.60703205033275,0.03920893094434852,-0.042354221986112196,0.04416683590831971
132.375,0.7855350780195482,0.8388456686093603,9.659543027613012,0.03325437673128582,-0.04721958103936945,0.06662006379222507
132.4,0.7487406496833463,0.8665486784071565,9.881476205818874,0.04850474812850266,-0.06898518621691173,0.04519399559242941
132.425,0.8273928588501228,0.9867054941788265,9.76018548387033,0.04591959099880541,-0.08176362420590637,0.04282759533545808
132.45,0.9329252268190643,1.168655299995378,9.4857100994582,0.04353926342764174,-0.03932492486094903,0.06404843814535317
132.475,0.8585785190097537,0.9715835773355596,9.536451627566924,0.0020665676889873898,0.028950694123109102,0.07547484525838401
132.5,0.74970479507817,0.9026532826440998,9.956210705098334,-0.00039341352223954014,0.04282178001064457,0.05655705324290225
132.525,0.6747881560703883,0.8925458610197646,10.043369909172748,-0.026219764809892302,0.009830773339396413,0.02941955074203795
132.55,0.7648689746482012,1.144940827794768,9.651110756762003,-0.021275903974925466,0.00980602649307557,0.01819445686100167
132.575,0.8281703612542537,0.9939831241539919,9.4690693592002,-0.06298072333393027,0.05678956634201008,0.017059678690449262
132.6,0.7223287936116697,0.8196021915635558,9.683457498013544,-0.09716488589377939,0.07338202299485734,0.00679820251471349
132.625,0.6107703582677527,0.6508643210165008,9.787727016224105,-0.0756900464048047,0.030403442539561218,0.005542336689710515
132.65,0.7183690782029288,0.5703355833583434,9.587739618869934,0.011422041663127136,-0.00517892237288173,0.0007435867813866739
132.675,0.710535373268084,0.6389658210628413,9.539466405504571,0.020281489228763907,-0.005330067305838334,-0.004385793107154849
132.7,0.7275338389828235,0.8601846547799861,9.629734884339493,0.015595477969733948,0.01175762510748979,-0.01385581974216137
132.725,0.7399146777595312,1.0455011483018803,9.787605492008986,0.015650569078828707,0.021940689740697433,-0.01575290926182415
132.75,0.7928606525003342,0.9307580365645185,9.667226231463102,-0.026997749755464682,0.039093341588110724,-0.016569073589570403
132.775,0.7313116550770034,0.852220892093214,9.60192835779576,-0.05007106083244143,0.07315749350493954,-0.029521898112903892
132.8,0.6435343593021607,0.7655233544672009,9.623526284942638,-0.04131677760946981,0.08260733249476856,-0.021409977605508328
132.825,0.6432526334325287,0.7285563100339133,9.742178168427063,-0.04911657409813855,0.059716530453412894,-0.0012093231448524148
132.85,0.7420716930637153,0.7179450944999005,9.588486543438911,-0.03208075599777383,0.04106968690944396,0.00499715576818916
132.875,0.7422033819457576,0.7138848498645174,9.632970971012382,0.02647061096000676,0.031163162499101903,0.0026127861486426227
132.9,0.675970319650515,0.7664404185751853,9.792235107482249,0.04194410205881879,0.00039077129107738376,0.021194587287264248
132.925,0.6382957756089275,1.005358728363573,9.898393841758418,0.08576513610668642,-0.030030620423744273,0.05817183985027935
132.95,0.6707205175229138,1.014210348222758,9.773215462767956,0.06538814199115237,-0.03497939123378084,0.09793910122550131
132.975,0.6600335820141432,0.7222708985229996,9.702859717811103,-0.04840876719117853,-0.013312021415896647,0.05667165451840087
133.0,0.6429481831314765,0.5833050371353296,9.733442849236825,-0.06513658881047349,-0.011542637482011788,-0.007329036027620259
133.025,0.6369253734525563,0.8670169780235291,9.794083756700537,0.020388777588061742,-0.026241951729864352,-0.02139783061134985
133.05,0.7574431655451155,0.9857647173778342,9.611121024221005,0.01949314105123276,-0.045206543606387116,0.039647427068103216
133.075,0.8847057138424659,0.9398594764022798,9.57869597453961,-0.008529114011826459,-0.023022071151890044,0.0738158081988579
133.1,0.788355380601033,0.7710723360270557,9.730277010966399,0.01616173049329766,-0.009448227963272876,0.04266948333195565
133.125,0.6956697574872307,0.8488226519581087,9.728853811181535,0.011147679558615908,-0.023394355978094906,0.011319224965897275
133.15,0.7139865869117936,0.7960640823461477,9.592899676601775,0.01601642736112204,-0.027388497996256887,0.0067929991237253825
133.175,0.6791512575315727,0.8077441976022098,9.640512375796176,0.0014169184546242606,-0.012215231672052955,0.023206806809447516
133.2,0.7019815125953144,0.7408620716030717,9.614348665402582,-0.022423404934635786,-0.010682259375254388,0.030084892417576326
133.225,0.7037069670551013,0.8321996516310843,9.713083746232718,0.007299433099933191,-0.008942209018197754,0.01089421150402646
133.25,0.7363529256630574,0.8050280016205843,9.693523128878592,0.012600193392760774,-0.016576299988976098,0.0035060698995454664
133.275,0.8149570005786438,0.9293961506051569,9.527554485518422,0.01798822884101242,-0.03445073112594793,0.022656079913590768
133.3,0.8399859735157912,0.7988632408644905,9.551738810903815,0.047868661906728886,-0.019376659173750616,0.042776982368133314
133.325,0.7737110964886305,0.8797823394889869,9.835394746112007,-0.005464559543551659,-0.021241886236611978,0.046419805687936834
133.35,0.7413761793697444,0.897528347236967,9.826891679493226,0.005262021832156517,-0.024340178529847725,0.026550149554626767
133.375,0.7504275311535675,0.9744695632972905,9.625943400595286,0.009480514162700376,-0.015378879183473507,0.007323271350357214
133.4,0.7521747865234117,0.844641082061493,9.498940445319912,-0.035169740501105405,0.0042220991903095945,-0.0027529802963503678
133.425,0.7664172113071943,0.8142173953212459,9.60394644026977,-0.04719917470579719,0.023814569066416696,-0.01568453178365563
133.45,0.74064624891375,0.8173315492544484,9.758650973101217,-0.01925598222039325,0.008043502275837127,-0.004869256705751093
133.475,0.7056891931021275,0.8190850785935488,9.661847876844744,0.008876356070892323,-0.029167393046604134,0.01102401890272517
133.5,0.7766995429430114,0.885018747138568,9.425170783266445,0.04248470734507136,-0.03594111716964338,0.03907581679762569
133.525,0.7715787255131994,0.8444687058433702,9.486041258751758,0.029432772861023044,-0.007012288748862776,0.055991507750854486
133.55,0.7891426913243089,0.7419912004249213,9.697645067675884,-0.017565930211957084,-0.0037443271211510705,0.04522701193090769
133.575,0.7708167240309292,0.6810212215283766,9.837613463787712,-0.003825329607629392,-0.02471118767445714,0.003836467399933373
133.6,0.8218958715462508,0.8171554213886415,9.614183030615518,0.05970360912892873,-0.03709777722048177,-0.028867830733874035
133.625,0.7929199472614294,0.9917373019720271,9.492043385840331,0.03958852995507824,-0.02092362475408992,-0.02377840936955011
133.65,0.8033257873170481,0.9856306552647496,9.591338483517555,0.002278286259760719,0.0012071922676186646,-0.009431905880975871
133.675,0.7698116589350235,0.9494270501760578,9.77642061078914,0.016871155672788667,0.010537691576791573,-0.0036449428660744188
133.7,0.7376375457488661,0.8059559988150967,9.857813795885098,-0.0018983068710155258,-0.010589571558211284,0.004207712114317938
133.725,0.8129663275744735,0.8558049818214375,9.637732407694493,0.04385520342032303,-0.021077960564017593,-0.0018819190800368174
133.75,0.7855906319610095,0.8228851031338301,9.685971242090362,0.03225106526013772,-0.006127147958144647,-0.022679452010252402
133.775,0.7769654013021136,0.933854026279019,9.810524199498358,0.0072268398825862815,-0.00882843727336726,-0.03995814111819617
133.8,0.9076326001216781,0.983827092265396,9.823061363674105,0.0210795434287873,-0.024113355360603068,-0.023068492171946245
133.825,0.8890927513086835,1.2188565778308846,9.72643842853543,0.0552208273462042,-0.03866995014199268,-0.006000976188630147
133.85,0.8452042860770769,1.0645546772272072,9.56995433855275,-0.00798572538866767,-0.006050752238570858,0.0001690602384310559
133.875,0.8413188738694789,0.8625390486452953,9.567278459326772,-0.07380761425069292,0.02029691065085582,-0.007671901175855061
133.9,0.8255263624408122,0.7728057628899307,9.729242402645406,-0.004231661808369159,0.008049145036047855,-0.01739433719715287
133.925,0.826130210477211,0.8509771958855895,9.887367204988221,0.009297125291588264,-0.02306540806167292,-0.03849542648498681
133.95,0.9621985970649097,0.9961027137495091,9.542434297736463,0.02775152448565854,-0.021941287453184664,-0.02751628980474322
133.975,0.923644789679496,1.004993166849587,9.637033262449421,0.05648913495781571,0.00736865425454001,-0.0048802933512988944
134.0,0.7233859559502291,1.2280521448455375,9.94940537380829,0.0567150088864139,0.022285252981805677,-0.022848247975521315
134.025,0.7076407859386313,1.244191977075145,9.793862608927032,-0.08201246659609382,0.03286526299492197,-0.026108575776920634
134.05,0.7068569785545384,0.9781808330574647,9.592992067208268,-0.09551693943667011,0.049795997504910386,-0.027791371739128864
134.075,0.6020788531477399,0.6894511341230244,9.760281879732714,-0.07456222434509001,0.05272392056599153,-0.05460568187344136
134.1,0.6906815734118797,0.7607584658650077,9.803263144577219,-0.005320095954616237,0.009592526051053487,-0.09501353486211075
134.125,0.8299853790994687,0.9285178632778572,9.609998151881614,0.03940499957540239,-0.022638494687107442,-0.08760002348038695
134.15,0.8613934920445893,1.0400122663180746,9.567596962064203,0.049922345921706156,-0.00620841646488922,-0.0708511276527904
134.175,0.7712467696966833,1.0314307100198883,9.55162297926621,0.00706941606853572,0.013730048025050517,-0.04857238976702438
134.2,0.6840032318281658,0.970676728346882,9.682696448946617,-0.007054921834702877,0.040608458159409576,-0.03739321768478495
134.225,0.6836644011804751,0.8473103395571634,9.754720530265132,-0.03788849939598648,0.030631991067741716,-0.039355256456363286
134.25,0.8233024473228869,0.7833314775007083,9.749793857301484,-0.03805064340309766,0.019320291505580064,-0.06787060108581411
134.275,0.8884506243422597,0.818574508342491,9.640314093385323,-0.004763212257142034,0.005428930823627659,-0.09138580935848671
134.3,0.8947162039294544,1.0830876479213203,9.64894916000853,0.04809935944929656,-0.007791906954175469,-0.04869988111468895
134.325,0.8947843138637096,1.09613205440005,9.635302083154693,0.0123018941898445,0.003207031808858979,0.0028838339617316406
134.35,0.8228206902482077,1.0633592028273713,9.658663956130155,-0.009851318598737738,0.028008953010903944,0.012721968837374928
134.375,0.7841721710489673,1.0031261415906645,9.787377402202276,-0.048322373029504186,0.040694473789755686,0.02578985028596199
134.4,0.7660519001201213,0.8561038693753845,9.866914221695648,-0.030686637062795175,0.030915443158419244,0.025303904996953216
134.425,0.7540241892234265,0.81177822087372,9.724907027126173,-0.017177377471472282,0.011934706539124885,0.00023363224847223102
134.45,0.7995853590543891,1.0456521133065326,9.545223090534838,0.032262052569842346,0.026013888191759676,-0.008503096325889492
134.475,0.7000575020078565,1.0327934112233224,9.740115656607689,-0.018318667715984407,0.04347827892014632,0.02211005186003214
134.5,0.7100870121822571,1.0670217173191252,9.809975085867265,-0.01684521314205359,0.028506780824965067,0.044533461533954315
134.525,0.7151346483404286,1.1376578650201623,9.78076020956816,0.012326477239755232,0.02435867147883838,0.0708982332970563
134.55,0.7521500295065683,1.0742233344015881,9.712225916106226,-0.025490272647537653,0.021911787391924994,0.06681550476981575
134.575,0.8451353187675317,0.9160431188577429,9.596603773034243,-0.0800072474647147,0.05148948984401888,0.03476557607350377
134.6,0.690965486495118,0.7314148224773369,9.601813659382794,-0.06499179623443704,0.09750585600298016,-0.01781967060154337
134.625,0.5444581077058118,0.8005396474201684,9.682787429240134,-0.07736747772120257,0.12116018271455556,-0.06409305588466462
134.65,0.52286493804972,0.7862625703438552,9.673694935118046,-0.09326449992419823,0.1288312128374777,-0.08171345054343102
134.675,0.48096841710778987,0.7565614143787422,9.680363014399102,-0.08597334363684746,0.12249783812417796,-0.09178664317210444
134.7,0.48157517180711085,0.8363269896361053,9.63500948470629,-0.05952851746141718,0.10748636080457913,-0.09188375771502591
134.725,0.5056859020107698,0.9923265971619126,9.604324533185382,-0.02715350212695472,0.08005824315427644,-0.06243956853864556
134.75,0.4856186859662645,1.0014157108245212,9.663587730062122,-0.006695993843014729,0.05885408009326131,-0.014052980069376424
134.775,0.4828702879416853,0.8527815966473895,9.722907876092606,-0.022998105974309426,0.0401371278063984,0.024086468774963107
134.8,0.4653429212206586,0.7527604333362371,9.75048020660184,-0.021617753061726915,0.02566814920714352,0.003217780887819147
134.825,0.47874137967483604,0.8214419909554947,9.796991925931966,0.002726034803347249,0.00080496304023667,-0.021417748942285986
134.85,0.5326467738221773,0.9167542721640074,9.68831930925854,0.012087613782100057,-0.018200650402124055,-0.02667484050551092
134.875,0.4778216064129305,0.8338307452373672,9.696737477324982,-0.03456979455631377,-0.012681943082499135,-0.025525898965296237
134.9,0.4999896330056266,0.8313008824532863,9.706998635655271,-0.021161382611443187,-0.01778212602054762,-0.03396820126473395
134.925,0.5217885401253209,0.9347686390876314,9.729488105334276,0.0175947263245475,-0.02476988563744638,-0.017369183201063388
134.95,0.5185183703921338,0.9789982705495264,9.70140956404985,0.004559493194937585,-0.02315512196057644,0.03109283163039591
134.975,0.5493646027655293,0.8063636867419122,9.622245104423461,-0.036816667449124534,-0.018102580237855298,0.05101870911413366
135.0,0.5481501902998621,0.6732306934788814,9.567421341252833,-0.010095839285849959,-0.015440552984607956,0.03714959482475957
135.025,0.5452217044653693,0.5658333326464766,9.545001645247948,-0.019582600164073864,-0.020473836223213766,0.028971373631897994
135.05,0.4488594474291036,0.6238434942424247,9.673647297321732,-0.010065576400645239,-0.033257119028024695,0.0358271030182259
135.075,0.4401713286446882,0.5557989080627582,9.688554540548626,0.008413819507943879,-0.05034821499398702,0.05498997022373265
135.1,0.5262543948615117,0.566934585641094,9.62473140482512,0.038148884884905775,-0.07099470444696222,0.06234400124732682
135.125,0.6497570510041759,0.781432793263365,9.68294477751164,0.07348475466879789,-0.08207014232141563,0.0553135778955689
135.15,0.6452993401164563,0.9892075236290134,9.866025750035067,0.07787755089618119,-0.08883776703117757,0.05675297606581462
135.175,0.5992563971111465,1.1146528722553137,9.900595813029453,0.05108846644236094,-0.09293238067933739,0.055455015281203196
135.2,0.7267448007395123,1.260406873348538,9.592524350028404,0.009972799775541179,-0.0724531642578001,0.046687657680260675
135.225,0.7084224653968527,1.169803529379231,9.636873957007166,-0.03296196017620284,-0.015343465628921674,0.05023052042171689
135.25,0.5823011476049716,0.9123654525527535,9.754711657881394,-0.05206430769604584,-0.006381842538127756,0.03671772985833962
135.275,0.6363101069772858,0.7705094962385209,9.714938319038717,-0.02012276384732517,-0.021486197451612538,0.04375987869287462
135.3,0.690017459869294,0.7466449966453611,9.714175538925318,0.00868950898813478,-0.012802630723388848,0.03253529678834457
135.325,0.7339202726661941,0.7611269346530019,9.562613594892314,0.009783748846221445,0.006067285764454097,-0.0047470033670214745
135.35,0.8073230196343709,0.610035172843956,9.404142962278684,-0.03193393307304317,0.06106845591329504,-0.04754363209571119
135.375,0.7016771435253497,0.689546198455497,9.683637162669958,-0.07243588605582903,0.09963801453042527,-0.08658302505538668
135.4,0.6005660191567067,0.835218741262114,9.97824111567664,-0.04850813762615269,0.0832188688513873,-0.09854756718020911
135.425,0.5360759045992529,0.9281093372929676,9.886244420250124,-0.018053659972741627,0.046870037794340166,-0.08560747832254932
135.45,0.5582403351482367,0.9661895724179419,9.76545262732831,-0.05320379728929234,0.02868782440648475,-0.04249611325548005
135.475,0.6402994376211704,0.8209759870626974,9.811051092122772,-0.07236664610537798,0.009658919999848362,-0.008185557396751388
135.5,0.6552626554170924,0.7393562697091828,9.692341297167495,-0.03785943425033049,-0.015295118873047422,0.0235325229821252
135.525,0.7351571533821639,0.6148588058393545,9.469045135145194,-0.0013399650544045417,-0.010753753151475016,0.022574338745799748
135.55,0.6617939654313627,0.7818418583622354,9.621940188907033,0.01822439979023653,0.005913975155360385,0.013342838796425848
135.575,0.6453701333206373,0.6509259593663913,9.60005597169671,0.011315500745745905,-0.01754552100865771,0.02641328388155806
135.6,0.6722982040047146,0.6898520486998235,9.576442364296758,0.04356742982214779,-0.03468952062539616,0.038793887501414985
135.625,0.6476971282132744,0.725797583313512,9.690269120207835,0.056238985508891226,-0.028780592811743333,0.04489747026654565
135.65,0.6408777728825356,0.9119266355393445,9.818229086550385,0.02269893526512737,-0.025099567088464773,0.0284581634298704
135.675,0.6871943810267891,1.1056012487988518,9.78631093275365,0.03519033454817746,-0.02434731828896283,0.01869603063549276
135.7,0.7701809967331217,0.9870461552695147,9.509880489766884,-0.015510852436730583,-0.02396709344390298,0.02639499760441724
135.725,0.7695019083257277,0.5773139213419096,9.2695560494063,-0.06225774718573556,0.013174549678906841,0.045234974766380186
135.75,0.5806540138827259,0.3840567029719613,9.464004622194464,-0.010260651604550987,0.053688512669108325,0.05228602702471301
135.775,0.42215509051518824,0.44877077623617834,9.898995090327832,0.0691440015691337,0.022143325210130568,0.027164668830045275
135.8,0.5585560929082266,0.9214526519349088,10.092461026903509,0.1666133435388287,-0.055490408852050914,0.010170972335252573
135.825,0.726506406801607,1.3689564673208752,9.60468316525733,0.2692045283384245,-0.06926823956248788,0.03406227954791303
135.85,0.621118378738536,1.3407741815336127,9.887380925909554,0.08305758815929704,-0.0027826422003056394,0.06408280896266706
135.875,0.4431713229685765,1.0138006299637072,9.91086256074543,-0.0910569582211366,0.01339650859490621,0.029059312431315126
135.9,0.47989817469946044,0.8347295329270232,9.810105084576085,-0.07205524761850897,0.025082749197800566,0.003811952297129782
135.925,0.5474011929828436,0.6878456568797924,9.75670614837905,0.09257250984799692,-0.01321779896736946,-0.014371359744322066
135.95,0.5590226038945855,0.7804327504751876,9.826753009279294,0.24417853833212275,-0.09532911381842427,0.024620905112972043
135.975,0.5743634371997547,1.1328280440704013,9.775062005589618,0.36329326271218937,-0.15503650830209106,0.09090334928058368
136.0,0.7062948360289559,1.4067049859613956,9.658424073747495,0.27341077741478553,-0.1477906426414635,0.1184620648818254
136.025,0.7527073613961099,1.4477818426463502,9.710344198775532,-0.0385112876317618,-0.05812251385120185,0.043510241559437
136.05,0.6041363083055701,1.2393133111608647,9.958980827627464,-0.2083330136304937,-0.05435048019532954,-0.039888344051534755
136.075,0.6320813246891734,0.9834803414836282,9.581475716160817,-0.28684383505257666,-0.07220999655036812,-0.036308279779218716
136.1,0.6450405308975319,0.942953142439922,9.597708082350655,-0.26802059838163245,-0.04019870390837148,-0.0158723770191723
136.125,0.7097461742693216,0.5726537268084602,9.710500434754712,-0.19466596622238924,-0.051328217987754436,-0.04265678156993532
136.15,0.8367283135068954,0.6426524433527377,9.938289188642615,0.009701636866481097,-0.052778884361863294,-0.11705160272558422
136.175,0.8849707541243756,0.7186327317201623,9.712706268748683,-0.12598843275894367,-0.0965503915636981,-0.12563688095794845
136.2,0.8980238009982107,1.0068493481708505,9.801303902001644,0.012069580793947758,-0.1094856088617371,-0.10676504601054168
136.225,0.8181062827392248,1.1105850018803007,9.703483984015593,-0.07046972913703214,-0.05452429928493614,-0.10108039723329165
136.25,0.757109004894138,0.8943946655122088,9.657560772645521,-0.09556363588110212,-0.01953765004078633,-0.07658253726580164
136.275,0.7451549616682561,0.6399407073837136,9.572794097888893,0.17427846521165288,-0.040406860170857005,-0.022429847070444195
136.3,0.8495767491039075,0.545192310162241,9.6270355478668,0.24021964693873452,-0.09242738868152842,0.023111936204987825
136.325,0.9128781161282408,0.7243427699793543,9.606641169691246,0.07358252140977421,-0.11422810230178398,-0.015350654595595864
136.35,1.1080995119130799,0.8988315802698502,9.663811443971037,-0.24282776467560882,-0.06236318176499421,-0.08163899590142835
136.375,1.176882555346447,0.7877028944074502,9.460128858312519,-0.18769557372058981,-0.04324019579794877,-0.09908605995826905
136.4,1.154340298670748,0.6231015115720044,9.454293221704063,-0.0434460394567826,-0.016684591726997534,-0.08104245679533102
136.425,1.145150098947404,0.8776065549284355,9.757515168121513,0.16591345599780155,-0.007418887528136449,-0.08210379072071171
136.45,1.2786467364242733,1.6076928014131182,9.756849455513649,0.07564091759155928,0.017915726187385572,-0.0738856679071494
136.475,1.091030350217107,1.7832699622797725,9.791580895299075,-0.10726557149020544,0.05258923821937652,0.036692573954211674
136.5,0.9269937085602739,0.8612545970232536,9.767875597645682,-0.07733139949059761,0.04763246992610756,0.06542911499144748
136.525,0.9240586458597725,0.8868093806773679,9.835324773054545,-0.0858407661724091,-0.014047145845302077,0.07389067436107616
136.55,0.9775999426710891,1.2648750842898773,9.646702501210152,-0.05807537241548727,-0.04312663606660177,0.12682062040291928
136.575,1.002684253967626,1.06276271687841,9.447171740501155,-0.055864665191092004,-0.04012269170294037,0.2204824893242046
136.6,0.7922460773810978,0.6511280803916173,9.67737580062461,-0.05660987445498392,-0.02116197538210748,0.21386581336463767
136.625,0.8356511315701508,0.260330019709432,9.823953730255534,-0.06806030176880151,-0.0006979181681315168,0.06347508666689844
136.65,1.084874748784006,0.22058516905269182,9.18072026713105,-0.09104768058457641,0.0042460850287895195,-0.08642977240567765
136.675,0.9034932602726944,1.4358532389487344,9.3367631001051,0.009851512309102202,0.0716025866835166,-0.03527156017889058
136.7,1.1160813821336855,0.8298344513650505,9.519197945653366,-0.04977397258042507,0.11207216604846706,0.06947491129730154
136.725,1.0319157586075467,0.15487147425966663,10.10934502936343,-0.13080897266597918,0.015159235961001839,-0.035539416091852016
136.75,0.9454358202244687,0.40235212532065356,9.492008172900372,-0.1201661161790131,-0.037258375233749384,-0.16980413281010875
136.775,0.7537898091135894,0.5080018943599939,8.706426369170027,-0.02375591533255745,0.059223630490590665,-0.19067228186924903
136.8,0.6946499121192603,0.7837446293747674,9.408305677697548,-0.003626413200972725,0.1646358818242209,-0.16521106163709795
136.825,0.6984531105610218,0.902484313881909,9.96022405341515,-0.06515447389190553,0.15645931614315378,-0.12693571915298574
136.85,0.6880290197966984,1.0133620545167754,10.082562104488577,-0.0879848359668397,0.04511656970697807,-0.0576174169480349
136.875,0.8480537714522702,0.22489217199159595,9.668651162015077,0.007219504990572278,-0.039277875897703665,-0.056113307928295324
136.9,0.9525259178748335,0.4003894591059005,9.492189817161929,0.0634644543687253,-0.035814269965989964,-0.11967141314233393
136.925,0.8857237635882568,0.7294518602574926,9.463835414311205,-0.03201715943891322,0.036488063061398915,-0.15096648384820582
136.95,0.6978231765808018,0.8988952665261314,9.56299016374024,-0.0684986433850146,0.08593154515207357,-0.08566279990281508
136.975,0.6985340313267928,0.7920167164758385,9.862469297867607,-0.020265978634264093,0.05824485438051945,-0.004209985057887537
137.0,0.7886288671782733,0.5343445636108385,9.910034676672057,0.05485397416245757,-0.024614310986311522,0.024163835772773784
137.025,0.913125239092893,1.0368393077995077,9.896957162081707,0.14173030250917373,-0.04880023951885244,0.009600049039496433
137.05,0.8487756623726133,1.286789498740727,9.691979950893806,0.06280913326330217,-0.012007883721364779,0.0107244958971007
137.075,1.1893146237672425,1.303497771424004,9.63940019055574,-0.0660760049931935,0.03631300176149392,0.08312559577656697
137.1,0.9949748976720972,0.8239082440226575,10.072881371326275,-0.09585176017201467,0.027181887282163034,0.13376738242451472
137.125,0.9256046421305887,0.48021615943547463,10.039173805644035,-0.014602244027604476,-0.02977852254509015,0.07954211061689177
137.15,0.7815601415893745,0.6817945049767986,9.627073863132932,0.05590998259273278,-0.05701724236762526,0.06744885541113203
137.175,0.9096732940194903,0.9473283869043589,9.63454026969154,0.045276285287933565,-0.04903063079774082,0.13460898956273792
137.2,1.1104170759446312,0.5935084488940684,9.664368968720924,-0.031224791800961466,-0.021213948283341406,0.1440850108866926
137.225,0.996948537791384,0.33330289442605365,9.47293807739103,-0.11322299964719705,0.028966119455219833,0.05710077876523883
137.25,1.109919141831719,0.17984075483587605,9.082598276527516,-0.21980887564787258,0.12559880493814782,-0.07797557188329678
137.275,0.858139658246891,0.47085291195912815,9.40640657269398,-0.26584223756279673,0.21383945479488312,-0.11954783264297456
137.3,0.897986864498648,0.4118107741339071,9.573293933542422,-0.21671924537100054,0.2422975858911811,-0.10213817217441165
137.325,0.748114400110148,0.7247725433183732,9.857933266818845,-0.07511280872392842,0.17195587089863149,-0.020068561933923323
137.35,0.35030070113719314,0.8370657711360187,10.03903218771223,0.15009300661217337,0.07590152008409723,0.08039062437275546
137.375,0.3163997347782391,0.07221881482758838,9.544307025979316,0.12451956733575385,0.08608577933472614,-0.032776989868648715
137.4,0.18075849965571836,0.1459915135761644,9.861521224467955,-0.028702279753696432,0.136705559731279,-0.1866687392936971
137.425,0.048971082468471906,0.6854456507031004,9.475528355194768,-0.024634509736361786,0.14953812084688603,-0.25037060024218344
137.45,-0.13833452480859043,2.518908028376689,10.077504375790339,0.023770124904169448,0.10362346170724172,0.04209423161013857
137.475,0.16556111234591514,1.945718948883149,11.102877555604307,0.2632551417015572,-0.19673692482351687,0.5053194251398603
137.5,0.36698716853506697,-0.0011066630063922,10.31452015332156,0.17734051039507379,-0.33828335097092077,0.5019211077078743
137.525,0.808568809261295,-0.047877629640777124,9.920699210182907,0.33957247744057617,-0.37109112332315747,0.2434761101168378
137.55,1.3412008589732622,0.058958486073981395,9.04630572270395,0.2445874922244448,-0.2825152068999437,-0.011335126405963809
137.575,1.550193834709114,0.3840794320042687,8.875487560568104,0.02512679177304792,-0.07540263743723716,-0.20173413681551877
137.6,1.6882045267062058,0.7650385890315345,9.023395622260354,-0.10729219816586279,0.11456142753697084,-0.24588096622640113
137.625,1.3742723100910332,0.5127006949037474,9.161373055050058,-0.1508718080317436,0.2861158047269745,-0.2799246311860899
137.65,1.390157910320266,0.463813282940737,9.559903208071027,-0.189085642410764,0.3223637340737894,-0.31469400578675133
137.675,1.2376265680069272,0.6966831129862658,10.130937683476548,-0.05605584652709182,0.24592496544753575,-0.3164402646594764
137.7,1.1146701173278217,1.0844750901936187,9.930347840376232,0.1304692576790129,0.11478923384511604,-0.22852217776605094
137.725,0.6225499646835734,1.4515430626932018,9.65673637876973,0.17165041881326965,0.11526441341303165,-0.010278360169738224
137.75,-0.17076941663485787,0.7457039411858226,9.736526274234212,-0.011652019356486729,0.15688053425210358,0.12064348305105675
137.775,-0.30707751552912366,1.1468577572692478,9.971229099838284,-0.08825651456819798,0.15546039504063555,0.1138294514266101
137.8,-0.5721144270523558,1.3649154334814317,10.624901247818576,0.0036557518567947598,0.07743671629914942,0.2763716551315757
137.825,-0.8175962224468626,0.512879240925595,10.550102374318755,-0.02135945746984723,-0.08182025450617983,0.3178739340479772
137.85,-0.43999260730457124,1.3421069444726381,10.036800932249312,0.08183432512189735,-0.17321189296170986,0.4147474672694998
137.875,0.12242097919141517,0.5114925018946795,9.673968566848114,0.11771357550581422,-0.2135960328173682,0.35736567242996176
137.9,0.6583952420713283,0.35729082526822276,9.078374255490186,-0.09331382713025514,-0.1551092733353493,0.13793564904217023
137.925,1.1363952182786718,0.7223171973731687,8.979464226601905,-0.22636107644899126,-0.03165094131738523,-0.0600135332119129
137.95,1.3081523545911404,1.3221947914737755,9.361969469160496,-0.14859517332174568,-0.0018327940298231002,-0.0654009358459388
137.975,1.2445186320852475,1.4883192082065795,9.606235752112582,-0.020037536364837304,-0.01198364699537482,0.03528332443404485
138.0,1.0621247856179,0.8520352722073689,10.007863485784199,0.12867678342157837,-0.06699510105079896,0.08949102867589266
138.025,0.9420985642538695,0.5654587619448085,10.162905451876625,0.17201697065305938,-0.11962857222217292,0.04276516892786536
138.05,0.7879533402251707,-0.0023647483086857712,9.901749545218282,0.04808388732465688,-0.1283028714270181,-0.10285501114351095
138.075,0.788176295201193,0.6014562780303215,9.106688670952678,-0.00807775191859365,-0.011464786471093233,-0.22121623234092452
138.1,0.6151886689684019,0.2013130344297003,9.285946742414238,-0.11633347551643004,0.17193633989303095,-0.30253843812556497
138.125,0.48332752112395677,0.26441607473174344,9.685461464946192,-0.303455438999376,0.2492555052886049,-0.36406242246353615
138.15,0.3955665213007155,0.6888118092901798,9.886515851308763,-0.17219322589361916,0.17641619703908282,-0.2528751231964436
138.175,0.43974910037138315,0.7576809409710189,9.963601836923473,-0.010914368310635657,0.04051723388158506,-0.04663153549868081
138.2,0.4938024814551807,0.8663736997708811,9.603630945625463,0.02283298886855319,-0.058550893799813895,0.1396309409965121
138.225,0.46199611971852456,0.2983657868984143,9.277454422438492,-0.017515304051363312,-0.045950307541362645,0.21786024833328932
138.25,0.45813733816448454,0.49273244172328906,9.360372878545116,0.01500039344821981,-0.03420069667490771,0.1794752693753364
138.275,0.37285289263192195,1.1099957068371458,9.933613139689765,0.08786478027222547,-0.07959207781926393,0.19915333649508804
138.3,0.38367716413551645,1.4844705469353225,10.382709517863603,0.16055528672655964,-0.2175218106900795,0.30199304697502793
138.325,0.6111820099526495,0.8306152006050572,9.88512841302636,0.12233511835381712,-0.2726911419593749,0.30290293205456026
138.35,0.8038190681990229,0.5340114704685123,9.643856836490146,0.027505055232291145,-0.21890108329220584,0.19279739240759294
138.375,0.9098147208086181,0.30505011816091576,9.445575471222648,0.01647626315002634,-0.17234030123845276,0.08203427702278138
138.4,1.0338108720200283,0.36061344365659054,9.32033876716342,0.07410744728110029,-0.11264990526434034,-0.00629486992828974
138.425,0.9467519367546826,0.5519876506101133,9.837475790518328,0.10004817484849987,-0.07491207814343223,-0.07977160490247327
138.45,1.3087792301914833,0.9971709801095753,9.651005097229547,0.045786469733989574,-0.034754267481132216,-0.11118162451209451
138.475,1.5622597888016887,1.0138868212922338,9.123577176005979,-0.03694089681701547,0.05100355094738356,-0.07393926944535134
138.5,1.573558229508903,0.5458771342435724,8.968827851047195,-0.152377034913482,0.22871225669651277,-0.08971491052084903
138.525,1.436828868276385,0.008996965820966304,9.442443412251068,-0.19143092609144738,0.34240226155844394,-0.20116293673645183
138.55,1.2618164289714213,0.12533197079026015,9.687959704177535,-0.17432700357608066,0.34605384813636286,-0.3286226650707469
138.575,0.7962512473591513,0.530796817645791,9.95251663552456,-0.10218512437433991,0.24983260333061053,-0.33105046289448153
138.6,0.5920766252678147,1.4717677274979275,9.523033264316894,0.12432410157716828,0.14629146244884764,-0.16404721165142475
138.625,0.37402758575000683,2.2220048336991,9.536773082592712,0.16919913552227409,0.129344119372867,0.1875568579369272
138.65,0.0498685056881611,1.2984352734415792,10.391894828075298,-0.03156965861295257,0.07612740124634508,0.4297791360356382
138.675,-0.24058710874954764,0.2032383861619041,10.46473323309987,0.012334581382031116,-0.1387909082920895,0.4256629372303711
138.7,-0.06844594706275187,0.4665200127129395,9.733764522765588,0.20820552440432422,-0.24251092129069435,0.392816052048868
138.725,0.10695384491056853,1.1960750346286353,9.725411902020909,0.244755438400728,-0.28895900787959816,0.4327321512581493
138.75,0.4657805736045325,1.198020810121281,9.769983493494857,0.15686593252085446,-0.31665682634500975,0.515510145329332
138.775,0.6973311810978682,1.0028556821559627,9.704168994417923,0.18563909012159666,-0.33257412314736257,0.5639980037496486
138.8,0.6837712877020267,0.679588311127766,9.69232975366474,0.2167899757398238,-0.3585261211575215,0.5529983629609303
138.825,0.8182485365423635,0.8573718418910073,9.58610556305973,0.2782006593354089,-0.3538689649056361,0.4635210180854342
138.85,0.9280424870781846,0.5512719536198466,9.324440524150972,0.6068013946986135,-0.30966127564192897,0.31141867078361035
138.875,0.9596252374237091,1.0947399175403336,9.550160071903782,0.6706609906539305,-0.25349842958912855,0.17989483645434098
138.9,1.0778705816131597,1.6215726603688194,9.464995730919233,0.535929259815101,-0.1518408804915802,0.08439717243237278
138.925,1.1142412382568996,1.867095872771575,9.599343821518746,0.2839513315405377,-0.21249631664530197,0.12757320704025266
138.95,1.0996236759972418,1.3436106240382262,9.668929191914891,0.23485371180949677,-0.2587300944806157,0.16335045373170384
138.975,1.1058640795700914,1.2382526600432129,9.661871286058798,0.2894057752801366,-0.22899732183821128,0.07838560778886483
139.0,1.2208005943215003,1.6219378559231927,9.806722423380329,0.11536814361716742,-0.13536563067412893,-0.07575046870167834
139.025,1.4320184513119067,1.9417477783817703,9.457154569893458,-0.09780995098223286,-0.028744344854759598,-0.2037744245427376
139.05,1.7581421952941632,2.1921601070042738,9.101397838367756,-0.32530084597012865,0.13463610092094608,-0.24415094857264732
139.075,1.6985111714293002,1.8407179717995243,9.05084139394615,-0.23163886561583025,0.2836795754639807,-0.18260405972153795
139.1,1.3484622672935338,1.097656821599418,10.506980940914657,-0.3472198065183383,0.1961715321823176,-0.14341464965828854
139.125,1.4274193416274492,1.1490637520422564,10.14647268665399,-0.377914965453952,0.019975454922303414,-0.1299095754230046
139.15,1.6014621403260687,1.1192571927044985,9.501341978411393,-0.25442508786279855,-0.05140188399062812,-0.13155587315745818
139.175,1.4979677489351726,0.7842778211990626,8.91675564490243,-0.08298184735950136,-0.008667278489661106,-0.1160301982476419
139.2,1.4114239928375854,1.063429350005943,9.488756391068291,0.19129833321799652,0.023804889164427766,-0.07897179925065453
139.225,1.3451119842313284,1.5097855175975354,9.796529644182577,0.07286627674445809,0.024526375572193893,-0.00676126413414944
139.25,1.453977983837596,2.2486397015440773,10.194715652525936,-0.09925229362314944,-0.103227835601571,0.14939402555845116
139.275,1.437209339735388,1.2336823339340302,9.440562031046163,-0.3677708508217236,-0.07926670694591909,0.17345579395862032
139.3,1.344183855367698,0.7517622230184775,9.220935088677296,-0.3601337395003419,-0.01661337096047014,0.08323726949407773
139.325,1.4116215917847879,0.08363170850885901,9.081049544413238,-0.03860463316585653,0.05224221738160741,-0.02656031639838889
139.35,1.1638407367806298,0.5939928640081451,9.738557681844132,0.1757459722503675,0.06004688859178496,-0.1362545569080859
139.375,1.2127700926812042,0.9096388193205569,9.44809132448571,-0.05431478045421678,0.042324961782525004,-0.1972876372921477
139.4,1.5770901977217617,1.039258567836717,9.106091835930762,-0.3259134120447116,0.09022828227189894,-0.2419801398206815
139.425,1.118470272235906,1.6286467429940839,8.417163217578313,-0.17677569888167516,0.2867802972446839,-0.03262224860652649
139.45,1.021262439875123,1.1791814784194339,10.464900234673662,-0.16086363768927445,0.28819884185390654,0.04277262920888575
139.475,0.9507768010005603,1.61403253484613,10.38948113023698,-0.04889291145323282,0.1335265614831643,0.09429640365416425
139.5,0.9830126486725612,1.4354444656518413,9.846586679527341,-0.03359571905536772,0.06203490336488937,0.17136879766941718
139.525,0.9772174690752932,1.0068890561522168,9.710051575605146,-0.1093598372440943,0.08710852025686665,0.1487690091739683
139.55,0.7487311246446803,0.6570003518116246,10.024468240164449,-0.2578347888432523,0.09216171910231141,0.041182864085225215
139.575,0.8099931294686576,0.44026121232697324,10.07125631365973,-0.13466135462879977,0.014569868975722712,-0.08894930795440119
139.6,0.904465037124226,0.7196594842503934,9.742773485639566,-0.008865484524984221,-0.06274888648017718,-0.15997970571180303
139.625,1.1638903407190235,0.7892675396796138,9.349164515092514,-0.02509025606005548,-0.059133819594437274,-0.18415741869393532
139.65,1.411156487366613,0.3830071228282421,9.11738416846493,-0.16485401288876092,0.01749763389793077,-0.2701886327372901
139.675,1.2439261428157444,0.6225756004277481,9.391961634588888,-0.371965018090097,0.12498021981067384,-0.34690689783760353
139.7,1.2905970047907607,0.41099855886602954,9.166092004750123,-0.4671081368866738,0.21234895238345924,-0.35954889547585567
139.725,1.174972730226382,0.8605019829774672,9.695066603286344,-0.5861493683295892,0.269198349957876,-0.29373235276826487
139.75,1.046036562229718,1.0159216356230907,10.147444049246962,-0.692322989377988,0.16744956716597365,-0.1635288244795226
139.775,1.3864537456015973,1.0829854048686767,10.439967532830297,-0.6693729618062073,0.09338450045266547,-0.038684515545523865
139.8,1.2746535117452997,0.7839763399906641,10.007895016508728,-0.5999544908262396,0.030972672178379124,0.1099425758182796
139.825,1.1231062519873358,-0.03437142517942632,9.782196335265414,-0.6158659828625811,0.08810680723064801,0.17319669008768143
139.85,0.621272606406894,-0.5659581234200257,9.25730849885453,-0.8319548581258128,0.1211156510989007,0.15943701193182236
139.875,0.3540434404310041,-0.7192688116107053,9.816797363800319,-0.5690556402562041,0.13345389049755357,0.21020426237036346
139.9,0.2929843533550054,-1.0873604264247245,10.015446449504365,0.04335484709558568,0.08394806843497307,0.24058212360928952
139.925,0.3058474587494309,-0.7296466968476166,10.20437457730075,0.5493418331462153,-0.05775325110644017,0.2572148188094775
139.95,0.547866177850722,-0.8508305917369158,9.767685670995554,0.5824824227722426,-0.17189763304815078,0.218716153230212
139.975,0.6768323211829175,0.18499617651654957,9.653170600438873,0.4263015002724292,-0.21921622284998793,0.12002166801815614
140.0,1.1985201099196165,0.1939814845851268,9.361013798368607,0.31944925722540046,-0.13952678652141454,0.20851614937972437
140.025,0.9934074409682453,0.4162718611373238,9.433121466420815,0.22359505484184408,-0.09032945246369195,0.1290817683094028
140.05,0.5784665748758875,-0.07105151066622203,10.044789384093098,0.20960175715679533,-0.10429844531191142,0.12789701698359518
140.075,0.7504794141501295,-0.08973692625220585,9.196189939612257,0.2809618342667493,-0.11460027268879616,0.10261527369800884
140.1,0.826327884658594,0.16082734106039848,9.275699374257615,0.21021784473548566,-0.06330638761475627,0.02916074959491732
140.125,0.7279824197790673,0.13148105688462636,9.418598460436304,0.036956717190064936,0.01919325873078712,-0.07309246181944225
140.15,0.6934754487889646,0.09800953412161927,9.511654524580527,-0.08043840654004146,0.0796796641915989,-0.17018619589030434
140.175,0.7920769296434578,0.0940337131271978,9.557615699780051,-0.10336640723600835,0.0836918841086041,-0.17615758001991189
140.2,0.9493946983139803,0.2186024165577104,9.445632683093729,0.07121368800852294,0.0743293155087451,-0.12671029357643435
140.225,0.9243897049463947,0.3042376778828913,9.386245406060219,0.09639773618935119,0.0920076997297721,-0.09533211207145442
140.25,0.8059167576900967,-0.03467762364118416,9.585510231160512,0.07827052430841044,0.0969472206636817,-0.09613606690037792
140.275,0.7405484063422078,-0.1489644272490604,9.847832842721456,0.11468441970562175,0.09520392417450221,-0.124604955890849
140.3,0.6666072299095102,0.14160051251134942,10.085227904809484,0.15135611092958728,0.046942605854521625,-0.165857702681719
140.325,0.7506718707861939,0.6247506598252537,9.721442627992477,0.08145394131420362,0.0067395618745371,-0.10785555438697424
140.35,0.8082404589439052,0.6140866208770038,9.606964128037953,0.07895294754310297,0.0009453915719493653,0.04213695036463502
140.375,0.763602241387985,0.2388452471377035,9.771030752211406,0.18892312872321906,-0.005867779846185061,0.13045344497600167
140.4,0.734965103035472,0.13425465127187736,9.871872217296014,0.1921073424594564,-0.005355211236477109,0.06306844678425058
140.425,0.7464575969524767,0.288500964934049,9.780495344717673,0.14288838835381518,-0.01723301361709606,-0.0345678034784144
140.45,0.8118825227276515,0.42751943164351325,9.534743322089044,0.10361985346181965,-0.031136754463829477,-0.0610658739723769
140.475,0.8670387571769856,0.6411029663655885,9.521369755399704,0.1754052039697875,-0.016691998966036188,-0.030286935068360575
140.5,0.8782725127407048,0.7937024199382436,9.862283596877667,0.1656316151794036,0.003020689830934242,-0.034819309341330346
140.525,0.8130689848538313,0.86116740146552,10.271980226713247,0.06453797664460129,-0.004149977335821458,-0.09961836790839863
140.55,0.9093715638004797,0.8499544303613736,9.957464756875524,0.022600029905993028,-0.04752302632034924,-0.1281559016339225
140.575,0.9925148005143659,0.8519242679588701,9.719056490098598,0.023329765487755415,-0.061798670236231874,-0.09617361158509025
140.6,0.9474496988801832,0.7114241331662982,9.772407938700953,0.06646560577760235,-0.052897138104986564,-0.07263955963466691
140.625,0.8060437320305245,0.6897103738390216,9.939556623835449,0.02666262957013344,-0.03280978301108295,-0.06931533531024356
140.65,0.8877252592813952,0.8051597986872631,9.744583160463698,0.06974135432541113,-0.022765735059738838,-0.029631937973194338
140.675,0.9501196883813519,1.063091484876284,9.94599584328923,0.09103682723800467,-0.018499546112160082,0.04134134431875375
140.7,0.9869325587356199,0.9249027568927922,9.760948702318114,0.036384303656450845,0.009017469252553605,0.06497188118497438
140.725,0.9054941770678259,0.7853827439145202,9.676089807740862,-0.08747856541677758,0.06396145157492962,0.03345970370536021
140.75,0.8054084839516633,0.5719845132192024,9.925161391596918,-0.12848854328808848,0.09262909437434015,-0.020204822718712497
140.775,0.8601610298165072,0.6449478116366614,9.828272511562298,-0.1372674670950066,0.06819511793204086,-0.04912201478518896
140.8,0.9083036663534776,0.6113843350369348,9.53296643745137,-0.09371110441421952,0.05298969673915646,-0.05924343090975975
140.825,0.8834143212123854,0.577253996055078,9.458510891221213,-0.06753720848155174,0.07130391442612062,-0.08656161705416485
140.85,0.8057044164592865,0.697029522708858,9.599844541938493,-0.08103644325789262,0.09638812785815659,-0.16351242124716397
140.875,0.7971020181052876,0.8085432748217859,9.465552895831015,-0.0794957047437664,0.09636552478777027,-0.21590352746694425
140.9,0.7630025580596962,0.7117755790570164,9.227079000549002,0.1968981055511309,0.09467423212089393,-0.23144841118420928
140.925,0.6030445819128345,1.0618205224784911,9.362788236410298,0.5151373217380535,0.09035182979133995,-0.23353206610635255
140.95,0.5048196774683231,0.5916414522434499,9.584184694687703,0.5481953945372396,0.11002839347583679,-0.30864322236408603
140.975,0.3615376325025489,1.2276888903127123,9.837017631090289,0.194883485994452,0.09387512378187494,-0.4930236965609137
141.0,0.4877877689117161,1.1378230715795448,9.648226212590707,0.0702774086326493,0.08843080098071905,-0.475195944270138
141.025,0.5401531142785035,1.3958464973076357,9.594199161198304,-0.13926649004122832,0.08739733386492159,-0.4018010705235862
141.05,0.464495011798427,1.02211621356083,9.79156435169715,-0.22121466040988008,0.11257563799573572,-0.34447539474626415
141.075,0.3840547862674483,0.6214744260212046,10.104333287654,-0.2667325342091249,0.1363768506486216,-0.325203043461376
141.1,0.24018088676389854,0.19267208321931234,10.127777891729373,-0.13449092536204965,0.07344185514887713,-0.2905392374818777
141.125,0.3184026525810385,0.542618612284941,9.849848426588723,-0.10649402872622905,0.039743032739022334,-0.2777281048640236
141.15,0.4752282074229906,0.7422271632327351,9.640852532880173,0.0063317169370645885,0.08568702437299378,-0.24451519259696494
141.175,0.4416235774732684,0.6256232748419834,9.846838316707842,-0.14378395421350873,0.11863322302862829,-0.1958923171044933
141.2,0.36644460550217867,0.6240142896427598,10.137377881163353,-0.12410934879941389,0.08266643093038312,-0.17843665046121443
141.225,0.4379641017773763,0.6912140868125077,9.676003069569909,-0.12464173729532724,0.0361637263049438,-0.15304504094136392
141.25,0.42840191016176776,0.8497370256656884,9.594543896477758,-0.046468316590242774,0.04501014007730971,-0.07915105796822886
141.275,0.4626160291013836,0.5506718343271743,9.795411164925962,-0.035481358381023474,0.059223203656068424,-0.03280453406389455
141.3,0.3320239247960519,0.6703833497635565,9.812106593283158,-0.08629096673753399,0.03535184000943946,-0.028279084770352767
141.325,0.27814517988705945,0.7258077982966321,9.63707714596404,-0.12017068453143556,0.046615790104773076,0.010947807184726011
141.35,0.25488156780789306,0.538822723667229,9.537971734417209,-0.10011497116578062,0.058882653074069334,0.09263927474583179
141.375,0.24045844949922102,0.42433032637010315,9.716084766631056,-0.06348817528271046,0.030972759093527733,0.14888251914313555
141.4,0.24508037400992813,0.6075358045572973,9.567427388267186,-0.040761863587461346,0.006429831070492809,0.2097123967920879
141.425,0.1450218347935272,0.5307315196092556,9.53994640221319,-0.04648571843477061,0.007704497611263489,0.3098396213061868
141.45,0.1688437961558945,0.20654724110215306,9.750926240547754,-0.06534287349601414,0.0007074106350588513,0.3630093581293426
141.475,0.21558602500384816,0.3290944287105851,9.864163200130697,0.0010076803069587852,-0.07045002972520786,0.39058716441290836
141.5,0.412043156371523,0.3239388458818661,9.521135767231403,0.16617308227041647,-0.1202675118290107,0.495350493708453
141.525,0.4772759723379755,0.6446678480901334,9.356690487051107,0.09411646383599483,-0.10180571577412538,0.49109826708890547
141.55,0.3851442718953617,0.28146116385796727,9.748634516040743,0.07889059822557483,-0.06637460796946952,0.45306018808709086
141.575,0.46737698849217885,0.25195150604577965,9.674332382808142,0.10739941802941572,-0.07011132993623996,0.39476630545490393
141.6,0.47941265136481337,0.5876737073382372,9.715547293211571,0.09005748564021114,-0.07109526136551651,0.3089177806804459
141.625,0.4881317979118086,0.8734183120100072,9.690775077616959,0.12866569224051205,-0.07270186720914053,0.22020031295975565
141.65,0.4632058520274639,1.249446742980945,9.954078235069174,0.12360991716048751,-0.04804475243339205,0.16894851022779542
141.675,0.48858066794115107,1.066702958660584,9.598669340912569,0.04271006156894893,-0.021136234494459904,0.13184524668402647
141.7,0.5287825086371746,0.950796017490211,9.538840945253156,-0.02014366015570635,0.029217701230927345,0.07756127002126562
141.725,0.4369891322804309,0.9522302329830199,9.766735297453796,0.08836058702547601,0.07241188037839079,0.010483709724086389
141.75,0.30612630352692155,1.0391854650389938,10.131571468162953,0.06883045134106554,0.05316371628851627,-0.014772195354088555
141.775,0.32183485666478634,0.8076434299854932,9.719594962289623,-0.033464472808026155,0.014718892692162255,-0.01577352096386506
141.8,0.41127707662032037,0.5911930075828205,9.530782563400859,-0.02234851406649478,0.001157467734347476,-0.01659186524968274
141.825,0.44917528424821923,0.6355812016933248,9.704862690061546,0.04863217650954122,0.018324086608358967,-0.029043448192564655
141.85,0.3385629552811644,0.8772857081464833,10.021507190619692,0.0696358086677498,-0.004623708704010747,-0.029589243451109047
141.875,0.4968808807951647,0.9705796378600472,9.768591720494703,0.06558143361741132,-0.03896735198522626,-0.005988373146736508
141.9,0.5791279102123458,0.9392674976719335,9.577955047569768,0.031088135381541922,0.00037298571026789213,0.003708885837938014
141.925,0.4517486049989799,0.7029534146754628,9.722727283177626,-0.06570059375697786,0.03804676686788845,-0.00672279792059142
141.95,0.36627807139641316,0.7284199329492198,9.913523437139663,-0.07788803260528118,0.02158818742349514,-0.03961013619828517
141.975,0.4674053647065652,0.9632430931536381,9.890655499139648,-0.018436714161942112,0.014186849998810667,-0.05164469812112458
