{
  "acc_channel_rmse_improvement": 0.8299828889716853,
  "acc_channel_rmse_mean": 0.6600639866611786,
  "acc_norm_rmse": 0.5289141399621684,
  "gyr_channel_rmse_improvement": 0.2497661003268474,
  "gyr_channel_rmse_mean": 0.14401352070752124,
  "gyr_norm_rmse": 0.1824149758588087,
  "hf_ratio_improvement_mean": 8.29203676047034,
  "input_acc_channel_rmse_mean": 1.490046875632864,
  "input_acc_norm_rmse": 1.2493681899278055,
  "input_gyr_channel_rmse_mean": 0.3937796210343687,
  "input_gyr_norm_rmse": 0.6131447047228668,
  "input_rmse_mean": 0.9419132483336161,
  "num_windows": 8633,
  "pearson_mean": 0.8406629606227582,
  "psd_distance_mean": 0.05574634483208765,
  "rmse_mean": 0.4020387536843499
}