{
  "input_mean": [
    -0.012162608094513416,
    -1.005703091621399,
    3.5020763874053955,
    -0.009809555485844612,
    -0.005450739525258541,
    0.0020694262348115444
  ],
  "input_std": [
    5.956593036651611,
    5.983036994934082,
    5.06555700302124,
    1.9069567918777466,
    1.2362844944000244,
    0.9681030511856079
  ],
  "mode": "per_channel_zscore",
  "target_mean": [
    -0.007758175954222679,
    -1.2969622611999512,
    4.322178363800049,
    -0.011171592399477959,
    -0.007416660897433758,
    0.0015425781020894647
  ],
  "target_std": [
    5.824613571166992,
    5.372920989990234,
    4.690978527069092,
    1.7278544902801514,
    1.1676394939422607,
    0.938804566860199
  ]
}