{
  "models": [
    {
      "acc_channel_rmse_improvement_mean": 0.8547519898815291,
      "acc_channel_rmse_improvement_std": 0.010209960600947013,
      "acc_channel_rmse_mean_mean": 0.6628404604461554,
      "acc_channel_rmse_mean_std": 0.010209960600947037,
      "acc_norm_rmse_mean": 0.5253691602135068,
      "acc_norm_rmse_std": 0.005715441132103234,
      "gyr_channel_rmse_improvement_mean": 0.25561073922502664,
      "gyr_channel_rmse_improvement_std": 0.0014080759690894532,
      "gyr_channel_rmse_mean_mean": 0.14996871693158056,
      "gyr_channel_rmse_mean_std": 0.0014080759690894532,
      "gyr_norm_rmse_mean": 0.18870623395103228,
      "gyr_norm_rmse_std": 0.0010625628386662775,
      "hf_ratio_improvement_mean_mean": 8.324795010972089,
      "hf_ratio_improvement_mean_std": 0.075430013401243,
      "input_acc_channel_rmse_mean_mean": 1.5175924503276843,
      "input_acc_channel_rmse_mean_std": 0.0,
      "input_acc_norm_rmse_mean": 1.2639799455173248,
      "input_acc_norm_rmse_std": 0.0,
      "input_gyr_channel_rmse_mean_mean": 0.4055794561566073,
      "input_gyr_channel_rmse_mean_std": 0.0,
      "input_gyr_norm_rmse_mean": 0.6296109158252916,
      "input_gyr_norm_rmse_std": 0.0,
      "input_rmse_mean_mean": 0.961585953242146,
      "input_rmse_mean_std": 0.0,
      "model_name": "tcn",
      "model_role": "trained",
      "num_seeds": 3,
      "num_windows_mean": 8675.0,
      "num_windows_std": 0.0,
      "pearson_mean_mean": 0.8484896247638108,
      "pearson_mean_std": 0.002042060841189398,
      "psd_distance_mean_mean": 0.0619657298822646,
      "psd_distance_mean_std": 0.00029866205415287207,
      "rmse_mean_mean": 0.4064045886888679,
      "rmse_mean_std": 0.00580566085762836
    },
    {
      "acc_channel_rmse_improvement_mean": 0.2210798238821535,
      "acc_channel_rmse_improvement_std": 0.0,
      "acc_channel_rmse_mean_mean": 1.296512626445531,
      "acc_channel_rmse_mean_std": 0.0,
      "acc_norm_rmse_mean": 1.2825834936909486,
      "acc_norm_rmse_std": 0.0,
      "gyr_channel_rmse_improvement_mean": 0.031012056742886,
      "gyr_channel_rmse_improvement_std": 0.0,
      "gyr_channel_rmse_mean_mean": 0.37456739941372125,
      "gyr_channel_rmse_mean_std": 5.551115123125783e-17,
      "gyr_norm_rmse_mean": 0.5524927622535848,
      "gyr_norm_rmse_std": 0.0,
      "hf_ratio_improvement_mean_mean": 1.9772192057843112,
      "hf_ratio_improvement_mean_std": 0.0,
      "input_acc_channel_rmse_mean_mean": 1.5175924503276843,
      "input_acc_channel_rmse_mean_std": 0.0,
      "input_acc_norm_rmse_mean": 1.2639799455173248,
      "input_acc_norm_rmse_std": 0.0,
      "input_gyr_channel_rmse_mean_mean": 0.4055794561566073,
      "input_gyr_channel_rmse_mean_std": 0.0,
      "input_gyr_norm_rmse_mean": 0.6296109158252916,
      "input_gyr_norm_rmse_std": 0.0,
      "input_rmse_mean_mean": 0.961585953242146,
      "input_rmse_mean_std": 0.0,
      "model_name": "identity",
      "model_role": "baseline",
      "num_seeds": 3,
      "num_windows_mean": 8675.0,
      "num_windows_std": 0.0,
      "pearson_mean_mean": 0.7237306247999981,
      "pearson_mean_std": 0.0,
      "psd_distance_mean_mean": 0.23345941200749168,
      "psd_distance_mean_std": 2.7755575615628914e-17,
      "rmse_mean_mean": 0.8355400129296261,
      "rmse_mean_std": 0.0
    },
    {
      "acc_channel_rmse_improvement_mean": 0.5647132717692055,
      "acc_channel_rmse_improvement_std": 0.0,
      "acc_channel_rmse_mean_mean": 0.9528791785584788,
      "acc_channel_rmse_mean_std": 0.0,
      "acc_norm_rmse_mean": 0.8888362576828609,
      "acc_norm_rmse_std": 0.0,
      "gyr_channel_rmse_improvement_mean": 0.2099533058727078,
      "gyr_channel_rmse_improvement_std": 0.0,
      "gyr_channel_rmse_mean_mean": 0.1956261502838994,
      "gyr_channel_rmse_mean_std": 0.0,
      "gyr_norm_rmse_mean": 0.2523880496975008,
      "gyr_norm_rmse_std": 0.0,
      "hf_ratio_improvement_mean_mean": 8.03496208551679,
      "hf_ratio_improvement_mean_std": 0.0,
      "input_acc_channel_rmse_mean_mean": 1.5175924503276843,
      "input_acc_channel_rmse_mean_std": 0.0,
      "input_acc_norm_rmse_mean": 1.2639799455173248,
      "input_acc_norm_rmse_std": 0.0,
      "input_gyr_channel_rmse_mean_mean": 0.4055794561566073,
      "input_gyr_channel_rmse_mean_std": 0.0,
      "input_gyr_norm_rmse_mean": 0.6296109158252916,
      "input_gyr_norm_rmse_std": 0.0,
      "input_rmse_mean_mean": 0.961585953242146,
      "input_rmse_mean_std": 0.0,
      "model_name": "lowpass",
      "model_role": "baseline",
      "num_seeds": 3,
      "num_windows_mean": 8675.0,
      "num_windows_std": 0.0,
      "pearson_mean_mean": 0.8378146367771437,
      "pearson_mean_std": 0.0,
      "psd_distance_mean_mean": 0.1402583732499585,
      "psd_distance_mean_std": 0.0,
      "rmse_mean_mean": 0.5742526644211893,
      "rmse_mean_std": 0.0
    },
    {
      "acc_channel_rmse_improvement_mean": 0.5369158002194179,
      "acc_channel_rmse_improvement_std": 0.0,
      "acc_channel_rmse_mean_mean": 0.9806766501082668,
      "acc_channel_rmse_mean_std": 0.0,
      "acc_norm_rmse_mean": 0.9266201901179268,
      "acc_norm_rmse_std": 0.0,
      "gyr_channel_rmse_improvement_mean": 0.21165249996823973,
      "gyr_channel_rmse_improvement_std": 2.7755575615628914e-17,
      "gyr_channel_rmse_mean_mean": 0.1939269561883675,
      "gyr_channel_rmse_mean_std": 0.0,
      "gyr_norm_rmse_mean": 0.2413777576427992,
      "gyr_norm_rmse_std": 0.0,
      "hf_ratio_improvement_mean_mean": 8.148843703710034,
      "hf_ratio_improvement_mean_std": 0.0,
      "input_acc_channel_rmse_mean_mean": 1.5175924503276843,
      "input_acc_channel_rmse_mean_std": 0.0,
      "input_acc_norm_rmse_mean": 1.2639799455173248,
      "input_acc_norm_rmse_std": 0.0,
      "input_gyr_channel_rmse_mean_mean": 0.4055794561566073,
      "input_gyr_channel_rmse_mean_std": 0.0,
      "input_gyr_norm_rmse_mean": 0.6296109158252916,
      "input_gyr_norm_rmse_std": 0.0,
      "input_rmse_mean_mean": 0.961585953242146,
      "input_rmse_mean_std": 0.0,
      "model_name": "butterworth",
      "model_role": "baseline",
      "num_seeds": 3,
      "num_windows_mean": 8675.0,
      "num_windows_std": 0.0,
      "pearson_mean_mean": 0.7957813680402447,
      "pearson_mean_std": 0.0,
      "psd_distance_mean_mean": 0.1284416060760903,
      "psd_distance_mean_std": 0.0,
      "rmse_mean_mean": 0.5873018031483171,
      "rmse_mean_std": 0.0
    },
    {
      "acc_channel_rmse_improvement_mean": 0.5181932032398171,
      "acc_channel_rmse_improvement_std": 0.0,
      "acc_channel_rmse_mean_mean": 0.9993992470878674,
      "acc_channel_rmse_mean_std": 0.0,
      "acc_norm_rmse_mean": 0.9497954978626385,
      "acc_norm_rmse_std": 1.1102230246251565e-16,
      "gyr_channel_rmse_improvement_mean": 0.2023874812398001,
      "gyr_channel_rmse_improvement_std": 0.0,
      "gyr_channel_rmse_mean_mean": 0.2031919749168071,
      "gyr_channel_rmse_mean_std": 0.0,
      "gyr_norm_rmse_mean": 0.2589586050391683,
      "gyr_norm_rmse_std": 0.0,
      "hf_ratio_improvement_mean_mean": 8.256381306001165,
      "hf_ratio_improvement_mean_std": 0.0,
      "input_acc_channel_rmse_mean_mean": 1.5175924503276843,
      "input_acc_channel_rmse_mean_std": 0.0,
      "input_acc_norm_rmse_mean": 1.2639799455173248,
      "input_acc_norm_rmse_std": 0.0,
      "input_gyr_channel_rmse_mean_mean": 0.4055794561566073,
      "input_gyr_channel_rmse_mean_std": 0.0,
      "input_gyr_norm_rmse_mean": 0.6296109158252916,
      "input_gyr_norm_rmse_std": 0.0,
      "input_rmse_mean_mean": 0.961585953242146,
      "input_rmse_mean_std": 0.0,
      "model_name": "savgol",
      "model_role": "baseline",
      "num_seeds": 3,
      "num_windows_mean": 8675.0,
      "num_windows_std": 0.0,
      "pearson_mean_mean": 0.780179011785039,
      "pearson_mean_std": 0.0,
      "psd_distance_mean_mean": 0.1282237190463217,
      "psd_distance_mean_std": 0.0,