{
  "models": [
    {
      "acc_channel_rmse_improvement_mean": 0.8558527744222376,
      "acc_channel_rmse_improvement_std": 0.0023640445043725767,
      "acc_channel_rmse_mean_mean": 0.6341941012106261,
      "acc_channel_rmse_mean_std": 0.002364044504372442,
      "acc_norm_rmse_mean": 0.5159892816974107,
      "acc_norm_rmse_std": 0.0020381054576201737,
      "gyr_channel_rmse_improvement_mean": 0.2539181788034986,
      "gyr_channel_rmse_improvement_std": 0.0007107604755377983,
      "gyr_channel_rmse_mean_mean": 0.13986144223087,
      "gyr_channel_rmse_mean_std": 0.000710760475537799,
      "gyr_norm_rmse_mean": 0.17651131281311783,
      "gyr_norm_rmse_std": 0.0010207327699248566,
      "hf_ratio_improvement_mean_mean": 8.309273869979634,
      "hf_ratio_improvement_mean_std": 0.026704837353183387,
      "input_acc_channel_rmse_mean_mean": 1.4900468756328642,
      "input_acc_channel_rmse_mean_std": 2.220446049250313e-16,
      "input_acc_norm_rmse_mean": 1.2493681899278055,
      "input_acc_norm_rmse_std": 0.0,
      "input_gyr_channel_rmse_mean_mean": 0.3937796210343687,
      "input_gyr_channel_rmse_mean_std": 0.0,
      "input_gyr_norm_rmse_mean": 0.6131447047228668,
      "input_gyr_norm_rmse_std": 0.0,
      "input_rmse_mean_mean": 0.941913248333616,
      "input_rmse_mean_std": 0.0,
      "model_name": "tcn_causal",
      "model_role": "trained",
      "num_seeds": 3,
      "num_windows_mean": 8633.0,
      "num_windows_std": 0.0,
      "pearson_mean_mean": 0.8505022874531804,
      "pearson_mean_std": 0.0008401831906923643,
      "psd_distance_mean_mean": 0.0528289256930761,
      "psd_distance_mean_std": 0.0008436381889114603,
      "rmse_mean_mean": 0.38702777172074815,
      "rmse_mean_std": 0.001284290335420981
    },
    {
      "acc_channel_rmse_improvement_mean": 0.8491976209475607,
      "acc_channel_rmse_improvement_std": 0.01040176650024661,
      "acc_channel_rmse_mean_mean": 0.6408492546853032,
      "acc_channel_rmse_mean_std": 0.010401766500246584,
      "acc_norm_rmse_mean": 0.5196971689235509,
      "acc_norm_rmse_std": 0.005643165128118047,
      "gyr_channel_rmse_improvement_mean": 0.2531102738617019,
      "gyr_channel_rmse_improvement_std": 0.001475147040562227,
      "gyr_channel_rmse_mean_mean": 0.1406693471726667,
      "gyr_channel_rmse_mean_std": 0.0014751470405621834,
      "gyr_norm_rmse_mean": 0.17671197990621676,
      "gyr_norm_rmse_std": 0.0011344276267431293,
      "hf_ratio_improvement_mean_mean": 8.2841791995162,
      "hf_ratio_improvement_mean_std": 0.0753961068294046,
      "input_acc_channel_rmse_mean_mean": 1.4900468756328642,
      "input_acc_channel_rmse_mean_std": 2.220446049250313e-16,
      "input_acc_norm_rmse_mean": 1.2493681899278055,
      "input_acc_norm_rmse_std": 0.0,
      "input_gyr_channel_rmse_mean_mean": 0.3937796210343687,
      "input_gyr_channel_rmse_mean_std": 0.0,
      "input_gyr_norm_rmse_mean": 0.6131447047228668,
      "input_gyr_norm_rmse_std": 0.0,
      "input_rmse_mean_mean": 0.941913248333616,
      "input_rmse_mean_std": 0.0,
      "model_name": "tcn",
      "model_role": "trained_comparison",
      "num_seeds": 3,
      "num_windows_mean": 8633.0,
      "num_windows_std": 0.0,
      "pearson_mean_mean": 0.850097077077196,
      "pearson_mean_std": 0.002054788394009246,
      "psd_distance_mean_mean": 0.0544886424866356,
      "psd_distance_mean_std": 0.00035713096062198,
      "rmse_mean_mean": 0.3907593009289849,
      "rmse_mean_std": 0.005933542611757397
    },
    {
      "acc_channel_rmse_improvement_mean": 0.8309809483954483,
      "acc_channel_rmse_improvement_std": 0.0032442590517942254,
      "acc_channel_rmse_mean_mean": 0.6590659272374155,
      "acc_channel_rmse_mean_std": 0.0032442590517942137,
      "acc_norm_rmse_mean": 0.5301897458637841,
      "acc_norm_rmse_std": 0.0010900152685345953,
      "gyr_channel_rmse_improvement_mean": 0.24888093276539522,
      "gyr_channel_rmse_improvement_std": 0.0009776711198923036,
      "gyr_channel_rmse_mean_mean": 0.1448986882689734,
      "gyr_channel_rmse_mean_std": 0.0009776711198923166,
      "gyr_norm_rmse_mean": 0.1845714384188063,
      "gyr_norm_rmse_std": 0.0022134713359275057,
      "hf_ratio_improvement_mean_mean": 8.293753514883058,
      "hf_ratio_improvement_mean_std": 0.02053263647408028,
      "input_acc_channel_rmse_mean_mean": 1.4900468756328642,
      "input_acc_channel_rmse_mean_std": 2.220446049250313e-16,
      "input_acc_norm_rmse_mean": 1.2493681899278055,
      "input_acc_norm_rmse_std": 0.0,
      "input_gyr_channel_rmse_mean_mean": 0.3937796210343687,
      "input_gyr_channel_rmse_mean_std": 0.0,
      "input_gyr_norm_rmse_mean": 0.6131447047228668,
      "input_gyr_norm_rmse_std": 0.0,
      "input_rmse_mean_mean": 0.941913248333616,
      "input_rmse_mean_std": 0.0,
      "model_name": "gru",
      "model_role": "trained_comparison",
      "num_seeds": 3,
      "num_windows_mean": 8633.0,
      "num_windows_std": 0.0,
      "pearson_mean_mean": 0.8400719490599782,
      "pearson_mean_std": 0.0004676479628309203,
      "psd_distance_mean_mean": 0.0568914739695306,
      "psd_distance_mean_std": 0.0008714478548601565,
      "rmse_mean_mean": 0.4019823077531944,
      "rmse_mean_std": 0.001959217106453423
    },
    {
      "acc_channel_rmse_improvement_mean": 0.9132887529640558,
      "acc_channel_rmse_improvement_std": 0.003763343374367628,
      "acc_channel_rmse_mean_mean": 0.576758122668808,
      "acc_channel_rmse_mean_std": 0.0037633433743676065,
      "acc_norm_rmse_mean": 0.42762643736783,
      "acc_norm_rmse_std": 0.0015487753630548929,
      "gyr_channel_rmse_improvement_mean": 0.2761530788768631,
      "gyr_channel_rmse_improvement_std": 0.0016009247206619905,
      "gyr_channel_rmse_mean_mean": 0.11762654215750556,
      "gyr_channel_rmse_mean_std": 0.0016009247206619853,
      "gyr_norm_rmse_mean": 0.1469381810254762,
      "gyr_norm_rmse_std": 0.0016935902673924398,
      "hf_ratio_improvement_mean_mean": 8.27853667165376,
      "hf_ratio_improvement_mean_std": 0.05579938702757268,
      "input_acc_channel_rmse_mean_mean": 1.4900468756328642,
      "input_acc_channel_rmse_mean_std": 2.220446049250313e-16,
      "input_acc_norm_rmse_mean": 1.2493681899278055,
      "input_acc_norm_rmse_std": 0.0,
      "input_gyr_channel_rmse_mean_mean": 0.3937796210343687,
      "input_gyr_channel_rmse_mean_std": 0.0,
      "input_gyr_norm_rmse_mean": 0.6131447047228668,
      "input_gyr_norm_rmse_std": 0.0,
      "input_rmse_mean_mean": 0.941913248333616,
      "input_rmse_mean_std": 0.0,
      "model_name": "transformer",
      "model_role": "trained_comparison",
      "num_seeds": 3,
      "num_windows_mean": 8633.0,
      "num_windows_std": 0.0,
      "pearson_mean_mean": 0.884161899118634,
      "pearson_mean_std": 0.0011552555555527752,
      "psd_distance_mean_mean": 0.049328145755944436,
      "psd_distance_mean_std": 0.000861656558825068,
      "rmse_mean_mean": 0.3471923324131567,
      "rmse_mean_std": 0.002638547440022794
    },
    {
      "acc_channel_rmse_improvement_mean": 0.21902414852529387,
      "acc_channel_rmse_improvement_std": 2.7755575615628914e-17,
      "acc_channel_rmse_mean_mean": 1.2710227271075698,
      "acc_channel_rmse_mean_std": 0.0,
      "acc_norm_rmse_mean": 1.2706508411387547,
      "acc_norm_rmse_std": 0.0,
      "gyr_channel_rmse_improvement_mean": 0.03024501416115,
      "gyr_channel_rmse_improvement_std": 0.0,
      "gyr_channel_rmse_mean_mean": 0.3635346068732186,
      "gyr_channel_rmse_mean_std": 0.0,
      "gyr_norm_rmse_mean": 0.5379538728796918,
      "gyr_norm_rmse_std": 0.0,
      "hf_ratio_improvement_mean_mean": 1.9592444143945116,
      "hf_ratio_improvement_mean_std": 0.0,
      "input_acc_channel_rmse_mean_mean": 1.4900468756328642,
      "input_acc_channel_rmse_mean_std": 2.220446049250313e-16,
      "input_acc_norm_rmse_mean": 1.2493681899278055,
      "input_acc_norm_rmse_std": 0.0,