{
  "acc_channel_rmse_improvement": 0.8411652296876373,
  "acc_channel_rmse_mean": 0.6764272206400475,
  "acc_norm_rmse": 0.5376624307662291,
  "gyr_channel_rmse_improvement": 0.2520234099538875,
  "gyr_channel_rmse_mean": 0.15355604620271976,
  "gyr_norm_rmse": 0.19536218821352902,
  "hf_ratio_improvement_mean": 8.362415848471375,
  "input_acc_channel_rmse_mean": 1.5175924503276845,
  "input_acc_norm_rmse": 1.2639799455173248,
  "input_gyr_channel_rmse_mean": 0.4055794561566073,
  "input_gyr_norm_rmse": 0.6296109158252916,
  "input_rmse_mean": 0.961585953242146,
  "num_windows": 8675,
  "pearson_mean": 0.8379666991747591,
  "psd_distance_mean": 0.06455404298816547,
  "rmse_mean": 0.4149916334213836
}