{
  "acc_channel_rmse_improvement": 1.1124697462981652,
  "acc_channel_rmse_mean": 0.9129308813005811,
  "acc_norm_rmse": 0.9164617138622397,
  "gyr_channel_rmse_improvement": 0.4036503089339108,
  "gyr_channel_rmse_mean": 0.24952295035008704,
  "gyr_norm_rmse": 0.32358723920050625,
  "hf_ratio_improvement_mean": 5.066144605876158,
  "input_acc_channel_rmse_mean": 2.025400627598747,
  "input_acc_norm_rmse": 2.102935926260422,
  "input_gyr_channel_rmse_mean": 0.6531732592839978,
  "input_gyr_norm_rmse": 1.0548053896336518,
  "input_rmse_mean": 1.3392869434413723,
  "num_windows": 3023,
  "pearson_mean": 0.90619065228661,
  "psd_distance_mean": 0.09995069371790588,
  "rmse_mean": 0.581226915825334
}