time_s,acc_x,acc_y,acc_z,gyr_x,gyr_y,gyr_z
0.0,0.402876,-0.783887,9.795354,-0.00625,0.006323,-0.000104
0.025,0.404182,-0.853417,9.806886,-0.011996,-0.001862,-0.006432
0.05,0.428917,-0.862047,9.820703,0.008938,-0.000123,0.002399
0.075,0.413903,-0.783836,9.822215,0.018307,0.005033,0.004295
0.1,0.398113,-0.783804,9.778957,-0.011093,0.003879,-0.004305
0.125,0.411349,-0.844552,9.781962,-0.006978,-0.001091,-0.004534
0.15,0.403942,-0.834328,9.828062,0.003333,0.004997,0.002628
0.175,0.415687,-0.831287,9.77999,0.006291,5e-06,-0.001389
0.2,0.433163,-0.793345,9.819601,0.000686,-0.000445,0.001154
0.225,0.409872,-0.863165,9.852659,-0.011582,0.007351,-0.003736
0.25,0.394993,-0.826548,9.759795,0.017483,0.007142,0.003884
0.275,0.399185,-0.761772,9.741749,-0.007154,-0.004991,8e-05
0.3,0.462062,-0.870778,9.907386,-0.021697,-0.007616,-0.006932
0.325,0.433396,-0.871833,9.866536,0.030987,0.011256,0.007188
0.35,0.395586,-0.717829,9.715388,0.003961,0.01177,-0.000922
0.375,0.390216,-0.826329,9.743415,-0.015151,-0.011806,-0.001898
0.4,0.395666,-0.831487,9.926266,-0.01068,0.005228,-0.006447
0.425,0.464074,-0.887251,9.821963,0.01178,0.021021,0.005746
0.45,0.350263,-0.773537,9.692978,0.014562,-0.002843,-0.000952
0.475,0.813531,-1.117584,10.52828,-0.134557,-0.002578,0.038142
0.5,0.503957,-1.196837,9.478648,0.230799,0.181269,0.306217
0.525,-0.299708,0.368528,9.79336,-0.053462,-0.048483,0.074118
0.55,0.718436,-1.392305,9.38478,-0.271195,0.062702,0.022386
0.575,-0.022013,-0.617588,10.081713,0.138987,0.0092,-0.026851
0.6,0.9577,-1.46129,10.0555,-0.229432,0.04311,-0.035578
0.625,0.208301,-1.158978,10.29382,0.292754,0.070623,0.229282
0.65,0.360409,-0.357349,9.261331,0.019237,0.080756,0.201318
0.675,-0.15549,0.316063,9.709373,-0.021431,0.111935,-0.05221
0.7,0.561543,-0.901795,10.088665,-0.701192,0.053925,-0.021662
0.725,0.285457,-0.352168,10.398119,-0.144385,0.150604,-0.019079
0.75,0.201511,-0.297647,10.008329,-0.819579,0.140196,-0.270585
0.775,0.087716,-0.566791,9.77132,-0.622058,0.193478,-0.203064
0.8,0.442136,-0.209064,10.195784,-1.501841,0.170521,-0.245402
0.825,0.020462,-0.400424,9.63326,-1.714345,0.240811,-0.128146
0.85,0.219273,-0.205258,9.635097,-2.780486,0.170925,-0.304054
0.875,-0.110724,-11.84522,7.226781,-3.549127,0.211137,-0.105492
0.9,0.716252,-8.593342,7.528153,3.539405,0.023052,0.686408
0.925,-1.178722,5.967454,12.483505,0.317242,0.607491,-0.386692
0.95,1.254835,-4.327602,9.63456,-2.310347,-0.147355,0.063853
0.975,-0.941598,-7.155184,7.953138,0.857122,0.76278,0.048274
1.0,-0.022994,0.349931,11.146121,0.205942,0.115119,0.265605
1.025,-0.004616,-3.626156,10.229506,-1.280525,0.811778,-0.071481
1.05,-0.068469,-5.477128,9.588932,-0.151665,0.460111,0.453195
1.075,-0.880111,-2.736561,9.88388,0.017598,1.002784,0.191043
1.1,-0.775691,-4.983635,9.233444,-0.014374,0.585358,0.19086
1.125,-0.653698,-3.291574,10.028056,0.903957,1.144268,0.300894
1.15,-1.088913,-4.337651,10.06285,0.699503,0.959412,0.039508
1.175,-1.473069,-4.202083,10.27426,1.334043,1.38019,0.377454
1.2,-1.333865,-2.462625,10.424455,1.247821,1.356888,0.266696
1.225,-2.760565,-0.932782,9.861911,0.669665,1.62581,0.207829
1.25,-1.067543,-1.911021,8.499853,0.295993,1.341956,0.330412
1.275,-3.709524,-0.686168,9.685194,0.024912,1.697592,0.332562
1.3,-3.29993,-1.546883,7.774521,-0.859446,1.458158,0.480479
1.325,-4.25271,-2.139198,7.613153,-0.677876,1.117188,0.283983
1.35,-3.422686,-3.307021,8.321468,-0.955883,1.373087,0.308121
1.375,-4.696653,-3.894747,7.434293,-0.227899,1.188865,0.383939
1.4,-5.479778,-0.975537,7.854342,-0.276131,1.199091,0.238621
1.425,-6.117083,-3.02995,5.987311,-1.563471,0.747779,0.23116
1.45,-4.541663,-5.846695,5.110427,0.460534,0.619718,0.22737
1.475,-4.710641,-0.753806,7.444054,0.565923,1.103345,-0.035694
1.5,-5.903462,-1.81929,7.842033,-0.517277,0.919661,0.094091
1.525,-7.45385,-1.742613,7.429333,-0.126336,0.812367,0.305884
1.55,-5.172372,-2.16605,7.70486,-0.661345,0.059573,0.47434
1.575,-5.469108,-3.200758,7.988302,0.003061,0.551279,0.546289
1.6,-5.271429,-2.582822,7.270021,0.054035,0.594967,0.55606
1.625,-7.149623,-2.951589,7.60906,0.055506,0.764358,0.229303
1.65,-9.183683,-1.867294,8.554045,-0.092191,0.496121,-0.086128
1.675,-7.373852,-3.091183,8.077631,-1.068027,-0.203057,-0.005634
1.7,-6.746784,-4.484129,7.136892,0.058665,0.111293,-0.018812
1.725,-7.374388,-2.170642,7.227152,0.226171,0.083665,0.040325
1.75,-7.513247,-2.910427,6.833499,0.311272,-0.281538,0.393652
1.775,-6.845639,-1.615192,7.373705,0.464209,0.125108,0.380871
1.8,-8.660658,-1.631995,8.233601,-0.82706,0.015403,0.115685
1.825,-8.107026,-6.16472,6.498562,-1.045676,-0.474553,-0.408923
1.85,-7.761944,-4.819565,6.619666,1.330828,-0.29374,-0.289135
1.875,-8.399796,-0.952978,9.447515,0.526974,-0.610621,-0.429415
1.9,-7.390538,-4.159229,7.930226,0.277206,-0.821112,-0.446339
1.925,-8.260573,-2.141959,9.175142,0.690457,-0.951865,-0.54624
1.95,-5.838909,-2.822949,7.68868,0.004831,-1.333412,-0.908618
1.975,-4.844095,-3.006484,8.807357,0.239856,-1.084897,-1.121095
2.0,-4.922382,-2.567954,9.367492,0.315432,-1.395854,-1.19291
2.025,-2.194442,-0.990282,8.781033,0.229039,-1.170545,-1.069374
2.05,-2.239105,-0.350049,8.421555,-0.681417,-0.711333,-0.64789
2.075,-1.765398,-2.163561,9.614417,-2.105825,-0.389645,0.264701
2.1,-3.981394,-4.898266,10.102316,-2.69916,-0.105286,0.552473
2.125,-1.249704,-11.112569,8.891014,-1.718333,0.388431,0.269537
2.15,-3.761839,-6.370566,4.787631,-0.503427,0.597704,-0.103746
2.175,-9.353132,-4.209448,5.443158,-0.354933,0.423082,-0.199237
2.2,-2.951415,-2.645473,4.001523,-0.669764,-1.182258,-1.051572
2.225,-2.288963,-3.63752,7.73569,-0.189268,0.219378,-0.894058
2.25,-5.590719,-0.893775,9.105073,-0.400111,-0.313088,-0.942228
2.275,-1.30512,-5.158951,6.872207,-0.15267,-0.620086,-0.527989
2.3,-6.295973,-3.656332,8.525065,0.262601,-0.351506,0.160281
2.325,-2.682335,-7.528441,7.010676,0.191545,-1.75465,0.402314
2.35,2.550122,-4.105711,5.94058,2.372401,-1.358894,0.089355
2.375,2.702326,3.186561,7.456014,1.151348,-0.464722,-0.499042
2.4,-1.857013,-2.954233,5.653787,-1.800012,0.395233,-0.362724
2.425,-3.55149,-6.338468,8.590802,-0.106526,-0.443714,0.306654
2.45,-4.20941,-5.068077,9.786306,0.466681,-0.04947,0.226843
2.475,-1.591175,-2.921725,8.585445,-0.311147,-1.063768,0.799255
2.5,-1.660332,-4.450634,6.937734,-0.35275,0.130983,0.141549
2.525,-2.490795,-3.601428,6.331045,-0.812043,0.128364,0.138271
2.55,-4.395389,-5.958502,6.981974,-1.460799,0.448547,-0.243386
2.575,-4.293799,-9.050693,6.283603,0.194449,-0.554511,-0.30236
2.6,-3.827399,-3.44483,8.898089,2.15773,-0.724922,0.377209
2.625,-1.874632,-1.812365,8.604118,0.713266,-1.185003,0.728627
2.65,-3.09044,-6.278481,8.01255,0.246235,-1.011857,0.502618
2.675,0.580967,-5.136699,7.853936,1.209824,-1.263801,-0.038881
2.7,1.041535,0.048955,8.295477,0.634683,0.098173,0.269208
2.725,-1.592319,-1.920972,8.99183,-2.108065,0.388852,0.090784
2.75,-2.634865,-7.126004,6.970101,-1.200609,0.441973,0.402754
2.775,-1.531948,-4.805176,8.274399,-0.000481,0.051871,0.419903
2.8,-1.916626,-5.909605,8.086831,0.341119,0.256764,0.53567
2.825,-1.143928,-4.41671,8.269608,1.79196,0.131101,0.687038
2.85,-3.310506,-0.490031,8.900496,-0.089271,0.640704,0.111648
2.875,-3.450503,-4.436373,7.888427,-1.635367,0.232548,-0.112653
2.9,-3.954283,-6.361918,6.728505,0.073848,0.282524,-0.089548
2.925,-4.102716,-3.907449,9.16992,0.59651,-0.089465,0.179137
2.95,-3.606623,-4.059316,8.391031,0.369879,-0.110875,-0.131892
2.975,-3.16451,-2.737922,8.319353,0.498424,0.041992,-0.107085
3.0,-3.44448,-2.84829,8.318891,-0.564183,-0.168955,-0.141295
3.025,-2.113024,-5.44272,8.07552,-0.201203,-0.065217,-0.173941
3.05,-2.442417,-4.427378,8.264723,1.205266,-0.047989,-0.024339
3.075,-2.024007,-0.896812,9.731259,0.411827,-0.110269,0.006109
3.1,-2.152819,-2.779677,8.390589,-0.988435,0.190638,-0.058921
3.125,-2.615374,-6.932951,6.710981,-0.523541,-0.224045,0.051698
3.15,-1.401017,-4.172512,8.428075,0.911753,0.047708,0.177016
3.175,-2.358549,-1.961789,9.649677,-0.080682,0.233914,-0.051413
3.2,-3.24297,-4.246724,8.737833,-0.783501,0.196555,0.040912
3.225,-2.512919,-5.105969,7.449712,-0.077396,-0.000182,0.106044
3.25,-2.3407,-3.854029,8.539413,-0.057675,0.139447,0.156598
3.275,-1.442869,-4.569047,7.59996,-0.433753,0.369474,-0.126604
3.3,-4.699827,-5.865239,7.224714,-0.750893,0.581738,-0.600169
3.325,-3.486622,-6.21909,7.631623,0.058265,0.019724,-0.388433
3.35,-4.550445,-6.062714,8.341181,0.184405,0.202771,-0.587867
3.375,-3.756307,-5.236536,8.970602,0.716593,-0.494434,-0.105008
3.4,-4.068809,-2.131968,10.249191,0.338803,-0.257133,-0.020296
3.425,-3.943374,-4.980692,9.349493,-0.925554,-0.779769,0.069721
3.45,-0.1026,-6.260597,7.145146,0.880683,-0.730633,0.291635
3.475,-1.111778,-1.47349,9.178606,0.268314,0.294049,-0.022527
3.5,-2.76776,-6.747596,8.666928,-0.982643,0.016218,-0.135199
3.525,-2.402944,-6.010943,8.642284,0.735941,0.008492,-0.33022
3.55,-2.064205,-1.938932,8.457982,0.24066,-0.172178,-0.054736
3.575,-1.957186,-5.623693,8.412474,-0.04985,0.005053,0.299241
3.6,-3.024009,-4.059957,9.00604,1.056993,-0.062185,0.164917
3.625,-2.011124,-3.07164,8.864115,-0.177637,-0.346564,0.249637
3.65,-3.485781,-5.304386,9.031391,-0.434905,-0.046899,0.095874
3.675,-4.719562,-7.850989,9.715678,0.24053,-0.454871,-0.398907
3.7,-1.930801,-4.72509,8.735448,1.39785,-0.677663,-0.386722
3.725,-2.470911,-2.293111,9.414422,0.076139,-0.295281,-0.632199
3.75,-2.9998,-6.234149,9.506951,-0.087575,-0.60011,-0.395159
3.775,-2.517863,-5.178709,9.992098,1.380222,-0.819328,-0.311657
3.8,-2.798573,-3.344403,11.039039,0.578921,-0.754188,-0.435074
3.825,-1.571378,-7.823866,8.740354,1.18516,-1.01956,-0.339628
3.85,-1.271822,-1.43153,10.551265,3.111475,-1.023785,-0.274418
3.875,0.216925,1.322225,11.364722,-0.225659,-1.063092,-0.36785
3.9,1.420623,-4.9517,9.19852,-0.317751,-0.763424,-0.374403
3.925,1.604683,-2.958517,10.005179,1.24568,-0.151702,-0.069022
3.95,0.422288,-1.110601,9.792664,0.966701,0.104719,0.220582
3.975,0.24273,-2.22702,9.985009,0.341199,0.161043,0.389308
4.0,0.422316,-1.745705,9.588484,1.123138,0.183076,0.38854
4.025,0.03353,1.982216,11.621372,-0.303551,0.360666,0.307468
4.05,-1.070829,-3.797688,8.58055,-1.863147,0.196648,-0.056353
4.075,-0.142842,-6.411302,8.237664,0.984337,0.037362,0.096951
4.1,-0.1879,1.759955,11.005878,1.084165,-0.046167,0.177049
4.125,0.741437,-0.688424,9.528769,-1.020364,0.205843,-0.213063
4.15,-1.397376,-3.064197,8.958133,-0.87229,0.257602,-0.130501
4.175,-1.07327,-3.37378,8.566973,-0.394458,-0.042466,-0.026784
4.2,-0.886736,-3.133234,9.182374,0.415824,-0.101987,-0.065969
4.225,-0.963008,-2.055479,9.906998,1.004702,-0.238639,0.074729
4.25,-1.102937,-1.003234,10.002383,0.805586,-0.305874,-0.038438
4.275,-0.383126,-1.932346,8.92868,0.532967,-0.553521,0.04231
4.3,0.04614,-0.027236,9.32303,0.816288,-0.361904,0.096083
4.325,0.4498,-0.570744,8.26957,-0.266406,-0.380178,-0.092573
4.35,0.079757,-4.530815,7.914282,1.173864,-0.194137,0.123953
4.375,-0.089346,2.935665,11.014656,1.547474,-0.351831,-0.030316
4.4,-0.878105,0.123886,9.431654,-0.783555,-0.554375,-0.086711
4.425,0.387112,-0.725975,8.108332,-0.407229,-0.56311,-0.00865
4.45,0.522898,-3.756769,7.694798,-0.136886,-0.61374,-0.084211
4.475,0.81923,-0.902226,8.975176,1.648024,-0.005566,0.237651
4.5,0.951116,1.995335,9.467004,0.623785,0.028567,-0.247629
4.525,0.142449,2.348284,9.904264,-1.574666,0.468369,-0.040785
4.55,0.744597,-2.851476,8.158309,-2.248815,-0.008685,-0.270278
4.575,0.048213,-4.846889,8.304058,-0.677581,0.467603,-0.13022
4.6,0.144966,-2.545792,8.879039,0.08426,0.204733,0.061666
4.625,0.260502,-3.271728,8.319432,0.223392,0.619916,-0.257497
4.65,0.372795,-0.282548,9.321666,0.735566,0.626675,0.089212
4.675,-0.860618,-1.09731,8.988123,-0.820396,0.610678,-0.426689
4.7,-0.696956,-2.949079,8.30025,-0.054519,0.325048,-0.106007
4.725,-0.958482,-1.627683,9.120942,-0.355171,0.112353,0.004874
4.75,-0.497137,-3.307534,9.070283,0.457897,-0.05671,0.210849
4.775,-1.167625,-2.642895,9.033736,1.094893,-0.040866,0.532573
4.8,-1.139663,-2.563712,9.286834,2.247568,-0.077579,0.416327
4.825,-0.985825,-0.527789,9.355012,1.879751,-0.230611,0.319661
4.85,-0.98309,-0.818481,8.535608,1.912133,-0.306846,-0.035792
4.875,0.164081,-0.213959,9.616303,1.892625,-0.709325,0.088987
4.9,0.173688,0.487238,9.051131,2.991697,-0.131687,0.246687
4.925,-1.346019,2.869151,10.632994,2.416279,-0.640266,0.293761
4.95,1.29837,3.25522,9.895834,1.230496,-0.588252,0.027807
4.975,0.482569,2.467523,10.107558,0.981384,-0.536661,-0.087428
5.0,1.390637,1.809171,10.543949,1.218863,0.313593,-0.189053
5.025,-1.258178,-2.523861,8.435098,3.082535,-0.596538,-0.42767
5.05,0.72798,5.690802,8.691606,5.517578,-0.038013,-0.219297
5.075,1.407805,9.724559,8.914892,2.406679,-0.670512,-0.048059
5.1,0.116679,9.348936,10.51173,0.92893,0.191976,0.211459
5.125,0.329778,6.547594,9.822983,-2.016647,-0.691756,-0.070082
5.15,0.574635,-1.324515,7.368374,0.195132,-0.310051,0.066712
5.175,1.124085,5.729567,9.236974,2.702255,-0.686501,0.141064
5.2,1.144926,7.093777,8.054079,0.31098,-0.290539,-0.127121
5.225,2.383754,5.282295,7.85254,0.447077,-0.14121,0.191876
5.25,0.692782,9.127052,9.027327,-0.573784,0.189542,-0.144126
5.275,1.841921,4.57376,8.122656,-2.249978,0.169852,-0.177528
5.3,0.892968,-1.367634,6.540693,1.098367,0.290269,-0.005813
5.325,1.973141,6.57459,9.04057,3.01964,0.386868,0.423665
5.35,0.849283,9.638384,9.855334,0.783728,0.723436,0.176125
5.375,0.416172,6.910078,9.12676,-1.528153,0.401516,-0.062252
5.4,1.234923,1.739319,8.747492,-0.521175,0.41728,-0.067228
5.425,-0.774417,7.472077,11.264177,-0.108178,0.528248,-0.434406
5.45,0.070006,4.063011,9.424547,-1.813825,-0.082475,-0.205893
5.475,1.461296,3.60143,8.83798,0.338583,-0.053928,-0.238733
5.5,0.796749,6.547514,10.173716,0.267244,0.037388,0.064667
5.525,0.830335,7.6323,10.211117,-0.677621,-0.089258,0.06896
5.55,0.557757,4.190527,8.381514,-1.992845,0.02514,0.266574
5.575,1.107437,3.007556,8.588223,-0.942067,-0.185963,0.302306
5.6,0.370754,2.983637,7.80174,-0.030659,0.220661,-0.171563
5.625,0.530774,5.152902,7.07523,0.007261,-0.131654,0.01796
5.65,0.372519,3.379635,7.762558,0.121067,0.230782,0.157062
5.675,0.56168,7.222871,8.179249,0.782222,-0.142798,0.482546
5.7,0.397969,6.276683,7.851505,-1.322532,0.241038,0.36595
5.725,0.593972,1.031339,6.402484,-0.643089,0.059091,0.122622
5.75,-0.167681,1.810303,6.303124,1.983235,0.272817,-0.108429
5.775,0.186283,9.032151,8.507983,2.035764,0.046578,0.002001
5.8,0.023305,9.685086,8.249242,-0.518817,0.137914,-0.355995
5.825,-0.061053,6.381882,7.426597,-1.139878,0.222283,-0.02382
5.85,-0.067347,5.996047,6.919763,-1.177587,0.501603,-0.106238
5.875,-0.462461,2.293623,5.489649,-0.649228,0.511335,-0.052198
5.9,-0.469415,3.974035,7.398349,1.048012,0.400488,0.162447
5.925,-0.981398,6.220782,8.641626,0.745799,0.193601,-0.032538
5.95,-0.111245,6.698762,8.18942,-0.006175,-0.083132,0.070888
5.975,-0.537566,6.992354,8.422347,-0.6215,-0.024999,-0.095072
6.0,0.037101,4.089019,7.846201,-0.74178,-0.17626,0.007286
6.025,-0.394799,1.92727,7.884537,0.407618,0.018547,0.207621
6.05,0.038048,3.945905,8.434988,1.208883,-0.171087,0.456502
6.075,-0.446754,5.68393,9.819866,0.496244,-0.004294,0.183977
6.1,-0.155549,6.29127,9.906611,-0.162336,-0.472004,-0.021763
6.125,1.146321,4.860584,7.989871,-0.757758,-0.306096,-0.06181
6.15,0.649935,4.548815,8.142612,0.093275,0.234245,0.183365
6.175,0.368762,5.588952,8.746011,-0.002277,0.294847,0.087062
6.2,-0.163043,3.516829,8.585988,0.00155,0.204355,0.055205
6.225,0.480529,4.496922,8.253435,0.418297,0.012537,-0.148286
6.25,0.560833,5.482392,8.665921,0.171332,0.422655,-0.299395
6.275,-0.296838,6.234581,9.440246,-0.534952,0.491401,-0.338435
6.3,-0.476942,3.544073,8.605427,-0.255605,0.335792,-0.193725
6.325,-0.1263,5.330237,8.765568,0.4243,0.242678,0.088399
6.35,-0.010636,5.367923,8.697379,-0.252789,0.133933,0.030291
6.375,-0.621117,4.265415,8.54521,-0.477138,0.072201,-0.126032
6.4,-0.295108,3.56959,8.616916,-0.223038,-0.166508,-0.097709
6.425,-0.585392,3.923184,8.878631,0.137711,-0.100528,-0.143826
6.45,-0.236086,4.1008,8.457417,0.371518,-0.20221,-0.13291
6.475,-0.234793,4.713722,8.540728,0.762161,-0.053574,0.056914
6.5,-0.16649,6.195729,8.835875,0.446908,-0.011011,0.170713
6.525,-0.395545,5.308174,8.675026,-0.179612,-0.016757,0.096069
6.55,-0.133642,4.868834,8.828547,-0.000597,-0.023665,0.02942
6.575,-0.350994,4.748256,8.408898,-0.113701,0.007066,-0.017033
6.6,0.040041,4.083355,8.020287,-0.057901,-0.115927,0.006496
6.625,-0.071996,4.389888,8.321766,0.352415,0.069622,-0.039964
6.65,-0.257023,5.139649,8.576812,0.296392,0.057874,0.067156
6.675,-0.473521,5.943838,9.036833,0.051273,0.111422,0.049014
6.7,-0.572984,4.95782,8.431747,-0.300175,0.02239,-0.007191
6.725,-0.260004,4.709291,8.376579,0.029579,0.037168,0.07823
6.75,-0.369116,5.593507,8.567412,-0.076044,0.087635,0.004056
6.775,-0.415681,4.945842,8.427615,-0.328825,-0.027804,0.00872
6.8,0.106584,4.518789,8.311464,-0.095974,0.002049,0.071284
6.825,0.031417,5.026469,8.618534,0.200074,0.031105,0.115937
6.85,-0.20515,5.55047,8.882707,-0.03398,0.0341,0.007663
6.875,-0.298402,4.390492,8.713654,-0.130484,-0.046345,-0.081888
6.9,-0.376356,5.194924,8.697011,0.110244,-0.12191,-0.067936
6.925,0.146902,6.001983,8.984563,-0.269399,-0.125359,-0.111675
6.95,-0.376942,5.156349,8.589781,-0.646527,-0.111838,-0.11253
6.975,0.120075,3.315967,8.254651,-0.135651,-0.170044,-0.018604
7.0,-0.443601,4.707754,8.600607,0.654072,-0.065276,0.092501
7.025,0.062889,5.873268,8.88469,0.226729,-0.203649,0.173579
7.05,-0.18208,5.047729,8.712709,-0.313335,-0.124118,0.121994
7.075,0.152234,4.416917,8.409166,-0.066919,-0.230641,0.094348
7.1,-0.10952,4.34395,8.539525,-0.023066,-0.15676,0.025722
7.125,0.19121,4.390756,8.524434,0.378551,-0.094797,-0.007883
7.15,-0.230874,5.689484,8.679077,0.245971,0.001669,0.065725
7.175,0.19448,5.786214,8.576115,-0.21568,0.019199,0.056936
7.2,-0.136776,3.604587,7.60377,-0.254956,-0.020991,0.112128
7.225,0.56326,3.810055,7.805275,0.76096,0.075591,0.128325
7.25,-0.048301,5.790083,8.765527,0.527141,0.05813,-0.002789
7.275,0.399663,5.72513,8.414129,-0.075291,0.07494,-0.096924
7.3,0.261562,5.017212,8.270222,-0.390869,0.03878,-0.150945
7.325,0.194178,4.92282,8.430835,-0.177474,0.191235,-0.181716
7.35,-0.051404,4.261211,8.186176,0.041042,0.090835,-0.207791
7.375,-0.033096,5.010549,8.621028,0.282413,0.230289,-0.100945
7.4,-0.290668,5.404179,8.76531,0.099299,0.092462,-0.147038
7.425,-0.411296,5.549489,8.858209,-0.098573,0.163974,-0.131582
7.45,-0.462881,4.657787,8.395114,-0.302085,0.012388,-0.075193
7.475,-0.109813,4.190011,8.081983,0.300845,0.019588,0.053038
7.5,-0.197876,5.69768,8.670615,0.321974,-0.024095,0.124727
7.525,-0.24272,5.599015,8.79532,-0.039961,0.015132,0.104232
7.55,-0.265153,5.13966,8.616584,-0.196815,-0.095714,0.058425
7.575,-0.023558,4.814819,8.382826,0.109011,-0.031,0.021909
7.6,-0.299978,5.740698,8.754634,0.068519,-0.11227,0.005147
7.625,-0.07927,5.440601,8.691743,-0.153484,-0.139904,0.009704
7.65,-0.030997,5.314884,8.25765,-0.103476,-0.088916,0.005736
7.675,0.026139,5.259091,8.10013,-0.134507,-0.057992,0.101758
7.7,0.051435,4.733502,8.196077,-0.204979,0.030645,0.135522
7.725,-0.20518,4.407518,8.454376,0.147258,0.061643,0.142211
7.75,-0.145671,5.259054,8.713683,0.162982,0.049813,0.023485
7.775,0.024636,5.158771,8.570006,-0.05811,0.057517,-0.100607
7.8,-0.291074,4.827186,8.203253,-0.246295,0.030467,-0.178838
7.825,-0.003207,4.018471,8.241436,0.079774,-0.045972,-0.160156
7.85,-0.033981,5.12375,8.418858,0.387354,0.067892,-0.136081
7.875,-0.007427,5.752605,8.666962,0.112236,0.022752,-0.097723
7.9,-0.211003,5.469038,8.509629,-0.194047,0.054089,-0.074345
7.925,-0.08195,4.825688,8.239712,-0.213461,0.016174,-0.025976
7.95,-0.189452,4.530782,8.289672,0.161096,-0.015937,-0.00217
7.975,-0.010993,5.393636,8.542413,0.193993,-0.025876,0.056667
8.0,-0.350504,4.932582,8.500734,-0.097392,-0.039785,0.040508
8.025,-0.120965,4.691508,8.394079,0.067385,-0.116353,0.071029
8.05,-0.03337,5.22973,8.47216,0.15821,-0.063607,0.011433
8.075,0.029703,5.276419,8.413727,0.006941,-0.074241,0.041598
8.1,0.07603,5.082782,8.294033,0.086724,-0.0051,0.043675
8.125,-0.032582,5.315526,8.56573,0.108429,0.050201,0.057477
8.15,-0.378159,5.092958,8.509575,-0.044984,-0.047997,0.050066
8.175,0.110133,5.012374,8.376676,0.021154,-0.105504,0.017721
8.2,0.140206,5.797728,8.303191,0.075396,0.015121,0.047783
8.225,0.134586,7.091374,8.930109,-0.526066,0.039,0.062033
8.25,-0.118052,6.646843,9.095516,-1.788276,0.015276,-0.010611
8.275,0.093462,4.21,8.333103,-1.932671,-0.074871,-0.022547
8.3,0.15697,4.550704,9.088911,-1.91464,0.011857,-0.007202
8.325,0.244932,3.844688,9.15953,-1.820682,0.097049,-0.096738
8.35,-0.160782,3.657517,9.097003,-1.929872,0.079472,-0.121885
8.375,0.28014,2.073391,8.836885,-1.522981,-0.022924,-0.017149
8.4,-0.214989,3.432421,10.124866,-1.692729,0.072344,-0.061521
8.425,0.117545,2.954802,9.845649,-2.153909,0.122745,0.011505
8.45,-0.218493,3.574439,9.903107,-2.98964,0.066969,-0.236487
8.475,0.113064,0.980975,8.856367,-3.65708,0.176354,-0.258249
8.5,-0.143948,1.238257,9.416934,-3.732425,0.147383,-0.247001
8.525,0.013474,-0.512965,9.238173,-4.477537,0.236424,-0.233739
8.55,-0.306155,-0.938609,8.814918,-4.74542,0.262926,-0.168459
8.575,-0.521754,-3.635707,7.262352,-5.244274,0.181984,-0.28976
8.6,-0.004251,-5.105783,7.427634,-4.78953,0.037202,-0.127582
8.625,-0.159901,-6.702499,7.293953,-4.515842,0.252336,-0.17184
8.65,-0.260042,-7.993424,6.152677,-3.637063,0.300875,-0.048076
8.675,-0.669404,-6.779782,6.263403,-2.932815,0.267008,-0.100016
8.7,-0.126443,-7.552241,5.833673,-3.302504,0.271024,-0.145657
8.725,-0.893588,-7.791499,4.919213,-2.959903,0.246296,-0.067982
8.75,-0.56541,-6.068265,4.591404,-3.69638,0.01572,-0.160725
8.775,0.416803,-9.196182,3.763971,-4.730012,0.129942,-0.289637
8.8,-0.571158,-13.609085,1.553978,-2.711857,0.448488,-0.224206
8.825,-1.019387,-8.302879,2.705845,-1.401225,0.023957,0.000705
8.85,0.232218,-7.894088,2.784894,-2.875457,0.146941,-0.121129
8.875,-0.811285,-7.894678,1.490396,-3.781073,0.202068,-0.013936
8.9,-0.222824,-7.531747,-0.712455,-4.63593,0.099984,-0.243996
8.925,-0.40992,-10.220114,-2.632572,-4.964731,0.067631,-0.49285
8.95,0.681803,-10.684183,-2.770906,-3.781339,0.233691,-0.276581
8.975,-0.411263,-10.484405,-3.672111,-3.73539,0.214884,-0.107293
9.0,0.082003,-10.441611,-5.172447,-2.669067,0.24368,0.011742
9.025,-0.040771,-9.636379,-5.108426,-1.384199,0.111368,-0.090081
9.05,0.14571,-6.944364,-3.369429,-1.957055,0.216739,0.017447
9.075,-0.234914,-5.689274,-4.686106,-3.315607,0.267544,0.109679
9.1,0.158931,-5.470436,-6.449264,-4.597916,-0.03924,-0.159459
9.125,1.263792,-9.243141,-8.151898,-4.627535,0.358916,0.175663
9.15,-0.635846,-10.192525,-8.72959,-2.245666,0.394088,0.310251
9.175,-0.911016,-5.86395,-7.979535,-0.970237,-0.055502,0.10929
9.2,0.006317,-5.318094,-7.912044,-1.577579,-0.229059,-0.140536
9.225,1.324302,-5.567676,-7.822385,-1.344439,0.045359,0.073766
9.25,-1.078868,-3.246386,-8.892213,-2.045475,0.142948,0.175868
9.275,0.1417,-3.550649,-9.098606,-2.589838,-0.242348,0.028269
9.3,0.556706,-3.260061,-8.299473,-3.091979,-0.028267,-0.211442
9.325,-0.513209,-6.493432,-9.839273,-2.923027,0.114038,0.100549
9.35,0.083883,-3.760166,-10.059215,-1.315402,-0.243579,-0.322057
9.375,0.515823,-3.261141,-9.774224,-0.988933,-0.047517,-0.085871
9.4,0.590892,-1.045192,-9.228462,-1.352622,0.082768,0.094056
9.425,-0.351783,-3.254226,-9.792047,-1.730851,0.020517,-0.009671
9.45,-0.003388,-3.13859,-9.138811,-1.343019,0.040645,0.042003
9.475,-0.384375,-2.872036,-10.315199,-0.650638,-0.076515,-0.293921
9.5,0.641311,-1.209221,-9.894548,-0.610877,-0.148424,-0.114837
9.525,0.592097,-1.930532,-9.746979,-0.421119,0.18719,-0.095848
9.55,0.1646,-1.879597,-9.696035,0.481956,0.207949,-0.041149
9.575,-0.638682,-1.216658,-9.708434,0.280863,0.048228,-0.129521
9.6,0.793501,-1.653567,-10.242105,0.457491,0.062854,-0.162511
9.625,0.004317,-1.766424,-9.756993,0.869419,0.112085,-0.062556
9.65,0.487361,-1.92821,-9.564069,0.647929,0.270378,-0.075008
9.675,-0.611872,-3.308839,-9.913402,0.998076,0.017599,-0.075684
9.7,0.239868,-2.946838,-9.877312,1.333968,0.065475,-0.259176
9.725,0.087403,-4.444751,-10.463224,2.130465,-0.078747,-0.336554
9.75,0.623922,-3.502205,-9.896234,2.698131,0.038407,-0.159462
9.775,0.194119,-4.014051,-9.534973,2.574464,-0.102192,-0.021408
9.8,0.068639,-6.174968,-9.872509,3.223244,-0.099471,-0.001003
9.825,0.430705,-4.792576,-8.452195,3.978253,-0.3133,0.069223
9.85,0.217385,-5.856815,-8.372593,3.391012,-0.132661,-0.030254
9.875,0.45742,-8.133992,-9.155943,4.041557,-0.288412,0.131769
9.9,0.170209,-7.360455,-7.354398,4.907286,-0.116631,0.191935
9.925,0.361299,-6.39281,-5.454021,4.379438,-0.105403,0.323326
9.95,-0.734112,-7.213748,-4.903051,3.567233,-0.246145,0.121594
9.975,0.427726,-8.367366,-4.230313,3.201048,-0.110452,0.119446
10.0,-0.347652,-10.819953,-4.04645,3.408628,-0.327566,0.000197
10.025,0.69863,-10.943411,-3.029148,4.504478,0.049907,0.238051
10.05,-0.142912,-10.357854,-1.711762,4.708429,0.035549,0.372871
10.075,-0.488831,-9.822959,-1.591082,5.388022,0.116244,0.388339
10.1,-0.611285,-7.69637,1.06867,4.784999,-0.081151,0.446135
10.125,0.01008,-10.991459,0.807292,4.279357,0.180624,0.197448
10.15,-1.354011,-10.456183,1.756823,6.304256,-0.16215,0.316042
10.175,-0.065382,-6.905761,3.581268,6.34089,0.045432,0.242595
10.2,-1.126143,-4.579614,5.928826,5.309189,-0.244841,0.316182
10.225,0.01555,-6.021105,6.203035,3.698849,0.06111,0.054489
10.25,-1.111085,-6.260926,6.374486,4.875812,-0.213494,0.215782
10.275,-0.250812,-2.93934,8.657744,3.63256,0.06723,0.046872
10.3,-1.054537,-6.184383,7.378015,3.914418,-0.175807,0.191075
10.325,-0.446899,-2.880983,8.564792,4.450117,-0.007552,0.239544
10.35,-0.774296,-6.005552,7.290277,5.147831,-0.163119,0.211467
10.375,-0.803865,0.343328,7.656013,7.660118,-0.056898,0.385932
10.4,-0.418137,9.907763,11.203468,3.956249,-0.409597,0.311549
10.425,0.186575,2.747937,9.24605,0.80741,-0.009456,-0.093517
10.45,-0.554621,0.049708,8.965104,2.153615,-0.001053,0.14535
10.475,-0.533905,0.178897,8.422691,3.295978,0.331397,0.008811
10.5,-1.237119,-0.149864,7.479198,4.615775,-0.130017,0.189079
10.525,0.050198,8.204624,8.90175,4.949368,-0.005856,0.478878
10.55,-1.24371,7.755726,8.716672,1.110178,-0.251965,-0.068371
10.575,0.391953,1.989492,5.346114,3.032301,-0.117121,-0.057413
10.6,-0.931175,5.638554,7.264522,4.185345,0.061533,-0.093109
10.625,0.400963,8.620254,7.296222,4.185574,0.035963,0.4662
10.65,-0.97265,10.772492,7.63148,1.382205,0.009961,0.108648
10.675,0.584196,4.376653,4.893064,1.8472,-0.003987,0.494976
10.7,-1.313622,9.641967,5.118876,3.229316,0.073432,0.167223
10.725,0.438772,8.208726,4.771038,2.267817,-0.195408,0.074349
10.75,-0.402932,12.037997,5.535553,2.093835,0.175791,0.205772
10.775,0.126802,8.327654,3.84525,0.441262,-0.109887,0.120851
10.8,-0.451145,8.070076,2.863229,1.735999,0.220058,0.270099
10.825,-0.432031,7.471498,2.465963,1.97917,-0.100613,0.084821
10.85,0.255252,6.798951,2.30333,3.9388,0.146369,0.225227
10.875,0.203545,11.739935,3.091691,3.196842,0.057672,0.344622
10.9,-0.214743,7.209447,0.659307,2.813815,0.170969,0.29451
10.925,-0.114992,8.974502,-1.380384,4.317038,-0.024538,0.435877
10.95,0.11218,9.121443,-2.025658,4.703093,-0.048578,0.089713
10.975,0.00704,11.512245,-2.429441,4.664048,0.073652,0.097945
11.0,0.507367,8.783868,-4.205554,3.789834,-0.128485,0.126501
11.025,0.330773,9.566581,-5.64332,5.173018,-0.003476,0.165591
11.05,0.304671,8.587586,-6.411001,4.33028,-0.175971,0.172623
11.075,0.185433,9.695032,-6.17866,5.042876,-0.046454,0.102226
11.1,1.115475,10.582991,-5.013716,2.498386,-0.111199,0.079682
11.125,0.563187,5.789952,-6.863194,2.313154,0.308049,0.137468
11.15,0.865309,6.090564,-7.601205,2.726195,0.150085,0.284733
11.175,0.025054,4.610864,-9.094341,2.914711,0.300589,0.251623
11.2,0.161051,6.052324,-9.345086,3.490175,-0.010871,0.07638
11.225,0.661826,3.638763,-9.312376,2.926462,-0.106799,0.089982
11.25,1.28505,3.172612,-9.878643,4.213462,0.064211,0.3108
11.275,0.37514,4.740082,-9.305894,3.327985,0.127705,0.246989
11.3,0.755012,2.252163,-10.511597,2.754883,0.083266,0.146392
11.325,0.50208,2.086659,-10.376883,2.658104,-0.007582,0.130476
11.35,0.41363,1.986241,-10.125454,2.580311,0.029929,0.120766
11.375,0.465026,2.586758,-9.781971,1.657727,-0.123804,0.150705
11.4,0.620189,-0.416267,-10.246617,1.124003,-0.165993,0.118295
11.425,0.697498,0.263445,-9.406375,1.466655,-0.170473,0.160405
11.45,0.21129,1.546855,-9.64222,1.048789,-0.140364,0.086852
11.475,0.175206,1.695385,-9.218906,-0.791714,-0.2891,0.036512
11.5,0.890414,-3.238324,-10.776925,-0.037734,-0.299529,0.114732
11.525,0.521646,0.917757,-9.215993,0.525392,-0.155261,0.192806
11.55,0.390202,-0.249575,-9.60497,-0.498296,-0.124093,0.064945
11.575,0.339221,-1.395271,-9.43292,-0.168425,-0.090215,0.095379
11.6,0.43319,-1.211322,-9.369105,0.342044,0.018359,0.096628
11.625,-0.025618,0.388222,-9.741807,0.348123,0.023765,0.019948
11.65,0.328239,0.018554,-10.02317,-0.465132,-0.084081,0.044034
11.675,0.482788,-2.364807,-10.346747,0.057485,-0.028335,0.142513
11.7,0.212233,0.647009,-9.210622,0.435606,0.053848,0.139519
11.725,0.152268,-0.201211,-9.787336,-0.618552,-0.015906,-0.030808
11.75,0.410603,-2.105937,-10.287121,-0.179568,-0.024877,0.062616
11.775,0.529744,-0.382684,-9.892529,0.65949,0.094881,0.080538
11.8,0.165639,0.906125,-9.517701,-0.213332,0.112584,0.007798
11.825,0.28613,-0.992532,-9.96951,-0.551539,0.048065,0.01816
11.85,0.588994,-1.575102,-9.88955,0.008234,0.029861,0.016013
11.875,0.39917,0.064047,-9.396424,0.35055,0.123708,0.058016
11.9,0.428747,1.180198,-9.07749,-0.410574,0.07834,-0.075441
11.925,0.488454,-0.912317,-10.00686,-0.779631,0.115232,-0.054539
11.95,0.600522,-0.702899,-9.852578,-0.069866,0.045216,0.01951
11.975,0.520639,0.616418,-9.483462,-0.321984,0.078982,-0.002071
12.0,0.583107,-0.477908,-9.856388,-0.63631,0.025699,-0.058443
12.025,0.531162,0.233888,-9.658058,-0.238655,0.111707,-0.092553
12.05,0.433771,1.0276,-9.764728,-0.734876,0.044783,-0.107752
12.075,0.391697,2.410674,-9.990012,-0.921563,0.033632,-0.135854
12.1,0.106137,4.52585,-9.853941,-2.435711,-0.130917,-0.283084
12.125,0.922003,2.657897,-9.638555,-3.671287,-0.157254,-0.329414
12.15,0.812596,1.984793,-8.823179,-3.672751,0.102001,-0.275099
12.175,0.693818,2.055641,-9.606802,-3.032208,0.224208,-0.292164
12.2,0.061681,4.430434,-10.136718,-2.700136,0.16049,-0.368231
12.225,0.433943,3.199006,-10.910337,-2.631467,-0.090663,-0.327884
12.25,0.689905,4.348787,-8.598995,-2.097892,-0.139842,-0.126625
12.275,0.360582,4.741358,-8.271456,-1.783731,-0.007441,-0.069576
12.3,0.369853,8.6209,-7.61175,-2.489292,0.029991,-0.294172
12.325,0.476376,7.16206,-8.075337,-3.506291,-0.034345,-0.303141
12.35,0.402675,9.073912,-6.697747,-3.861236,0.109389,-0.18796
12.375,0.145425,9.032258,-6.928092,-4.483492,0.057143,-0.176881
12.4,0.01581,10.935043,-6.176986,-5.727409,0.036024,-0.265981
12.425,0.415583,7.486044,-6.093534,-5.829823,-0.06733,-0.323203
12.45,0.348572,10.245856,-3.498124,-5.201685,0.200181,-0.144409
12.475,-0.28422,10.485302,-3.554771,-5.992922,-0.105238,-0.114087
12.5,-0.259302,9.028867,-2.045389,-5.146776,-0.010714,-0.172184
12.525,0.215687,7.190219,-0.116647,-4.501211,-0.29214,-0.149026
12.55,0.089253,9.198185,2.088559,-3.083234,-0.048156,0.14121
12.575,-0.094647,13.709752,3.829342,-4.679674,-0.143095,0.091081
12.6,-0.536363,12.859134,2.837683,-6.46298,-0.075342,-0.169033
12.625,-0.173798,10.349057,2.712053,-8.470156,-0.434455,-0.280244
12.65,0.401079,2.898163,4.045009,-7.330366,-0.309276,-0.288486
12.675,0.808904,4.59286,7.279125,-5.334213,0.195971,-0.315606
12.7,-0.520997,1.486567,6.384334,-4.554466,0.240312,-0.117372
12.725,-0.473552,4.693736,9.183943,-4.167781,-0.094705,-0.075188
12.75,0.239291,2.116138,8.791787,-5.356721,-0.167867,-0.275069
12.775,0.480507,0.793365,9.012675,-5.342812,0.150168,-0.257687
12.8,-0.242037,-3.094693,7.455656,-4.942809,0.202699,-0.248815
12.825,0.017722,-8.681886,6.800789,-2.14653,0.313569,-0.320128
12.85,-0.533503,-6.32137,8.758852,1.9215,0.061119,0.160705
12.875,0.313887,-0.674774,10.547375,2.145135,0.282521,0.100414
12.9,-0.656599,2.617445,10.178456,1.246425,0.29857,0.116404
12.925,0.126341,2.097165,10.271247,-1.36417,0.235306,-0.237613
12.95,-0.392696,-2.852355,9.559856,-0.821427,0.293333,-0.094531
12.975,-0.402817,-1.611963,10.266118,-0.138561,0.3774,0.021959
13.0,-1.121466,-1.122467,9.554888,0.35281,0.19931,0.111089
13.025,-0.418398,0.080509,9.863386,-0.128547,0.091786,0.077158
13.05,-0.53877,-1.482549,9.633955,-0.117157,0.0139,0.084135
13.075,-0.694469,-0.811219,9.994043,0.047488,0.095995,0.064368
13.1,-0.94408,-1.779644,9.35864,-0.074853,-0.130955,0.048705
13.125,-0.632272,-0.885964,9.369392,0.506872,-0.106449,0.083152
13.15,-0.521418,0.081399,10.464908,-0.233427,-0.174343,0.078909
13.175,-0.409196,-1.890204,9.494208,-0.076762,0.013505,0.068637
13.2,-0.780474,-0.425754,10.008025,0.321964,-0.110795,0.093872
13.225,-0.544248,-0.770081,9.964702,-0.293218,-0.069481,0.030962
13.25,-0.669097,-1.544491,9.428068,0.120255,-0.162992,0.129513
13.275,-0.351754,-0.071049,9.970732,0.094631,-0.130463,0.173593
13.3,-0.648511,-0.787618,9.40858,-0.314306,-0.152036,0.075744
13.325,-0.349235,-0.179647,9.953676,-0.380711,-0.156684,0.064472
13.35,-0.582233,-0.329612,9.446728,-1.046834,-0.064005,-0.069522
13.375,-0.254236,0.702382,9.935073,-1.421053,-0.148749,-0.034514
13.4,-0.277113,-0.614396,10.007889,-2.776852,-0.011154,-0.131414
13.425,-0.33088,-2.43829,9.203176,-2.772467,-0.024243,-0.078394
13.45,-0.484939,-4.184066,8.542077,-2.833885,0.021599,-0.172554
13.475,0.105085,-5.428573,8.740151,-1.839251,0.051329,-0.002951
13.5,-0.780926,-4.348995,8.592126,-1.370999,0.146504,-0.058261
13.525,-0.111134,-4.138282,9.070546,-1.577971,-0.084555,-0.090845
13.55,-0.299567,-4.73156,8.596211,-1.852659,0.186573,-0.057437
13.575,-0.443932,-5.272516,7.703772,-1.831522,0.099831,-0.042269
13.6,-0.558073,-5.009696,7.42221,-1.492737,0.11057,-0.057966
13.625,-0.132136,-1.995583,8.449929,-2.728302,0.066473,-0.159271
13.65,-0.571559,-5.322739,6.452289,-4.719623,0.17478,-0.234283
13.675,0.316702,-8.615186,5.493098,-4.512999,0.190905,-0.091876
13.7,-1.296621,-10.12953,3.861028,-3.135765,0.210308,-0.098452
13.725,0.288472,-8.751611,4.310506,-2.464288,-0.030929,-0.14167
13.75,-0.886458,-7.749707,4.284733,-2.429002,0.110253,-0.212523
13.775,0.227457,-6.042125,3.925426,-3.76713,-0.026986,-0.227052
13.8,-0.55021,-9.168927,2.186347,-4.585983,0.073725,-0.289779
13.825,0.663364,-9.139113,1.692206,-4.498045,0.205808,-0.20434
13.85,-1.196305,-9.863168,-0.141958,-4.940613,0.223983,-0.183551
13.875,0.056938,-9.254394,-2.151773,-4.812505,-0.141721,-0.063298
13.9,-0.520393,-9.064673,-2.97203,-4.819863,0.059863,-0.199545
13.925,1.191749,-10.941418,-4.910431,-4.860753,0.001046,-0.246704
13.95,-0.583572,-11.168682,-5.469574,-3.236299,0.201006,-0.090116
13.975,0.233597,-9.451293,-5.278392,-2.611767,0.04206,0.001177
14.0,-0.044803,-9.099663,-5.313099,-2.283926,0.029264,0.009033
14.025,0.08639,-10.726195,-6.614949,-1.805878,0.040832,0.119919
14.05,-0.162327,-5.832965,-5.06107,-0.637388,-0.02046,0.197824
14.075,-0.187905,-2.648349,-4.924836,-3.807656,0.069468,-0.068668
14.1,0.171221,-8.840707,-8.220824,-4.306046,-0.112692,-0.083046
14.125,0.097397,-6.908405,-8.452774,-2.877511,0.07865,0.026734
14.15,0.670347,-6.528912,-8.633102,-2.661719,0.048272,0.007596
14.175,-0.325188,-6.99502,-8.901603,-1.594242,0.32605,0.087389
14.2,-0.294914,-2.471215,-7.522262,-1.688884,-0.100859,0.194462
14.225,-0.261868,-4.81464,-9.082256,-3.484633,-0.047666,0.022373
14.25,0.62872,-6.836412,-10.629724,-1.310302,-0.078403,0.178118
14.275,-0.511875,-3.92963,-9.186981,-0.858909,-0.057004,0.296593
14.3,0.281652,-4.059621,-8.958545,-0.536958,-0.105073,0.223015
14.325,-0.485105,-3.495597,-9.124854,-0.10797,-0.04532,-0.021236
14.35,-0.030451,-2.085792,-8.984899,0.355422,-0.036441,0.049209
14.375,-0.677517,0.355564,-8.342928,-2.332948,-0.11927,0.038884
14.4,0.17462,-5.725141,-10.836597,-2.240285,-0.180393,0.100465
14.425,-0.304213,-4.80595,-10.556035,-0.168603,-0.198986,0.149809
14.45,0.073857,-0.832089,-9.019033,0.558122,-0.126026,0.258457
14.475,-0.371991,0.793057,-8.344885,-1.906147,-0.05512,0.060136
14.5,-0.287736,-4.128734,-10.41379,-1.622475,-0.003817,0.02107
14.525,-0.726707,-2.333241,-10.23836,-0.279039,-0.052411,-0.058014
14.55,0.004366,-0.01011,-9.090923,-0.598988,-0.093073,0.056967
14.575,-0.417352,-1.894006,-9.933778,-1.224032,0.081188,-0.061959
14.6,-0.305717,-1.13012,-9.601787,-0.35709,-0.01599,0.045693
14.625,-0.325256,-0.720562,-9.584694,-0.91581,0.070943,-0.147308
14.65,0.081494,-0.598741,-9.965789,-0.604019,0.093268,-0.021851
14.675,-0.477865,-1.366292,-10.003386,-1.005859,0.119947,-0.069961
14.7,0.034326,-1.154003,-9.75376,0.092553,0.149922,-0.161682
14.725,-0.342057,-0.107424,-9.407145,0.024932,0.173763,-0.305758
14.75,0.094082,0.443922,-9.891077,-0.117362,0.244579,-0.139261
14.775,-0.371952,0.440474,-9.847163,-1.075262,0.068359,-0.157362
14.8,0.294774,-1.582664,-10.100789,-0.610197,0.188027,0.086941
14.825,0.012156,-0.850526,-10.031634,0.314571,0.132183,-0.075514
14.85,-0.673746,0.681938,-9.482414,0.548075,0.12399,0.011822
14.875,0.14083,1.41085,-9.189456,-0.585437,-0.034413,-0.140006
14.9,0.329965,-1.13282,-10.284088,-0.731648,0.071375,-0.019346
14.925,0.149335,-1.4086,-10.404929,0.360531,0.15516,0.02897
14.95,-0.612761,0.96275,-9.101199,0.747837,0.012176,-0.052396
14.975,0.444309,1.449128,-8.930559,-0.614007,0.054579,-0.160761
15.0,-0.0718,-1.341477,-10.200179,-0.381578,0.05171,-0.074142
15.025,0.04356,-0.016204,-9.779281,0.485581,0.041959,-0.010977
15.05,-0.296606,1.620226,-8.987663,-0.019591,-0.115655,0.016972
15.075,0.534309,-0.800143,-9.884283,-0.517092,-0.056228,-0.035085
15.1,-0.128928,-0.391937,-9.959052,0.335116,-0.038589,0.08788
15.125,0.003441,0.866998,-9.548975,-0.07559,-0.054095,-0.037205
15.15,0.099371,-0.386443,-10.117611,-0.183517,-0.08939,-0.004041
15.175,0.135809,-0.313269,-10.017237,0.209036,-0.028634,0.071614
15.2,-0.245921,0.428387,-9.98001,0.157491,-0.061775,0.059483
15.225,0.000213,0.125846,-9.940224,-0.173393,-0.141361,0.068924
15.25,0.325907,-0.26595,-9.916508,-0.185512,-0.046236,0.067896
15.275,-0.052457,-0.768557,-10.046571,0.188827,-0.030738,0.029271
15.3,-0.276837,0.294913,-9.903154,0.593572,-0.016431,0.010441
15.325,0.043395,1.122911,-9.499707,-0.299789,-0.099373,0.016917
15.35,-0.036376,-1.329249,-10.177492,-0.142237,0.03519,0.073772
15.375,-0.259094,0.012466,-9.707033,0.449414,-0.096739,0.065337
15.4,0.040508,0.06603,-9.799435,0.204425,-0.002619,-0.021422
15.425,0.052381,-0.652257,-9.948379,0.406926,0.023778,-0.055878
15.45,-0.199649,-0.847819,-9.863292,0.78545,0.074989,-0.046044
15.475,-0.226175,-0.930832,-10.159639,0.682247,-0.054488,-0.03703
15.5,0.136163,-1.630433,-10.160533,1.17731,-0.054579,0.012466
15.525,-0.137614,-1.642677,-10.006865,1.445945,0.003732,-0.004432
15.55,-0.060031,-1.772911,-9.749137,1.659272,-0.055235,0.016407
15.575,-0.312403,-2.886735,-10.353125,1.935347,-0.038528,-0.073039
15.6,0.206832,-2.080896,-9.608227,2.492948,-0.095926,0.069653
15.625,0.081759,-2.264062,-9.03434,1.986634,0.055459,0.030814
15.65,0.313925,-3.936187,-9.566949,2.030676,0.107882,0.123441
15.675,-0.856111,-7.497341,-10.625561,3.164783,0.01551,-0.074387
15.7,0.159491,-2.594609,-8.044514,4.605837,0.101096,0.114584
15.725,-0.070282,-3.709839,-7.47046,2.422141,0.023001,-0.297825
15.75,-0.005351,-6.376209,-8.113893,2.853512,0.218648,-0.092907
15.775,-0.327499,-6.925564,-7.888976,2.699455,-0.018311,-0.123203
15.8,0.052749,-9.070368,-7.933734,3.921127,0.072139,-0.112941
15.825,0.120561,-6.523021,-6.010922,4.07489,0.015956,-0.03342
15.85,-0.326909,-8.141272,-5.681514,3.389192,0.038237,-0.100877
15.875,0.062623,-7.018108,-4.35737,3.079818,-0.071669,0.071033
15.9,0.152229,-7.894191,-3.716979,2.141779,0.023783,-0.025958
15.925,0.062269,-8.313527,-3.426419,1.603892,0.054524,0.025687
15.95,-0.149274,-9.289144,-3.301008,1.375482,0.034203,0.098311
15.975,0.068983,-8.974893,-2.763244,1.247469,0.037715,0.104364
16.0,-0.312619,-9.532801,-2.559367,1.173551,-0.023581,0.141729
16.025,0.376382,-9.159221,-1.935823,1.254901,-0.057263,0.034417
16.05,-0.146176,-9.203221,-1.852183,0.895095,0.045754,0.06874
16.075,-0.269726,-9.113956,-2.031748,0.844799,-0.036831,0.059889
16.1,0.243327,-7.908374,-0.785235,0.20843,-0.097524,0.070878
16.125,0.412608,-11.641507,-2.033995,-0.462945,0.160789,0.122923
16.15,-0.33108,-12.093337,-2.758878,1.655671,0.088292,0.187191
16.175,-0.267472,-8.371557,-0.930749,1.903546,0.043068,0.160899
16.2,0.143139,-8.50962,-0.049276,0.676666,0.037396,-0.04103
16.225,-0.788129,-10.77687,-0.841522,0.895293,0.053607,0.004356
16.25,-0.001977,-8.314884,0.002244,1.070129,-0.157339,0.021453
16.275,-0.243395,-8.811499,0.198322,-0.066827,-0.067173,-0.076851
16.3,0.305538,-10.29698,-0.366957,-0.261788,0.050579,0.002279
16.325,-0.553038,-10.055438,-0.362892,0.247138,-0.036307,0.01368
16.35,-0.095825,-8.665491,0.06576,-0.342769,-0.004834,0.059479
16.375,-0.222162,-10.308607,-0.660061,-0.682818,-0.044856,-0.028603
16.4,0.086869,-11.209487,-0.938872,0.030233,0.010249,0.007709
16.425,-0.115057,-9.724204,-0.170625,0.498026,0.014427,0.066982
16.45,-0.409184,-9.083809,-0.013061,0.294157,-0.015072,0.061611
16.475,-0.055985,-8.52539,0.113374,-0.294176,-0.079252,0.04519
16.5,-0.015318,-9.328997,-0.221403,-0.730293,-0.044465,-0.123739
16.525,-0.225711,-10.772644,-0.84611,-0.64872,0.040257,-0.12924
16.55,-0.291066,-11.146879,-1.184423,0.388252,-0.064983,-0.043051
16.575,-0.030451,-8.751959,-0.055306,0.319184,-0.058006,-0.050031
16.6,-0.231284,-9.807513,-0.372627,-0.297278,-0.0107,-0.061836
16.625,-0.185836,-10.50296,-0.541862,-0.121514,-0.072806,-0.024286
16.65,0.074857,-9.845968,-0.412082,0.07129,0.011003,0.017187
16.675,-0.333544,-9.655392,-0.603813,-0.072345,0.009905,-0.026995
16.7,-0.094587,-9.798034,-0.64475,0.01055,-0.050672,0.048017
16.725,0.037255,-9.521516,-0.4563,-0.030933,-0.0063,0.009398
16.75,-0.0242,-9.669044,-0.661971,-0.146169,0.11527,-0.007303
16.775,-0.29693,-9.683774,-0.734896,-0.11807,0.025065,0.015023
16.8,-0.125941,-9.862155,-0.717339,-0.050599,0.058496,0.016656
16.825,0.013694,-9.650829,-0.509276,-0.092304,0.001239,0.000415
16.85,-0.192846,-10.164668,-0.89069,-0.140516,0.15006,-0.05295
16.875,-0.374701,-10.05463,-0.879683,0.167324,-0.012424,0.026963
16.9,-0.030717,-9.38194,-0.495385,0.151212,0.030042,0.041224
16.925,0.008044,-9.723539,-0.771449,-0.220885,0.083801,0.023863
16.95,-0.180082,-10.218177,-1.02536,0.160916,0.122122,0.008671
16.975,-0.381281,-9.619574,-0.678389,0.176262,0.053263,-0.006289
17.0,-0.240753,-9.354006,-0.194972,0.171506,0.040057,0.011683
17.025,-0.440031,-9.753415,-0.291587,-0.189851,-0.063157,-0.020211
17.05,0.022572,-10.161936,-0.840612,0.150077,-0.055007,-0.009254
17.075,-0.191955,-9.270663,-0.610107,0.030201,-0.067072,-0.045971
17.1,0.177891,-10.306057,-0.846551,-0.159784,0.020226,-0.018218
17.125,-0.21883,-10.559711,-1.077161,0.390261,0.070953,-0.025821
17.15,-0.128741,-9.847954,-0.51808,0.656519,0.017631,-0.086482
17.175,-0.046963,-9.618211,0.10116,0.521666,0.013584,-0.070315
17.2,0.142422,-9.451521,0.046159,0.395852,0.057287,-0.091589
17.225,-0.111289,-9.327186,0.03476,0.053605,0.058465,-0.126443
17.25,0.068838,-10.22787,-0.301332,0.07319,0.077972,-0.120719
17.275,0.051283,-9.810767,-0.036213,0.209091,0.029566,-0.091793
17.3,0.161125,-9.966106,0.001564,0.230682,0.120906,-0.056784
17.325,-0.261797,-9.425287,-0.014642,0.327524,-0.017014,0.008103
17.35,0.187502,-8.950347,0.151161,0.033497,-0.03802,0.00101
17.375,0.305196,-9.950471,0.026905,-0.334476,-0.027085,-0.009261
17.4,0.293267,-10.280344,-0.110327,0.173031,0.114446,0.051901
17.425,-0.248121,-9.974546,0.081027,0.182317,0.002955,0.059793
17.45,0.08914,-9.910313,0.192392,0.507354,-0.065521,0.073064
17.475,0.156805,-8.694646,0.575843,-0.089646,-0.048967,0.046233
17.5,0.208666,-10.889655,-0.304627,-0.206993,0.005485,0.068761
17.525,0.183492,-12.051006,-0.574627,0.607888,0.072605,0.100346
17.55,-0.212295,-10.978664,0.217764,1.72263,0.029567,0.138185
17.575,0.323255,-10.952577,0.599842,1.720431,-0.003167,0.115192
17.6,-0.326336,-13.318302,-0.573745,3.343762,0.061328,0.14804
17.625,0.35077,-9.330838,1.143154,4.868539,-0.097087,0.243785
17.65,-0.022835,-7.442047,3.07424,3.680256,0.201901,0.042493
17.675,-0.848342,-7.61599,4.486332,3.300662,0.019221,0.037293
17.7,-0.264904,-6.479359,5.228761,2.229683,0.022646,0.124274
17.725,-0.736806,-6.204434,5.741915,1.466914,-0.312153,0.238547
17.75,0.410942,-8.612232,5.517802,0.77993,-0.137061,0.081195
17.775,-0.247637,-10.711003,4.898024,2.185985,-0.136725,0.263441
17.8,-0.069921,-9.018441,4.781783,3.431596,0.077621,0.242512
17.825,-0.65209,-7.307688,5.564765,4.239986,-0.056543,0.322135
17.85,-0.344864,-4.237201,7.541978,3.93703,0.022865,0.272813
17.875,-0.156727,-2.093446,9.265431,2.961288,0.011835,0.24554
17.9,-0.42523,-0.040104,10.19108,0.668888,0.26691,0.187388
17.925,-0.624753,-4.286589,8.450889,-1.4581,0.16385,0.027273
17.95,-0.794382,-7.92956,7.469625,-0.247493,0.216448,0.167967
17.975,-0.81675,-7.021011,7.606385,0.810591,0.034868,0.134098
18.0,-0.89483,-8.4753,6.788762,2.140272,0.002581,0.15466
18.025,-0.612604,-6.142268,7.48821,3.894982,-0.132667,0.255995
18.05,-0.95332,-3.493732,7.808822,4.744456,-0.077063,0.24455
18.075,-0.457765,2.407473,10.30661,3.660375,-0.23831,0.296391
18.1,-0.764143,0.242512,9.677081,1.530959,-0.121117,0.090461
18.125,-0.529974,0.786431,9.980659,1.161128,-0.240062,0.26017
18.15,-0.669512,-0.061701,10.016409,-0.042458,-0.190243,0.062364
18.175,-0.333439,-3.401321,8.840508,0.635329,-0.274522,0.078705
18.2,-0.672846,-2.152825,8.922446,1.92202,-0.223509,0.227879
18.225,-0.399642,-0.00523,9.747979,2.14221,-0.317343,0.218623
18.25,-0.334732,2.696464,10.836274,1.357935,-0.163224,0.137931
18.275,-0.00241,3.178758,10.784473,-0.287821,-0.10191,-0.054613
18.3,-0.351003,-2.143965,8.902363,-0.816284,0.017147,-0.049046
18.325,-0.092747,-2.785942,9.11489,1.722737,-0.11664,0.28089
18.35,-0.284732,1.948824,10.604109,1.978552,0.060676,0.1714
18.375,-0.316855,3.614912,10.55335,0.76635,0.01224,0.052582
18.4,-0.096316,3.091943,10.125921,-0.766994,0.161737,-0.111206
18.425,-0.292406,1.562732,10.024337,-1.166764,0.088358,-0.038798
18.45,-0.219904,-1.518152,9.310073,-0.928898,0.184064,-0.06313
18.475,-0.509234,-0.374653,9.589592,0.853514,0.079435,0.099899
18.5,-0.598749,1.865808,10.110278,-0.213839,0.062134,-0.096787
18.525,-0.214143,-0.387837,9.451166,-0.116669,-0.02635,-0.000846
18.55,-0.554498,1.155102,10.122504,0.255371,0.072639,-0.001932
18.575,-0.423441,0.879511,9.915087,-0.190609,-0.090323,0.002898
18.6,-0.469774,0.801285,9.74701,-0.119893,-0.026524,0.018814
18.625,-0.25639,0.98269,10.177578,-0.542102,-0.125654,0.027638
18.65,-0.31389,-0.71862,9.726423,-0.177835,0.02354,-0.039335
18.675,-0.395163,0.512006,9.830541,0.414996,-0.02091,0.007152
18.7,-0.44129,1.051353,9.859329,-0.19607,-0.013691,0.00829
18.725,-0.136205,-0.093652,9.675862,-0.091696,-0.022431,0.024576
18.75,-0.557024,0.769687,10.028264,0.148114,0.035618,0.030479
18.775,-0.363774,0.471623,9.737852,-0.237012,-0.060305,-0.036367
18.8,-0.296184,-0.381628,9.416955,0.041,0.004569,0.011835
18.825,-0.162335,1.018773,10.045336,0.216906,0.048757,0.042801
18.85,-0.520247,0.61031,9.63008,-0.30603,0.007634,-0.012581
18.875,-0.024938,-0.243107,9.383256,-0.003835,-0.062699,0.053537
18.9,-0.506761,0.674979,9.969953,0.052786,0.05607,0.051544
18.925,-0.248472,0.44678,10.028859,-0.068818,0.003626,-0.014738
18.95,-0.416488,0.319975,9.800977,0.026179,0.102275,-0.055506
18.975,-0.344326,0.393393,9.644385,-0.003959,0.042422,-0.0453
19.0,-0.613762,0.175751,9.74498,-0.06996,-0.005651,0.025691
19.025,-0.198135,0.426232,10.005937,0.019748,-0.040689,0.015584
19.05,-0.510791,0.568784,10.003971,0.009531,0.02457,-0.001395
19.075,-0.292441,0.444963,9.955998,-0.068023,-0.007641,0.027102
19.1,-0.456565,0.12724,9.927489,0.007525,-0.031759,0.058057
19.125,-0.355079,0.474964,9.978393,0.042392,-0.021099,0.02224
19.15,-0.380371,0.532244,10.181593,-0.061054,0.010402,-0.032442
19.175,-0.393455,0.45115,10.004683,-0.078426,0.096626,-0.083299
19.2,-0.499175,0.198809,9.528582,-0.145942,-0.009185,-0.04346
19.225,-0.339174,-0.053682,9.54102,0.075761,-0.002221,0.067628
19.25,-0.419613,0.583596,10.090581,0.093588,-0.05603,0.056541
19.275,-0.35774,0.292407,9.903816,-0.028307,-0.06361,0.009795
19.3,-0.27651,0.266437,9.685522,0.047111,-0.058028,0.032635
19.325,-0.495295,0.233135,9.52827,-0.010266,-0.122449,0.118699
19.35,-0.15126,0.251989,9.830996,0.040106,-0.156805,0.124407
19.375,-0.39909,-0.122611,9.863551,0.177153,-0.132125,0.064958
19.4,-0.011128,-0.54353,9.565815,0.834351,-0.111446,0.031261
19.425,-0.427532,-0.056193,9.575674,1.287499,-0.133142,0.032156
19.45,0.040635,-0.338345,9.061323,2.034145,-0.085734,0.063361
19.475,-0.336991,0.328162,8.947211,2.951461,-0.050035,0.073311
19.5,-0.095003,1.833539,8.934457,3.651929,-0.084176,0.023577
19.525,-0.009829,4.453204,9.057334,3.572219,-0.038463,0.048108
19.55,-0.147922,5.636746,8.995852,2.399597,-0.000508,0.013882
19.575,0.032058,4.201954,8.316047,2.257782,-0.025487,-0.020933
19.6,-0.033276,6.099883,8.750152,2.250082,0.060692,0.027703
19.625,-0.364056,6.800746,8.713035,1.434228,0.082788,-0.025903
19.65,0.095845,4.772126,7.867797,0.968435,0.099252,-0.114954
19.675,-0.265629,3.234115,6.517423,2.613704,0.1288,0.026824
19.7,-0.274022,5.560005,6.667291,3.35294,0.041592,0.097168
19.725,-0.200447,6.327236,5.788913,4.173404,0.039612,0.095414
19.75,-0.036033,10.985781,6.917611,3.210183,0.039181,0.132811
19.775,-0.306087,9.117499,5.634013,1.29915,0.04203,-0.012445
19.8,0.133455,4.518356,3.611718,2.023114,0.038608,0.153793
19.825,-0.09633,8.796998,4.17488,4.113223,0.132822,0.197973
19.85,-0.19088,11.448351,4.802725,2.565816,0.091213,0.185183
19.875,-0.072501,11.838894,4.247508,1.606541,0.0926,0.193086
19.9,-0.133094,11.992054,4.002355,-0.28168,0.044277,-0.005201
19.925,0.069469,6.870165,2.175223,-0.578942,-0.000981,0.158871
19.95,0.327961,6.486341,2.181898,1.754778,0.060287,0.274134
19.975,-0.059323,11.437483,3.802796,1.869627,0.011788,0.294859
20.0,0.086593,11.899723,4.278202,0.142657,-0.059434,0.180075
20.025,-0.060006,8.878595,3.526265,-0.425878,-0.211994,0.260308
20.05,0.343573,8.14724,2.538694,0.143734,-0.268687,0.465678
20.075,0.500743,8.548942,1.489265,0.45905,-0.210566,0.324599
20.1,0.464085,8.730295,1.385042,1.203789,-0.208338,0.118967
20.125,0.314451,12.73903,2.869073,1.142555,-0.163044,-0.002769
20.15,0.27266,12.092719,2.251894,-0.78411,-0.335535,-0.196558
20.175,0.780542,7.950512,0.658823,-0.808897,-0.159911,-0.375002
20.2,0.438434,7.757303,0.635555,0.689451,-0.028265,-0.456014
20.225,-0.174282,11.862088,2.098965,0.78559,0.061666,-0.478215
20.25,0.033921,10.882977,0.916257,-0.408639,-0.16232,-0.448675
20.275,0.368598,8.83317,-0.082024,0.195309,0.030224,-0.481828
20.3,0.655331,10.149718,1.191885,-0.032865,0.263636,-0.537612
20.325,-0.151294,8.056428,0.890063,-0.492439,0.540112,-0.375517
20.35,-0.687394,7.424676,1.411996,0.798137,0.220766,-0.104079
20.375,-0.392321,10.274563,2.390118,1.007972,0.150688,-0.14067
20.4,-0.441621,11.671517,2.122296,-0.211572,-0.017055,-0.241393
20.425,0.131618,7.525583,0.733947,-0.352801,-0.036529,-0.007333
20.45,0.140122,9.623719,1.083753,1.01589,0.081932,0.374746
20.475,-0.218635,11.544229,1.237969,0.351032,0.330778,0.204958
20.5,-0.365609,11.582372,1.83829,-0.279552,0.344344,0.200984
20.525,-0.470428,9.391759,1.541373,-0.55273,0.148258,0.23891
20.55,-0.270795,8.58576,1.379486,-0.087327,0.016436,0.248335
20.575,-0.305187,9.945492,1.268461,0.768605,-0.08925,0.221822
20.6,0.018125,11.380033,1.359023,0.38733,-0.1186,0.119446
20.625,0.614258,10.590239,1.188229,-0.001694,0.086686,0.198976
20.65,0.105214,9.103344,1.029923,-0.407858,0.392589,0.199038
20.675,-0.066909,9.266779,1.344331,0.249256,0.274286,0.391785
20.7,-0.444989,9.448916,1.540953,0.256581,0.166818,0.190205
20.725,0.111984,9.202746,1.344147,0.643921,-0.063439,0.219382
20.75,0.213382,11.228062,1.641361,0.077384,0.063056,0.108579
20.775,0.242293,9.200831,0.477368,-0.571127,0.01088,0.016075
20.8,0.14739,8.692889,0.655899,0.416143,0.095619,0.039734
20.825,0.063388,10.568413,1.66749,0.167443,0.00383,0.039015
20.85,0.061395,9.428639,0.994306,0.039145,0.019483,0.071067
20.875,0.065886,10.1976,1.004645,0.040387,0.002572,0.017858
20.9,0.392749,9.783983,0.837199,0.061501,0.112001,-0.027438
20.925,0.071545,9.504321,1.234116,-0.244814,0.130253,-0.105387
20.95,0.0646,9.01109,1.118631,0.099924,0.044281,-0.093315
20.975,-0.266856,9.662977,1.142654,0.227599,-0.146702,-0.172906
21.0,0.400083,9.63158,0.798234,0.399678,-0.173439,-0.171834
21.025,0.141762,10.322732,1.109313,0.203988,-0.114445,-0.229689
21.05,0.163572,9.781742,0.795508,-0.110767,-0.086466,-0.158206
21.075,-0.049819,9.883517,0.546728,0.293333,-0.142366,-0.121119
21.1,0.11898,10.979718,1.155881,-0.093694,-0.076546,-0.130681
21.125,0.169661,9.056994,0.694507,-0.259025,-0.044279,-0.093462
21.15,0.100507,9.601209,0.775827,0.261674,-0.009527,-0.004526
21.175,0.005266,10.626294,0.96222,-0.024899,0.007227,0.028811
21.2,-0.07656,9.454222,0.751418,-0.264719,0.030335,-0.00278
21.225,0.010116,9.243959,0.687392,0.200003,0.028813,0.043826
21.25,-0.090407,10.334015,1.024305,0.051639,0.055795,-0.024631
21.275,0.027168,9.623585,0.966101,-0.064299,0.008059,-0.059489
21.3,0.016716,9.803582,1.120012,0.077559,-0.031764,0.017254
21.325,0.090824,9.858484,0.73168,-0.041766,-0.014708,0.028424
21.35,0.048842,9.98743,0.73753,-0.044376,0.060097,-0.036239
21.375,-0.059752,9.615706,0.899737,-0.143815,0.054568,-0.059468
21.4,-0.031203,9.366458,0.97255,0.093912,0.001303,0.035875
21.425,-0.012446,9.88629,0.988971,-0.04563,0.001077,0.040731
21.45,-0.033004,9.836374,0.782756,-0.005557,0.078831,0.008315
21.475,-0.167322,10.129986,1.135352,-0.1381,-0.03566,0.028637
21.5,0.234214,9.764632,1.123677,-0.311929,-0.019863,0.097456
21.525,0.038068,9.861553,0.798807,-0.315208,0.027008,0.07203
21.55,0.035409,10.240592,0.881328,-0.208965,0.038391,0.04669
21.575,0.233348,9.973236,1.320172,-0.212787,0.022264,0.068641
21.6,-0.012344,8.796231,1.131224,-0.242913,0.099381,0.084769
21.625,0.05767,9.806409,1.273389,0.297374,0.052732,0.144703
21.65,-0.082838,10.88491,1.374264,-0.143904,0.023851,0.055756
21.675,0.19529,11.154392,1.411662,-0.49596,-0.031933,0.011198
21.7,0.145055,11.332932,1.659013,-1.444852,0.024514,-0.08166
21.725,0.155763,9.990568,1.66849,-1.854635,0.052194,-0.143418
21.75,0.040551,9.616508,2.090694,-1.733931,0.06129,-0.074824
21.775,0.134466,10.343417,2.925929,-1.955257,0.085222,-0.095777
21.8,-0.191754,11.137988,3.603734,-2.571346,0.056753,-0.144931
21.825,-0.196358,9.951723,3.797538,-3.43462,-0.026959,-0.244593
21.85,0.100367,9.007059,4.12982,-3.400343,-0.029441,-0.197111
21.875,-0.084185,7.567352,4.242418,-3.618955,0.031309,-0.228491
21.9,-0.034222,7.271592,5.354177,-2.793692,0.062723,-0.118067
21.925,-0.608498,8.018178,6.52488,-3.118662,-0.000213,-0.207126
21.95,-0.162209,6.950327,6.610154,-3.243975,-0.037544,-0.195241
21.975,-0.379554,6.480635,7.079219,-3.564164,0.034521,-0.234517
22.0,-0.102122,6.773878,7.974793,-3.457311,0.023538,-0.179123
22.025,-0.267362,6.340488,8.379929,-4.607176,0.108556,-0.308416
22.05,0.146345,0.203328,6.88061,-3.673187,0.170554,-0.165871
22.075,-0.874881,-0.088515,8.845612,-1.366474,0.280353,0.031704
22.1,-0.658921,3.410149,9.820223,-0.884935,0.050601,-0.052731
22.125,-0.786044,3.691685,9.347371,-2.140556,0.092198,-0.292624
22.15,-0.172604,2.791559,9.075798,-2.287566,0.038729,-0.2305
22.175,-0.449718,4.07264,9.818365,-3.147262,0.180212,-0.28948
22.2,-0.571741,-0.557527,8.36214,-4.301094,0.066681,-0.190113
22.225,-0.682227,-7.576868,7.310462,-1.59659,0.050574,-0.165263
22.25,-1.068895,-3.520859,8.534386,1.464146,-0.167662,0.079613
22.275,-0.682113,0.190059,9.843277,0.959828,-0.22217,-0.060184
22.3,-0.309901,1.102144,10.441137,0.197385,-0.169352,-0.027662
22.325,-0.457691,-0.57995,10.205122,-0.38621,-0.009097,-0.153496
22.35,-0.583515,-0.345272,10.032398,0.294835,-0.003182,-0.104553
22.375,-0.436026,0.658271,9.996158,-0.320736,-0.030882,0.038302
22.4,-0.320381,0.046066,9.893522,-0.19473,0.084984,0.121964
22.425,-0.722274,0.573214,10.574067,-0.945756,0.095013,-0.040703
22.45,-0.306454,-4.078642,8.456103,-0.150815,0.071257,-0.126203
22.475,-0.633076,-0.666457,9.101924,1.975952,0.020105,0.114301
22.5,-0.562924,1.953278,10.038051,0.89431,-0.023035,0.066238
22.525,-0.748825,1.114499,10.385697,0.06533,-0.067309,0.048361
22.55,-0.548085,0.622656,10.500694,-0.436172,-0.096272,-0.055105
22.575,-0.270259,-0.689198,9.734827,0.020742,0.032554,-0.075802
22.6,-0.786237,0.81468,9.702866,0.291372,-0.047516,0.08788
22.625,-0.437923,0.457646,9.585754,-0.17064,-0.070877,0.088791
22.65,-0.629028,0.617841,10.14576,-0.400331,-0.114481,0.085664
22.675,-0.384517,-0.062684,9.943809,-0.531939,-0.067697,0.006894
22.7,-0.435825,-0.990572,9.525121,-0.195073,-0.030007,0.024829
22.725,-0.438337,0.102732,9.905865,0.255321,-0.068356,0.07641
22.75,-0.372365,0.200503,9.925641,0.008881,-0.059018,0.011724
22.775,-0.476926,0.29194,9.846173,0.096843,-0.087164,0.058812
22.8,-0.423045,-0.293685,9.617437,-0.049568,-0.061688,-0.018936
22.825,-0.578801,-0.087196,9.899016,0.076744,-0.073498,0.045996
22.85,-0.24456,0.233103,10.071238,-0.079311,-0.099942,-0.039529
22.875,-0.323546,-0.063697,9.997035,-0.073416,-0.047328,-0.035546
22.9,-0.099561,-0.124622,9.981426,0.145133,-0.039018,-0.015931
22.925,-0.343548,-0.8137,9.853263,0.361313,0.058998,-0.082582
22.95,-0.608675,-0.241512,9.446115,1.004259,-0.007575,0.004695
22.975,-0.284242,2.216387,9.946832,0.071464,-0.072561,0.002352
23.0,-0.457255,0.688761,9.61563,-0.582571,-0.098189,0.02115
23.025,-0.135664,0.967984,10.338075,-1.03827,-0.165644,-0.047745
23.05,-0.056143,-4.133789,8.803486,-0.09007,-0.096722,-0.160565
23.075,-0.184192,-2.634402,8.741571,2.692888,-0.096901,0.052712
23.1,-0.298129,2.251853,10.37355,2.926531,-0.10369,0.038487
23.125,-0.146752,4.582383,10.385066,1.490279,-0.086534,-0.065907
23.15,-0.149724,5.621104,10.674565,-0.659932,-0.110811,-0.003835
23.175,0.113739,2.931231,9.969927,-2.260623,0.026543,-0.109016
23.2,-0.095313,0.209147,9.834698,-2.462846,0.088988,-0.067886
23.225,-0.075641,-3.973674,8.94859,-0.826414,0.106099,-0.13187
23.25,-0.315007,0.109898,9.874558,0.760783,0.148533,-0.008849
23.275,-0.160419,1.877804,10.386458,-0.305885,0.07374,-0.127606
23.3,-0.158026,0.408373,9.673162,-0.57785,0.217778,-0.116606
23.325,-0.350129,0.301286,9.677961,-0.534384,0.100873,-0.055611
23.35,-0.388216,0.954611,10.088579,-1.038523,0.214927,-0.087159
23.375,-0.310981,-1.009493,9.600742,-1.6371,0.057113,-0.075653
23.4,-0.04047,-3.794602,9.037865,-0.016489,0.203548,-0.113879
23.425,-0.678766,0.019074,9.960702,0.920105,0.148152,-0.0619
23.45,-0.540756,-0.704585,9.750747,0.078055,0.125341,-0.063741
23.475,-0.470429,-0.448983,9.678792,0.653073,0.186484,0.068565
23.5,-0.617978,0.788936,10.08828,-0.016627,0.084329,0.014194
23.525,-0.434148,-0.667866,9.556452,0.071365,0.112756,-0.159634
23.55,-0.791206,0.112838,9.637276,-0.103947,-0.010938,-0.057391
23.575,-0.491202,-0.593361,9.451492,-0.196235,0.045052,-0.059693
23.6,-0.766272,0.485521,10.165857,-0.347042,-0.038587,-0.005607
23.625,-0.630899,-1.110631,9.470794,-0.706664,-0.008224,-0.047421
23.65,-0.653902,-1.001876,9.493684,-0.295885,-0.081667,-0.012628
23.675,-0.624683,-1.395999,9.448537,0.058768,-0.063821,0.001961
23.7,-0.513386,-0.333124,9.999002,0.266824,-0.138113,-0.009066
23.725,-0.524594,-0.846996,9.79872,0.216556,-0.135115,0.002107
23.75,-0.488724,0.090926,10.01729,0.181688,-0.09877,0.02999
23.775,-0.373018,-1.258281,9.788023,0.192435,-0.202892,-0.008624
23.8,-0.251779,0.065601,10.047323,0.716091,-0.155762,0.065598
23.825,-0.363376,-0.219283,10.08179,0.23946,-0.150115,0.035691
23.85,-0.305907,1.396647,10.866189,0.145254,-0.099859,0.120926
23.875,-0.27981,0.740649,10.233399,-0.89555,-0.081122,-0.037628
23.9,-0.285432,0.204775,10.069169,-1.251925,-0.085171,0.052457
23.925,0.148209,-2.867465,9.114234,-1.043276,-0.023507,-0.00974
23.95,-0.771844,-1.866598,9.39253,-0.08863,-0.157205,0.222523
23.975,0.372043,-1.055146,9.451425,-0.053191,-0.181897,0.09354
24.0,-0.146079,0.161304,10.805253,-0.091628,-0.043374,-0.030535
24.025,-0.22505,-0.681059,8.366957,-0.399835,0.112064,-0.03377
24.05,-0.211199,-5.369738,9.759613,-0.046146,-0.211098,0.032234
24.075,-0.205964,0.018279,9.496653,2.326493,0.282628,0.3972
24.1,-0.006193,1.713704,10.324896,-0.393692,-0.418523,-0.16223
24.125,0.002771,-0.574611,9.595199,0.187283,0.230096,0.094406
24.15,-0.397683,-0.196719,9.585349,-0.581883,-0.144354,-0.0972
24.175,-0.076109,-1.910706,10.018281,0.109679,0.043205,0.373913
24.2,0.207682,0.364232,10.366019,0.308238,0.05999,-0.025905
24.225,-0.391584,-1.234847,9.251629,-0.161247,0.12922,-0.052305
24.25,0.047052,-1.023983,9.262313,0.432636,0.025864,0.0209
24.275,-0.635979,-0.462562,9.789408,0.078407,0.054708,-0.060665
24.3,0.203854,0.035358,10.610966,0.170471,-0.028502,0.081786
24.325,-0.115525,0.895375,10.753048,-0.430496,0.241658,-0.217504
24.35,-0.303692,-1.850312,9.333287,-0.457496,0.110789,-0.048624
24.375,-0.351505,-1.129286,9.546882,0.418492,0.152896,0.055102
24.4,-0.431484,0.50933,10.505374,-0.168175,0.069599,-0.008343
24.425,-0.630845,-1.263805,9.609857,-0.478273,0.142398,-0.123047
24.45,-0.465661,-1.624625,9.339462,-0.246913,-0.036063,-0.06474
24.475,-0.469713,-0.942297,9.964281,0.162556,-0.031442,0.024829
24.5,-0.167521,-0.114156,10.257808,0.011488,-0.036784,-0.032771
24.525,-0.44092,-0.901419,9.65251,-0.203446,0.016619,0.068345
24.55,-0.200827,-1.348166,9.557176,0.099913,-0.047552,0.048082
24.575,-0.43381,-0.602722,9.729363,0.121218,-0.056013,0.017832
24.6,-0.077523,-0.692612,9.775474,-0.149681,-0.040299,-0.022738
24.625,-0.442869,-1.067401,9.796171,0.036333,0.052775,-0.07691
24.65,-0.267973,-0.522999,9.845377,0.046854,-0.011326,-0.032898
24.675,-0.260177,-0.737248,9.853473,-0.069767,0.053692,-0.042528
24.7,-0.469418,-0.941882,9.700128,0.044857,-0.032731,-0.016121
24.725,-0.269034,-0.694014,9.737516,0.00498,-0.045247,-0.001019
24.75,-0.373493,-1.008034,9.779022,-0.152023,-0.034085,-0.004763
24.775,-0.18578,-1.188448,9.769688,0.077582,0.006678,-0.039461
24.8,-0.270576,-0.557987,9.683443,0.05794,0.058182,-0.048148
24.825,-0.155364,-0.915131,9.686573,-0.032707,0.048979,-0.016093
24.85,-0.358721,-0.734247,9.83175,0.109664,0.020208,0.016883
24.875,-0.170868,-0.613374,9.898717,-0.047091,-0.016473,0.046399
24.9,-0.38374,-0.967878,9.747259,-0.058359,0.032288,0.051998
24.925,-0.256028,-0.890995,9.814887,0.00875,-0.040903,0.027296
24.95,-0.173419,-0.813121,9.802518,0.027025,0.019272,0.017186
24.975,-0.413797,-0.867878,9.704485,-0.046351,0.028254,4.1e-05
25.0,-0.385456,-1.153211,9.833546,0.063125,-0.076597,0.035516
25.025,-0.193945,-0.545461,10.015417,0.128522,-0.022579,0.079826
25.05,-0.283464,-0.808204,9.840447,-0.022257,0.005756,0.044782
25.075,-0.394873,-0.915161,9.750516,-0.035851,-0.044468,0.008815
25.1,-0.167746,-1.089702,9.719073,0.063057,-0.048039,-0.024949
25.125,-0.267998,-0.390208,10.119027,0.046384,-0.007346,-0.002139
25.15,-0.316344,-0.766125,9.777913,-0.143738,0.021405,-0.016461
25.175,-0.222729,-1.063749,9.554639,0.062799,-0.029938,0.011901
25.2,-0.35254,-0.405775,9.897414,0.023409,0.067053,0.01633
25.225,-0.259092,-0.9983,9.95935,-0.090265,-0.022055,-0.002176
25.25,-0.221436,-0.735914,10.031794,0.102113,0.111598,0.010081
25.275,-0.462027,-0.552752,9.874606,-0.101823,0.089749,-0.047264
25.3,-0.428151,-1.025772,9.476536,-0.056764,0.042236,0.059046
25.325,-0.321211,-0.865448,9.661265,-0.020402,0.001421,0.070287
25.35,-0.420751,-0.890066,9.821176,-0.092201,-0.005329,-0.007502
25.375,-0.369324,-1.243827,9.542278,-0.042062,-0.066651,-0.053507
25.4,-0.265643,-0.731666,9.798416,0.190897,-0.080637,-0.002029
25.425,-0.247189,-0.172201,10.058317,-0.078112,0.002452,-0.021059
25.45,-0.476249,-1.036655,9.768144,-0.162561,-0.096765,0.005229
25.475,-0.09202,-1.145416,9.52796,0.059943,-0.069473,0.030989
25.5,-0.263037,-0.730117,9.869609,0.042635,-0.08298,0.019286
25.525,-0.176937,-0.824223,10.100558,-0.05097,-0.059565,0.005237
25.55,-0.10267,-0.814723,9.936319,0.07514,-0.034771,0.024194
25.575,-0.182588,-0.676609,9.759219,-0.073636,0.037347,0.016894
25.6,-0.269915,-1.288239,9.588846,-0.004547,-0.041029,0.052653
25.625,-0.070977,-0.519669,10.170015,0.209498,0.000507,0.067682
25.65,-0.214754,-0.606144,9.901062,-0.097874,0.096171,-0.035276
25.675,-0.202496,-1.169132,9.52153,-0.094599,0.081276,-0.022393
25.7,-0.336436,-1.090417,9.815758,0.012241,0.06547,-0.024905
25.725,-0.194153,-0.786237,10.146405,0.068814,0.02229,-0.079983
25.75,-0.323938,-0.461788,9.944731,0.076842,0.082195,-0.034582
25.775,-0.373614,-0.605332,9.620105,-0.106957,-0.022799,0.05441
25.8,-0.266443,-0.936728,9.606874,-0.067535,-0.038805,0.111549
25.825,-0.396652,-1.127092,9.807918,-0.081805,-0.068337,0.026855
25.85,-0.282097,-1.198832,9.890223,0.005167,-0.017751,-0.009652
25.875,-0.267895,-0.725197,9.735474,0.119626,-0.019178,-0.052556
25.9,-0.201002,-0.635476,9.558648,-0.082016,-0.026137,0.017404
25.925,-0.404212,-1.352844,9.639409,-0.013841,-0.047595,0.027556
25.95,-0.244102,-0.770883,10.027444,0.198976,-0.062928,0.026135
25.975,-0.162088,-0.509704,9.840734,-0.064208,-0.025487,0.039465
26.0,-0.294285,-1.247639,9.545522,-0.024272,-0.038162,0.003784
26.025,-0.153322,-0.920595,9.882608,0.16122,-0.069212,-0.014861
26.05,-0.030275,-0.215254,10.120923,0.056475,0.008026,-0.011834
26.075,-0.122813,-0.728468,9.892847,-0.156702,0.020807,0.007867
26.1,-0.238374,-1.313821,9.795485,0.01601,0.06643,0.010641
26.125,-0.262327,-0.676703,9.994327,0.128687,-0.027604,-0.031045
26.15,-0.035847,-0.462786,9.944227,-0.082932,0.047604,-0.006554
26.175,-0.25582,-1.006754,9.714444,-0.087404,0.071834,-0.012307
26.2,-0.350658,-1.164107,9.831278,0.035267,0.007019,-0.005664
26.225,-0.06759,-0.351348,10.228578,0.154678,-0.001994,0.015692
26.25,-0.12002,-0.304416,9.999847,-0.140671,0.104287,-0.005871
26.275,-0.43085,-1.313842,9.500617,-0.11309,0.016179,0.063992
26.3,-0.231278,-1.029699,9.662764,0.114374,-0.00375,0.058615
26.325,-0.225789,-0.501746,9.959387,-0.08963,-0.02579,0.098288
26.35,-0.093582,-1.321251,9.859453,-0.005773,0.0608,0.034142
26.375,-0.392107,-0.786001,10.08331,0.149623,0.043946,0.008332
26.4,-0.163644,-0.737649,10.338407,-0.114239,0.158328,-0.039295
26.425,-0.131403,-0.253647,10.420807,0.069517,0.248466,0.074504
26.45,-0.359093,0.234259,10.433843,-0.596877,0.364061,0.112542
26.475,-0.151731,-1.968901,10.424309,-1.120667,0.558647,0.013676
26.5,-0.78966,-5.548181,9.128743,0.706572,0.651407,-0.001845
26.525,-0.331675,-1.191326,10.046211,2.45805,0.766065,0.098128
26.55,-0.984767,1.622941,10.499435,1.518482,0.858638,0.001603
26.575,-0.53244,3.466299,11.406285,0.119363,1.000963,-0.16373
26.6,-1.577966,0.782693,10.090961,-1.358844,1.041839,-0.195962
26.625,-1.145959,-1.282362,9.194711,-0.96041,1.022655,-0.036436
26.65,-2.354533,-2.65189,9.424103,-0.063327,1.050288,0.013061
26.675,-2.000513,-0.627306,10.67002,0.449204,1.02834,0.090205
26.7,-2.443293,-0.511455,10.254357,0.254644,1.212394,-0.151153
26.725,-2.437969,1.331354,10.505562,-0.146611,1.261872,-0.186122
26.75,-2.549345,-1.456452,9.344349,-0.409767,1.331819,-0.131685
26.775,-3.560269,-0.527538,9.393184,0.412889,1.335883,0.069427
26.8,-3.228135,-0.396037,9.262538,-0.174776,1.147878,0.0507
26.825,-3.380303,0.319547,9.693812,0.001543,1.373102,0.028657
26.85,-3.179166,0.934336,10.121281,-1.369994,1.43358,-0.209152
26.875,-4.512185,-2.754233,8.491978,-0.946962,1.792907,-0.170965
26.9,-4.372878,-1.181827,8.791856,-0.606872,1.452416,-0.007114
26.925,-4.012447,-4.075142,7.903289,0.023038,1.870349,0.053451
26.95,-5.177345,-0.809672,9.092448,1.597329,1.885404,0.093362
26.975,-5.602451,0.890831,9.160121,0.51084,2.127622,-0.166109
27.0,-5.237248,1.412725,8.69728,-0.223917,2.155638,-0.166607
27.025,-5.695048,-0.424033,7.303634,-1.472945,2.449171,-0.173834
27.05,-5.633169,-2.156486,6.391943,-0.334941,2.442239,0.103369
27.075,-7.187859,-1.148283,6.35481,-0.752063,2.661068,-0.064707
27.1,-6.951473,-4.479475,4.394869,0.551753,2.438329,0.067527
27.125,-6.949445,0.564274,5.197737,1.122643,2.666253,-0.105559
27.15,-6.987165,0.759472,4.729605,-0.688363,2.451221,-0.08073
27.175,-7.572963,-1.223395,3.01727,-1.394316,2.820484,-0.191806
27.2,-9.054169,-2.369952,2.606005,-1.134617,2.4389,-0.068656
27.225,-7.791047,-1.399689,2.265771,-0.704054,2.556345,-0.084283
27.25,-8.138328,-2.411052,1.323023,-0.259182,2.523981,-0.085608
27.275,-9.800237,-1.213653,0.621019,0.036103,2.603798,0.051404
27.3,-8.087566,-1.499489,0.033548,-0.382235,2.191071,0.037556
27.325,-8.958063,-2.216167,-0.60776,0.130873,2.388633,0.207779
27.35,-9.129173,-1.29999,-0.472385,0.119755,1.979471,0.26666
27.375,-8.387697,-3.06562,-2.897026,0.117462,1.82234,0.023838
27.4,-9.842263,0.331478,-1.705404,0.445779,2.14679,0.232582
27.425,-7.932495,-0.575453,-2.785166,-0.895868,1.66621,-0.080459
27.45,-9.705391,-1.993073,-2.869594,-0.670598,1.794978,0.454112
27.475,-8.095832,-2.952673,-3.810772,0.267646,1.624913,0.215039
27.5,-9.898757,0.055491,-3.314742,0.119169,1.502144,0.413965
27.525,-8.663417,-2.334498,-4.540423,-0.363773,1.44033,0.186574
27.55,-9.735661,-0.52784,-4.072872,0.189474,1.231494,0.19942
27.575,-8.108495,-1.579342,-4.72567,-0.498277,1.126178,0.293906
27.6,-8.682362,-1.657842,-4.850655,0.578793,1.08438,0.273799
27.625,-9.031538,0.631774,-5.033081,0.03939,1.011014,0.203507
27.65,-9.276843,-1.331998,-5.88355,-0.496702,0.717237,0.028245
27.675,-8.025179,-1.764074,-5.823194,0.129711,0.622282,0.147163
27.7,-9.291602,0.117685,-5.264316,0.201773,0.553635,0.179618
27.725,-8.398767,0.205879,-5.354834,-0.36503,0.37517,0.137606
27.75,-8.267066,-2.091977,-6.132847,-0.479839,0.23476,0.315165
27.775,-8.305254,-3.302875,-6.461814,0.93401,0.229327,0.234521
27.8,-9.234156,0.935983,-4.96166,1.054738,0.107426,0.081643
27.825,-8.394218,1.087731,-5.199171,-0.644895,0.080536,-0.127325
27.85,-8.793087,-1.654596,-6.27594,-0.858608,0.01631,0.030783
27.875,-8.782847,-1.704421,-6.115603,0.457424,-0.134411,0.134813
27.9,-8.814148,0.616194,-5.70408,0.458472,-0.133622,0.018817
27.925,-9.978768,-1.768972,-7.337885,0.438142,-0.220759,0.004013
27.95,-9.419748,0.224965,-6.11608,0.780733,-0.630918,0.00748
27.975,-8.750413,1.206687,-5.807215,0.122254,-0.599207,-0.076078
28.0,-8.815771,-1.320666,-7.084469,-0.775247,-1.050616,-0.02372
28.025,-9.380376,-3.022293,-7.312616,0.084193,-1.230078,0.19895
28.05,-9.500068,-1.423027,-5.961265,0.560068,-1.703613,-0.098726
28.075,-8.028516,-1.266069,-4.573979,0.430207,-1.825059,-0.076007
28.1,-7.431822,-1.163975,-3.797285,0.912933,-1.872327,0.043744
28.125,-9.482447,0.830395,-3.665284,0.617676,-1.84395,0.166132
28.15,-9.240603,-0.595767,-3.071188,-0.101142,-2.102221,0.132558
28.175,-8.708379,0.067419,-1.85627,0.478553,-2.187285,0.158417
28.2,-7.70497,0.537291,-1.811186,-0.142448,-2.055853,0.034672
28.225,-9.463442,-0.913071,-2.285064,-0.091949,-2.202757,0.069624
28.25,-8.654193,-0.23674,-1.763035,0.034261,-2.258185,0.117861
28.275,-10.692174,-0.764581,0.31884,-0.340438,-2.333547,-0.090862
28.3,-7.752819,-1.722766,-0.126136,0.19121,-2.863282,-0.151804
28.325,-9.444471,-0.446668,0.799069,0.55044,-2.614902,-0.130919
28.35,-8.194829,-1.459695,0.596708,-0.563724,-2.97282,0.012799
28.375,-9.132006,-2.715178,1.950679,0.161554,-3.19011,-0.127954
28.4,-7.819082,-0.387196,3.466721,0.43564,-3.100506,0.182999
28.425,-7.469917,-1.291285,4.495616,0.280785,-3.473522,0.088415
28.45,-5.903675,-0.517364,5.097394,0.552012,-3.101641,0.235494
28.475,-6.305177,0.357773,5.845065,-0.001304,-3.169827,0.052059
28.5,-6.66494,0.123199,6.623175,-0.669372,-3.212839,-0.072659
28.525,-3.994886,-2.522264,5.707105,-0.770498,-3.234776,-0.215239
28.55,-3.913815,-1.672976,6.284522,0.890272,-3.085811,-0.27087
28.575,-4.866941,1.178825,8.506596,0.488345,-2.923265,-0.229058
28.6,-3.465064,-0.142958,8.304277,-0.436076,-3.41165,-0.257307
28.625,-2.467906,0.938973,7.557183,-1.094729,-3.309851,-0.311029
28.65,-0.400005,-2.06749,7.847562,-1.609469,-3.334746,-0.554948
28.675,-1.274008,-3.757263,8.64359,-0.596247,-2.957711,-0.389285
28.7,-0.820253,-2.372856,7.356989,-0.046077,-3.505929,-0.659185
28.725,1.553573,-0.131261,8.494812,-0.337311,-3.610438,-0.56785
28.75,2.029796,-1.22702,10.346879,-0.741943,-2.96048,-0.468642
28.775,1.810551,-2.538813,9.043906,-0.541214,-3.178578,-0.624281
28.8,3.358624,-1.707702,8.595642,-0.204029,-2.950622,-0.587675
28.825,3.075017,-1.933603,8.945172,-0.827632,-2.904597,-0.671661
28.85,4.90319,-3.227288,7.259452,-0.599768,-2.87491,-0.715083
28.875,4.24512,-3.695476,7.031167,-0.008203,-3.145443,-0.802728
28.9,6.241792,-3.304429,7.512674,0.884001,-3.248069,-0.447238
28.925,6.887179,-1.744829,7.417313,0.766979,-3.309971,-0.438878
28.95,7.012721,-2.379373,7.450864,0.615157,-3.3068,-0.30394
28.975,9.152114,-0.35823,8.29748,0.868112,-3.217964,-0.434203
29.0,9.240354,-2.556218,6.717457,0.407323,-2.957982,-0.557298
29.025,7.924851,-2.050289,3.86756,2.04217,-3.042976,-0.055881
29.05,8.983913,0.892252,3.913096,1.680136,-3.605329,0.045828
29.075,11.324692,-1.648509,6.235375,1.646134,-3.467519,-0.12777
29.1,11.666582,0.355574,5.437883,2.387988,-2.994347,-0.064502
29.125,9.58876,1.634243,3.302733,1.214237,-2.995849,-0.218043
29.15,11.300368,1.137257,4.515244,0.704069,-3.003815,0.145312
29.175,10.459663,3.779822,3.028596,-0.870502,-2.953129,0.18409
29.2,12.562554,-0.72845,0.725963,-1.427723,-2.84961,-0.185086
29.225,10.581477,0.058659,1.893546,-0.38487,-2.440995,-0.237341
29.25,9.589251,1.848905,1.086663,-1.414748,-2.882242,-0.093472
29.275,10.585465,1.320076,0.10482,-2.219888,-2.84271,-0.427144
29.3,11.542749,0.145668,-2.010911,-2.295829,-2.517841,-0.668897
29.325,10.897655,1.543591,-0.475922,-2.967783,-2.369328,-1.186066
29.35,10.917174,-3.521422,-3.101912,-1.393309,-1.978531,-1.323752
29.375,10.706352,-1.143003,-0.477994,-0.891173,-2.223401,-0.954021
29.4,10.893673,-5.163192,-3.861451,1.509532,-1.637484,-0.444446
29.425,11.128849,2.799556,-1.049834,2.13982,-1.906458,-0.289448
29.45,10.125368,0.021269,-2.752788,0.908431,-0.991179,-0.102661
29.475,9.034479,4.991394,-2.288856,0.709182,-1.390622,0.041043
29.5,9.488782,2.532354,-3.306797,-1.72912,-1.03412,-0.118037
29.525,10.184518,-0.730797,-4.585288,-0.932901,-1.058911,0.017112
29.55,8.763482,-1.485182,-4.748123,0.028331,-0.748134,-0.009294
29.575,9.205543,0.141204,-4.472007,1.101337,-0.799,0.138117
29.6,8.342783,1.687551,-4.276823,0.560755,-0.68448,0.135766
29.625,8.463914,2.408661,-5.532567,0.172205,-0.616586,0.102423
29.65,6.352665,1.350884,-4.488005,-0.667442,-0.824474,-0.100696
29.675,8.089845,-0.819571,-5.379619,-0.429185,-0.965259,0.076525
29.7,9.12435,0.726841,-5.92378,0.53588,-0.983758,0.008987
29.725,6.940238,1.338437,-5.882087,0.2227,-0.645978,-0.11291
29.75,6.971737,1.148877,-5.447931,0.315312,-1.014157,0.051757
29.775,8.45156,0.817992,-5.081785,0.003694,-0.640547,-0.045805
29.8,8.176866,0.672532,-5.102434,-0.004783,-0.353156,0.102011
29.825,7.987053,0.528879,-5.343201,-0.218087,-0.116548,0.094252
29.85,8.611429,0.049605,-4.956789,-0.00996,0.164284,0.195143
29.875,7.654991,0.324486,-5.39874,0.134897,0.516491,0.431788
29.9,7.916323,0.885549,-5.559607,0.259127,0.371334,0.329924
29.925,8.846622,0.268564,-5.777962,0.420918,0.635682,0.417096
29.95,7.278635,0.688732,-6.435474,0.538141,0.80159,0.427812
29.975,7.177318,2.881318,-5.940051,-0.016654,0.160524,0.171831
30.0,8.744037,0.639427,-7.055433,-0.387629,0.543549,0.119381
30.025,6.780458,0.396696,-5.95945,0.040796,0.004993,-0.10699
30.05,8.586047,-0.282635,-5.892081,0.192818,0.146213,0.012386
30.075,8.094193,0.725901,-5.731759,-0.059268,0.148786,-0.137565
30.1,6.899596,-0.471282,-5.982034,0.022345,0.151894,-0.259122
30.125,8.228843,0.176218,-5.248363,0.297569,-0.077872,-0.24417
30.15,8.090001,0.935884,-5.19323,0.332326,0.136837,-0.14889
30.175,8.175384,1.539649,-5.224427,-0.100809,0.062605,0.016322
30.2,7.607144,0.564084,-5.586464,-0.200277,0.096817,-0.05764
30.225,7.964058,-0.231741,-4.786261,-0.180789,0.110877,-0.109866
30.25,8.811812,-0.633428,-4.148348,0.151302,0.226614,0.012095
30.275,8.542537,0.388793,-3.936885,-0.10529,0.645436,0.171306
30.3,8.147176,-0.210865,-4.247485,-0.269303,0.648909,0.195416
30.325,8.235563,-0.523524,-4.213202,0.092971,0.871586,0.341481
30.35,8.847261,0.269961,-3.886683,0.081835,0.840965,0.4368
30.375,9.085727,-0.912212,-4.110136,0.289505,1.239951,0.403389
30.4,8.593753,0.050109,-2.79144,0.622649,1.233182,0.498181
30.425,9.740072,-0.019397,-2.747824,0.199501,1.5103,0.597742
30.45,9.859738,0.795755,-2.958178,0.003824,1.703443,0.69855
30.475,9.167882,0.091314,-2.50334,-0.543618,1.852159,0.639163
30.5,9.768222,-1.077309,-2.327587,-0.301198,1.793339,0.582851
30.525,10.747953,-1.023797,-1.843611,-0.237521,2.072064,0.581758
30.55,10.091107,-2.043113,-1.540812,0.314414,2.090664,0.767217
30.575,11.202277,-1.124344,-0.659627,0.476445,2.227468,0.896995
30.6,11.598682,-0.355856,-1.132051,0.548962,2.594899,0.702444
30.625,8.801105,-0.782984,-0.047508,-0.032945,2.652839,0.618903
30.65,11.505684,-2.746272,-0.206554,-0.102564,1.994999,0.483239
30.675,10.890136,-1.639229,0.047412,0.647349,2.890953,0.531002
30.7,10.157222,-0.629743,1.330819,0.098716,2.120105,0.30847
30.725,10.115501,-3.151548,0.929085,0.841395,2.387411,0.357772
30.75,11.353035,-0.328335,3.153588,0.71889,2.280157,0.603784
30.775,9.249965,-1.973359,4.184903,-0.179512,2.814635,0.482969
30.8,10.832347,-2.200389,3.1683,-0.137766,2.147988,0.414032
30.825,9.786446,-1.66419,3.473714,-0.437678,2.546614,0.339009
30.85,9.224961,-2.902404,4.590556,-0.186226,2.625678,0.242144
30.875,9.164834,-2.02324,5.106388,0.151175,2.083481,0.65256
30.9,9.053812,-2.716567,5.246582,0.054915,2.512842,0.447977
30.925,8.683348,-2.729513,5.589152,0.541372,2.072132,0.56656
30.95,7.239394,-1.23561,6.710113,0.357965,2.368831,0.449056
30.975,7.749615,-2.220909,6.927844,-0.194938,1.992053,0.446226
31.0,6.887225,-3.581847,7.180457,0.195456,2.307153,0.415609
31.025,6.72762,-2.555581,7.48544,0.538926,2.149848,0.37803
31.05,6.385824,-2.241695,8.47506,0.475668,2.187633,0.528335
31.075,6.480241,-1.562866,9.003276,-0.027502,2.320003,0.347814
31.1,4.737419,-3.076105,7.956311,0.029793,2.318179,0.426614
31.125,4.756721,-1.77102,8.282421,0.188512,2.25331,0.459529
31.15,3.845793,-1.953175,8.82785,-0.438265,2.046513,0.430872
31.175,3.625155,-3.140352,8.922485,-0.118058,2.124614,0.461411
31.2,2.773955,-2.006859,8.778042,0.09265,2.067778,0.374478
31.225,2.300395,-2.880935,8.515458,-0.157917,1.994188,0.396683
31.25,1.443994,-3.481313,7.724816,0.418139,1.884662,0.450374
31.275,1.089025,-1.768491,8.668173,0.546284,1.74521,0.281009
31.3,0.409023,-1.415361,8.181261,0.082416,1.650478,0.209152
31.325,-0.024603,-2.276553,7.786821,-0.264965,1.396947,0.231695
31.35,-0.415406,-3.837355,7.74514,0.291227,1.34902,0.298878
31.375,-0.950231,-3.263525,8.263544,0.897929,1.190104,0.143521
31.4,-1.006657,-2.365467,8.130649,0.842425,1.092278,-0.099161
31.425,-2.006741,-1.553901,8.071468,0.615464,0.873999,-0.187794
31.45,-1.63787,-1.108975,8.151323,0.278824,0.660536,-0.048047
31.475,-2.171527,-1.271214,8.824209,-0.172405,0.341533,0.107695
31.5,-1.90828,-2.078188,8.163325,-0.251053,0.272672,0.047603
31.525,-1.962987,-2.741922,8.02593,-0.324607,-0.091518,0.116599
31.55,-1.820999,-3.504508,8.161183,0.239934,-0.001711,0.086744
31.575,-1.764745,-2.087441,9.233681,0.448599,-0.265282,0.045231
31.6,-1.822386,-2.694087,8.845232,0.58611,-0.06281,-0.031267
31.625,-1.805289,-1.191608,9.221747,0.920021,-0.415038,0.0159
31.65,-1.188431,-0.051102,9.840975,0.362266,-0.255322,0.201343
31.675,-1.509283,-0.500237,9.911819,-0.477452,-0.235199,0.094879
31.7,-1.503709,-2.56315,9.219133,-0.553877,-0.297253,-0.035844
31.725,-0.98742,-3.272423,8.910832,0.178042,-0.305961,-0.01391
31.75,-1.203906,-2.126744,9.270427,0.980571,-0.280151,0.033566
31.775,-1.083802,0.347452,10.176327,0.269536,-0.279588,0.145848
31.8,-1.031557,-1.725582,9.480688,-0.532866,-0.291912,0.037353
31.825,-0.935281,-2.203423,9.719713,0.231184,-0.204906,0.094294
31.85,-0.727711,-1.059921,10.374118,0.188963,-0.208735,0.011783
31.875,-0.889412,-1.122125,9.751279,-0.005465,-0.047264,-0.046549
31.9,-0.960789,-1.452862,9.562874,-0.175921,-0.208299,0.019314
31.925,-0.91022,-1.659066,9.408907,-0.098575,-0.251948,0.099588
31.95,-0.556127,-1.75836,9.557162,0.148864,-0.28664,0.177408
31.975,-1.008401,-1.443356,9.810928,0.035426,-0.209127,0.111409
32.0,-0.601854,-2.11618,9.38464,-0.088059,-0.403532,0.012791
32.025,-0.417004,-2.196979,9.523769,0.359017,-0.241951,0.075826
32.05,-0.260964,-0.717216,10.212319,0.671161,-0.151377,0.123029
32.075,-0.442034,0.225899,10.63009,0.085294,0.011299,0.049752
32.1,-0.24158,-1.080062,9.777819,-0.329054,0.03946,0.022693
32.125,-0.82266,-1.940501,9.668189,-0.188132,0.001812,0.087376
32.15,-0.264719,-1.94971,9.529343,0.128929,-0.01201,0.06903
32.175,-0.732333,-0.94567,9.78741,0.173764,0.016326,0.00659
32.2,-0.482992,-1.467547,9.782641,-0.014074,-0.043251,-0.018776
32.225,-0.705763,-1.261626,9.868698,0.126574,-0.042018,-0.029303
32.25,-0.387545,-1.180229,9.886443,0.080633,-0.029654,-0.018404
32.275,-0.618709,-0.99368,9.966099,0.003914,0.000958,-0.02524
32.3,-0.321685,-1.271266,9.951305,-0.013208,-0.003437,-0.045843
32.325,-0.571936,-1.153773,9.783483,-0.001632,0.058818,-0.051752
32.35,-0.473566,-1.443441,9.506787,-0.084701,-0.017767,-0.013932
32.375,-0.449932,-1.336069,9.848537,-0.015002,0.029698,-0.027086
32.4,-0.507308,-1.39059,9.900041,0.053541,-0.003701,-0.06375
32.425,-0.359999,-1.108191,9.802075,0.068939,0.009306,-0.020586
32.45,-0.643741,-1.260148,9.689935,0.004035,0.050851,-0.010907
32.475,-0.591558,-1.3645,10.00201,-0.015813,0.014056,-0.036661
32.5,-0.751229,-1.342464,9.691906,-0.061124,-0.064221,-0.002683
32.525,-0.222358,-1.349278,9.67123,0.073854,-0.087051,0.013088
32.55,-0.540786,-0.780139,10.089162,0.061975,-0.02355,0.02611
32.575,-0.408054,-1.398645,9.781793,-0.201997,-0.022616,-0.028239
32.6,-0.527218,-1.591792,9.568842,0.067034,-0.013951,-5e-06
32.625,-0.48248,-1.060802,9.866494,0.053577,-0.013042,0.001855
32.65,-0.43913,-1.285912,9.722754,-0.05704,-0.045026,0.007588
32.675,-0.318617,-1.460398,9.565389,0.046764,0.047333,0.012726
32.7,-0.649282,-1.141985,10.015161,-0.036219,0.045816,-0.017708
32.725,-0.352522,-1.516156,9.679361,-0.058159,0.015885,-0.042767
32.75,-0.318427,-1.258303,9.845675,0.092385,0.107853,0.020206
32.775,-0.379469,-1.130933,10.077586,-0.037597,0.23881,0.041053
32.8,-0.418658,-1.56949,10.360045,0.002006,0.215436,0.006572
32.825,-0.331889,-1.897997,10.529093,-0.013476,0.415699,0.053966
32.85,-0.241317,-2.781488,10.925861,0.125758,0.617272,0.156752
32.875,-0.557261,-2.285695,11.609236,0.575779,1.03476,0.12052
32.9,-0.367575,-0.683209,12.461367,0.765478,1.270386,-0.067415
32.925,-0.441754,-0.622811,11.623352,0.800541,1.695526,-0.251323
32.95,-1.000785,0.76228,11.292557,1.200877,1.946765,0.020667
32.975,-2.152821,0.90006,10.620654,0.233984,1.989319,0.002515
33.0,-1.484942,-0.950027,9.825657,0.589559,2.080503,0.059506
33.025,-2.863516,0.466411,9.795278,1.132078,2.41998,-0.125583
33.05,-3.758989,1.324127,9.876254,0.486028,2.312027,-0.307459
33.075,-3.974524,1.433138,9.401757,-0.40729,2.167263,-0.357458
33.1,-3.798549,1.57889,8.997355,-0.995894,2.261184,-0.32409
33.125,-3.341468,0.886791,8.910968,-1.800264,2.362152,-0.26181
33.15,-5.022979,-1.277185,7.818644,-1.613733,2.798922,-0.173815
33.175,-5.514683,-1.702006,7.301897,-1.244272,2.474421,-0.049704
33.2,-6.760606,-2.800684,6.370842,-0.92597,2.784608,0.03277
33.225,-5.538854,-3.237996,5.540481,-0.063992,2.255871,0.088419
33.25,-5.365882,-1.651943,5.468712,0.766184,2.802159,-0.13473
33.275,-6.36485,0.363354,4.578181,0.199068,2.718628,-0.139822
33.3,-9.045082,-1.005382,3.288661,-1.02034,2.643501,-0.054885
33.325,-7.629687,-3.453755,2.611393,-1.239215,2.009992,0.35866
33.35,-8.310118,-4.147071,2.44263,0.527814,2.230584,0.439488
33.375,-7.296075,-0.932194,2.876822,1.358156,2.063269,0.459264
33.4,-8.918639,0.007527,1.974882,0.847543,2.244305,0.257573
33.425,-8.548049,-0.303748,0.619574,-0.162736,1.951171,0.301212
33.45,-9.223098,-1.432556,0.236434,-0.550324,1.554422,0.489996
33.475,-7.969908,-1.330794,1.160128,0.105331,1.719499,0.35817
33.5,-9.808702,0.641645,0.853043,0.30458,1.619424,0.313401
33.525,-9.681582,0.129405,-0.376612,-0.564684,1.530525,-0.018381
33.55,-11.439812,-1.026416,-0.992123,-0.687997,1.111089,0.196137
33.575,-8.780494,-2.270122,-1.61515,0.046286,0.820516,0.353431
33.6,-9.985716,0.28955,-1.052847,0.894189,0.949511,0.31338
33.625,-9.811122,1.331025,-0.466204,-0.228839,0.71451,0.163085
33.65,-11.137878,-0.598666,-1.61853,-0.444324,0.797811,-0.124596
33.675,-10.788243,-0.378772,-1.932016,-0.299864,0.306831,0.018729
33.7,-9.618117,-0.956094,-2.281279,-0.104151,0.22912,-0.060062
33.725,-10.673013,-0.37752,-1.339248,0.230587,0.172066,0.107694
33.75,-10.22019,0.115622,-1.263141,-0.020566,-0.058727,0.218356
33.775,-10.240822,0.178527,-0.937714,-0.278008,-0.069586,0.120655
33.8,-9.760896,-0.585279,-0.989194,-0.511747,-0.176732,0.136315
33.825,-8.925791,-2.389203,-1.384191,0.003043,-0.180307,0.105769
33.85,-9.735518,-0.660624,-0.933469,0.910711,-0.055607,0.224902
33.875,-10.374752,0.864509,-0.528006,0.441034,-0.037415,0.001149
33.9,-10.580236,0.822095,0.355835,-0.071166,-0.031841,0.002374
33.925,-9.33369,-0.621163,-0.362306,-0.371315,-0.161873,-0.185227
33.95,-9.447891,-0.292439,-0.403016,0.25093,0.095032,0.069717
33.975,-10.067242,0.005277,-0.289718,-0.100935,-0.088585,-0.055619
34.0,-9.991656,-0.84913,-0.713003,0.117663,0.146984,0.025729
34.025,-10.468362,0.166796,-0.508792,0.000205,-0.010567,-0.128024
34.05,-9.351211,-0.300336,-0.465679,-0.191483,0.049726,-0.113051
34.075,-9.878656,-0.456063,-0.706235,-0.162322,0.13044,-0.122655
34.1,-9.426449,-1.022067,-1.060017,0.032588,0.011703,-0.124804
34.125,-9.641672,-0.151638,-0.388892,0.239674,0.078675,-0.041408
34.15,-9.730794,0.014377,-0.636888,-0.038715,0.095651,-0.076923
34.175,-10.272517,-0.652007,-0.774305,-0.18701,-0.010222,0.011928
34.2,-9.114592,-0.963196,-0.712771,0.192579,0.002053,0.006836
34.225,-9.855422,0.076995,-0.342997,0.195794,0.105736,0.037376
34.25,-9.785882,-0.109751,-0.581926,-0.223416,0.014133,0.001199
34.275,-9.274904,-1.22535,-0.984441,-0.1843,0.079235,-0.032039
34.3,-9.987612,-0.737191,-0.778496,0.150907,0.041239,-0.005467
34.325,-10.194757,-0.298717,-0.593159,-0.021703,0.100434,-0.103061
34.35,-10.474579,-0.438552,-0.918498,-0.04074,-0.050407,-0.119222
34.375,-9.585222,-0.660065,-0.95366,-0.025681,-0.081972,-0.086116
34.4,-9.313569,-0.597537,-0.991915,0.177723,-0.105099,-0.00052
34.425,-10.329599,0.026704,-1.139276,0.076519,-0.087551,-0.013358
34.45,-10.282229,-0.245231,-1.283171,-0.152989,-0.267781,-0.111972
34.475,-10.467619,-0.477691,-1.663354,-0.039839,-0.346032,-0.250304
34.5,-10.284849,-0.057749,-1.58364,-0.050094,-0.510046,-0.329565
34.525,-10.268225,-0.079558,-2.102606,-0.174323,-0.78463,-0.381532
34.55,-10.518721,-0.431431,-2.673527,-0.40477,-1.034434,-0.284214
34.575,-10.871178,-1.790394,-2.491635,-0.494887,-1.557238,-0.175158
34.6,-9.689191,-2.4129,-1.67302,0.565445,-1.786859,-0.137809
34.625,-9.036646,0.208497,0.291093,1.237087,-1.892088,-0.159768
34.65,-9.202006,0.151701,0.714396,0.177228,-2.13036,-0.408794
34.675,-9.715847,-0.696809,0.326294,0.044098,-2.276105,-0.310564
34.7,-9.462128,-1.220935,1.260359,-0.442856,-2.647093,-0.50906
34.725,-7.698741,-1.845361,2.277554,0.067588,-2.779529,-0.485536
34.75,-7.849542,-1.316158,2.796225,0.342583,-2.681972,-0.590951
34.775,-7.86341,-0.891553,3.258475,0.502241,-2.90665,-0.433555
34.8,-7.321375,-0.959039,4.642877,0.005224,-3.124751,-0.430922
34.825,-6.792544,-1.659557,4.966267,-0.109752,-3.150062,-0.281834
34.85,-4.822479,-1.588267,5.116137,-0.060079,-3.403716,-0.341241
34.875,-4.585288,-1.920482,6.502359,0.537741,-3.256692,-0.321733
34.9,-2.722575,-1.38342,7.682688,0.590104,-3.113705,-0.189952
34.925,-3.402872,-1.721558,7.22072,0.668774,-2.795639,-0.100585
34.95,-2.022427,-0.635906,9.015024,0.473986,-2.713565,-0.10465
34.975,-3.022482,-2.028346,9.759137,-0.280774,-2.105873,-0.375577
35.0,-2.472136,-2.736518,8.035566,0.734624,-1.954669,-0.710827
35.025,-2.326609,-0.1394,9.4839,0.401707,-2.148248,-0.734225
35.05,-1.55131,-2.521558,8.181857,0.083431,-1.748036,-0.155771
35.075,-2.28508,-2.11087,8.396449,0.578009,-2.059505,0.349714
35.1,-1.120362,-3.385228,8.860379,1.037576,-2.063209,0.21078
35.125,0.250965,-2.112785,10.762986,2.406616,-2.03997,0.399562
35.15,-0.146918,0.181983,11.112258,1.927028,-1.408702,0.133371
35.175,-0.207781,1.657634,11.255429,2.066054,-1.427414,0.441438
35.2,0.45714,5.378119,12.631066,0.189729,-0.980983,0.412409
35.225,0.529258,0.187138,11.502303,-0.96884,-0.791665,0.304237
35.25,0.600311,0.201267,12.266099,0.160185,-0.419365,0.449762
35.275,0.206721,2.124175,12.18018,-0.422458,-0.323008,0.313201
35.3,0.49526,1.033502,11.444317,-0.862452,-0.064691,0.199287
35.325,0.450191,0.545331,11.456093,-0.951881,-0.034311,0.215018
35.35,0.250385,-1.086358,10.895498,-0.464415,0.115518,0.237171
35.375,0.257177,-0.09089,11.147978,0.340934,0.157219,0.276637
35.4,-0.153636,1.154381,11.173942,-0.116059,0.234963,0.188346
35.425,-0.217415,-0.082563,9.924556,-0.262698,0.252129,0.125799
35.45,-0.45653,1.109932,10.211286,-0.443018,0.154118,0.069957
35.475,-0.056024,-0.38093,9.895814,-0.985771,0.181571,0.008514
35.5,-0.576493,-1.55878,8.957369,-0.396243,0.162748,0.04582
35.525,-0.341664,-1.859649,8.860313,0.392433,0.011539,0.040675
35.55,-0.21858,-0.300324,10.159049,0.747626,0.041841,0.157277
35.575,-0.247719,0.976037,10.174064,0.26311,0.152466,0.117899
35.6,-0.318383,0.092379,9.845653,-0.500612,0.138588,0.004738
35.625,-0.383121,-0.973841,9.521688,-0.043971,0.252666,-0.030567
35.65,-0.639081,-0.483207,9.506534,-0.088738,0.118196,-0.050252
35.675,-0.412715,-0.625991,9.530471,-0.006049,0.163292,0.072294
35.7,-0.529456,-0.606604,9.592838,0.005941,0.143775,0.013697
35.725,-0.641682,-0.303193,9.846605,0.099833,0.097628,-0.053478
35.75,-0.425609,-0.306173,10.024341,-0.072023,0.006322,-0.090739
35.775,-0.617256,-0.771586,9.592864,0.012266,0.068419,-0.010334
35.8,-0.519612,-0.30492,9.97295,0.132407,-0.126638,0.035231
35.825,-0.408882,-0.212709,10.245326,0.05831,0.0106,-0.015042
35.85,-0.58624,-0.220714,10.025624,-0.165319,-0.101264,-0.011186
35.875,-0.422082,-0.83344,9.347745,0.008749,0.018829,-0.060481
35.9,-0.618296,-0.22281,9.594838,0.064211,-0.106143,-0.010042
35.925,-0.477989,-0.654732,9.507307,-0.082619,-0.102169,-0.014619
35.95,-0.358523,-0.279226,9.879246,0.07908,-0.134284,0.031933
35.975,-0.414004,-0.186459,10.037194,-0.074963,-0.057416,0.022916
36.0,-0.326909,-0.68557,9.631824,-0.045558,-0.043593,0.026034
36.025,-0.320007,-0.223759,10.03193,0.108776,-0.01015,0.037972
36.05,-0.350359,-0.043899,10.287482,-0.150223,0.021935,-0.00905
36.075,-0.392702,-0.87416,9.700745,-0.095027,0.035039,-0.001635
36.1,-0.302095,-0.428057,9.726872,0.146559,0.079241,0.014876
36.125,-0.576256,-0.3453,9.986323,-0.104471,0.084012,-0.000927
36.15,-0.414394,-0.819052,9.770102,0.025622,0.030012,-0.018432
36.175,-0.348311,0.068723,10.042597,0.131364,0.034618,0.0057
36.2,-0.502208,-0.247488,9.812509,-0.18449,0.037958,0.015599
36.225,-0.41905,-0.8719,9.619534,0.009123,0.013642,0.061819
36.25,-0.504637,-0.293892,10.105631,0.048992,0.052029,0.026238
36.275,-0.703258,-0.398416,10.047539,-0.120342,-0.001683,-0.059801
36.3,-0.321431,-0.805289,9.402725,0.010253,-0.06608,-0.015835
36.325,-0.380782,-0.282,9.966224,0.121945,0.043562,0.062122
36.35,-0.642693,-0.323513,10.148145,-0.191161,0.005528,0.024453
36.375,-0.27695,-0.79226,9.640919,0.046726,0.029238,-0.009453
36.4,-0.538195,-0.124809,9.892215,0.050783,0.055896,0.034384
36.425,-0.46269,-0.611267,9.847498,-0.11606,0.024627,0.04092
36.45,-0.551299,-0.65756,9.747465,0.051911,0.027396,0.02597
36.475,-0.405984,-0.205964,9.829363,-0.028044,0.07132,-0.031389
36.5,-0.660819,-0.735919,9.615232,-0.086581,0.048149,-0.037709
36.525,-0.480594,-0.498973,9.924784,0.126983,-0.053915,0.00972
36.55,-0.414507,0.115804,10.003237,-0.038469,0.043841,-0.003708
36.575,-0.764601,-0.893702,9.317049,-0.240606,0.008719,0.013525
36.6,-0.458044,-0.959844,9.768402,0.083571,-0.010788,0.037099
36.625,-0.824079,-0.349716,10.075133,0.027946,-0.009543,-0.022605
36.65,-0.398076,-0.705872,9.458594,-0.06277,-0.101886,-0.001918
36.675,-0.283965,-0.381561,9.790363,0.124683,-0.010765,0.056768
36.7,-0.693354,-0.253822,10.061501,-0.125004,-0.017762,0.024216
36.725,-0.347502,-1.020591,9.50126,-0.026532,-0.06809,0.030083
36.75,-0.379715,-0.383543,9.807783,0.142729,0.003911,0.009975
36.775,-0.552333,-0.509541,10.128687,-0.103113,0.017327,-0.045744
36.8,-0.519378,-0.877157,9.750632,0.035915,-0.015598,-0.041391
36.825,-0.215158,-0.253094,9.847821,0.10826,0.001979,0.007712
36.85,-0.442785,-0.259118,10.093512,-0.045114,0.075815,0.039052
36.875,-0.545282,-0.788105,9.889573,-0.046372,0.021676,0.045541
36.9,-0.398837,-0.389398,9.878821,0.130515,0.020898,0.025279
36.925,-0.503183,-0.12264,9.814964,-0.076781,0.098126,-0.022954
36.95,-0.63995,-0.926919,9.606099,-0.064397,0.034816,0.005718
36.975,-0.517015,-0.682988,9.996292,0.104604,0.059031,0.01745
37.0,-0.56321,-0.179851,10.037574,0.007083,0.027487,-0.018714
37.025,-0.440036,-0.474795,9.909737,-0.042943,0.02573,-0.011842
37.05,-0.470007,-0.228932,10.036633,0.007219,0.10371,0.020001
37.075,-0.738519,-0.563753,9.510138,-0.124865,0.097174,0.003421
37.1,-0.775293,-0.594568,9.493235,-0.026472,0.027561,0.032256
37.125,-0.618178,-0.832231,9.667455,-0.081896,0.017729,-0.013088
37.15,-0.664925,-0.511693,9.954202,0.13267,0.02504,-0.009634
37.175,-0.727503,-0.32093,9.853379,-0.09298,0.012897,-0.049281
37.2,-0.661268,-0.644247,9.29771,-0.025734,-0.041455,-0.035658
37.225,-0.847646,-0.265655,9.612236,0.029087,-0.113328,-0.03831
37.25,-0.797117,0.116894,9.388071,0.058641,-0.268037,-0.081818
37.275,-0.808494,0.671225,8.816207,-0.602175,-0.468777,-0.165937
37.3,-0.751123,-1.440359,6.231939,-0.169533,-0.720295,-0.18935
37.325,-1.043524,1.102264,6.700187,-0.258674,-1.359869,-0.120882
37.35,-0.237651,-2.252453,5.672922,-1.081418,-2.024905,-0.1534
37.375,0.941912,-2.063025,5.657014,-0.274864,-2.51113,0.095699
37.4,2.051334,-0.543975,7.133127,-0.247318,-2.875333,-0.180838
37.425,3.903393,-2.195304,9.111528,-0.368799,-2.831508,-0.247747
37.45,3.890915,-2.731872,8.071679,-0.037313,-2.691757,-0.124371
37.475,4.276551,-1.55131,6.807282,0.338113,-2.854944,-0.183439
37.5,5.304019,-1.59364,8.144063,0.222281,-2.926525,-0.145617
37.525,6.981981,-1.836855,7.232985,0.72403,-2.903099,-0.10531
37.55,6.391975,0.559105,6.114612,0.685534,-3.067549,0.008251
37.575,7.416435,0.074924,4.968251,0.420897,-3.296774,-0.048614
37.6,7.878628,1.612316,5.594676,0.563345,-3.628089,-0.224814
37.625,10.673776,-2.309987,7.545348,0.013921,-3.511655,-0.323888
37.65,10.166435,-1.215459,6.785568,1.170095,-3.128076,0.04621
37.675,9.632175,1.055599,4.300206,0.066066,-3.032302,-0.02771
37.7,9.039891,-0.91955,3.274805,0.258412,-3.346711,-0.181232
37.725,11.204692,0.090012,3.4183,0.724149,-3.225718,-0.004604
37.75,10.972503,0.520066,3.864186,0.385161,-3.139886,-0.179303
37.775,11.269853,0.299101,3.86264,0.671183,-2.70711,0.176619
37.8,9.997467,4.338691,3.566175,-0.722406,-2.618582,0.121728
37.825,12.5203,1.299972,3.283997,-2.949242,-2.532905,-0.255451
37.85,12.030283,-1.91324,2.778711,-2.670467,-1.589338,0.007889
37.875,11.354364,-1.226761,1.334437,-1.80345,-1.577877,-0.130212
37.9,10.41172,-2.652963,0.241949,-1.026603,-1.663484,-0.255487
37.925,12.537921,-1.819231,-0.111955,0.825366,-0.981323,0.111248
37.95,10.571726,3.242308,2.579383,0.097339,-0.845426,-0.011309
37.975,10.681307,-0.915537,1.203028,-1.531639,-0.535111,0.002206
38.0,11.021045,-2.577755,0.018136,-0.496466,-0.449065,0.098672
38.025,11.082963,-2.063219,0.250588,-0.093716,0.251281,0.260396
38.05,10.001093,0.094768,0.709013,-0.05178,0.185832,0.373297
38.075,10.283059,0.781497,-0.31122,-0.600329,0.160989,0.151363
38.1,9.817884,-0.452128,-1.462697,-0.752196,0.452773,0.278881
38.125,8.775854,-0.380925,-1.35841,-0.363472,0.046596,0.262639
38.15,10.955948,-1.875067,-1.338018,0.145607,0.151619,0.291687
38.175,9.167559,-0.577209,0.022192,0.477205,0.344225,0.207038
38.2,9.258193,-0.003678,-0.481955,-0.104908,0.082898,-0.070151
38.225,9.630666,-1.773329,-1.290402,-0.190088,0.171416,-0.039473
38.25,9.759982,-0.207273,0.222696,0.367859,0.286657,0.185839
38.275,9.330467,0.276729,-0.291093,-0.464264,0.162851,0.089093
38.3,9.814376,-1.275453,-1.864897,-0.020931,0.109318,0.080988
38.325,9.174185,0.260627,-0.01516,0.317426,0.18973,0.049229
38.35,10.062233,-0.548045,0.027512,-0.545308,0.060002,0.042319
38.375,9.521732,-2.003795,-0.893634,-0.200122,0.148676,-0.014415
38.4,9.475795,-1.090193,-1.162407,0.559871,0.101573,-0.022063
38.425,8.996647,-0.223331,-0.423158,0.655078,0.008079,0.070457
38.45,10.682536,0.944911,0.469047,0.13017,0.030214,0.070079
38.475,9.613038,-0.870192,-0.162229,-0.688066,0.226857,0.04486
38.5,9.724839,-1.829203,-0.93546,-0.086443,0.121874,0.032182
38.525,9.516399,-1.10789,-0.699473,0.210929,0.152988,-0.044115
38.55,9.862828,-0.790881,-0.36637,0.423783,0.030178,-0.091445
38.575,9.628172,0.39853,-0.055487,0.392294,0.097958,-0.04809
38.6,9.764995,0.271092,-0.652218,-0.077141,-0.045766,0.035788
38.625,9.576379,-0.347156,-0.473776,-0.176658,0.092261,0.037379
38.65,9.653509,-1.440337,-0.312662,-0.149436,-0.101065,-0.050962
38.675,9.802194,-1.706147,-0.108218,0.226301,0.055969,-0.02799
38.7,9.34986,-0.356905,-0.049277,0.367954,-0.028883,-0.039668
38.725,9.339694,-0.093863,-0.523131,-0.014957,-0.087002,-0.076141
38.75,9.983905,-0.560857,-0.548767,-0.109039,-0.030992,-0.082834
38.775,9.781758,-1.067754,-0.259815,-0.052094,-0.039744,-0.073726
38.8,9.865322,-0.853251,-0.331046,0.411614,-0.109153,-0.05017
38.825,9.704142,0.532453,-0.19875,0.140627,-0.145298,-0.11381
38.85,9.881157,-0.531667,-0.31124,-0.228802,-0.13523,-0.100795
38.875,10.145666,-0.746772,0.036168,-0.158995,-0.008741,0.033678
38.9,9.59442,-1.37114,-0.133611,-0.083271,-0.051056,0.018698
38.925,9.971425,-0.917132,-0.563799,0.243655,-0.042256,0.010233
38.95,9.561482,0.083905,-0.600301,0.14364,-0.051679,-0.135398
38.975,9.881426,-0.378331,-0.358354,0.005605,0.005639,-0.0162
39.0,9.83759,-0.125047,0.175103,-0.095176,-0.022124,0.064446
39.025,10.048467,-1.086268,-0.438576,-0.129801,0.005374,0.121673
39.05,9.679704,-0.066745,-0.430354,0.179463,0.009982,0.083815
39.075,9.87635,-0.495252,-0.459627,-0.232323,0.073255,0.000838
39.1,9.280105,-0.981817,-0.39449,-0.137591,-0.008989,0.011369
39.125,9.953756,-1.62621,-0.537867,0.109794,0.011262,0.023659
39.15,9.83322,-0.344837,-0.239807,0.349176,0.061478,0.014096
39.175,9.088647,-0.257724,-0.628349,0.200696,0.024341,-0.03751
39.2,9.786071,0.330778,-0.395306,0.007886,-0.093792,-0.060708
39.225,10.139605,-0.646575,-0.020773,-0.295857,0.112516,-0.073845
39.25,9.562064,-0.978555,0.402115,-0.143271,0.101492,-0.070211
39.275,9.865907,-1.413759,0.299468,0.145191,0.078849,-0.015521
39.3,10.262604,-0.997168,0.599718,0.573927,0.378895,0.078247
39.325,9.907998,-0.899394,1.510694,0.442109,0.516017,0.024763
39.35,10.768986,-2.090265,2.114298,0.780154,0.890361,0.11866
39.375,10.865929,-0.148172,3.470016,0.802202,1.291304,0.242989
39.4,11.262265,-0.755482,4.000903,-0.030091,1.716128,0.263554
39.425,11.063517,-1.899248,3.274234,0.156389,2.020435,0.308088
39.45,10.956737,-2.170385,2.926004,0.529372,2.451961,0.376938
39.475,10.85138,-0.617478,3.696006,0.839836,2.680131,0.321869
39.5,11.303553,-0.589741,4.171914,0.082335,2.801345,0.18474
39.525,10.843352,-1.388077,4.625344,0.389676,3.138852,0.343454
39.55,11.070299,-0.136029,5.397988,0.222184,3.149079,0.365218
39.575,11.015107,-0.858818,4.557528,0.315886,3.467054,0.252032
39.6,8.860768,-1.470547,4.891129,0.589426,3.348266,0.204364
39.625,9.066356,0.41323,6.691054,0.380325,3.27298,0.179539
39.65,8.9897,-0.11468,7.709604,-1.024223,3.314757,0.098982
39.675,8.399161,-1.168298,7.226906,-0.906956,3.454975,0.200101
39.7,7.506413,-1.671173,7.593925,-0.839623,3.302099,0.274647
39.725,6.994385,-1.518238,7.872123,-0.282225,3.357819,0.413204
39.75,5.746963,-0.696504,8.687673,-0.51524,3.10272,0.321871
39.775,5.195916,-2.074935,8.022095,-0.440165,3.067405,0.258085
39.8,3.536734,-1.629546,7.654399,0.306278,2.693826,0.169459
39.825,3.121908,-0.836637,8.128701,0.137717,2.480935,0.091015
39.85,1.89063,-0.556797,7.396562,0.265188,2.224712,0.067489
39.875,0.854736,0.155589,6.69459,-0.425907,1.813063,-0.009925
39.9,0.254174,-3.659652,5.207762,-0.385263,1.141,0.067559
39.925,-0.044056,-4.15769,5.715191,1.01072,0.67195,0.20996
39.95,0.315929,-1.758346,7.550205,1.48289,0.383558,0.096335
39.975,-0.351688,-0.007929,8.05346,0.75699,0.295439,-0.075132
40.0,0.231502,-0.079577,7.828297,0.067627,0.03269,-0.264612
40.025,-0.113618,-1.67276,8.167112,-0.029771,-0.011364,-0.13383
40.05,0.431811,-1.013794,9.221698,0.115182,-0.129865,0.117637
40.075,0.00677,-1.781317,8.823651,-0.227385,-0.135742,0.180079
40.1,0.71954,-2.176147,8.913994,0.217859,-0.142206,0.152653
40.125,0.1606,-1.616716,9.518916,0.275114,-0.066962,-0.015702
40.15,0.811248,-1.789941,9.81296,0.681739,-0.0548,-0.058168
40.175,0.118098,0.601131,10.102966,0.299851,-0.03241,0.033106
40.2,0.969689,-0.68852,9.736003,-0.235758,-0.022447,0.11694
40.225,0.264893,-0.976054,10.406102,0.077545,0.020381,0.231675
40.25,0.70827,-0.162059,10.1283,0.053708,0.095292,0.156784
40.275,0.004552,0.371607,9.685322,-0.331627,-0.05264,0.057602
40.3,0.555175,-0.067527,9.526587,-1.157858,0.040126,0.188124
40.325,-0.145525,-1.036128,10.061722,-1.639823,-0.177304,0.178766
40.35,0.821124,-3.004058,9.844125,-1.734066,0.17675,0.130756
40.375,-0.090709,-4.825581,9.013724,-0.724603,-0.11129,0.107052
40.4,0.828046,-3.993303,8.989694,1.178004,0.221826,0.299783
40.425,-0.390326,-0.699493,10.337648,0.777663,-0.060708,0.264565
40.45,0.565178,-1.636941,9.476205,0.612427,0.081601,0.160352
40.475,0.084763,0.462161,10.26344,0.05104,-0.005174,0.124089
40.5,0.248929,-2.106328,9.570495,-0.497152,0.121638,0.02444
40.525,0.184914,-2.512912,9.740183,0.048103,0.059505,0.064963
40.55,0.184188,-1.844826,9.706488,0.146601,0.175785,0.116925
40.575,0.20364,-1.982028,9.469978,0.149481,0.162718,0.026215
40.6,0.169412,-2.502692,9.408613,0.667301,0.283335,0.075213
40.625,0.040648,-0.484488,10.306443,0.73817,0.241284,0.042162
40.65,-0.167364,-0.24772,9.991869,-0.132529,0.350107,0.00171
40.675,-0.284005,-1.669655,9.181907,-0.289758,0.298316,-0.091824
40.7,-0.315048,-0.832716,9.81422,-0.183907,0.143749,-0.025649
40.725,0.035607,-1.195322,9.966579,-0.401367,0.15364,0.020152
40.75,-0.467448,-1.874421,9.885482,-0.229302,0.127157,0.050896
40.775,-0.386411,-2.019002,9.516664,0.014487,0.149112,0.021663
40.8,-0.674218,-1.81308,9.472985,-0.050673,-0.000101,-0.0409
40.825,-0.182489,-1.995146,9.496304,0.102264,0.01388,-0.018015
40.85,-0.366417,-1.735137,9.760619,0.198611,-0.049124,-0.019125
40.875,-0.470949,-1.115515,10.192286,0.114644,-0.028674,-0.008202
40.9,-0.239301,-1.617578,9.86837,-0.070763,-0.107628,-0.027856
40.925,-0.017623,-1.148955,9.592026,0.213292,0.046022,0.101236
40.95,-0.452407,-0.934804,9.842676,-0.169803,-0.035866,0.056206
40.975,-0.065475,-2.06728,9.549005,-0.088773,-0.074398,-0.007507
41.0,-0.255472,-1.398765,9.701577,0.069038,-0.01747,-0.031964
41.025,-0.04106,-1.454405,9.585353,-0.136884,-0.045428,-0.085191
41.05,-0.234396,-1.898818,9.090084,-0.025034,-0.030675,-0.041426
41.075,0.070917,-1.624018,9.604658,0.162012,-0.101254,0.033507
41.1,-0.222475,-1.26897,10.349527,-0.138414,0.050876,0.026596
41.125,-0.1353,-2.136559,9.806243,-0.037015,-0.0157,-0.031016
41.15,-0.087863,-1.158563,9.520554,0.142706,0.133021,0.031353
41.175,-0.440294,-1.615368,9.476714,-0.233829,0.016975,0.025079
41.2,-0.062855,-2.102547,9.767648,-0.013942,0.056509,0.071887
41.225,-0.250811,-1.415028,9.978004,0.250286,0.002515,0.026467
41.25,0.038213,-1.040071,9.964675,-0.077715,0.129574,0.00629
41.275,-0.419307,-1.850755,9.74892,-0.11034,0.081847,0.031991
41.3,-0.286438,-1.458969,9.783328,0.130567,0.061075,0.042165
41.325,-0.210764,-1.14868,9.717012,-0.065056,0.014368,0.05851
41.35,-0.322207,-1.756034,9.530368,-0.150169,0.105519,0.06432
41.375,-0.531335,-2.15966,9.656133,0.010094,0.011327,0.060517
41.4,-0.435466,-1.466981,9.937673,0.135377,0.004804,0.001789
41.425,-0.290692,-1.359645,9.656764,-0.134821,-0.021494,-0.054086
41.45,-0.338389,-1.939663,9.406888,0.039168,-0.049126,6.2e-05
41.475,-0.364126,-1.211872,9.886804,0.085025,-0.011317,0.014632
41.5,-0.43294,-1.69771,9.694667,-0.14607,-0.069302,0.049134
41.525,-0.151728,-1.489523,9.782628,0.150312,-0.027344,0.104997
41.55,-0.308013,-1.2129,9.957866,-0.141319,0.01812,0.079759
41.575,-0.366975,-2.396048,9.457472,-0.055182,0.053558,0.04388
41.6,-0.552214,-1.621796,9.694957,0.229743,-0.057858,-0.014555
41.625,-0.15299,-1.27559,9.87715,-0.117435,-0.002708,-0.064025
41.65,-0.395245,-1.810294,9.789602,-0.000108,0.081757,-0.075185
41.675,-0.465183,-1.476745,9.745579,0.134464,0.008634,-0.061165
41.7,-0.339838,-1.176154,9.379427,-0.005532,-5.6e-05,-0.021674
41.725,-0.365134,-1.67185,9.432377,-0.122197,-0.025455,-0.007203
41.75,-0.383571,-1.736219,9.846631,0.073223,-0.048856,0.038785
41.775,-0.27114,-1.016102,9.916146,0.067996,-0.022981,-0.058797
41.8,-0.25783,-1.170268,9.568576,-0.017453,0.038671,-0.16441
41.825,-0.292124,-1.074297,9.777404,0.050326,0.089206,-0.246859
41.85,-0.41091,-0.999006,9.641564,0.024446,0.061402,-0.408821
41.875,-0.152148,-0.921906,9.54776,0.092865,-0.024371,-0.467659
41.9,-0.201918,-0.716853,10.096109,0.079916,0.064144,-0.570126
41.925,-0.303379,-0.840246,10.142304,0.195196,0.032541,-0.734569
41.95,0.179999,-0.723657,10.239924,0.457389,0.13951,-0.952253
41.975,-0.027803,-0.259888,10.327221,0.740363,0.120399,-1.057528
42.0,0.201768,0.773085,9.729198,0.823507,0.274548,-1.210833
42.025,-0.205083,1.875106,10.018526,0.494456,0.111581,-1.395682
42.05,0.432224,1.299685,10.901715,-0.451774,0.250315,-1.567592
42.075,0.314277,-0.247195,10.771469,-0.266425,0.319952,-1.715684
42.1,-0.099618,-0.474029,9.807685,-0.628956,0.376205,-1.637484
42.125,0.15021,-1.312322,9.500583,-0.47161,0.234756,-1.486479
42.15,0.556982,-0.719979,10.49231,-0.444458,0.409731,-1.695014
42.175,1.296919,-1.79919,9.938844,-0.390856,0.462114,-2.042938
42.2,0.871549,-3.135439,8.145742,0.695822,0.722811,-2.42372
42.225,-0.945688,-2.341977,9.325626,2.472204,0.698298,-2.524969
42.25,-0.496332,2.635966,11.574934,2.410349,0.386232,-2.248039
42.275,0.08484,2.787557,10.124438,0.103176,0.316631,-2.603063
42.3,0.243613,-0.034313,8.875221,-0.34058,0.153379,-2.383371
42.325,0.911866,1.254416,9.818459,-1.356252,0.337296,-2.47665
42.35,-0.061676,-1.813048,9.389035,-1.383928,0.244615,-2.503993
42.375,0.299352,-3.620438,8.834841,-0.690471,0.37013,-2.51914
42.4,0.546802,-3.463002,8.999954,1.020502,0.154784,-2.395763
42.425,-0.289017,-0.007225,10.627091,-0.179442,0.306583,-2.225615
42.45,0.451365,-2.607308,9.933512,-0.278118,0.129817,-2.111589
42.475,-0.061098,1.640755,10.775716,-0.4,0.480314,-2.170748
42.5,0.466982,-3.172561,9.128188,-1.410042,0.259915,-2.324799
42.525,0.362333,-4.186578,9.247268,-0.279341,0.634373,-2.027974
42.55,1.109572,-0.328785,9.379192,0.017199,0.320235,-2.09389
42.575,-0.837801,-2.480064,8.755646,-1.405676,0.539833,-2.221759
42.6,1.088544,-4.133719,9.692781,-0.401984,0.298184,-1.973343
42.625,-0.102817,-4.044003,8.7945,-0.738798,0.609811,-1.86906
42.65,0.292041,-3.39729,9.180677,-0.639456,0.341028,-1.57746
42.675,-0.04711,-4.973017,7.588142,-0.943953,0.464405,-1.470463
42.7,0.681368,-4.112404,8.92063,0.425582,0.307896,-1.488524
42.725,-1.204694,-3.816739,10.313232,-0.026517,0.430561,-1.3319
42.75,1.083482,-4.245249,8.686586,0.132858,0.351535,-1.20144
42.775,0.037663,-3.916669,7.214138,-0.063753,0.073404,-1.11357
42.8,3.966127,-6.935974,7.633938,0.671438,-0.00162,-0.766554
42.825,-3.027239,-0.952734,11.110273,1.242433,0.913015,-0.670473
42.85,-1.330938,-2.594138,11.652755,-0.660441,-0.041694,-0.675671
42.875,-0.415363,-4.013906,7.852119,0.318554,0.447815,-0.77223
42.9,-1.047618,-3.742368,6.403302,0.977277,-0.016666,-0.778371
42.925,2.438947,-4.103906,10.704327,2.660838,0.089764,-0.833168
42.95,-3.750662,1.218354,12.102236,1.066112,0.320657,-0.668273
42.975,1.005841,-1.878054,9.226549,-0.333544,-0.194379,-0.555489
43.0,0.115831,-2.985457,9.105943,-0.195314,0.042095,-0.672929
43.025,0.063312,-2.169319,8.852749,0.367673,0.161664,-0.25436
43.05,-2.138871,-0.180878,10.711194,0.016012,-0.019425,-0.634096
43.075,-0.376047,-2.665541,9.465391,-0.578827,-0.070556,-0.564365
43.1,0.470094,-2.969828,8.636749,0.329587,-0.096,-0.455362
43.125,-0.859011,-0.467577,10.817901,0.153578,-0.000148,-0.559422
43.15,-1.555322,-2.019153,9.567753,-0.79003,0.115153,-0.448495
43.175,-0.604077,-4.555603,7.78631,-0.096934,-0.348652,-0.637488
43.2,0.270753,-3.643633,9.573809,1.503443,-0.098348,-0.243927
43.225,-0.736007,0.886905,12.442927,0.825869,-0.058962,-0.471697
43.25,0.3551,-0.853871,10.169586,-1.015604,0.075631,-0.296485
43.275,0.649813,-3.989854,7.849727,-0.203007,-0.245035,-0.273244
43.3,0.640376,-0.792264,9.440508,0.339648,0.016972,-0.19465
43.325,0.150258,-1.479103,10.670675,-0.186263,-0.234342,-0.174546
43.35,0.358792,-2.339495,10.771871,-0.101951,0.262034,-0.26717
43.375,0.254185,-1.617215,8.310892,-0.138197,-0.065055,0.022218
43.4,0.509583,-1.816634,8.86008,-0.215864,-0.079164,-0.169394
43.425,0.31756,-2.744416,10.591228,0.034657,-0.012561,0.079552
43.45,-1.518554,-1.497106,10.509236,0.247122,0.248693,-0.057776
43.475,0.144113,-1.826577,8.643263,-0.305341,-0.088723,-0.054825
43.5,-0.561517,-1.977258,8.526856,0.389875,0.153184,-0.074226
43.525,-0.25771,-1.059195,10.021547,0.226508,-0.039539,-0.199187
43.55,0.13549,-1.907316,10.903936,0.045335,0.207113,-0.167115
43.575,0.068692,-1.110976,9.41917,-0.172915,0.160331,-0.174756
43.6,-0.226455,-2.493216,8.165014,-0.203519,-0.169597,-0.179817
43.625,1.207878,-2.808345,10.345532,0.396685,0.085829,-0.072382
43.65,-1.540014,-1.482684,10.821088,0.288648,0.363046,0.018869
43.675,-0.409733,-1.251134,10.410379,-0.303388,0.055365,-0.007421
43.7,-0.550123,-2.587623,8.330734,-0.168975,0.079506,0.012229
43.725,0.569988,-1.766645,10.054259,0.32095,-0.047068,0.011354
43.75,-1.345793,-1.369518,10.547222,-0.024605,0.1855,-0.030668
43.775,0.253204,-2.225998,10.079702,-0.133562,-0.063749,0.04297
43.8,-1.264748,-1.501455,9.353309,-0.004099,0.026036,-0.016543
43.825,0.551309,-2.110747,9.14306,-0.094288,-0.075478,0.017809
43.85,-1.115009,-1.960203,10.073494,0.149829,0.010361,0.028877
43.875,-0.227184,-1.675649,10.115995,-0.141193,-0.005576,-0.006817
43.9,-0.544249,-1.973937,8.820686,-0.084857,-0.019578,0.044596
43.925,0.085451,-2.566767,9.193853,-0.128724,-0.271896,0.031558
43.95,-0.688386,-3.12789,10.009647,-0.006353,0.000825,0.306587
43.975,-0.717605,-2.14444,10.251273,0.065661,-0.017551,0.246938
44.0,-0.543964,-3.078771,9.40856,-0.456488,0.009861,0.470871
44.025,-0.30866,-3.782939,9.226176,0.301483,-0.026749,0.625209
44.05,-0.772851,-0.925114,10.296491,0.120524,0.11088,0.752934
44.075,-0.348843,-2.250683,9.180316,-1.007262,-0.062108,0.815212
44.1,0.626282,-5.319992,8.273661,-0.224403,-0.271795,0.959434
44.125,1.361703,-2.838043,10.410974,0.473398,-0.179237,1.305807
44.15,-0.152206,-1.015658,10.301099,-0.335719,0.103659,1.439588
44.175,-1.1623,-0.498963,9.329428,-1.301722,-0.357456,1.408743
44.2,-0.419266,-3.610005,8.669611,-1.871092,-0.404247,1.414022
44.225,0.767493,-5.586782,9.226256,-1.87567,-0.740371,1.808003
44.25,0.362755,-4.202761,8.490485,-1.531077,-0.541893,2.050247
44.275,-0.431486,-4.213066,7.849184,-1.987466,-1.008266,1.996919
44.3,0.323681,-5.935438,7.393972,-1.623551,-1.02783,2.225831
44.325,0.489166,-6.892282,8.386707,-2.245545,-1.464445,2.503067
44.35,1.279936,-8.366872,7.016718,-0.633277,-1.236034,2.718955
44.375,-0.0474,-5.657716,7.369429,0.485841,-1.701247,2.630342
44.4,-0.701718,-5.093438,9.168986,-0.06243,-1.412811,2.92451
44.425,-0.032206,-7.543419,8.614446,-0.28985,-2.025071,3.127437
44.45,0.108696,-4.753789,7.965759,0.343185,-1.870393,3.332972
44.475,3.036205,-3.179658,7.062446,-0.306177,-2.892978,3.070173
44.5,4.467166,-3.313384,8.510688,0.028255,-1.958047,2.522212
44.525,3.439323,-5.606168,8.139846,-0.051733,-1.738443,2.270446
44.55,0.32574,-6.598439,8.23246,1.354421,-1.650464,2.298512
44.575,2.471404,-2.748901,7.985634,1.440013,-1.618109,2.392144
44.6,3.272623,-1.778191,11.267721,0.670801,-1.978219,2.39151
44.625,3.869998,-5.215834,10.096174,0.590878,-0.073395,1.850328
44.65,-1.186506,-9.060863,6.906194,1.906875,-1.160403,2.446856
44.675,3.229569,-3.465761,8.022138,4.022956,-0.961548,3.002358
44.7,2.988928,0.891162,10.9149,3.028489,-0.754119,2.833957
44.725,3.021575,-1.505392,10.09108,1.784914,0.043518,2.458726
44.75,1.057802,0.208554,8.748292,1.570878,-0.298777,2.518897
44.775,1.53607,-0.186551,9.693782,-0.071439,-0.226693,2.497976
44.8,2.13031,0.608325,11.928946,0.253511,-0.130402,2.33092
44.825,0.633463,2.069618,11.52998,-1.117123,0.164306,2.117918
44.85,1.330494,-1.910238,8.550172,-1.549598,-0.201504,2.089849
44.875,0.49546,-2.914695,8.739511,-0.759495,-0.202945,2.170766
44.9,0.711565,-3.79425,9.281885,0.056484,-0.404154,2.213867
44.925,1.002908,-0.2705,10.848956,0.253121,-0.310702,2.161635
44.95,0.970747,-0.799707,9.601997,-0.529319,-0.221842,1.936461
44.975,0.351658,-4.946808,8.024927,-0.187424,-0.452156,2.03457
45.0,0.097314,-6.158325,7.460668,2.011827,-0.661114,2.075406
45.025,1.079602,-0.021353,9.318395,2.864551,-0.665275,2.156708
45.05,1.643264,3.53628,11.612077,0.931066,-0.294368,2.028949
45.075,0.310369,2.988769,11.113765,-1.474963,-0.223466,1.969213
45.1,0.401101,-2.776885,8.534098,-2.349328,-0.593594,1.877213
45.125,1.540378,-4.309452,9.71571,-0.136504,-0.468117,1.892407
45.15,0.827695,-0.020709,11.092394,-0.082915,0.159667,2.057616
45.175,-0.116292,-1.617595,10.249715,-1.07201,-0.549206,1.801127
45.2,0.849657,-2.656107,8.729215,-0.711524,-0.079462,1.925458
45.225,-0.619467,-3.35875,9.540021,-0.615448,-0.434131,1.932903
45.25,0.047833,-2.799619,10.037299,0.001593,-0.051514,1.911484
45.275,1.700285,-3.69646,8.152977,-0.040887,-0.442909,1.951704
45.3,1.883525,-3.759611,8.465727,1.257194,-0.153705,2.172692
45.325,-0.207409,-0.365821,9.184549,0.233163,-0.411118,2.352556
45.35,0.014648,-3.268142,8.867648,-0.06495,-0.570994,2.326319
45.375,0.987678,-0.908542,10.358824,0.308455,-0.238497,2.378151
45.4,0.172049,-1.221935,9.859306,0.002415,-0.455315,2.239265
45.425,2.183853,-2.496402,9.592814,0.058381,-0.309394,2.099174
45.45,0.051479,-1.582427,9.402736,1.346166,-0.177154,2.170217
45.475,0.600876,1.134967,10.004667,-0.017397,-0.073732,2.019442
45.5,0.354795,-2.492712,8.947407,-0.372238,-0.391857,2.103945
45.525,1.142456,-0.218294,9.788639,0.287575,0.033252,1.996071
45.55,0.066351,-1.870607,9.543441,-0.521827,-0.296536,1.885426
45.575,0.156911,-3.462278,8.637721,1.124607,-0.096878,1.908962
45.6,0.329452,1.299492,10.237591,0.937578,-0.300125,1.874899
45.625,-0.016516,-1.16961,9.836806,0.277814,0.069722,1.733988
45.65,-0.437865,0.791751,10.524011,0.109817,-0.111431,1.835433
45.675,0.292996,-0.122088,10.447824,-0.814008,-0.109256,1.72162
45.7,-0.455372,2.589033,10.462631,-0.032198,0.223375,1.705526
45.725,-5.210733,15.633319,14.262342,-3.900419,-0.08836,1.510763
45.75,4.569312,-4.852276,2.513315,-11.965517,-0.677404,-0.36777
45.775,2.904233,-21.042908,2.695546,-1.626631,0.432755,0.319248
45.8,-7.136379,-2.419478,12.099373,2.046711,-0.152446,1.568735
45.825,-3.598738,1.30551,14.288286,-0.289176,-1.371695,-0.614887
45.85,8.581627,-16.263745,8.148759,0.881893,0.436857,-0.729713
45.875,4.805112,-15.785603,4.264969,11.261342,1.471317,-0.451992
45.9,-9.765945,19.271984,21.505743,6.257151,1.53168,1.105616
45.925,-4.835431,7.348784,13.597337,-5.149799,-2.495559,-1.309721
45.95,9.22551,-1.294575,7.210129,-3.683012,0.994747,-0.371775
45.975,-10.076646,-15.595708,1.132271,-4.484081,0.047448,-1.418736
46.0,1.740947,-9.747729,3.723189,5.813314,-1.179259,1.046097
46.025,4.059499,12.037329,11.709426,1.753324,0.432282,0.383398
46.05,-2.887883,-1.35956,5.813615,-3.495514,0.335024,-0.053565
46.075,-6.245171,-1.884634,6.052935,-0.980488,-0.243711,-0.281877
46.1,1.081711,-6.143895,5.271472,-0.069224,-0.771401,-0.809742
46.125,1.320155,0.051663,8.626305,2.314145,0.562486,0.949026
46.15,1.297357,-2.3473,10.861105,-0.056774,0.142127,-0.248664
46.175,0.060828,-3.088954,10.037424,0.793202,0.33199,0.182202
46.2,-2.905285,-0.918693,7.721303,0.556247,0.373702,-0.374239
46.225,-5.708212,-0.792831,7.947999,0.089631,-0.769315,-0.206643
46.25,2.320999,-3.516752,8.934091,-0.00855,-0.806238,0.14599
46.275,1.045658,-0.403832,11.179031,0.843602,-0.018522,-0.324567
46.3,-0.978409,-1.328447,10.958989,-1.048727,-0.576027,-0.021951
46.325,2.277896,-5.538418,8.964791,0.26229,-0.309541,-0.475652
46.35,-1.276991,-1.670939,9.711953,2.037468,0.083852,-0.248685
46.375,-1.601762,1.462597,11.007432,-0.007887,-0.116149,-0.14188
46.4,0.978697,-2.806344,9.220723,-0.387931,-0.268956,-0.251562
46.425,0.894045,-1.095326,10.453751,0.060253,0.273124,0.103166
46.45,1.450867,-2.88813,10.100132,-0.058671,0.265523,-0.042696
46.475,-2.296195,-2.646025,10.623628,0.094357,0.116939,0.117573
46.5,2.119321,-2.044926,9.876151,0.347316,-0.051976,-0.06047
46.525,-0.206134,-1.259046,10.125406,0.579154,0.318435,-0.123811
46.55,-0.3311,-1.500773,9.513926,0.023946,0.135608,0.085015
46.575,-0.876748,-1.834605,9.086236,0.948612,0.008131,-0.289956
46.6,-0.472841,1.261161,9.905816,0.275943,0.207276,0.074488
46.625,-0.552512,-1.63254,9.572153,-0.82896,-0.001448,-0.118625
46.65,0.190469,-2.817923,9.53108,0.449788,0.187906,-0.044494
46.675,-0.26049,0.750449,10.535267,0.364911,0.163783,-0.00372
46.7,0.237731,-1.455739,9.529736,-0.699233,0.22349,-0.195712
46.725,-0.733134,-2.825516,9.850988,0.098075,0.167787,0.024648
46.75,-1.121805,-0.313781,10.372182,0.362126,0.105325,-0.096253
46.775,0.170895,-1.615364,9.943653,-0.421946,-0.062178,-0.120784
46.8,-0.095033,-2.033142,9.738361,0.415131,0.251712,-0.032839
46.825,-1.614338,-0.152491,10.589636,0.091912,-0.156906,-0.195558
46.85,0.894294,-0.928179,9.994565,-0.082413,-0.030923,-0.164838
46.875,0.036773,-0.617993,9.885951,0.038265,0.09445,-0.333104
46.9,-0.385044,-1.585354,9.268651,-0.095035,0.243939,-0.211458
46.925,-0.60869,-0.469176,9.716411,0.046711,0.108807,-0.200637
46.95,-0.613516,-0.180284,9.541894,-0.181691,0.299644,-0.371947
46.975,-1.093646,-1.559305,9.3991,0.047275,0.165584,-0.451737
47.0,-0.403153,-0.523301,9.839581,0.440138,0.164916,-0.540347
47.025,-0.421433,-0.276855,9.788915,0.171621,0.309671,-0.590276
47.05,-0.350853,-0.397504,10.156898,-0.025187,0.127608,-0.756028
47.075,-0.006726,-1.034198,9.808755,0.326956,0.267455,-0.879148
47.1,-1.552418,0.247735,10.003681,0.371325,0.150809,-0.990793
47.125,-0.614744,-0.428733,9.625959,-0.161495,0.264338,-1.083506
47.15,-1.241407,-2.150128,9.224748,0.197343,0.018686,-1.057548
47.175,-0.035972,-0.915566,9.88486,0.69038,0.00022,-1.039475
47.2,-0.814516,0.762075,10.500044,0.583791,-0.045244,-1.135095
47.225,0.010487,1.130535,10.400283,0.16386,0.140253,-1.371612
47.25,-0.32736,-0.523898,9.726879,-0.347006,0.113418,-1.463328
47.275,-0.916338,-2.137663,9.295574,0.075413,-0.069724,-1.436083
47.3,-0.192519,0.011302,9.930951,1.242428,0.037227,-1.514212
47.325,-1.860607,2.158925,10.030944,-0.006567,0.137022,-1.686786
47.35,-1.097732,-2.119051,8.548768,-0.045319,0.0116,-1.741123
47.375,-1.097342,0.20338,9.879651,0.790523,-0.059722,-1.72319
47.4,0.781193,0.835535,10.267505,0.269525,0.135885,-1.886506
47.425,-0.19259,-1.675263,9.078912,-0.131355,-0.096654,-1.887422
47.45,-0.301555,-1.567752,9.088349,1.261428,-0.095031,-1.731494
47.475,-0.270861,2.211867,10.818735,1.053761,-0.141898,-1.863021
47.5,-0.403213,2.068952,10.577454,-0.302169,0.177813,-2.028141
47.525,-0.942134,-0.850247,9.898505,-0.488031,-0.320928,-2.089872
47.55,0.573883,-0.685854,9.709421,0.06508,-0.150253,-2.111913
47.575,-0.050266,-0.788518,9.028455,-0.115082,-0.048111,-1.96793
47.6,0.707123,-1.481701,9.209496,0.149375,-0.058333,-1.965827
47.625,0.442641,0.225865,10.291321,0.970892,-0.14096,-1.899729
47.65,0.784475,1.890319,10.915161,0.483656,-0.147377,-2.027807
47.675,-0.312782,0.709198,9.93151,-0.150755,0.044899,-2.104073
47.7,0.019637,-0.454984,9.904454,0.256855,0.021483,-2.229175
47.725,0.817866,1.453157,10.819339,-0.120939,-0.114622,-2.268402
47.75,2.22041,-1.016345,9.735564,-0.217734,0.124231,-2.15929
47.775,0.401807,0.142983,10.096856,0.082317,0.132272,-1.873696
47.8,0.11138,0.087715,10.178926,0.567324,0.05077,-1.953357
47.825,0.876882,3.167397,11.197287,-0.296739,-0.003209,-1.959557
47.85,1.394117,-0.097998,9.252626,-1.084564,0.226594,-1.901343
47.875,0.165865,-0.8563,9.190641,-0.175961,0.101383,-1.660962
47.9,0.399833,-1.229291,9.043009,0.037357,0.214399,-1.551473
47.925,-0.64756,0.711916,9.639179,0.147814,0.01652,-1.593976
47.95,0.571631,0.805261,9.608715,-0.833779,-0.048677,-1.682876
47.975,0.721953,-1.935361,9.454939,-0.536285,0.186491,-1.698512
48.0,-0.240388,-2.946857,9.058015,0.042208,0.26154,-1.406157
48.025,-0.482989,-1.666889,8.329178,0.252498,-0.168835,-0.985254
48.05,0.5078,-0.751991,10.311764,-0.799778,-0.02647,-0.769803
48.075,-0.346834,-2.206092,10.887699,-0.815375,0.01191,-0.609902
48.1,0.255732,-3.011729,10.030841,-0.636905,0.061719,-0.517443
48.125,-0.556384,-4.203484,8.586502,0.331277,0.064636,-0.220901
48.15,0.081876,-1.791095,9.948629,1.465904,-0.009676,-0.160829
48.175,-0.602646,-0.133333,10.45417,1.327965,0.092696,-0.204441
48.2,-0.249674,1.485352,10.34514,0.594169,0.063148,-0.213513
48.225,-0.450947,-1.70868,9.379887,-1.19615,-0.133709,0.166337
48.25,-0.550261,-1.407472,9.982673,0.124729,-0.189006,0.274991
48.275,-0.047371,0.026732,9.844349,0.221262,-0.05153,0.045749
48.3,-0.671749,0.825508,10.571117,-0.334079,-0.204705,-0.109525
48.325,0.346924,-1.092799,10.168939,-1.205457,-0.031712,0.108118
48.35,-0.443604,-3.641682,9.059163,-0.397836,-0.099216,0.166636
48.375,0.011577,-2.089404,9.432931,1.403307,0.067713,0.201974
48.4,-0.671549,1.505438,10.387766,1.073113,-0.091211,-0.049083
48.425,0.005019,0.028508,9.818705,0.363887,0.06484,-0.036992
48.45,-0.309033,0.81006,10.069004,0.149156,-0.012351,0.06814
48.475,-0.259151,-0.288743,9.561269,-0.472574,0.031827,0.038451
48.5,-0.052555,-0.85884,9.731492,-0.017389,-0.026588,0.05007
48.525,-0.426678,-0.806257,9.811967,0.274074,0.120472,-0.066682
48.55,-0.272983,-0.250602,9.602081,0.289402,-0.08638,0.01279
48.575,-0.25321,0.061153,9.860137,0.054836,-0.010484,-0.019947
48.6,-0.195164,-0.192208,10.021188,0.149292,-0.111736,0.014396
48.625,-0.143274,0.219021,9.914673,0.20361,-0.029067,0.058691
48.65,-0.065799,0.361102,9.902469,0.091605,-0.057853,0.032316
48.675,-0.198641,0.064729,10.103937,0.000356,0.048218,0.029554
48.7,-0.224871,-0.157624,9.678137,-0.088943,0.048376,-0.042206
48.725,-0.258644,-0.138814,9.539646,-0.08101,0.045357,-0.009071
48.75,-0.367336,-0.319944,9.595841,-0.339678,-0.012103,-0.011008
48.775,-0.087676,-1.451883,9.316172,0.065309,-0.080617,0.055015
48.8,-0.16839,0.108796,9.776544,0.532289,-0.01901,0.116312
48.825,-0.157289,0.736595,10.138383,0.163794,-0.016232,0.011675
48.85,-0.336879,0.43343,10.171126,-0.164468,0.010026,-0.044773
48.875,-0.107635,-0.294553,9.670267,-0.000848,-0.057282,-0.03297
48.9,-0.08216,0.30767,9.741789,0.069385,0.083314,-0.046479
48.925,-0.407575,-0.05636,9.954051,-0.040546,0.018937,-0.039934
48.95,-0.16409,0.174531,10.314692,0.219833,-0.004398,-0.139307
48.975,-0.187658,1.174623,10.230671,0.014517,0.109204,-0.260129
49.0,-0.061084,0.865043,10.054296,-0.217984,0.176826,-0.41488
49.025,-0.451562,0.798328,10.478044,-0.035577,0.215285,-0.579154
49.05,-0.208446,-0.066495,9.915254,0.250293,0.126684,-0.669244
49.075,-0.196232,0.587885,9.943194,0.821602,0.237499,-0.666352
49.1,-0.355462,0.683499,9.756984,0.889318,0.307453,-0.823938
49.125,-0.853888,1.448164,9.922173,1.181078,0.16359,-0.915117
49.15,-0.332626,1.445409,9.388896,1.002278,0.089587,-1.037457
49.175,-0.444268,1.550864,9.443738,1.292689,0.154843,-1.126286
49.2,-0.594532,2.355041,9.595921,1.521046,0.158097,-1.347025
49.225,-0.823694,2.607279,9.933786,1.105987,-0.033416,-1.378299
49.25,-0.33441,2.89336,9.470886,1.022857,0.02963,-1.345002
49.275,-0.641934,3.367786,9.528398,0.510314,-0.052024,-1.510302
49.3,-0.334309,2.894097,9.570196,0.459019,-0.067378,-1.642642
49.325,-0.791708,2.965073,9.505437,-0.054955,-0.149446,-1.689338
49.35,-0.627865,1.866638,9.443167,0.023841,-0.12752,-1.683892
49.375,-0.959867,2.752434,9.613917,0.15985,-0.289258,-1.624759
49.4,-0.255958,3.69412,9.531707,-0.528711,-0.243724,-1.717121
49.425,-0.730641,1.637332,9.504933,-0.761491,-0.219179,-1.781468
49.45,-0.737606,2.911998,9.947102,-0.47871,-0.152158,-1.68662
49.475,-0.781091,3.982459,9.700647,-1.487737,-0.15043,-1.862582
49.5,-0.669812,-1.17584,9.038455,-1.778293,-0.110305,-1.901971
49.525,-0.54649,-1.55487,9.200504,0.241526,-0.046314,-1.693941
49.55,-0.876031,2.644011,9.722493,0.251271,-0.217404,-1.879307
49.575,-0.142901,0.17075,9.330516,-0.596518,-0.242695,-1.974901
49.6,-0.34241,-2.078343,9.680702,0.133633,-0.096862,-1.782546
49.625,-1.301334,2.559577,10.472569,0.477597,-0.095233,-1.610085
49.65,0.00727,2.654295,9.865924,-0.962031,-0.287081,-1.931304
49.675,0.885682,-1.565056,9.022671,-0.860682,-0.112338,-1.989497
49.7,-0.845599,-0.853456,10.576268,-0.660977,0.107748,-1.772138
49.725,-0.726975,-0.77275,9.909207,-0.419543,0.164542,-1.658326
49.75,-0.621215,-0.889791,9.672498,-0.620816,0.091655,-1.757927
49.775,-0.744721,-1.930691,9.033739,0.150224,0.073495,-1.636985
49.8,-1.303918,-0.84375,9.707014,0.04,0.028836,-1.647142
49.825,-0.832574,-1.445538,8.61208,1.157305,-0.005189,-1.567286
49.85,-1.232271,3.133377,10.539608,0.298172,-0.077746,-1.73335
49.875,-0.556551,-2.976674,9.113955,-0.862864,-0.28766,-1.671783
49.9,-0.059741,-2.480883,9.207543,0.975783,-0.1408,-1.45529
49.925,-0.74856,0.829542,9.949999,0.518484,-0.280735,-1.434357
49.95,0.144844,-0.265841,10.229759,-0.297425,-0.233336,-1.371961
49.975,-1.057113,-2.115913,9.870423,-0.651899,-0.089875,-1.22118
50.0,-0.135326,-1.865383,9.884453,0.220686,-0.250636,-1.026739
50.025,-0.784011,0.45565,10.108959,-0.309059,-0.154375,-1.029335
50.05,0.415829,-1.984494,9.892937,-0.772372,-0.216764,-0.929816
50.075,-1.441536,-2.169009,10.21531,-0.576728,0.118947,-0.762112
50.1,-0.124156,-3.168811,9.443692,-0.337156,-0.184804,-0.617497
50.125,-0.108982,-1.350251,9.850533,0.42084,-0.012282,-0.510546
50.15,0.306594,-0.986189,9.992559,-0.265409,-0.030004,-0.446325
50.175,-0.743578,-2.859269,9.798717,-0.319943,0.069346,-0.344581
50.2,0.035884,-2.162913,10.115902,0.321084,-0.00564,-0.131084
50.225,-0.690751,-0.993218,9.81485,-0.11466,-0.00673,-0.07346
50.25,-0.54505,-1.952456,9.586776,-0.12439,0.005211,-0.041379
50.275,-0.956408,-1.669054,10.093952,0.221057,0.004587,0.052902
50.3,-0.182261,-0.633232,10.01823,0.146768,-0.091947,0.04102
50.325,-0.018493,-1.094347,9.62569,-0.213009,-0.113324,0.053894
50.35,-0.470736,-1.106365,9.467705,0.034345,-0.068408,0.014803
50.375,-0.429318,-1.212775,10.046349,-0.000653,-0.143228,0.031249
50.4,-0.03963,-1.329424,10.090101,0.064616,-0.035409,0.03286
50.425,-0.489515,-0.988037,9.426894,0.223492,-0.111727,0.038436
50.45,0.170772,-0.713542,9.799658,-0.097587,-0.036694,0.048501
50.475,-0.555013,-1.648779,9.756254,-0.022778,-0.042685,0.033005
50.5,8.8e-05,-0.264956,9.813309,0.25236,-0.065016,0.06531
50.525,-0.06355,-0.673814,9.295787,-0.339562,-0.09919,-0.052794
50.55,-0.182816,-2.29721,9.528676,0.061299,0.007379,0.025643
50.575,-0.866664,0.20394,10.20554,0.416378,-0.010095,0.012216
50.6,-0.087017,-0.58604,10.073593,-0.508602,-0.170063,-0.084802
50.625,-0.015431,-2.595858,9.365742,0.045525,0.053765,-0.004864
50.65,-0.316619,-0.142874,10.163659,0.367825,-0.06834,0.002713
50.675,-0.02485,-0.982998,9.982582,-0.382198,0.049501,-0.026166
50.7,-0.254078,-1.870534,9.726087,0.167248,-0.012614,0.00066
50.725,-0.205665,-0.507951,9.97499,0.070092,0.062847,0.004594
50.75,0.08025,-1.703483,9.546441,-0.174084,0.031261,0.019342
50.775,-0.070608,-1.265471,9.582884,0.333594,0.160966,0.074171
50.8,-0.425185,-0.068766,10.090589,0.023623,0.032319,0.037242
50.825,-0.252049,-1.476894,9.578698,-0.154409,0.08044,0.025184
50.85,-0.548099,-1.297786,9.430949,0.162346,0.025493,0.08176
50.875,-0.153105,-0.912095,9.705144,-0.013363,-0.020028,0.090599
50.9,-0.250498,-1.97215,9.790667,-0.20409,-0.067542,0.162877
50.925,-0.315146,-2.318949,9.632779,0.123976,-0.035027,0.307907
50.95,-0.23773,-1.236678,9.981507,0.148301,-0.10558,0.420481
50.975,-0.196034,-1.942626,9.967334,-0.301044,-0.077968,0.544153
51.0,-0.295735,-1.876906,9.754194,-0.236067,-0.167952,0.789831
51.025,-0.325054,-1.16405,9.750928,-0.878175,-0.23226,0.901762
51.05,-0.211553,-2.00177,9.282946,-1.079805,-0.218139,1.079142
51.075,-0.485577,-3.364775,9.275346,-1.63539,-0.522152,1.209211
51.1,0.737559,-3.889368,9.00984,-0.613656,-0.42036,1.405993
51.125,-0.309712,-2.576063,9.337203,-0.727091,-0.570867,1.423089
51.15,0.651601,-3.904503,9.424946,-0.714483,-0.572873,1.599301
51.175,0.634869,-4.78017,9.142477,-0.759622,-0.656464,1.794272
51.2,0.842509,-4.069709,8.995152,-0.213203,-0.560645,2.121123
51.225,0.328095,-1.612955,9.249956,-0.419884,-0.583967,2.091892
51.25,1.374345,-6.060738,8.218413,-0.604647,-0.710708,2.039146
51.275,1.228163,-4.964464,9.698013,1.494479,-0.483679,2.394955
51.3,-0.15522,-0.893467,10.84988,0.467083,-0.289427,2.480174
51.325,0.540823,-3.794002,9.014674,0.132847,-0.670622,2.608515
51.35,1.577235,-1.901916,9.231764,0.846203,-0.525424,2.602597
51.375,1.424787,-1.40055,9.93424,0.026211,-0.518752,2.56572
51.4,0.618785,-2.064442,10.190086,0.300066,-0.37659,2.515265
51.425,1.391715,-1.38722,10.250869,0.202949,-0.386587,2.365912
51.45,0.564792,-2.673332,9.104089,-0.355017,-0.624027,2.395176
51.475,0.812142,-2.042389,8.736909,0.355734,-0.366454,2.420077
51.5,1.104167,-1.61246,10.30211,0.023203,-0.63898,2.383059
51.525,0.975784,-2.353576,9.533879,0.606811,-0.133162,2.224538
51.55,0.799473,-0.747967,9.749738,0.430017,-0.546993,2.084333
51.575,0.576012,-1.230543,9.245986,0.310287,-0.141801,2.034338
51.6,0.498187,1.290684,10.725394,-0.326177,-0.411216,1.940629
51.625,-0.721352,-1.155892,9.233015,-1.782812,-0.260801,1.835433
51.65,0.426669,-4.360226,8.006106,-1.281374,-0.982822,1.960795
51.675,1.081863,-4.922309,10.050934,0.244824,-0.573597,1.958565
51.7,0.684146,-1.959357,10.47171,1.060911,-0.258972,1.653846
51.725,-0.305332,-2.34003,8.458831,0.414758,-0.399836,1.352683
51.75,0.956778,-4.111263,7.233277,1.596291,-0.428915,1.329097
51.775,0.457689,-2.01198,9.53014,3.459429,-0.43415,1.238277
51.8,1.028487,3.728389,11.010239,3.645119,0.027814,1.019662
51.825,-0.461835,6.222575,10.830252,1.229287,0.027218,0.773366
51.85,0.088904,3.797057,9.311034,-1.241647,0.010548,0.608894
51.875,-0.008642,-0.76637,8.906874,-1.193772,-0.180505,0.565135
51.9,0.445118,-0.658762,10.511019,0.429015,0.060176,0.469388
51.925,-0.257678,2.802992,10.772348,0.404886,0.063058,0.328012
51.95,-0.469146,0.019863,9.245357,-0.686823,-0.137776,0.133381
51.975,0.591315,-0.543396,9.305117,0.520393,-0.028747,0.179501
52.0,-0.285364,1.761707,10.99345,0.205694,0.061317,0.023895
52.025,0.210326,1.35055,10.813427,-0.083714,0.144572,0.017449
52.05,-0.647411,0.436657,9.551062,-0.64849,-0.068906,-0.07301
52.075,0.455839,-1.08826,9.400284,-0.116129,0.090398,-0.056529
52.1,-0.297189,0.611833,10.921066,0.346047,0.109698,-0.080924
52.125,-0.088983,0.846514,10.219049,-0.387237,0.141036,-0.123053
52.15,-0.153807,-0.270417,9.276,-0.420248,-0.039629,-0.121969
52.175,-0.159419,-0.954863,9.677789,-0.304367,0.089839,-0.175513
52.2,-0.222145,-0.73975,10.058811,0.064261,0.05281,-0.089108
52.225,-0.255222,0.107173,10.17389,-0.10593,0.051558,-0.106688
52.25,-0.045205,0.223156,9.934339,-0.402302,0.029462,-0.062734
52.275,-0.376199,-1.139734,9.488059,-0.443084,0.06991,-0.136535
52.3,-0.177553,-1.353576,9.884416,0.08586,-0.042226,-0.080173
52.325,-0.281717,-0.287306,10.235515,-0.033301,0.087776,-0.070577
52.35,-0.259365,-0.628505,9.469855,-0.419362,-0.073756,-0.095874
52.375,0.092447,-1.563654,9.197354,-0.113444,-0.042778,-0.071876
52.4,-0.14942,-0.439936,9.841006,0.390499,-0.043182,-0.083795
52.425,-0.13643,-0.056846,9.731927,-0.102277,-0.054977,-0.087422
52.45,-0.037682,-1.070594,9.415159,-0.188339,-0.048303,-0.024678
52.475,-0.273634,-1.029197,9.546891,0.179785,-0.098645,0.003404
52.5,0.143261,-0.034043,9.860585,0.034193,-0.107846,0.018512
52.525,-0.028098,-0.867331,9.942728,-0.179421,-0.039346,-0.005549
52.55,-0.027991,-1.159141,9.825923,0.04026,-0.012956,0.004688
52.575,-0.196077,-0.528423,9.966903,0.073235,-0.077533,-0.001709
52.6,0.274161,-0.764952,9.972217,-0.071939,-0.058538,-0.027814
52.625,-0.009316,-0.67711,9.823873,0.059287,0.036177,0.013081
52.65,0.002436,-0.650837,9.779953,-0.063401,-0.044726,0.032704
52.675,-0.004487,-0.983768,9.729631,0.081998,0.012278,0.032865
52.7,-0.131109,-0.737938,10.120894,0.18088,-0.010839,0.010045
52.725,0.124906,-0.2232,10.04957,0.141159,0.047263,-0.031971
52.75,0.048784,-0.373633,9.731046,-0.159133,0.078881,-0.08375
52.775,-0.070403,-0.971995,9.719401,0.033746,0.077936,-0.053592
52.8,-0.151325,-0.280119,10.056635,0.1128,0.023122,-0.024126
52.825,-0.072744,-0.253053,9.761908,-0.105317,0.077316,-0.005883
52.85,-0.109742,-0.923411,9.558099,-0.078243,0.087069,0.026127
52.875,-0.377048,-0.776388,9.952962,0.037393,0.116149,0.046592
52.9,-0.391991,-0.892701,9.810346,-0.158686,-0.032349,0.036687
52.925,-0.101704,-1.292243,9.41246,-0.071484,-0.017473,0.124876
52.95,-0.169922,-1.255174,9.651349,-0.106828,0.038163,0.2615
52.975,-0.423357,-1.987304,9.35909,-0.237016,-0.098855,0.47314
53.0,-0.048837,-2.685812,9.624744,-0.08403,-0.265188,0.687873
53.025,0.104175,-2.080726,9.834685,0.115214,-0.184363,0.933656
53.05,0.341984,-1.86743,9.938251,-0.122912,-0.247722,1.0998
53.075,-0.000893,-2.509695,9.440348,-0.186765,-0.29332,1.293826
53.1,0.801075,-2.51589,9.837147,0.099754,-0.364359,1.472193
53.125,0.437965,-1.720678,10.570491,0.085829,-0.20606,1.553444
53.15,1.05813,-1.757886,10.448868,0.283038,-0.304787,1.563638
53.175,1.456738,-0.989594,10.111394,0.450607,-0.038693,1.623401
53.2,0.995573,-0.91592,9.401014,0.359882,-0.150895,1.779907
53.225,1.188426,0.436888,10.242024,0.527254,-0.08842,1.822985
53.25,0.902313,1.375483,11.161975,-0.700941,-0.048396,1.874672
53.275,-0.011689,-1.047068,10.526246,-0.779661,0.083725,1.804896
53.3,0.120318,0.545741,10.541635,-1.229528,0.144565,1.662064
53.325,0.142441,-1.713129,8.944441,-1.659894,0.161693,1.601444
53.35,0.907219,-1.757468,9.178478,-1.334549,-0.082156,1.694647
53.375,0.315408,-2.835197,8.309826,-0.973113,-0.022528,1.767332
53.4,0.621687,-2.112736,8.265645,-0.775368,-0.263903,1.888035
53.425,0.04895,-5.095889,8.133856,-0.304907,-0.346293,1.884844
53.45,0.508103,-3.234044,8.692206,1.204003,-0.427189,2.09458
53.475,-1.223562,-1.606802,9.359515,0.747341,-0.511048,1.965064
53.5,-0.115035,-1.59696,9.817158,0.789493,-0.493309,1.96638
53.525,-0.464025,1.13611,10.707936,0.360612,-0.403663,1.805162
53.55,0.784665,0.020006,10.302955,-0.959794,-0.347676,1.60505
53.575,0.093381,-3.610045,8.630443,-0.243457,-0.324569,1.635136
53.6,1.529529,-0.420525,9.852906,0.33379,-0.268002,1.694499
53.625,-0.796572,-1.371841,10.616775,-0.679359,-0.008481,1.639169
53.65,0.024366,-2.120924,10.704743,-0.264749,-0.327749,1.581288
53.675,1.298322,-0.317085,10.564861,0.019719,-0.145749,1.439836
53.7,1.626407,-2.362079,9.176814,-0.565442,0.089347,1.344033
53.725,0.201317,-4.254658,8.504453,1.302641,-0.26669,1.404997
53.75,-0.542426,0.926523,9.570764,1.206087,-0.148615,1.393281
53.775,-2.161852,-1.120983,8.917415,-0.029568,-0.507707,1.317322
53.8,-0.428444,-0.772671,10.184637,0.620202,-0.466838,1.250472
53.825,1.833167,1.464894,11.459288,0.253494,-0.397838,1.0598
53.85,0.623788,0.345675,10.342127,-0.52874,0.010968,0.85833
53.875,-0.807909,-1.577145,8.672981,-0.433966,-0.198207,0.801963
53.9,-0.350278,-1.452832,9.802222,0.027913,-0.109347,0.768908
53.925,0.211713,0.1949,11.064707,-0.208811,0.000727,0.669075
53.95,0.242761,-1.990438,9.851175,-0.378293,-0.102207,0.467723
53.975,-0.293032,-1.156282,9.600511,0.296282,0.03348,0.464319
54.0,-0.5739,-0.858014,9.413592,-0.315925,-0.052351,0.412866
54.025,-0.835986,-2.423401,9.162744,0.099138,-0.147679,0.407581
54.05,0.282434,-1.148182,10.079595,0.535785,0.025524,0.394266
54.075,-0.388293,0.071108,10.524513,0.552053,-0.002685,0.240106
54.1,0.025565,0.445617,10.095571,-0.364857,0.197928,0.116988
54.125,-1.323619,-2.494952,8.985761,-0.302829,0.065351,0.044835
54.15,-0.944569,-1.26909,9.182481,0.462949,-0.079573,0.075962
54.175,0.716658,-0.969244,9.599054,-0.024888,-0.087407,0.034893
54.2,-0.93011,-1.687054,9.907456,0.587048,0.08461,-0.008365
54.225,-0.326069,0.240552,10.077351,0.354571,-0.135425,-0.031482
54.25,-0.163079,-1.143649,9.689736,-0.183288,-0.036535,-0.062539
54.275,0.0484,-1.43597,9.977229,0.211153,0.131689,-0.021432
54.3,-0.755578,-0.291429,10.277502,0.219346,-0.052359,-0.062994
54.325,0.640285,-1.039414,9.715615,-0.332363,-0.042199,-0.10013
54.35,-0.95084,-1.957687,9.318961,0.170491,0.041937,-0.003715
54.375,-0.027207,-0.078831,10.138209,0.108747,-0.050796,-0.01098
54.4,-0.137973,-1.490083,9.775353,-0.408596,0.043044,-0.020907
54.425,-0.181214,-1.655866,9.67905,0.196791,-0.048599,0.00674
54.45,-0.343318,-0.856693,9.569284,0.036672,-0.076334,0.024178
54.475,-0.091,-1.149681,9.696251,-0.046732,0.01486,0.067638
54.5,-0.606971,-1.07941,9.927358,-0.102859,0.004,0.081763
54.525,0.198204,-1.674534,9.717197,-0.029742,-0.076086,0.097363
54.55,0.381395,-0.876321,10.184001,0.238294,0.068815,0.125598
54.575,-0.281892,-0.376362,10.222659,-0.197432,0.23206,0.088242
54.6,-0.623389,-1.958353,9.55924,-0.245147,0.055439,0.06598
54.625,-0.011216,-1.472869,9.494878,0.2432,0.055032,0.118472
54.65,-0.068078,-0.430506,10.126654,-0.008761,0.094039,0.103383
54.675,-0.656158,-1.505933,9.725621,-0.163233,0.031505,0.073979
54.7,-0.333212,-1.026073,9.635506,0.239233,0.043194,0.080903
54.725,-0.944355,-0.567478,9.82867,-0.084706,0.025572,0.032216
54.75,-0.243718,-1.357774,9.64037,-0.045464,-0.02311,0.009637
54.775,-0.339051,-0.819929,9.947621,0.100703,0.076731,-0.003546
54.8,-0.565401,-0.865066,9.860488,-0.034886,0.076714,-0.024659
54.825,-0.584175,-1.054643,9.299115,0.003878,0.063793,-0.030002
54.85,-0.151236,-1.033408,9.723499,0.178781,0.106893,-0.059656
54.875,-1.251251,0.219901,10.441485,0.377002,0.186293,-0.155295
54.9,-0.417953,-0.024211,9.908183,-0.309762,-0.070598,-0.3013
54.925,-0.318231,-1.389532,9.054129,0.072338,0.144888,-0.305829
54.95,-0.946101,-0.227304,9.534803,0.165237,-0.042264,-0.383616
54.975,-0.606236,0.017703,10.203327,0.203509,-0.109856,-0.494886
55.0,-0.16486,0.466101,10.008904,0.157496,-0.005226,-0.673809
55.025,-0.407217,0.758131,10.252878,0.237691,-0.041824,-0.862103
55.05,-0.479022,1.909254,10.329983,0.113111,0.162255,-1.153349
55.075,-0.513604,1.360328,10.218017,-0.601409,-0.027875,-1.429013
55.1,-0.010999,0.200524,9.829896,-0.460781,0.073052,-1.657872
55.125,-0.035694,0.070297,9.457989,0.203129,0.112785,-1.986707
55.15,1.471373,1.46542,10.500474,0.832282,0.091324,-2.336783
55.175,1.126659,2.371464,10.351711,0.198202,0.494694,-2.699668
55.2,-0.628665,0.586009,8.849875,-0.336223,0.264434,-2.939131
55.225,0.444684,-0.466715,8.933815,-0.59125,-0.037119,-3.140467
55.25,0.94642,-3.561796,9.338116,0.391825,0.326989,-3.231993
55.275,0.112629,1.257317,10.65827,1.346378,0.272556,-3.230217
55.3,0.750136,1.189532,9.911344,-0.787335,0.001004,-3.457388
55.325,1.260815,-1.997229,9.948379,-0.570916,0.22948,-3.437443
55.35,1.602452,-1.020286,10.464433,-0.843498,0.370325,-3.506897
55.375,2.331373,-2.659536,9.550746,-1.185662,0.456075,-3.350072
55.4,3.208673,-3.690029,8.847278,-0.387319,0.438304,-3.09557
55.425,3.498032,-2.036026,9.314689,0.381084,0.644769,-2.506405
55.45,1.355715,-0.771096,10.469641,-0.156532,0.804534,-2.052725
55.475,0.194752,-2.210948,10.270452,-0.436227,0.451563,-1.744283
55.5,0.460952,-2.179486,9.962301,-0.342688,0.237249,-1.601337
55.525,0.736231,-2.821581,9.300842,0.132207,0.248672,-1.450499
55.55,0.038073,-1.302636,10.599621,-0.052933,0.325577,-1.351829
55.575,0.103627,-3.227036,9.721183,-0.593772,0.160736,-1.637952
55.6,1.358384,-2.322043,9.061088,-0.065218,0.324171,-1.422642
55.625,0.079468,-2.34894,9.947955,-0.626797,0.443113,-1.375412
55.65,0.235858,-4.221617,9.87783,-0.337895,0.341459,-1.415593
55.675,-0.047354,-4.523628,8.505971,0.261548,0.354542,-1.230353
55.7,0.360484,-2.418522,9.195076,0.980925,0.230701,-0.694955
55.725,0.140673,-0.034457,10.956635,0.365716,0.370113,-0.515007
55.75,0.188795,-1.37438,10.022742,-0.700882,0.400679,-0.570325
55.775,-0.133374,-3.149828,8.668267,-0.503418,0.401624,-0.512609
55.8,-0.264128,-3.54729,8.553432,-0.489522,0.438728,-0.464324
55.825,-0.924372,-4.463301,8.718874,-0.410657,0.32733,-0.38052
55.85,-0.599542,-4.071749,8.904659,0.11721,0.211028,-0.268791
55.875,-0.772534,-3.163879,8.996082,0.243241,0.147264,-0.132454
55.9,-0.657179,-3.103287,8.780941,0.301059,0.031095,0.004109
55.925,-0.754487,-2.982931,9.750946,0.575526,-0.134401,0.095884
55.95,-0.600926,-2.462448,9.891102,0.480204,-0.049482,0.042573
55.975,-0.664421,-2.273255,9.54342,0.07512,-0.153161,0.092553
56.0,-0.323698,-2.816841,9.227537,0.324459,-0.048938,0.12621
56.025,-0.88784,-1.360605,10.207612,0.504472,-0.074721,0.1265
56.05,-0.575299,-1.375932,10.057554,0.052556,-0.091379,0.045367
56.075,-0.701654,-1.794347,9.383843,0.07671,-0.178279,0.108912
56.1,-0.487697,-1.310306,9.246495,-0.005754,-0.08102,0.227915
56.125,-0.679847,-2.002006,9.335834,-0.226195,-0.18797,0.140306
56.15,-0.299609,-2.300086,9.505263,0.161617,-0.093419,0.066298
56.175,-0.508921,-1.543088,9.680325,0.28757,-0.061208,0.043558
56.2,-0.608816,-1.209494,9.587234,0.039885,-0.031751,0.068579
56.225,-0.408734,-2.355343,9.326272,-0.15731,-0.100814,0.07439
56.25,-0.516131,-2.016273,9.716757,0.307141,-0.080083,0.106783
56.275,-0.398994,-1.768166,9.766717,0.105642,-0.067538,0.05454
56.3,-0.395709,-2.049047,9.550964,0.164096,-0.122789,0.138173
56.325,-0.180234,-1.636611,9.678304,0.344458,-0.008199,0.104111
56.35,-0.56043,-0.983344,10.035406,0.18007,-0.05855,0.004166
56.375,-0.287576,-1.375399,9.896194,-0.055474,-0.087729,-0.06629
56.4,-0.237395,-1.630368,9.691985,0.050345,-0.09804,0.007227
56.425,-0.301462,-1.267415,9.710513,0.051445,-0.101583,0.068708
56.45,-0.223961,-1.639374,9.711006,0.020532,-0.2262,0.084271
56.475,-0.114205,-1.877453,9.393848,0.23403,-0.166344,0.149931
56.5,-0.128124,-1.223074,9.56547,0.384418,-0.139265,0.16067
56.525,-0.203267,-1.16217,9.911482,0.141542,-0.049919,0.065654
56.55,-0.128375,-1.181818,10.034487,0.096448,-0.101848,0.018475
56.575,0.195687,-0.785748,9.80041,0.123322,0.067814,0.005683
56.6,-0.055643,-0.910314,9.768736,-0.125777,0.04349,0.068436
56.625,0.011063,-1.918657,9.658991,0.042125,0.075395,0.107731
56.65,-0.145602,-1.073491,9.995815,0.246547,-0.013205,0.147403
56.675,-0.06186,-0.903742,9.810254,0.051397,0.137985,0.114073
56.7,-0.250325,-1.260669,9.689013,-0.088017,0.002939,0.051245
56.725,-0.115925,-1.422223,9.725483,0.194465,0.102318,-0.019388
56.75,-0.364489,-0.466674,10.275227,0.148317,0.034251,-0.093298
56.775,-0.283045,-1.359866,9.644732,-0.123799,0.071907,-0.090945
56.8,-0.343619,-1.187503,9.589681,0.187589,-0.049342,0.042761
56.825,-0.220988,-1.025073,9.902225,0.108326,-0.002346,0.0024
56.85,-0.210546,-0.531942,10.069439,0.164948,0.073141,-0.010963
56.875,-0.679999,-0.89355,10.136549,-0.248422,0.026652,-0.086481
56.9,-0.253706,-1.470761,9.892881,-0.190358,-0.141467,0.025287
56.925,-0.012304,-1.076982,9.488982,0.301174,-0.101497,0.071915
56.95,-0.187225,-0.211663,9.990998,-0.054339,-0.042568,0.137235
56.975,-0.285182,-1.790557,9.939815,-0.141839,-0.089218,0.046706
57.0,-0.381934,-1.081815,9.918755,0.231958,-0.060696,-0.004513
57.025,0.106696,-0.873224,9.51147,-0.006762,-0.088065,-0.025207
57.05,-0.067351,-0.900592,9.728236,0.101984,0.028717,0.025125
57.075,0.034459,-1.113279,10.020244,-0.052645,0.011734,0.014122
57.1,-0.545408,-1.044626,9.971914,-0.012101,-0.013702,-0.013159
57.125,0.003964,-1.209803,9.819967,-0.169687,0.002995,-0.168423
57.15,-0.448582,-1.871869,9.440207,0.229098,-0.040754,-0.234355
57.175,0.480294,-0.619755,9.628302,0.524937,0.050725,-0.134315
57.2,-0.467482,1.056688,10.531549,-0.069943,0.195061,0.025192
57.225,0.306198,-2.090374,8.808093,-0.609489,-0.045207,0.132141
57.25,-0.325856,-1.540533,9.65384,0.596285,0.30264,0.280468
57.275,-0.634428,-0.768736,10.100764,0.06318,-0.140896,0.095138
57.3,-0.181301,-1.247916,9.794011,0.249141,0.181712,-0.010998
57.325,-0.363806,-0.277054,9.924843,0.060481,0.06614,-0.062089
57.35,-0.43522,-1.165733,9.729467,-0.144991,0.043156,-0.011651
57.375,0.576735,-1.204049,9.372346,0.540989,0.094326,0.003002
57.4,-1.224316,-0.478735,10.199229,0.553612,0.159942,0.174814
57.425,0.395306,0.870391,10.641397,0.460497,0.004573,0.217056
57.45,-1.134066,0.018356,10.071579,-0.649637,0.05444,0.042634
57.475,-0.22993,-2.577077,9.405328,0.005238,0.005401,0.050076
57.5,-0.485572,-0.400393,9.691511,0.65901,-0.153123,-0.053591
57.525,0.138151,-0.430516,9.273672,0.075469,-0.057992,-0.032388
57.55,0.766513,-0.54579,9.302313,0.467621,0.119962,0.059215
57.575,-1.012606,1.475729,10.757221,0.024874,0.444091,0.144613
57.6,-0.827022,-1.532579,9.753894,-0.568336,-0.233735,-0.099057
57.625,-0.118447,-1.024403,9.222323,0.50042,0.213109,-0.008934
57.65,-0.381165,0.123893,9.629996,0.164191,-0.057156,-0.158569
57.675,-0.679837,0.272186,10.248965,-0.092792,0.351463,-0.099684
57.7,-0.758392,-0.489292,9.958283,-0.329178,-0.15984,-0.194027
57.725,-0.803786,-0.904743,9.52925,0.016039,0.056777,-0.134285
57.75,0.376122,-0.524529,9.318976,0.5684,-0.352484,-0.049131
57.775,-0.314428,1.884858,10.528153,0.194234,0.48749,0.079846
57.8,-1.154712,-0.424062,10.410366,-0.945213,-0.248752,0.132825
57.825,-0.208757,-2.451086,9.060012,0.243443,0.113739,0.115026
57.85,-0.615838,0.369328,10.314889,0.724761,-0.17246,0.09904
57.875,-0.762026,0.947451,10.625115,-0.091211,0.098227,-0.01081
57.9,-0.205187,-0.09788,9.925663,-0.413159,-0.244877,0.101575
57.925,-0.536773,-1.144689,9.330388,-0.300422,0.160732,0.057145
57.95,-0.661279,-1.178995,9.589321,-0.020503,-0.11627,-0.008694
57.975,-0.303873,-0.806755,9.934233,0.465725,0.055879,0.001441
58.0,-0.476805,0.802188,10.139241,0.177405,-0.030702,-0.133714
58.025,-0.396309,0.013141,9.691184,-0.373658,0.062306,0.056912
58.05,0.12572,-0.523744,9.284162,-0.038823,0.028012,0.015531
58.075,-0.577431,0.589711,10.188257,0.124356,0.267546,0.247426
58.1,-0.680063,0.140184,10.209768,-0.519415,0.100712,0.090622
58.125,-0.919296,-1.696892,9.459064,-0.29113,0.048063,0.019699
58.15,-0.288307,-0.629006,9.388633,0.266414,-0.018734,0.132944
58.175,-0.379327,-0.282361,9.849975,0.138521,0.063713,0.009753
58.2,-0.732931,0.248526,10.400304,-0.122943,0.116657,0.052482
58.225,-0.218719,-0.453456,9.451969,-0.379387,-0.094055,-0.035387
58.25,0.378811,0.385933,9.420723,-0.420669,0.257518,0.142509
58.275,-1.441162,-1.896305,9.515459,-0.837855,0.307963,0.079912
58.3,-1.206921,-2.594752,9.939537,0.142065,0.001539,0.092178
58.325,-0.931743,-0.536314,10.252683,0.310158,-0.121492,-0.068853
58.35,0.033296,-0.61195,9.439752,0.009679,0.035304,-0.364743
58.375,-1.234739,-1.015883,9.816761,-0.405645,0.107788,-0.311695
58.4,-1.313297,-1.662365,10.701106,-0.0672,-0.369965,-0.351705
58.425,-1.111724,-0.36004,10.923858,-0.213954,-0.789188,-0.285593
58.45,0.236591,-1.11472,9.738898,0.126251,-0.970929,0.106395
58.475,-0.374427,0.143964,9.993162,0.249991,-0.718441,0.135868
58.5,0.715338,0.108217,9.991883,-0.103645,-0.774454,0.206266
58.525,0.410228,-0.830033,8.829954,-0.517296,-0.599118,0.133646
58.55,1.671346,-0.963257,8.93641,0.569356,0.111614,0.554269
58.575,-1.418487,1.584813,11.262815,-0.269957,0.140182,0.37841
58.6,0.070286,-2.75852,9.896161,-1.510165,0.240704,-0.079538
58.625,-1.635134,-3.155422,9.38187,0.157212,-0.430178,0.189024
58.65,0.303636,-1.79017,10.791797,0.299201,0.260792,-0.582535
58.675,0.114688,-1.021989,9.607507,0.71717,0.382869,-0.75244
58.7,1.713908,-0.122801,9.19477,0.001811,0.686511,-0.792007
58.725,-0.881016,-1.809515,8.809441,-1.180867,0.410716,-0.660924
58.75,1.016995,-4.52413,7.2634,0.022946,-0.198938,0.000745
58.775,0.055083,-0.607582,9.197748,1.323412,0.01205,0.543807
58.8,1.534171,1.275003,9.627408,0.878567,-0.053434,0.713603
58.825,0.743339,2.697322,10.714203,-0.278084,0.702189,0.398489
58.85,-0.39665,-1.107968,10.571415,-1.23807,0.413916,0.317215
58.875,-2.356886,-4.256964,8.790273,0.276841,-0.492063,0.24328
58.9,1.793448,-0.546124,9.298325,1.281951,-0.495237,0.775812
58.925,-1.455596,0.571264,10.143949,0.246517,-0.398798,0.4107
58.95,2.191908,-0.56523,9.622366,0.263668,-0.275718,0.776388
58.975,-2.188929,-0.355725,10.892427,-0.082175,0.098268,0.063883
59.0,0.961802,-1.81433,9.822222,-0.307889,-0.154321,-0.131654
59.025,-0.738279,-1.876306,9.690582,0.675795,-0.141633,-0.258756
59.05,1.958796,2.451656,10.449081,0.180853,0.002119,-0.227506
59.075,-0.353777,-1.528055,9.163793,-1.087394,0.206178,-0.144546
59.1,0.506467,-2.970309,9.661843,0.46281,0.28427,-0.186773
59.125,-1.281826,1.205117,11.040214,0.635809,0.072568,-0.18371
59.15,1.465582,0.556259,9.586251,-0.49239,0.165825,-0.285543
59.175,-0.266738,-1.224017,9.334236,0.166719,0.181813,-0.007419
59.2,0.561414,0.43594,10.578396,-0.166327,0.431016,-0.003342
59.225,-1.592434,-2.185829,9.814004,-0.473898,-0.064489,0.044403
59.25,0.218552,-2.097207,9.581852,1.091314,-0.134113,0.155667
59.275,-0.511575,2.693422,10.65425,0.362332,-0.162148,0.19968
59.3,0.539437,-1.279769,9.660289,-1.03283,0.15383,0.009838
59.325,-0.707416,-1.570739,9.49252,0.067161,0.287934,-0.195594
59.35,-0.144651,0.012418,9.648239,0.019856,0.193316,-0.092095
59.375,-0.418271,-1.412089,9.665795,-0.138162,0.097838,-0.034695
59.4,-0.014408,-1.31906,9.304727,0.380706,0.033519,0.182493
59.425,0.205198,1.025782,9.982889,0.290877,0.200894,0.081743
59.45,-0.697132,-0.41001,10.061997,-0.665746,0.248488,0.053159
59.475,-1.011193,-2.093811,9.755134,0.269978,-0.153885,0.312627
59.5,0.045171,0.56212,9.529338,0.654023,-0.069926,0.063526
59.525,0.239124,0.663192,9.523101,-0.350104,0.040232,0.286277
59.55,-0.260306,-1.344052,9.689068,0.00236,0.316817,0.247977
59.575,-1.826489,-0.710151,10.384049,0.222702,-0.007951,0.167535
59.6,-0.137342,-0.737093,9.536402,-0.094658,-0.373645,0.14936
59.625,0.411168,-0.805407,8.995504,0.400359,-0.12152,-0.02007
59.65,-0.403414,0.974205,10.193738,0.322901,0.10292,0.259604
59.675,-0.556385,-0.724751,9.531423,-0.411953,0.05976,0.184786
59.7,-0.80399,-1.12722,9.710506,0.684246,-0.121145,0.154437
59.725,-0.313962,1.440417,10.327158,-0.085021,-0.059406,0.162809
59.75,-0.499708,-1.663489,9.469063,-0.183515,-0.029434,-0.01679
59.775,-0.589687,-0.743438,9.407695,0.348883,0.025032,0.044807
59.8,0.002173,-0.999035,9.52802,0.527469,-0.030246,0.036059
59.825,-0.22166,1.636316,10.487112,0.692615,0.04878,0.249373
59.85,-0.47905,-0.255032,9.730417,-0.417461,0.032075,0.166965
59.875,-0.038811,-2.383911,8.813352,0.591381,-0.041698,0.237732
59.9,-0.626373,1.434197,10.452417,1.518797,0.186161,0.108108
59.925,-0.643151,2.612445,10.758727,-0.225641,-0.151452,0.053903
59.95,0.153891,-2.174667,8.510018,0.05144,0.056497,0.110897
59.975,-0.530234,1.31735,9.513407,1.489077,-0.007359,0.034441
60.0,-0.428292,2.305727,10.431755,-0.427774,0.347861,-0.13978
60.025,-2.73262,-1.991089,10.422095,0.229925,-0.370638,0.08164
60.05,0.757338,1.449085,9.539353,1.167852,-0.44672,-0.080767
60.075,-0.244764,1.379595,9.047052,0.365864,-0.628295,-0.066862
60.1,1.097953,1.068926,9.148424,0.628182,0.117926,-0.173952
60.125,-1.998566,2.515046,10.53934,0.32478,-0.418769,0.056126
60.15,2.386945,-0.342219,8.076678,-0.050745,-0.181555,-0.051309
60.175,0.146055,1.60104,8.722752,1.294215,0.157793,0.003256
60.2,-1.285953,2.989788,11.118905,0.21779,0.33273,-0.020278
60.225,1.374717,1.074231,8.955643,0.691322,-0.458967,0.07095
60.25,-0.332545,3.234001,10.009542,0.783663,0.534109,0.232793
60.275,1.800345,2.506362,9.580005,0.046012,-0.310867,0.416828
60.3,-0.148713,1.604193,9.199099,0.763611,0.611165,0.240276
60.325,0.766562,4.988073,9.760573,0.549981,0.414201,0.425456
60.35,-1.349775,2.45533,9.259739,0.088912,0.517392,0.603685
60.375,0.579774,1.198836,9.589875,0.884348,-0.046421,1.040732
60.4,-0.68149,4.34917,9.715673,1.250271,-0.110333,0.633104
60.425,1.730231,3.641541,8.521419,0.279919,0.248132,0.692744
60.45,-0.979045,1.664688,8.980208,0.373017,0.707851,0.298825
60.475,-2.675784,3.615999,12.337166,0.83423,0.421126,0.255452
60.5,-3.70635,5.560125,10.946827,-0.707666,-0.086073,-0.641701
60.525,0.672501,-1.006128,7.844099,1.295281,-0.794895,-0.386294
60.55,-0.36093,9.28192,11.208747,1.202872,-0.094106,-0.507671
60.575,2.010783,3.53666,8.878966,-1.524069,-0.106736,-0.87636
60.6,0.1032,2.328793,7.733034,-0.074017,0.499591,-0.528176
60.625,0.863055,3.308203,8.609968,0.185553,0.232845,-0.076867
60.65,-1.263883,2.092782,8.869348,1.157156,0.424239,0.090819
60.675,-2.768578,7.29462,12.038193,0.298886,0.076913,0.206496
60.7,-2.001799,2.15166,8.807493,-1.389641,-0.475889,-0.760477
60.725,-0.484341,1.357729,7.950579,0.947287,-0.606041,-0.077427
60.75,0.019691,6.110403,10.269223,0.87695,-0.70021,-0.156441
60.775,1.175422,5.636277,9.022599,-0.484975,-0.320622,-0.132277
60.8,0.773792,2.95958,8.293379,-0.310414,-0.264513,0.34304
60.825,0.844314,5.689369,9.66713,-0.00302,0.362887,0.162061
60.85,-2.184339,2.290377,9.506478,-1.11018,0.044087,0.18792
60.875,0.171072,1.107923,9.12834,0.476599,0.040125,-0.041481
60.9,-2.301917,5.354982,10.588656,0.827981,-0.223045,-0.046661
60.925,-0.596433,3.1507,9.201135,-0.979612,-0.4403,-0.416291
60.95,0.203272,1.332889,8.003462,0.678215,-0.472728,-0.426368
60.975,0.306631,5.926435,9.871034,0.317042,-0.103863,-0.488156
61.0,0.236381,3.081497,8.758918,-0.97917,-0.018645,-0.772907
61.025,0.354191,2.062207,8.519976,0.583519,0.072391,-0.617934
61.05,0.242121,6.020558,9.817445,0.159647,-0.05578,-0.217222
61.075,0.366285,4.05813,9.017348,-0.762799,0.104479,0.178578
61.1,0.354619,2.609065,8.38907,0.090521,0.042447,0.431011
61.125,-0.604601,4.279939,9.397559,0.138004,0.121329,0.346605
61.15,0.012679,3.289484,9.290987,-0.178061,-0.10017,0.05787
61.175,-0.312322,2.985299,8.802328,0.125813,0.019478,-0.160066
61.2,0.022363,4.177894,9.439529,-0.1051,-0.030446,-0.124096
61.225,0.276924,2.571157,8.739212,-0.105418,-0.052447,-0.043739
61.25,0.002985,3.595536,9.071484,0.342392,-0.003961,0.340948
61.275,-0.643067,3.433442,9.361101,0.100292,-0.177017,0.260193
61.3,0.470124,4.023835,8.965743,0.248751,-0.098417,0.095071
61.325,0.309582,3.903721,8.919759,-0.294408,0.099651,-0.037222
61.35,1.212801,3.281111,8.021182,0.090122,0.276857,0.005819
61.375,-0.299262,4.555649,9.507389,-0.03144,0.322765,0.207029
61.4,-0.481559,2.734779,9.356301,-0.367945,0.212385,0.128744
61.425,-1.613976,2.297105,8.904929,0.241045,-0.115069,-0.033313
61.45,-0.2043,3.629476,9.217994,0.495671,-0.275114,0.066284
61.475,-0.422683,3.951636,9.480233,-0.11954,-0.180195,-0.131457
61.5,0.087959,3.299087,9.120626,-0.053332,0.033072,-0.133519
61.525,-0.881524,2.608038,9.023313,-0.025368,-0.320675,-0.03185
61.55,0.490692,3.443234,9.260056,0.275139,-0.011237,-0.007954
61.575,-0.480387,3.490716,9.428036,0.041381,-0.262894,-0.415034
61.6,1.028015,3.897947,8.914415,0.141961,0.009712,-0.203365
61.625,0.259266,3.724879,8.999663,0.055433,-0.213742,-0.211905
61.65,0.45032,3.46747,8.864219,0.050689,0.433927,-0.204546
61.675,-0.260122,4.209099,9.41836,0.252486,0.075626,-0.059174
61.7,0.368506,4.706561,9.454446,-0.255439,0.420247,-0.16495
61.725,-0.964025,3.42534,9.280653,0.072685,-0.175272,0.149136
61.75,-0.774622,4.705818,9.850519,0.228909,-0.070505,0.171084
61.775,0.170953,2.923545,9.120623,-0.342185,-0.570142,0.259532
61.8,0.802242,3.717683,8.283464,0.680027,0.054602,-0.09662
61.825,0.642994,5.582037,9.185595,-0.297427,0.064102,0.179095
61.85,-0.056551,1.368004,8.415783,-0.767239,0.520194,-0.045419
61.875,-1.05106,3.033443,9.910143,0.910664,0.12831,-0.020815
61.9,-1.220832,5.590303,10.393248,-0.190156,-0.120656,-0.161834
61.925,0.425015,2.532799,8.434278,0.069756,-0.452337,-0.236655
61.95,0.67043,5.160799,8.742826,0.72838,-0.04176,-0.067657
61.975,1.122157,6.620813,8.948459,-0.438822,0.148618,0.00775
62.0,-0.360206,3.17423,8.946028,-0.514359,0.283668,0.321542
62.025,-0.444541,3.233922,9.404558,-0.083535,0.050813,0.319565
62.05,-0.834286,2.312493,8.997586,-0.203311,-0.09169,-0.065081
62.075,0.065277,2.393762,8.48235,0.424007,-0.127371,-0.015897
62.1,0.302613,4.987504,9.195577,0.606746,-0.046144,-0.0297
62.125,-0.388231,5.16223,9.607513,-0.521553,0.083863,0.202419
62.15,-0.041327,1.865112,8.650455,-0.259788,-0.103584,0.014908
62.175,-0.476898,3.856828,9.323099,0.698777,-0.083045,0.053823
62.2,-0.022659,5.088202,9.628067,-0.415272,-0.156307,-0.047287
62.225,0.318991,1.929278,8.290383,-0.058395,-0.067294,-0.230522
62.25,0.313861,5.126723,9.099009,0.607842,0.041681,0.023943
62.275,0.056668,4.814097,9.173042,-0.528661,0.131986,-0.188293
62.3,-0.42775,2.452209,8.773188,-0.014521,0.086028,-0.073543
62.325,-0.013028,4.600722,9.333685,0.342666,-0.00267,-0.13072
62.35,0.06356,4.325068,9.059075,-0.214124,0.057513,-0.167142
62.375,-0.204102,3.238139,8.830157,-0.080555,0.120265,-0.015785
62.4,-0.600592,3.553907,9.178104,0.127857,0.044003,-0.205198
62.425,-0.252481,3.747533,9.109668,-0.068628,-0.056246,-0.100066
62.45,-0.115004,3.440547,8.963694,0.156808,-0.007827,-0.130483
62.475,-0.520084,4.049536,9.315913,0.036339,-0.009001,-0.016702
62.5,-0.336598,3.558588,9.153707,-0.068582,-0.099323,-0.069104
62.525,-0.299577,3.788975,8.807018,0.138629,-0.043249,-0.221563
62.55,-0.086499,4.324335,8.977737,0.154282,-0.11055,-0.074593
62.575,-0.028525,4.350404,9.13048,-0.027383,0.045546,-0.10879
62.6,-0.190727,3.563208,8.998923,-0.222919,-0.008067,-0.128682
62.625,-0.134808,3.057257,8.482563,0.125032,0.044697,-0.210562
62.65,-0.158235,4.346172,9.039288,0.196397,0.014673,-0.130098
62.675,0.147872,4.238589,9.177556,-0.060755,0.139352,-0.047775
62.7,-0.831932,3.800152,9.21393,-0.198985,-0.018682,-0.057692
62.725,0.076281,3.22837,8.905258,0.142928,-0.086948,-0.040625
62.75,-0.503763,5.052628,9.327423,0.152027,-0.039803,-0.100711
62.775,-0.14825,3.70022,8.912053,-0.479672,0.009814,-0.087871
62.8,0.31985,3.770297,8.799584,0.266456,-0.029528,0.055387
62.825,-0.073099,4.558543,8.98913,-0.248897,0.103151,0.07462
62.85,0.520496,2.818973,8.2918,-0.178825,0.151313,-0.042799
62.875,-0.191621,4.258275,8.95493,0.325677,0.278175,-0.030392
62.9,-0.116558,4.891869,9.318893,-0.331488,0.307475,-0.033784
62.925,-0.432592,3.253053,8.72804,-0.57123,0.391622,-0.258098
62.95,-1.113964,2.406621,8.752458,-0.243852,0.270694,-0.011275
62.975,-0.961678,2.406243,9.125668,0.302984,0.027979,-0.168523
63.0,-1.011169,4.021975,9.440702,0.250043,-0.061288,0.013656
63.025,-0.428132,4.473903,9.487334,0.068638,-0.123864,0.015051
63.05,-0.944563,4.20997,9.187114,-0.205267,-0.136521,0.078864
63.075,0.012361,3.388016,8.795333,0.181347,-0.321616,0.333253
63.1,-0.499363,5.322192,9.76609,0.392008,-0.202735,0.386326
63.125,0.028408,4.29628,9.203925,-0.521022,-0.202604,0.381997
63.15,-0.191522,2.929226,8.756177,0.030748,0.087212,0.270377
63.175,-0.917438,4.31376,9.815919,-0.145502,0.183256,0.001517
63.2,-1.372718,1.971127,9.339891,-0.307156,-0.094992,-0.222432
63.225,0.178956,3.95652,9.447196,0.727935,-0.238956,-0.105952
63.25,-0.427786,4.883714,9.44594,-0.277101,-0.09932,-0.302136
63.275,-0.236174,3.140044,8.664422,-0.293397,0.032124,-0.131417
63.3,-0.230568,4.076352,9.27191,0.259199,-0.055515,-0.048423
63.325,0.120431,4.406217,9.323819,-0.148492,-0.020198,-0.01441
63.35,-0.095229,3.728887,9.02367,-0.162443,0.065339,0.046635
63.375,-0.09412,4.103888,9.11917,-0.032087,0.04168,0.035261
63.4,-0.173497,3.89177,9.055485,-0.305631,0.067092,0.107987
63.425,-0.413028,3.608692,9.531898,0.086428,-0.000834,0.182266
63.45,-0.678212,4.231371,9.998476,-0.140862,-0.194053,0.156913
63.475,-0.59803,2.205147,9.052544,-0.632794,-0.244061,-0.036907
63.5,-0.036922,1.475294,8.531606,0.337688,-0.341816,-0.24946
63.525,0.674694,5.053372,9.137456,0.092638,0.132446,-0.193824
63.55,-0.253338,2.395055,8.693178,-0.605588,0.163098,-0.332989
63.575,-0.221621,3.08163,9.235136,0.434007,0.088025,-0.076094
63.6,-0.030736,4.41889,9.269414,-0.166516,-0.211492,-0.088031
63.625,0.597538,3.100711,8.597336,-0.175137,0.074807,-0.04211
63.65,0.562925,3.778471,8.73634,0.256304,0.138069,0.067875
63.675,-0.656626,4.408172,9.711407,-0.390334,0.489479,-0.243854
63.7,-1.60625,2.26682,9.156402,-0.433938,0.098996,-0.204411
63.725,-0.93854,3.290872,9.471989,0.691545,-0.181882,0.183553
63.75,-0.470992,5.524583,9.934894,-0.018029,-0.451707,0.410897
63.775,0.019879,2.630131,9.35928,-0.279894,-0.311607,0.261246
63.8,0.461039,4.221003,8.951018,0.221824,-0.10966,0.270826
63.825,-0.394687,3.444621,9.35102,-0.550955,0.112738,0.066082
63.85,0.469218,1.993009,8.479699,-0.199157,0.010294,-0.144392
63.875,1.088254,3.5864,9.36107,0.086905,0.364603,-0.034686
63.9,-0.865973,1.782235,8.840698,-0.590011,0.380614,-0.336485
63.925,-0.575668,2.541279,9.33223,0.473334,0.28612,0.076363
63.95,-1.454276,4.623895,10.022426,0.14421,-0.130354,-0.265794
63.975,-0.253228,3.090326,9.033984,0.092259,-0.232008,0.303483
64.0,-0.298276,5.327084,9.593735,0.390724,-0.190875,0.249235
64.025,-0.41825,4.166798,9.91779,-0.814383,-0.168426,0.263527
64.05,-0.242242,1.09209,9.008544,-0.154278,-0.347053,0.23871
64.075,0.527863,3.882898,9.440724,0.474277,-0.356226,0.096027
64.1,1.219701,4.012665,8.767748,-0.121505,0.071536,0.344607
64.125,-0.975761,2.4512,9.401082,-0.237109,0.243231,-0.258809
64.15,-0.211879,2.790545,9.920305,-0.065462,0.050365,-0.2847
64.175,-0.742665,3.43971,9.928429,-0.274931,-0.024579,-0.614335
64.2,0.152869,2.514654,9.028497,-0.18791,-0.181441,-0.195856
64.225,0.074351,4.407915,9.767482,0.348269,-0.028666,-0.039267
64.25,0.137999,4.662007,9.6501,-0.831502,-0.056116,0.073725
64.275,0.14581,2.084915,9.118521,-0.72236,0.055389,0.204365
64.3,0.487117,3.118367,9.588498,-0.060666,0.007312,0.078834
64.325,-0.14913,3.659773,9.717379,-0.742294,0.160618,0.210955
64.35,-0.339538,0.672063,9.279421,-0.931123,-0.104499,0.125195
64.375,0.0761,2.020009,9.871019,0.516581,-0.090838,0.064658
64.4,-0.462529,3.933074,10.063113,-0.851627,-0.212815,-0.08337
64.425,0.872634,0.422164,8.31314,-0.35264,-0.195152,-0.125037
64.45,-0.711239,2.379617,9.653485,-0.017024,0.022972,-0.172507
64.475,0.450988,2.241678,9.662315,-0.567087,-0.135628,-0.247573
64.5,-0.412188,1.234802,9.272861,-0.381872,-0.066993,-0.367681
64.525,0.60273,1.809694,9.122989,-0.280437,-0.24609,0.03207
64.55,0.088165,0.130644,8.542948,0.138461,-0.230378,-0.029613
64.575,0.853165,2.852096,9.850442,0.534409,-0.108548,0.407712
64.6,0.235535,3.012062,10.200396,-0.5625,-0.073687,0.058566
64.625,0.31414,0.044534,9.401691,-0.183215,-0.019233,0.046678
64.65,0.178673,2.53466,9.963373,0.742633,-0.247735,0.197128
64.675,0.782355,2.761911,9.952602,-0.286588,0.004213,-0.12337
64.7,0.295974,1.500429,9.800881,-0.195566,0.075234,-0.044311
64.725,0.085755,2.153788,9.820857,0.117922,0.038921,-0.09658
64.75,0.643877,1.504158,9.483314,-0.148334,-0.07912,0.006717
64.775,0.303655,1.921991,9.783908,0.50824,0.1551,-0.276883
64.8,0.11645,3.434378,10.024829,-0.098948,0.053498,-0.259399
64.825,0.591832,2.332965,9.15775,-0.307873,-0.016447,0.075592
64.85,0.101942,1.308037,9.144352,0.032673,0.208153,-0.061593
64.875,0.079674,3.209094,10.28868,0.053278,0.076267,0.132612
64.9,-0.104343,1.781761,9.857331,-0.437368,-0.017176,0.015983
64.925,0.325726,1.46197,9.291246,0.001821,-0.023953,0.146187
64.95,0.168243,1.315984,9.379512,-0.213999,0.069263,-0.099588
64.975,0.317985,1.247995,9.632619,0.393603,0.077301,-0.140014
65.0,0.045767,3.93914,10.333986,0.368539,-0.091457,0.115992
65.025,0.428957,2.309357,9.541304,-0.915377,0.134612,-0.134833
65.05,0.246995,-0.181483,9.034906,0.109569,0.064405,-0.081793
65.075,0.206384,3.380797,9.956683,0.44725,0.213551,-0.069332
65.1,-0.091956,1.966169,9.423812,-0.689416,0.095275,-0.037198
65.125,-0.072285,0.265169,8.900816,-0.113395,0.256976,-0.055693
65.15,-0.30685,1.295293,9.51968,0.29948,0.076327,-0.224309
65.175,-0.101855,2.48293,9.601052,0.093198,0.08794,-0.180418
65.2,0.037758,1.210534,9.15277,-0.296852,0.050479,-0.145572
65.225,-0.324503,0.579896,9.358403,0.282056,0.166673,-0.162438
65.25,0.011152,2.941208,10.069239,0.567116,-0.04423,-0.070361
65.275,-0.44315,2.933922,10.062024,-0.194494,0.021717,-0.000818
65.3,-0.083761,1.248627,9.421275,-0.028146,-0.228566,0.143699
65.325,0.04658,2.027708,9.595647,0.165042,0.028806,-0.049144
65.35,0.094566,2.556516,9.847969,-0.064159,-0.013751,0.138243
65.375,-0.215394,0.86566,9.316463,-0.331121,0.044697,0.039173
65.4,-0.467499,0.52063,9.316201,0.389186,-0.010198,-0.173129
65.425,0.061499,3.30269,10.380367,0.22317,5.9e-05,-0.205114
65.45,-0.103779,1.431749,9.515973,-0.219427,-0.068879,-0.227334
65.475,0.240554,1.400903,9.07551,0.376577,-0.032376,-0.160526
65.5,0.266534,3.098208,9.723005,0.283388,0.03585,-0.151227
65.525,-0.380592,2.480863,9.861023,-0.24736,0.074257,-0.190967
65.55,-0.249905,1.421866,9.582755,0.098872,-0.073371,0.064522
65.575,0.020132,3.001076,9.794316,0.238466,-0.026787,0.069908
65.6,-0.198977,2.282794,9.668541,-0.305499,-0.010859,0.099847
65.625,-0.037089,1.474298,9.700845,0.179847,0.029466,-0.024625
65.65,-0.247844,2.634433,9.920234,0.06494,-0.051257,-0.010672
65.675,0.16499,1.545585,9.588557,-0.16384,0.035366,-0.054073
65.7,-0.070345,2.30027,9.854776,0.220775,0.056553,-0.040766
65.725,-0.214502,2.659096,10.009192,-0.274028,0.04419,-0.090035
65.75,-0.068324,1.033922,9.57545,-0.077444,-0.061169,-0.038152
65.775,-0.140667,2.544614,9.914999,0.399116,-0.047262,0.018271
65.8,0.191336,2.758923,9.74812,-0.230033,-0.046041,-0.02855
65.825,-0.198515,1.831246,9.844959,-0.104687,0.115068,-0.064073
65.85,-0.274531,2.578612,10.057502,-0.008787,-0.091819,-0.011656
65.875,-0.129517,2.027395,9.736552,-0.043317,-0.08174,0.037239
65.9,-0.085868,1.994754,9.600477,0.163862,-0.179399,0.08942
65.925,0.185075,2.841695,9.901382,0.064424,-0.036927,0.065799
65.95,-0.217785,2.399,9.821232,-0.310813,-0.064788,0.127568
65.975,0.134786,1.273378,9.359108,-0.158547,-0.118252,0.157786
66.0,0.221918,2.050606,9.606583,0.039686,0.074457,0.010537
66.025,0.055011,1.869161,9.743203,-0.324433,0.052431,0.001967
66.05,-0.006841,1.401289,9.618812,0.033141,0.011548,-0.117763
66.075,-0.017563,2.232264,9.567833,-0.14806,-0.021142,-0.103065
66.1,0.296641,1.158527,9.072307,-0.095284,0.001491,-0.180503
66.125,0.051421,2.441671,9.597056,0.151781,0.063307,0.03117
66.15,0.018343,2.166722,9.639255,-0.324578,0.004247,0.008446
66.175,0.011946,1.373554,9.320813,-0.105122,-0.010752,0.075236
66.2,0.134721,2.146518,9.572358,0.067197,-0.010389,0.171062
66.225,-0.183499,1.704103,9.572884,-0.326446,-0.015015,0.083768
66.25,0.538689,0.814664,9.015523,0.233642,-0.109789,0.168447
66.275,0.213982,2.730979,9.77598,0.217732,0.161568,0.12697
66.3,-0.042929,2.314115,10.154482,-0.426037,0.14169,0.116601
66.325,-0.644052,0.855233,9.404582,-0.357806,0.088619,0.103274
66.35,-0.019645,0.502155,9.656669,0.288935,-0.061013,0.059216
66.375,-0.247072,3.209653,10.402707,0.397294,-0.068381,0.183052
66.4,0.078222,1.823244,9.806686,-0.382708,-0.180655,0.07995
66.425,-0.027148,1.036295,9.339672,0.182451,-0.031196,0.192463
66.45,0.097627,2.381372,10.091207,-0.046223,-0.131843,0.131183
66.475,0.746448,1.51625,9.410851,-0.155033,0.054613,0.104895
66.5,-0.109537,1.375438,9.540124,-0.190581,0.184606,-0.071604
66.525,0.232926,1.146678,9.542041,0.019093,0.085912,-0.043394
66.55,-0.281055,1.528215,9.808648,0.213255,0.056262,-0.0506
66.575,0.033618,2.702184,10.148752,0.299995,-0.139045,0.19527
66.6,0.380902,2.745626,9.876307,-0.403433,0.004363,0.23948
66.625,-0.165504,0.22581,9.295799,-0.158564,0.012446,0.023574
66.65,0.396895,2.446037,9.85419,0.100292,0.054502,0.134123
66.675,-0.021613,1.074332,9.43728,-0.345115,0.001708,-0.045078
66.7,0.194577,0.821872,9.485437,0.38633,0.065542,-0.02271
66.725,-0.120227,2.805377,10.155791,-0.141002,0.023034,-0.037054
66.75,0.293003,0.473718,9.298764,-0.073024,0.078568,-0.19415
66.775,-0.147843,2.152864,9.879833,0.403029,0.080582,0.007324
66.8,0.029442,2.750094,10.326572,-0.293263,0.006376,-0.06536
66.825,0.062886,0.922728,9.499408,-0.043926,-0.134339,0.107626
66.85,0.400451,3.076397,10.290866,0.191793,0.017684,0.198877
66.875,-0.034104,1.552335,9.639894,-0.606826,-0.042879,-0.009731
66.9,0.073734,1.284112,9.778653,0.050276,0.097397,0.19967
66.925,-0.158168,2.295666,10.185308,-0.291395,-0.128879,0.061158
66.95,-0.108341,0.976718,9.460791,-0.367573,-0.027652,0.168745
66.975,0.217035,0.856117,9.415919,0.031261,-0.255342,0.253831
67.0,0.177748,1.333864,9.658114,-0.082325,0.040049,0.113279
67.025,0.219208,0.991824,9.587603,0.010075,-0.144933,0.136743
67.05,0.246899,2.166381,10.034784,0.071205,0.058796,0.015072
67.075,0.269574,1.702468,9.566605,-0.376576,-0.083623,0.104418
67.1,0.364383,0.418024,9.423179,0.067518,0.059613,0.115286
67.125,0.219724,2.798849,10.160493,0.11943,-0.004832,0.206672
67.15,0.205902,1.578541,9.603916,-0.4576,0.073187,0.09263
67.175,-0.144829,0.389206,9.290564,-0.585744,0.065382,0.109811
67.2,0.500632,-0.096832,9.281349,0.438416,0.023173,0.156097
67.225,-0.032639,2.174233,10.260594,0.092832,0.152517,-0.04172
67.25,-0.15723,0.402893,9.665989,-0.231256,-0.051264,0.104387
67.275,0.248364,0.910524,9.743116,0.323472,-0.019851,-0.082725
67.3,0.034425,1.728281,10.048134,0.153275,-0.066355,0.008222
67.325,0.298371,1.555821,9.729351,-0.144149,0.104141,-0.204438
67.35,0.045284,0.63787,9.432872,-0.052273,-0.030638,-0.082454
67.375,0.331719,1.268202,9.838415,0.172487,0.103058,-0.115383
67.4,0.132609,1.559274,9.930374,0.003209,0.001766,-0.161179
67.425,0.10269,1.224659,9.669833,0.035415,0.035038,-0.007876
67.45,0.22989,1.564279,9.861045,0.111588,-0.085933,-0.036781
67.475,0.227829,1.422296,9.755039,-0.08688,0.024549,0.012331
67.5,0.320086,1.160316,9.890387,0.052643,0.02709,-0.017667
67.525,-0.247522,1.709889,10.254698,0.035566,0.015032,0.038733
67.55,0.256825,1.710019,9.989256,-0.102786,-0.063219,0.004791
67.575,0.143042,1.521746,9.71221,-0.015534,-0.022434,-0.050747
67.6,0.326341,1.546185,9.777807,-0.15831,0.029296,0.036453
67.625,-0.027124,0.795396,9.743636,-0.147755,0.058503,-0.022711
67.65,0.026174,1.534295,10.05101,-0.015512,0.058423,0.012969
67.675,0.000745,0.77995,9.654912,-0.283822,-0.04845,-0.094666
67.7,0.172673,0.369515,9.447672,0.182909,0.005071,-0.024298
67.725,-0.021668,1.723035,10.044251,0.137867,-0.045045,-0.038022
67.75,0.197996,1.49998,9.938424,-0.104779,-0.031445,-0.026253
67.775,0.087861,1.033907,9.57727,-0.060922,-0.090573,0.053662
67.8,0.363761,1.322456,9.640042,0.128208,-0.03888,0.100804
67.825,0.179812,2.074538,10.132742,-0.093424,0.016596,0.066953
67.85,0.227281,0.662217,9.639742,-0.291486,-0.037999,0.000724
67.875,0.216411,0.99113,9.615821,0.203658,0.01115,0.043842
67.9,0.071302,1.419918,9.804273,-0.1413,-0.008625,-0.034521
67.925,0.301661,0.779448,9.521041,0.001514,0.071459,-0.009193
67.95,0.064297,1.539912,9.769212,0.051805,0.029411,-0.032267
67.975,0.289368,1.005713,9.498564,-0.250247,0.108112,-0.06476
68.0,-0.069446,0.442437,9.464896,-0.005239,0.061938,-0.041802
68.025,0.072487,1.627409,10.170538,0.185912,0.103925,-0.038938
68.05,-0.249115,1.189244,9.781391,-0.234855,-0.088212,-0.019887
68.075,0.577952,0.65321,9.30892,0.186129,0.00286,0.072673
68.1,0.026978,1.824788,9.834437,-0.005121,0.018687,0.119304
68.125,0.11204,0.744289,9.872776,-0.2623,0.100694,0.073252
68.15,-0.199649,0.809089,9.832528,0.160258,-0.085606,0.105142
68.175,0.219605,1.066068,9.628727,-0.103844,0.026694,-0.003546
68.2,0.208305,0.319756,9.36884,0.201574,-0.095946,0.057238
68.225,0.14435,1.986901,10.242503,0.265756,0.132318,0.045356
68.25,-0.153298,1.369387,10.043172,-0.268652,-0.129661,-0.011704
68.275,0.39743,0.57066,9.281262,0.094468,-0.026277,0.049138
68.3,0.18184,1.109719,9.762943,0.090831,-0.017039,-0.013392
68.325,-0.02811,1.314366,10.073925,-0.011721,0.104608,-0.017037
68.35,0.062552,0.698795,9.693788,0.129413,-0.095438,-0.055597
68.375,0.317519,1.766992,9.868637,0.258936,0.029141,0.055807
68.4,0.215076,1.945435,9.888662,-0.204504,0.012496,-0.042196
68.425,0.103826,0.517237,9.533052,-0.127359,0.122939,-0.050277
68.45,-0.131287,1.046568,9.75995,0.296624,-0.08234,0.021704
68.475,0.249802,1.769675,10.094902,-0.007476,-0.011765,0.004345
68.5,0.065792,0.732137,9.558152,-0.171656,-0.087899,-0.066459
68.525,0.430374,1.48889,9.664874,0.325337,0.02321,-0.007598
68.55,0.056757,1.989246,9.840303,-0.210709,-0.018659,-0.046139
68.575,0.288619,0.608398,9.573115,-0.238546,0.097267,0.026908
68.6,-0.183737,1.001141,10.045871,0.076619,-0.069219,0.001305
68.625,0.169638,0.839664,9.78298,0.004386,-0.137205,0.059538
68.65,0.656413,1.978165,9.761002,0.332262,-0.16556,0.200642
68.675,0.113094,1.899504,10.001371,-0.202888,-0.021135,0.211516
68.7,0.187327,0.428813,9.681233,-0.086069,-0.124758,0.209571
68.725,0.224196,1.450437,10.091298,0.171951,0.021472,0.084999
68.75,0.091388,1.083785,9.909496,-0.297305,-0.062465,-0.059607
68.775,0.443978,0.579834,9.527954,0.104712,0.023255,-0.001309
68.8,0.164134,1.553837,9.893055,0.075185,0.001957,-0.151043
68.825,0.360029,1.102749,9.74199,-0.176688,0.057809,-0.133417
68.85,0.414007,0.907725,9.516696,0.208261,-0.024161,-0.121148
68.875,0.217022,1.858944,9.772289,-0.005955,0.079921,-0.040917
68.9,0.541769,1.256871,9.66816,-0.139573,-0.00731,0.012739
68.925,0.173388,0.900702,9.711845,-0.004335,0.068346,0.021451
68.95,0.369242,1.186865,9.773572,0.108032,-0.029699,0.031832
68.975,-0.029349,1.205261,9.852436,-0.009486,0.048569,-0.029008
69.0,0.172937,1.028197,9.711742,0.022177,-0.074251,-0.030181
69.025,0.536712,1.437578,9.65622,0.13613,-0.006315,-0.059774
69.05,0.166987,1.697301,9.854693,-0.061325,0.078496,0.028861
69.075,0.138142,0.743292,9.811293,-0.231583,-0.040153,0.04151
69.1,0.203669,0.282729,9.509084,0.157677,-0.090498,-0.016125
69.125,0.524967,1.805513,9.712473,0.334277,-0.057919,0.01435
69.15,0.26511,1.540216,9.769577,-0.214564,-0.002748,0.042961
69.175,0.493149,0.767471,9.649542,0.132255,-0.028634,0.121836
69.2,0.136396,1.512319,10.004425,-0.004139,0.079466,-0.033133
69.225,-0.066363,0.67268,9.806724,-0.115417,0.024375,-0.114584
69.25,0.052001,1.168831,9.72182,0.319398,-0.068403,-0.025478
69.275,0.40768,1.937359,10.152355,-0.037102,-0.047609,-0.078565
69.3,0.516507,0.570918,9.400249,-0.026577,-0.034915,-0.103051
69.325,0.651776,2.363327,9.829109,0.643531,0.050664,0.122816
69.35,0.084,2.685124,10.324381,-0.538548,0.066216,0.081426
69.375,0.221849,0.078761,9.675399,-0.224406,0.100741,0.04024
69.4,0.00508,1.402006,10.04825,0.407635,-0.040273,-0.069301
69.425,0.110323,1.696888,9.921099,-0.196851,-0.023159,0.023032
69.45,0.379311,0.624265,9.471063,0.093406,0.013211,-0.076045
69.475,-0.062669,1.668274,10.114609,0.199405,0.047012,-0.080886
69.5,0.561875,1.538474,9.435797,-0.02708,0.03121,-0.152956
69.525,0.102008,1.810184,9.905028,-0.011344,0.04736,0.052302
69.55,0.368154,1.184697,9.799967,-0.156096,0.075349,-0.083702
69.575,-0.051851,1.154217,9.898754,0.192776,0.036311,-0.117898
69.6,0.243564,2.225867,10.007014,0.004117,-0.00827,0.026954
69.625,0.283363,1.217105,9.467436,-0.147764,0.028927,-0.081266
69.65,0.141395,1.247971,9.74911,0.016258,0.020629,0.036064
69.675,0.159416,0.982664,9.814455,-0.058339,-0.019696,-0.091423
69.7,0.213097,1.323487,9.751539,0.2199,-0.013867,-0.037917
69.725,0.066092,1.790914,9.851813,-0.106632,0.031058,0.021703
69.75,0.175014,1.040961,9.660057,-0.021184,0.000917,-0.064096
69.775,0.021789,1.554622,9.857856,0.101519,-0.008956,-0.03033
69.8,0.508867,1.456602,9.694186,-0.106897,-0.009003,-0.091024
69.825,0.141667,1.196931,9.618768,0.005554,0.102448,-0.029631
69.85,0.159389,1.422607,9.873942,0.00941,-0.002897,-0.035496
69.875,0.065724,1.535671,9.743962,-0.023748,0.023334,-0.103983
69.9,0.390224,1.236849,9.498312,-0.053991,-0.056522,-0.000179
69.925,0.308487,0.982379,9.453391,0.038922,0.008093,0.048657
69.95,0.146933,1.556354,9.834969,0.097315,0.030455,0.091333
69.975,-0.145481,1.350802,9.907837,-0.237537,0.00375,-0.040574
70.0,0.185758,0.623574,9.56245,0.113181,-0.067712,-0.076429
70.025,0.247516,2.049053,9.767029,0.218875,-0.047614,0.030661
70.05,0.327968,1.616386,9.745136,-0.244234,0.027321,0.026355
70.075,0.039129,0.452777,9.465401,-0.003856,0.003033,0.038631
70.1,0.204413,1.665989,9.951455,0.284303,-0.041397,-0.028207
70.125,0.304962,2.090862,9.801708,-0.033841,-0.072403,0.012136
70.15,0.379451,1.387283,9.508012,-0.136401,-0.002608,0.08978
70.175,0.20127,1.076951,9.714587,0.02928,0.01594,0.086781
70.2,0.090855,1.794759,9.857105,0.113058,0.044706,-0.017503
70.225,-0.160734,1.488896,9.958214,-0.295121,-0.062053,0.095679
70.25,0.430241,0.585489,9.540753,0.125067,-0.064603,-0.016187
70.275,0.127034,1.978606,10.006382,0.169577,-0.005669,0.036234
70.3,0.428563,1.275307,9.755477,-0.299742,0.017692,-0.056454
70.325,0.257437,0.776891,9.56001,0.196711,0.012715,-0.041671
70.35,0.292904,2.084225,9.869764,0.137065,0.037422,0.034637
70.375,0.171185,1.517197,9.888579,-0.224631,0.031037,-0.057696
70.4,0.13504,0.957605,9.571206,0.01125,0.025836,-0.033781
70.425,0.28768,1.57133,9.804826,0.058404,-0.063094,0.032732
70.45,0.32277,1.276357,9.629648,-0.074327,0.052737,-0.00225
70.475,0.200925,1.055856,9.743216,0.058058,0.00558,-0.0046
70.5,0.209017,2.073705,10.055568,0.114524,0.092837,-0.021448
70.525,0.146956,1.045607,9.625056,-0.243161,-0.041173,-0.039831
70.55,0.253579,1.231106,9.835348,0.261103,0.081197,0.043619
70.575,0.136842,2.372189,10.141453,-0.069682,-0.025332,-0.018108
70.6,0.195233,0.837685,9.565697,-0.221496,0.052293,0.015477
70.625,0.064945,1.516218,9.904991,0.190998,0.014639,0.029701
70.65,-0.052486,1.566494,9.919413,-0.165612,-0.049792,0.027443
70.675,0.089728,0.571858,9.608275,-0.083591,-0.085436,0.028517
70.7,0.269888,1.167294,9.611129,0.182444,-0.06184,-0.051702
70.725,0.264971,1.557412,9.642764,0.009442,0.028819,-0.12994
70.75,0.190839,1.136344,9.536088,-0.012548,0.046811,-0.151808
70.775,-0.091254,1.377586,9.674867,0.123279,-0.004597,-0.089783
70.8,0.279783,1.590846,9.697915,0.125485,-0.08457,-0.04573
70.825,0.317603,1.803677,9.684278,0.049164,-0.000798,-0.001725
70.85,0.111362,1.705095,9.804839,-0.037568,-0.099457,0.158453
70.875,0.315416,0.856912,9.680175,-0.148008,-0.035767,0.022815
70.9,0.254666,0.84231,9.556527,0.111352,0.009182,-0.101624
70.925,0.196884,1.819686,9.838611,0.173992,0.026311,-0.103871
70.95,0.283366,1.383145,9.83332,-0.147443,0.000252,-0.092866
70.975,0.259447,1.211238,9.775641,0.122423,-0.022986,-0.007646
71.0,0.118132,1.856974,9.786699,0.08108,-0.040964,-0.008342
71.025,0.363425,1.386122,9.732751,-0.002424,-0.081202,0.026488
71.05,0.174247,1.916555,9.899645,0.129269,-0.06027,0.045453
71.075,0.576005,1.695197,9.634892,-0.104786,-0.079797,0.045261
71.1,0.551713,1.378095,9.311839,0.070699,0.097955,0.047638
71.125,0.47001,1.903106,9.572246,-0.032727,0.145218,0.044334
71.15,0.091731,1.390393,9.781791,-0.183535,0.149641,0.054846
71.175,0.266248,1.025939,9.674363,0.038405,0.002683,0.12542
71.2,0.237935,1.519492,9.616571,0.084508,0.055311,0.080057
71.225,0.177686,1.086599,9.675787,0.012981,0.081317,-0.022514
71.25,-0.15512,1.748815,10.080648,0.217258,0.022907,0.0427
71.275,0.098409,1.29178,9.661897,-0.157981,0.010432,-0.214705
71.3,0.251412,1.235211,9.578387,0.408176,0.016142,-0.072167
71.325,0.089203,2.636279,9.955467,0.012917,0.068244,-0.131946
71.35,0.169695,1.15062,9.367672,-0.181639,0.102703,0.000204
71.375,0.079677,0.823575,9.406255,-0.066549,0.125603,-0.087948
71.4,0.071273,1.002154,9.687445,0.392534,0.039589,-0.13416
71.425,-0.069635,2.516081,10.109213,0.238155,-0.026757,0.010474
71.45,0.149018,1.611388,9.640187,-0.067216,-0.120535,0.08576
71.475,0.311908,1.602723,9.547942,0.399061,-0.088043,0.111142
71.5,0.106883,2.861832,10.07471,0.01074,-0.030442,0.156705
71.525,0.090023,0.453715,9.30768,-0.20126,-0.097658,-0.009041
71.55,0.238451,1.557356,9.676548,0.696776,-0.210296,0.22506
71.575,0.594204,3.35549,10.173763,0.183185,-0.153388,0.114448
71.6,0.292651,1.408745,9.225121,-0.376581,0.005023,0.069387
71.625,0.339152,1.334708,9.512399,0.504873,0.00613,0.159846
71.65,-0.166713,3.064157,10.417809,-0.02308,-0.04065,0.057875
71.675,0.35883,0.642093,9.445439,-0.216389,-0.189877,0.017229
71.7,0.793354,2.32154,9.612066,0.615115,-0.10863,0.078554
71.725,0.666783,3.064604,9.756672,-0.273821,0.006951,-0.006018
71.75,0.590756,0.834477,9.090484,-0.14449,0.153455,0.027473
71.775,-0.060556,2.327205,10.124565,0.271679,0.176024,0.023835
71.8,0.336727,2.199295,9.890995,-0.192097,-0.026223,-0.062031
71.825,-0.09212,1.471174,9.618967,0.185927,-0.177203,0.131184
71.85,0.921289,2.272037,9.626272,0.460325,-0.135688,0.210946
71.875,-0.083797,2.300255,9.613588,0.202773,-0.108982,-0.001508
71.9,1.150255,2.687596,9.590356,0.043605,0.014625,0.121753
71.925,0.161906,1.951906,9.587206,-0.417033,0.064247,-0.135048
71.95,0.659589,1.24117,9.484255,-0.064791,0.106337,0.020323
71.975,-0.239211,1.582914,9.628744,0.220339,-0.046401,-0.020902
72.0,0.783004,2.686277,9.670611,0.305157,-0.09533,-0.04806
72.025,0.154285,2.513073,9.651456,-0.172254,-0.02502,-0.094192
72.05,0.600113,1.648615,9.292685,0.043206,-0.058193,-0.162159
72.075,0.086397,2.292906,9.547953,0.180287,-0.05134,-0.031494
72.1,1.145424,2.605011,9.358069,0.118973,-0.004342,-0.050092
72.125,0.261612,2.445689,9.408075,-0.147368,0.089409,0.056435
72.15,0.822917,1.54505,9.440722,-0.035075,0.020843,0.108186
72.175,-0.093397,1.661945,9.623346,0.207886,-0.025039,-0.026766
72.2,0.674975,2.632015,9.629055,0.38531,-0.060789,-0.015445
72.225,0.679348,2.805296,9.333518,0.047412,0.018792,-0.11894
72.25,0.322042,2.292133,9.457515,-0.102142,0.226375,0.03937
72.275,0.157195,1.920242,9.712151,0.122728,-0.060287,0.013056
72.3,0.108497,2.304557,9.593449,0.272705,-0.060885,0.08085
72.325,1.052379,2.863937,9.460403,0.370766,-0.253491,0.238389
72.35,0.808042,3.075579,9.479513,0.193951,0.032704,0.248376
72.375,0.802097,3.188781,10.019567,-0.038539,0.074495,0.172954
72.4,-0.447828,1.991351,9.81158,-0.433971,0.035629,-0.097727
72.425,0.810087,0.360251,8.910653,0.302745,-0.281928,-0.081205
72.45,0.906358,3.942212,9.46534,1.084081,-0.044045,0.017735
72.475,1.132746,4.725256,9.721814,-0.223851,0.06192,0.053342
72.5,0.27418,1.966571,9.352272,-0.380356,0.208552,0.170116
72.525,0.162363,2.335577,9.885206,0.150627,-0.033199,0.103727
72.55,0.556989,1.85402,9.169897,0.074423,-0.119327,-0.068497
72.575,1.109169,2.641261,9.019677,0.761973,-0.006987,0.115648
72.6,0.616697,5.201038,10.209336,0.216601,0.137931,0.105282
72.625,0.090947,1.983765,9.278099,-0.947315,0.089669,-0.054149
72.65,0.724099,1.160889,9.039037,0.475191,0.032318,-0.085306
72.675,-0.161292,3.599457,9.876664,0.183299,0.081522,-0.200123
72.7,0.959526,2.957839,9.412326,0.05448,0.004276,-0.137662
72.725,0.065357,3.453831,9.831797,0.049027,0.084536,-0.068747
72.75,0.439469,2.632203,9.504369,-0.220539,-0.106731,-0.009367
72.775,0.660487,2.995418,9.321908,0.408665,0.020388,0.146654
72.8,0.44728,4.255402,9.907036,-0.065886,0.080704,0.132431
72.825,0.285115,2.576732,9.612413,-0.424706,0.131475,0.086967
72.85,0.167787,1.865443,9.387138,0.161929,-0.045362,-0.00323
72.875,0.373083,3.589171,9.899043,0.043952,0.050208,-0.034879
72.9,0.559987,2.466797,9.118571,-0.225492,0.005299,-0.131813
72.925,0.299383,2.867849,9.362995,0.132588,0.138542,0.006471
72.95,0.308085,2.779223,9.560588,-0.150041,-0.020928,0.03482
72.975,0.08669,2.727756,9.634032,-0.015451,0.038525,-0.033389
73.0,0.382844,2.44047,9.286943,0.042525,-0.115474,-0.032006
73.025,0.63258,3.528323,9.481078,0.21812,-0.009336,0.03085
73.05,0.50264,3.685829,9.778072,-0.34709,0.078729,0.046941
73.075,-0.028269,1.910075,9.530571,-0.267614,-0.018128,-0.031328
73.1,0.357431,2.385399,9.423846,0.030025,-0.106216,-0.051773
73.125,0.753209,2.913227,9.200863,0.194384,-0.105636,-0.001911
73.15,0.638844,2.728629,9.308804,-0.094648,0.062476,0.041195
73.175,0.603938,2.870637,9.688588,0.033815,0.067472,0.058074
73.2,-0.022866,2.462329,9.718465,-0.272145,0.019437,-0.099484
73.225,0.406983,1.867472,9.228022,0.096926,-0.105726,-0.038479
73.25,0.923077,3.3576,9.281644,0.280696,-0.050069,-0.046423
73.275,0.800988,3.241879,9.116843,-0.288748,0.070804,0.069929
73.3,0.329208,1.838062,9.498863,-0.032698,0.110102,0.077554
73.325,-0.271587,2.707858,9.828983,-0.125796,-0.02131,-0.051397
73.35,0.589878,1.575831,8.866695,0.109636,-0.224349,-0.044422
73.375,0.881106,3.533706,9.348255,0.43901,-0.015382,0.053585
73.4,0.620013,3.452338,9.671294,-0.346341,0.018154,0.078335
73.425,0.283995,1.710199,9.355424,-0.106616,0.011499,0.037811
73.45,0.703757,2.854908,9.493504,0.299458,-0.109216,0.069574
73.475,0.775017,3.502781,9.522843,0.005621,0.087003,0.007076
73.5,0.171152,2.287346,9.442534,-0.24585,0.109194,-0.008014
73.525,0.321486,2.346836,9.560505,0.199108,-0.000835,-0.018686
73.55,0.539468,3.208841,9.577176,-0.121626,0.016382,-0.064907
73.575,0.506792,2.197981,9.184211,-0.032628,0.031097,0.034635
73.6,0.160748,2.831118,9.728511,0.142226,-0.004347,0.045619
73.625,0.499455,3.030777,9.684901,-0.101718,-0.070029,0.020922
73.65,0.482723,2.515915,9.265874,-0.066252,-0.034458,-0.026974
73.675,0.626562,2.662584,9.324161,0.091995,-0.017922,0.048253
73.7,0.432017,2.914279,9.622884,-0.024532,0.035893,0.004417
73.725,0.288375,2.510282,9.507817,-0.130413,0.026204,-0.05692
73.75,0.541721,2.486146,9.360112,0.049333,-0.015234,-0.09665
73.775,0.397008,2.83274,9.524477,0.077277,0.031421,-0.075388
73.8,0.705811,2.972089,9.58363,-0.059563,0.043743,-0.066295
73.825,0.234581,2.650208,9.576901,-0.070638,0.070739,-0.065168
73.85,0.421965,2.528319,9.514417,0.088933,-0.013317,-0.043029
73.875,0.287751,3.058878,9.54441,0.025832,0.003271,-0.045495
73.9,0.414797,2.716207,9.5957,-0.189842,0.015484,-0.061855
73.925,0.388433,2.144471,9.424524,-0.031027,-0.011233,-0.060598
73.95,0.381279,2.66591,9.414997,0.017973,-0.010389,-0.076538
73.975,0.403445,2.392788,9.426818,0.061717,-0.022371,-0.095827
74.0,0.517554,3.201703,9.561679,0.053341,-0.059078,-0.056672
74.025,0.707837,2.603991,9.262014,-0.206833,-0.001059,-0.031775
74.05,0.357503,2.390766,9.401228,0.045712,-0.000761,0.067802
74.075,0.515068,2.924503,9.645025,-0.033702,-0.042277,0.075729
74.1,0.507604,2.406433,9.432414,-0.165635,-0.033425,0.051682
74.125,0.54242,2.238093,9.492256,0.086926,-0.026872,0.039383
74.15,0.259829,2.700906,9.599707,0.01969,-0.04151,-0.001447
74.175,0.711095,2.556345,9.366123,-0.002264,0.006242,-0.04845
74.2,0.421108,2.723549,9.363705,-0.057245,0.069024,-0.071718
74.225,0.535893,2.380562,9.567117,0.002572,0.097753,-0.059569
74.25,0.286095,2.714039,9.554603,0.025616,0.022714,-0.088561
74.275,0.752394,2.641715,9.354802,-0.078538,0.070638,-0.083007
74.3,0.432496,2.854707,9.504848,-0.028249,0.152641,-0.080347
74.325,0.293781,2.205448,9.337335,-0.215732,0.135531,-0.092713
74.35,-0.073879,2.130033,9.475803,0.233083,0.016775,0.003434
74.375,0.283457,3.163246,9.707841,0.008733,-0.050524,-0.02756
74.4,0.474746,2.238204,9.162467,-0.067851,-0.004429,0.035485
74.425,0.330775,2.825791,9.537402,0.10668,0.098775,0.018574
74.45,-0.118753,2.937004,9.795415,-0.141204,0.040695,-0.030704
74.475,0.099846,1.920471,9.381648,-0.100113,-0.06133,-0.039089
74.5,0.331903,2.658055,9.508486,0.194981,0.020245,-0.001357
74.525,0.151893,2.937219,9.705586,-0.138428,-0.043587,-0.019952
74.55,0.547334,2.316385,9.445702,-0.016783,0.04316,-0.053823
74.575,0.354956,2.863544,9.604591,0.028336,0.04104,-0.088374
74.6,0.276047,2.543243,9.462837,-0.108414,0.086719,-0.11956
74.625,0.126766,2.345084,9.574707,0.077762,-0.017468,-0.019708
74.65,0.349829,2.873875,9.704729,-0.033656,-0.025476,0.009257
74.675,0.2464,2.282182,9.52088,-0.087628,-0.029801,0.045824
74.7,0.146763,2.477454,9.493279,0.025937,-0.083763,0.008949
74.725,0.559855,2.562265,9.461145,-0.088396,-0.021922,-0.034099
74.75,0.143754,1.978864,9.357753,-0.13923,0.030366,-0.075564
74.775,0.177818,2.23494,9.688855,0.119592,-0.04098,-0.088749
74.8,0.33557,2.755451,9.604157,-0.049465,-0.146972,-0.137961
74.825,0.882979,2.438439,9.193508,-0.016938,-0.057002,-0.119017
74.85,0.545583,2.740667,9.279612,-0.12249,0.125222,-0.05761
74.875,0.323571,2.079077,9.424648,-0.095914,0.102753,-0.079742
74.9,-0.001719,2.338945,9.773746,0.23519,0.009598,0.02749
74.925,0.568376,3.323326,9.853799,0.082824,-0.085482,0.029888
74.95,0.320851,2.27385,9.417785,-0.141724,0.031283,-0.010559
74.975,0.326322,2.710261,9.591184,0.027328,0.105818,0.057966
75.0,-0.013841,2.355164,9.740273,-0.194417,0.019483,0.010917
75.025,0.375415,2.14057,9.535243,0.075068,-0.016715,0.04886
75.05,0.434,2.800332,9.623805,0.002813,0.03009,-0.042833
75.075,0.288073,2.369241,9.503606,-0.136177,0.14137,-0.088559
75.1,0.035601,2.315142,9.419346,-0.008317,0.054258,-0.024983
75.125,0.065301,2.264902,9.620385,-0.064767,0.062725,0.016146
75.15,0.217297,2.242328,9.357102,0.156354,-0.049091,-0.005276
75.175,0.197565,3.320719,9.985015,0.042684,0.104862,0.12213
75.2,0.054874,2.569843,9.730029,-0.16107,-0.071038,0.013221
75.225,0.187157,2.285221,9.425891,-0.135818,0.045936,0.028524
75.25,0.324528,1.93098,9.329959,-0.081338,0.019527,0.019562
75.275,-0.067844,1.973659,9.559825,0.082907,0.098916,-0.104901
75.3,-0.069945,3.14115,10.060285,0.056799,-0.006588,0.006958
75.325,0.089561,2.330641,9.562422,-0.285248,-0.083909,-0.082161
75.35,0.429365,2.00614,9.285887,0.032912,-0.004726,0.032772
75.375,0.324747,2.733262,9.625247,-0.007503,0.060304,-0.063543
75.4,0.081624,2.026876,9.454341,-0.223987,0.045946,-0.083189
75.425,0.212569,2.075299,9.531139,0.002391,0.07253,-0.052233
75.45,0.039937,2.170673,9.442328,-0.083628,0.028589,-0.13669
75.475,0.187705,1.954756,9.467205,0.097603,0.033487,-0.05745
75.5,0.348415,2.993697,9.634002,0.115163,0.023917,-0.033102
75.525,0.071886,2.45266,9.521986,-0.321691,0.165995,-0.030374
75.55,-0.175432,1.534948,9.571415,-0.033081,0.027678,-0.018901
75.575,0.134528,2.854951,9.835988,0.023482,0.068259,-0.153079
75.6,0.183467,1.664271,9.110002,-0.25193,-0.023747,-0.107503
75.625,0.227426,2.468291,9.564879,0.309463,0.191536,-0.058015
75.65,-0.445293,2.825451,10.100142,-0.267329,0.014714,-0.012081
75.675,-0.111621,1.70689,9.569542,-0.139131,0.008153,-0.02772
75.7,-0.066513,2.035457,9.50048,0.044121,-0.150045,0.039149
75.725,0.365452,2.59645,9.756749,0.121313,-0.011633,0.090432
75.75,-0.174745,2.779534,9.994995,-0.283188,-0.012489,0.041119
75.775,0.014892,1.478118,9.592002,-0.276054,-0.065615,0.021384
75.8,0.202804,2.032263,9.530697,0.063829,-0.118939,0.014703
75.825,0.115114,2.38155,9.799681,-0.116348,-0.108427,0.079024
75.85,0.144552,1.852032,9.411688,-0.170292,-0.138366,0.107145
75.875,0.415091,2.194645,9.62287,0.177354,-0.096632,0.170092
75.9,0.028318,2.68242,9.854684,-0.216732,-0.031355,0.132847
75.925,0.182856,1.263139,9.353469,-0.194175,-0.103287,0.154493
75.95,0.348219,2.230746,9.668886,0.257507,-0.060692,0.155964
75.975,0.157698,2.489941,9.898658,-0.376141,-0.026464,0.049849
76.0,0.323585,0.870018,9.32423,0.002826,-0.067425,0.033967
76.025,0.266356,2.729428,9.600837,0.215932,-0.028404,0.126745
76.05,0.528467,2.357573,9.841886,-0.324611,0.04426,0.128779
76.075,-0.185451,1.033675,9.705284,-0.183326,0.021779,-0.051496
76.1,0.285243,1.842015,9.714832,0.20025,-0.126069,0.074216
76.125,0.742563,2.627521,9.522544,0.043593,-0.08909,0.100881
76.15,0.258959,2.449058,9.805174,-0.294451,0.1378,0.162298
76.175,0.278758,1.299984,9.788189,-0.308894,-0.089612,0.083074
76.2,0.161084,1.059044,9.347766,0.016206,-0.031006,0.045172
76.225,0.798668,2.095094,9.593296,0.230911,-0.081107,0.251508
76.25,0.133091,2.515583,10.006216,-0.309342,0.175776,-0.000764
76.275,0.12187,0.575545,9.41943,-0.14946,-0.031784,0.078885
76.3,0.148322,1.743152,9.646831,0.320683,-0.017387,0.012625
76.325,0.727147,2.411072,9.809836,-0.096734,-0.117809,0.098833
76.35,0.514593,1.893216,9.68938,0.090888,-0.01065,0.155727
76.375,0.272626,1.969894,9.795917,-0.214921,0.018706,0.056629
76.4,0.195548,1.049622,9.487754,-0.18868,-0.006283,0.077262
76.425,0.56102,1.30039,9.682909,0.153736,0.044491,-0.019625
76.45,0.107272,2.449343,10.124172,0.006994,0.048748,0.00546
76.475,0.20749,1.118407,9.398225,-0.326241,0.052277,-0.117028
76.5,0.249724,0.724094,9.270783,0.229954,-0.04505,-0.109515
76.525,0.753953,2.634417,9.745652,0.291355,0.097654,-0.147514
76.55,0.36991,2.283369,9.738257,-0.318608,0.155525,-0.098406
76.575,0.051311,0.586528,9.429985,-0.184477,0.090746,-0.028283
76.6,0.255708,1.982075,9.920416,0.325572,-0.104244,0.0699
76.625,0.568431,2.252304,9.769726,-0.167284,-0.093252,0.053657
76.65,0.781951,1.72187,9.562019,-0.03368,0.065951,0.128296
76.675,-0.078729,1.780593,9.996548,-0.161023,0.038431,0.126103
76.7,0.226128,1.085142,9.876788,-0.089393,-0.116151,0.123656
76.725,0.406051,1.589752,9.672033,0.204717,-0.203239,0.15608
76.75,0.599398,2.29023,9.780358,-0.147818,0.016886,0.077249
76.775,0.275696,0.971249,9.469738,-0.276607,-0.009578,0.074007
76.8,0.525396,1.319692,9.702677,0.150831,0.009178,0.07987
76.825,0.2748,1.756804,9.82151,-0.075193,-0.07064,0.042023
76.85,0.714273,0.953125,9.252721,0.069344,-0.132964,0.122555
76.875,0.667696,2.733567,9.950704,0.31515,-0.029355,0.210545
76.9,0.376597,1.824515,9.781481,-0.548038,0.05973,0.087635
76.925,0.240788,0.44481,9.384577,0.062842,-0.079429,0.193951
76.95,0.552338,1.970847,9.794686,0.335906,-0.10013,0.152474
76.975,0.566108,2.208401,9.822759,-0.194202,0.00684,0.018091
77.0,0.575232,1.033083,9.338574,-0.127885,0.034235,0.041487
77.025,0.49358,2.035014,9.893693,0.151863,0.05025,0.08031
77.05,0.252917,1.451765,9.61314,-0.352609,0.024072,0.125912
77.075,0.641343,0.478427,9.331831,0.080862,-0.040512,0.072229
77.1,0.358353,2.938404,10.483875,0.269583,-0.011569,0.239696
77.125,0.603761,0.983575,9.562536,-0.590711,-0.025444,-0.071522
77.15,0.55962,0.391258,9.390629,0.445729,-0.067015,0.149195
77.175,0.732974,2.918871,10.32955,0.094694,0.003289,0.002221
77.2,0.31638,0.980125,9.714644,-0.475587,-0.061918,0.035942
77.225,0.650607,0.603905,9.45113,0.354345,-0.075179,0.100282
77.25,0.574798,2.529822,10.014495,0.155957,-0.123776,0.016768
77.275,1.05541,1.639894,9.736188,-0.309533,0.019947,0.040949
77.3,0.567944,1.045772,9.557904,0.051836,0.003141,-0.019136
77.325,0.67023,1.595939,9.808594,0.05115,-0.028714,0.060071
77.35,0.880629,1.487002,9.803703,0.05444,-0.020178,-0.023219
77.375,0.718054,2.107619,9.938778,-0.079051,0.088319,-0.057418
77.4,0.540846,0.827649,9.557927,-0.19344,0.024044,-0.055485
77.425,0.581789,1.324707,9.596525,0.163825,-0.008342,0.035814
77.45,0.814003,2.045416,9.964842,-0.05257,0.029175,0.039808
77.475,0.503171,0.95682,9.709153,-0.163655,0.049886,-0.067147
77.5,0.469575,1.321337,9.498008,0.17397,-0.022437,0.012325
77.525,0.725825,1.837387,9.595214,-0.076115,-0.032113,0.004768
77.55,0.69116,1.274623,9.675581,-0.110954,0.06363,0.035618
77.575,0.470253,1.022583,9.63215,0.113845,-0.006947,0.019953
77.6,0.453285,1.525609,9.789333,0.035113,-0.047712,0.087779
77.625,0.611574,1.662031,9.82796,0.042148,-0.018528,0.041538
77.65,0.620356,1.63848,9.7874,-0.037825,0.018549,-0.033146
77.675,0.681707,1.321642,9.465618,-0.013874,0.053651,-0.037422
77.7,0.424995,1.471351,9.686122,0.049375,0.062083,-0.038436
77.725,0.539301,1.465209,9.893273,-0.026833,0.011861,-0.038929
77.75,0.631829,1.509223,9.682061,0.058555,-0.017537,-0.05109
77.775,0.545688,1.548165,9.539188,-0.024746,0.028677,-0.039008
77.8,0.496123,1.112323,9.526048,-0.014096,-0.028361,-0.045341
77.825,0.714706,1.450395,9.849605,0.16798,0.014848,-0.060694
77.85,0.439257,1.977991,9.791941,0.011013,-0.001387,-0.081323
77.875,0.699354,1.593435,9.550281,-0.028265,-0.012869,-0.082347
77.9,0.553167,1.535557,9.741928,-0.027354,-0.040665,0.004166
77.925,0.869875,1.277184,9.499878,-0.079634,-0.01934,0.018314
77.95,0.625229,1.32426,9.575864,0.147152,-0.00298,0.037095
77.975,0.428768,1.527785,9.794429,-0.080903,0.054902,-0.055352
78.0,0.511309,0.602162,9.590741,-0.007781,-0.037835,-0.164278
78.025,0.730594,2.221111,9.884303,0.43024,0.022137,-0.049011
78.05,0.723881,2.725543,10.151431,-0.382683,-0.003838,0.004746
78.075,0.673437,0.225951,9.475008,-0.14357,-0.007413,-0.012148
78.1,0.763866,2.007741,9.788387,0.484537,-0.061782,0.068718
78.125,0.804766,2.481365,9.835002,-0.335589,0.03683,0.046658
78.15,0.560871,0.608593,9.495734,-0.185296,0.127062,-0.012814
78.175,0.330237,1.542657,10.04151,0.256302,0.016972,-0.056442
78.2,0.558212,1.685624,9.58569,-0.083098,-0.06255,0.040962
78.225,0.790962,1.409618,9.513116,0.082172,0.052921,0.090907
78.25,0.261346,1.730137,9.897991,-0.130318,0.077893,0.024792
78.275,0.187178,0.664016,9.954979,-0.070926,0.050033,-0.043847
78.3,0.322009,1.146562,9.667025,0.341193,-0.105321,-0.172144
78.325,0.856088,2.735071,9.737508,0.107446,-0.011902,-0.088288
78.35,0.814028,2.074364,9.728354,-0.125999,0.021027,0.035917
78.375,0.463429,1.464322,9.825975,-0.096021,0.085419,0.026173
78.4,0.15842,1.244204,9.827348,-0.08779,0.00934,-0.011376
78.425,0.511356,1.080541,9.647495,0.009876,-0.044799,-0.151258
78.45,0.743054,1.889206,9.478463,0.194132,-0.047527,0.008431
78.475,0.782172,2.085762,9.843548,-0.145231,0.090772,-0.044625
78.5,0.141517,0.587026,9.545291,-0.198374,0.05044,-0.064721
78.525,0.539645,1.164888,9.579615,0.344278,-0.071265,-0.083072
78.55,0.752396,2.743205,10.17907,0.091997,0.075461,-0.077143
78.575,0.457782,1.578914,9.554769,-0.277193,0.043212,0.061337
78.6,0.088076,0.812371,9.62869,-0.110417,0.047475,-0.081935
78.625,0.420053,0.955285,9.658198,0.156497,-0.136333,-0.107523
78.65,0.767132,1.925994,9.706031,0.127839,0.046014,-0.219981
78.675,0.630678,1.673896,9.491129,-0.158726,0.03862,-0.097943
78.7,0.400057,1.524543,9.79721,0.028048,0.08883,-0.106902
78.725,0.481159,1.536877,9.943225,-0.010351,-0.036167,-0.142593
78.75,0.489298,1.992588,9.996594,-0.017486,-0.01275,-0.060307
78.775,0.897721,1.737176,9.69413,-0.122243,-0.037489,-0.093471
78.8,0.393102,1.526722,9.883487,-0.111072,0.092399,0.022092
78.825,0.550009,1.652765,10.08486,-0.324317,0.068657,-0.133318
78.85,0.124505,0.606988,9.690366,-0.245214,0.054129,-0.17087
78.875,0.770695,1.559154,9.517797,0.157523,0.017248,-0.134361
78.9,0.37737,1.504562,9.491836,-0.181091,0.073692,-0.140604
78.925,0.479141,0.974791,9.550534,-0.02383,0.089534,-0.060808
78.95,0.310234,2.172815,10.041326,0.016063,0.133012,-0.131506
78.975,0.24677,1.543569,9.735881,-0.577261,0.13375,-0.121927
79.0,0.137246,-0.233553,9.1418,-0.102628,0.070198,-0.113433
79.025,0.306309,1.875481,9.940554,0.442187,0.057459,-0.008814
79.05,0.11305,1.145933,9.721757,-0.521186,0.061699,-0.091789
79.075,0.427524,0.389505,9.736648,0.292179,0.072139,-0.022711
79.1,-0.115379,2.092808,10.356942,0.074865,0.036942,-0.161279
79.125,0.216791,0.816551,9.774076,-0.166229,-0.07849,-0.054567
79.15,0.462902,1.752103,9.916848,0.29626,-0.03942,-0.010383
79.175,0.221062,1.515763,9.882974,-0.278237,-0.049007,0.040696
79.2,0.351083,0.594825,9.697929,0.07426,-0.040139,0.095744
79.225,0.367137,2.067236,10.078999,0.208828,-0.041049,-0.02822
79.25,0.257371,1.772094,9.890342,-0.306388,0.036218,0.002877
79.275,0.411112,0.486016,9.263358,0.003387,-0.042114,0.030443
79.3,0.210455,1.547034,9.725834,0.095646,0.041597,0.16435
79.325,0.409991,1.231019,9.719728,-0.336797,0.053938,6.3e-05
79.35,0.224983,0.374918,9.507462,0.042475,0.173866,-0.09998
79.375,0.031465,1.96247,10.014481,0.047747,0.004222,0.069818
79.4,0.144531,0.147296,9.440895,-0.179154,-0.028064,-0.038501
79.425,0.628643,1.271259,9.657821,0.649206,-0.062731,0.150983
79.45,0.26893,2.42423,10.014989,-0.318851,0.111939,-0.056592
79.475,0.297013,-0.03739,9.469519,-0.191893,0.133016,-0.067623
79.5,-0.176434,1.314907,9.963819,0.240329,0.170073,-0.175191
79.525,-0.301786,1.103882,10.001312,-0.211957,0.001948,-0.156896
79.55,0.034219,0.513085,9.49567,0.363609,-0.186177,-0.065228
79.575,0.601599,2.597043,9.972824,0.50286,-0.086415,0.031735
79.6,0.178712,2.327567,10.018468,-0.391016,-0.002565,0.053496
79.625,0.50954,0.578553,9.54418,-0.076565,0.053583,0.040544
79.65,-0.284087,1.300947,9.945502,-0.049077,0.118997,-0.106492
79.675,0.099918,0.525477,9.823296,-0.134972,-0.040676,-0.063311
79.7,0.039848,1.117874,9.706832,0.441299,-0.094379,-0.083955
79.725,0.335985,2.847992,10.129735,-0.033902,-0.00857,0.067439
79.75,0.192131,0.929424,9.629633,-0.532022,0.074123,-0.069649
79.775,0.08626,0.270932,9.530079,0.097803,0.048604,-0.021406
79.8,0.383167,1.948227,9.798746,0.121227,0.003648,0.057316
79.825,0.206459,0.978462,9.686073,-0.236964,0.013937,0.045326
79.85,0.110588,1.294873,9.886668,0.221145,0.067892,0.076499
79.875,-0.026592,1.899524,10.136526,-0.185455,-0.016682,-0.040224
79.9,0.2534,0.803322,9.664308,-0.065187,-0.101835,0.104272
79.925,0.11875,1.227497,9.613914,0.100665,-0.105086,0.125569
79.95,0.33634,1.063428,9.587487,-0.126784,-0.097478,0.089261
79.975,0.268957,0.717209,9.743441,0.034077,-0.019525,0.002745
80.0,0.082984,1.094862,9.876367,0.14133,-0.071202,-0.093896
80.025,0.272429,1.629369,9.89342,0.145846,-0.118614,-0.00532
80.05,0.586061,1.576144,9.665548,-0.062207,-0.094599,0.063032
80.075,0.364044,1.082661,9.797612,-0.059831,0.002007,0.181345
80.1,0.225742,1.071871,10.025163,-0.057499,0.050422,0.033679
80.125,0.133397,1.132511,10.095668,-0.04765,0.055812,-0.08303
80.15,0.308456,0.85426,9.652471,-0.061126,-0.018658,-0.158426
80.175,0.509695,1.28721,9.519616,0.141433,-0.002824,-0.059227
80.2,0.259004,1.483893,9.616944,-0.070351,0.019036,0.051293
80.225,0.178911,0.676164,9.646266,-0.083582,-0.005521,0.088558
80.25,0.152111,1.005696,9.921596,0.145876,-0.118009,0.122759
80.275,0.465724,1.70019,9.893676,0.048079,-0.158109,0.104628
80.3,0.485387,1.115264,9.503283,-0.086037,-0.083912,0.04276
80.325,0.526125,1.184391,9.655129,0.03919,-0.041924,0.0934
80.35,0.524659,1.566459,10.012375,0.050597,-0.027825,0.036087
80.375,0.379211,1.519903,9.95776,-0.146122,-0.039516,0.086723
80.4,0.425307,1.039395,9.575662,-0.189606,-0.036538,0.050148
80.425,0.451222,0.383174,9.632095,-0.038246,-0.074833,0.100808
80.45,0.442017,1.326155,9.948136,0.154287,-0.049873,0.09308
80.475,0.446361,0.876777,9.579774,-0.068677,-0.116851,0.018648
80.5,0.609158,0.925622,9.530165,0.142662,0.023412,0.055447
80.525,0.508545,1.742121,10.118739,0.050809,-0.009224,-0.01127
80.55,0.458061,1.164021,9.978255,-0.335477,0.059848,-0.042698
80.575,0.582399,0.376595,9.492996,0.110274,-0.02519,-0.039812
80.6,0.561184,1.572516,9.921365,0.148136,0.063132,-0.037111
80.625,0.789679,2.377457,10.123783,-0.153943,0.117792,-0.078594
80.65,0.167174,0.437019,9.629192,-0.52998,0.145736,-0.105978
80.675,0.44451,0.767195,9.823342,0.03246,0.132076,-0.051432
80.7,0.094221,0.462053,9.871229,0.07957,0.010968,-0.125258
80.725,0.566458,1.853887,10.076467,0.198482,0.095247,-0.01189
80.75,0.341367,0.828281,9.663283,-0.114671,0.061599,-0.117841
80.775,0.269218,0.968281,9.627504,0.319316,0.190612,0.002914
80.8,-0.021978,1.656045,10.032998,0.08579,0.057975,-0.079145
80.825,0.402768,1.242733,9.740626,-0.223137,0.070566,-0.07609
80.85,0.183608,0.799803,9.433818,-0.097742,0.034407,0.037965
80.875,0.359387,0.730463,9.534217,-0.000278,0.082265,0.005481
80.9,0.16756,0.949285,9.829824,0.085007,0.08345,0.034431
80.925,0.103376,1.280572,10.133947,-0.121164,0.062155,-0.060034
80.95,0.123677,0.493793,9.53282,-0.195781,-1.3e-05,-0.050799
80.975,0.338688,0.297851,9.561923,0.343337,-0.031345,0.008819
81.0,0.177969,2.61523,10.175623,0.09517,0.062011,-0.04799
81.025,0.271399,0.542987,9.693957,-0.348917,0.007593,-0.051821
81.05,0.023798,0.933893,9.887549,0.195142,0.024621,0.037369
81.075,0.277485,1.599496,9.971572,-0.094777,-0.065427,0.020978
81.1,0.458915,0.876909,9.753217,-0.032769,0.018251,0.000186
81.125,0.275224,1.342781,9.885531,0.070041,0.001193,0.03331
81.15,0.248833,1.37315,9.935629,-0.086668,0.016498,0.044999
81.175,0.137021,0.757372,9.61116,-0.212668,0.057657,-0.012126
81.2,0.046187,0.638811,9.570906,0.09175,-0.015343,0.042828
81.225,0.128703,1.11561,9.635986,0.060519,0.051865,-0.00026
81.25,-0.121089,0.886877,9.826997,-0.114962,-0.030666,0.016144
81.275,0.482322,0.444661,9.685263,0.15144,0.019512,-0.077052
81.3,-0.100044,1.819537,9.993413,0.064987,0.117768,-0.127095
81.325,0.445138,0.970839,9.58491,-0.177321,0.068891,-0.057216
81.35,-0.228907,0.889027,9.878723,0.027718,0.178456,0.004843
81.375,0.014124,0.846059,10.113277,0.086493,-0.039061,0.057742
81.4,0.131555,1.326689,9.895016,0.19345,0.056612,-0.029869
81.425,0.340474,1.522908,9.83038,-0.056936,-0.057986,0.043472
81.45,-0.028765,1.160922,9.811496,-0.229285,0.149115,-0.092478
81.475,-0.036299,0.540307,9.566238,-0.077241,-0.139263,-0.02164
81.5,0.255855,0.999604,9.43925,0.278485,-0.078316,0.112509
81.525,0.160984,1.164366,9.521354,0.030753,-0.111474,0.118235
81.55,0.002839,0.597676,9.752853,0.124162,0.029592,0.099893
81.575,-0.46604,1.827077,10.477891,0.169085,-0.281652,0.052786
81.6,0.753165,1.444809,9.497259,-0.09597,-0.129662,0.128026
81.625,0.964582,1.244002,9.504082,-0.145375,-0.121942,0.223259
81.65,-0.682178,0.2946,9.510957,-0.125105,0.28035,-0.039145
81.675,1.013897,0.916808,9.713613,0.055611,0.011018,-0.078241
81.7,-0.729004,0.77394,9.795433,0.027835,0.303117,-0.193266
81.725,0.752807,1.062871,9.781586,0.088724,-0.07994,-0.081863
81.75,-0.147484,1.065358,9.857054,0.205274,0.147584,-0.062971
81.775,0.564103,2.254509,10.173702,0.139427,0.004797,-0.065607
81.8,-0.362014,1.386431,9.805647,-0.152173,0.139249,0.015825
81.825,0.045389,1.290075,10.047155,-0.064095,-0.041126,0.10347
81.85,-0.278571,0.810176,9.668037,-0.075162,-0.024227,0.041932
81.875,0.310763,1.237789,9.75217,0.09858,-0.000397,0.124828
81.9,-0.5671,0.637846,9.884459,-0.165389,0.033648,-0.027894
81.925,0.254299,0.550513,9.737542,0.365128,-0.13207,-0.033004
81.95,-0.061136,2.419852,10.294178,0.09207,-0.014004,0.004435
81.975,0.644583,1.142058,9.689724,-0.218923,-0.118565,-0.040272
82.0,0.143661,1.386191,9.864724,0.074131,0.063555,0.071987
82.025,0.039577,0.982778,9.955536,-0.191407,-0.050907,0.007194
82.05,0.135299,0.409566,9.636367,0.209379,-0.118264,-0.016732
82.075,0.980079,2.460926,9.87804,0.169491,0.040851,0.02219
82.1,-0.370687,1.097773,9.91987,-0.545172,0.18332,-0.043172
82.125,-0.153283,0.026085,9.538659,0.233201,-0.086437,0.12852
82.15,0.017931,1.609978,10.146135,-0.083005,-0.015789,-0.022331
82.175,0.236717,-0.049093,9.523686,-0.012464,-0.10087,-0.228301
82.2,0.847094,2.158563,9.702449,0.437384,0.056977,-0.095763
82.225,0.100265,2.05329,9.756412,-0.344789,0.036309,0.004071
82.25,0.280395,0.579747,9.427412,-0.119726,0.095785,0.158185
82.275,0.02177,1.311238,9.927602,-0.104696,0.01614,0.148094
82.3,-0.099697,0.525144,9.81392,-0.145762,0.029713,0.014448
82.325,0.12201,0.917909,9.640108,0.314159,-0.154507,0.035289
82.35,-0.154954,2.711719,10.217301,0.099735,-0.11152,0.264568
82.375,0.818737,0.337502,9.30091,-0.538973,-0.078857,0.04239
82.4,-0.298946,0.526807,9.791519,0.267622,0.082605,0.23133
82.425,0.256546,1.457677,10.174345,-0.225101,-0.054072,-0.107244
82.45,0.223737,0.222945,9.608796,-0.072452,0.033737,-0.084306
82.475,-0.041517,1.307642,9.988519,0.246433,-0.081485,-0.075315
82.5,0.495852,1.178673,9.497608,-0.045722,-0.038175,-0.149561
82.525,0.35328,0.973805,9.553248,-0.093869,0.12667,-0.119313
82.55,-0.119878,0.23262,9.692911,-0.031627,0.100628,-0.233016
82.575,0.320654,1.282562,9.690367,0.257086,-0.033523,-0.004535
82.6,0.078706,2.076,10.021119,0.176914,-0.025045,0.119571
82.625,0.502242,1.692283,9.836578,-0.36045,-0.004691,0.088322
82.65,-0.037459,0.31838,9.638225,-0.153106,0.049348,0.151349
82.675,0.264832,0.66073,9.867155,0.093758,-0.012252,-0.042013
82.7,0.148594,0.877734,9.831634,0.073032,0.040665,0.037589
82.725,0.510885,1.268073,9.955387,0.144905,-0.118453,-0.023918
82.75,-0.068118,1.122399,10.179218,-0.039005,0.106568,-0.077313
82.775,0.655517,1.199624,9.609938,0.138192,-0.161346,-0.056861
82.8,0.132017,2.0406,10.08796,-0.139279,0.116685,0.146432
82.825,0.280504,0.183149,9.50851,-0.252849,-0.111467,0.10134
82.85,0.133057,1.131572,9.912952,0.237822,0.085958,0.093802
82.875,0.506086,1.158141,9.82672,-0.171686,-0.044178,-0.10411
82.9,0.472299,0.328072,9.513075,0.066789,0.140564,-0.054631
82.925,0.128908,1.660254,9.799133,0.302542,0.015826,0.138724
82.95,-0.130483,2.010252,10.282194,-0.29867,0.142165,0.152242
82.975,-0.191152,0.073459,9.503947,-0.345135,0.073895,-0.025607
83.0,-0.269613,0.599982,9.990363,0.129509,0.127509,-0.059291
83.025,0.226235,0.93987,9.586577,0.031941,-0.095285,-0.120208
83.05,0.275695,1.654704,9.716063,0.19104,0.061864,0.085384
83.075,0.124033,1.415166,9.848895,-0.165628,-0.035589,0.046083
83.1,-0.003406,0.773693,9.729185,-0.213298,0.107068,0.038625
83.125,-0.141591,0.703995,9.874103,0.065725,-0.096819,0.045872
83.15,-0.278458,0.916884,9.761683,-0.029232,-0.029717,0.029422
83.175,-0.065738,0.975039,9.875763,0.094406,-0.136316,0.106481
83.2,0.142021,1.355096,10.071462,-0.092096,-0.039806,-0.062408
83.225,0.402715,0.81639,9.693705,-0.019877,-0.079237,-0.008747
83.25,0.404007,1.081028,9.836775,0.013955,0.011063,-0.002774
83.275,0.124483,0.786159,9.947399,-0.07949,-0.107863,0.031274
83.3,0.255186,0.679786,9.937729,0.211119,-0.089937,0.033851
83.325,0.378642,1.418785,9.818766,0.097773,-0.19613,0.033009
83.35,0.636758,0.796341,9.462539,-0.080075,-0.006516,0.106278
83.375,0.525054,0.947211,9.827861,0.054603,0.020458,0.079042
83.4,0.034957,0.928338,9.912537,-0.177088,0.109048,-0.037517
83.425,-0.364357,0.397389,9.699961,0.059968,0.017134,-0.123036
83.45,-0.023262,1.219548,9.846659,0.227579,-0.13882,-0.098345
83.475,0.562021,1.195251,9.393121,-0.094208,-0.058668,-0.061222
83.5,0.706562,0.585317,9.541347,0.085169,-0.034536,0.034666
83.525,0.539481,1.517331,10.05483,0.142172,0.024155,-0.072376
83.55,0.914888,1.157919,9.638443,-0.078029,0.15411,-0.107394
83.575,0.224982,1.637853,10.157719,0.146368,0.043879,0.053907
83.6,0.874577,1.495295,9.877967,-0.253377,0.140143,0.018613
83.625,0.148371,0.901634,9.824081,-0.11583,0.14509,0.063374
83.65,0.039662,0.850987,9.819315,-0.090601,0.170189,-0.042191
83.675,-0.273278,0.269844,9.651281,-0.143887,0.043491,-0.010855
83.7,-0.176449,0.262141,9.79217,0.166375,0.085785,-0.080418
83.725,-0.078343,1.202324,9.828339,0.174959,-0.122851,-0.004014
83.75,0.289417,1.437719,9.725938,0.069781,0.042894,0.018866
83.775,0.020564,1.361951,9.892633,-0.118829,-0.038074,0.012732
83.8,0.329583,1.108185,9.802911,-0.135717,0.042197,0.072447
83.825,-0.06615,0.620033,9.574572,-0.132554,-0.076213,0.072934
83.85,0.288751,0.376679,9.45719,0.20338,-0.03709,0.10511
83.875,0.150217,1.712441,10.037788,0.146045,-0.034846,0.017234
83.9,0.297963,0.725283,9.53797,-0.098173,0.034843,-0.068551
83.925,0.063076,1.428143,9.954373,0.163802,0.002331,0.167434
83.95,0.096781,0.761043,9.834681,-0.235526,0.050448,-0.015115
83.975,-0.171759,0.717989,9.95938,0.103402,0.007913,0.025176
84.0,0.115718,1.366478,10.17633,0.012602,0.032358,-0.174679
84.025,0.022979,1.184194,9.816257,-0.027655,-0.050517,-0.116272
84.05,0.473954,1.01651,9.606268,0.024093,0.045056,-0.052881
84.075,0.144112,1.112613,9.792215,-0.067541,-0.008335,-0.014937
84.1,0.191513,0.686569,9.800972,-0.073622,0.066068,0.002877
84.125,0.158825,1.057325,9.773683,0.225757,-0.040559,-0.019071
84.15,-0.113947,1.596983,9.911465,-0.101193,0.020958,0.059026
84.175,0.121798,0.42217,9.595983,-0.161826,-0.069441,0.032153
84.2,-0.074101,0.718488,9.787414,0.134802,-0.016105,-0.027643
84.225,0.342704,0.890321,9.688751,-0.022935,-0.092831,-0.078502
84.25,0.315316,0.708609,9.656119,0.176959,0.016925,-0.041596
84.275,0.196767,1.582349,10.117251,0.001724,0.02241,-0.018048
84.3,0.219952,0.866239,9.873457,-0.055595,0.047157,-0.089806
84.325,0.285338,1.46643,9.808074,0.114969,-0.048899,0.031861
84.35,0.399725,1.261358,9.893847,-0.074199,0.094101,-0.003715
84.375,0.01244,1.016485,9.959645,-0.113026,0.07913,-0.040823
84.4,0.041268,0.893217,9.816689,-0.002628,0.025602,-0.01627
84.425,0.189675,0.939032,9.673199,-0.043076,0.00026,0.048564
84.45,0.076187,0.788554,9.797866,-0.023492,0.013341,0.062146
84.475,0.131427,0.66397,9.773363,-0.064229,0.010351,-0.055823
84.5,0.239842,0.732197,9.685994,0.113996,0.004014,-0.055868
84.525,0.00866,1.364919,9.803497,0.191893,0.013097,0.00621
84.55,0.365952,1.548644,9.88453,-0.189979,-0.044544,0.047467
84.575,-0.051364,0.368822,9.662833,0.013154,0.028106,0.057885
84.6,0.53017,1.447601,9.917658,0.183619,-0.095648,0.084897
84.625,-0.031973,1.389235,9.740133,-0.136479,0.040672,0.089087
84.65,0.343774,0.580537,9.642001,-0.203271,-0.012412,0.071873
84.675,-0.241387,0.443414,9.791161,0.047262,0.040115,0.063255
84.7,0.250158,1.263109,9.993786,0.096066,-0.080498,0.031901
84.725,0.085565,1.058139,9.880111,-0.065353,0.042493,-0.006468
84.75,0.323557,0.760129,9.669314,0.047742,-0.026404,0.042416
84.775,-0.052137,1.17658,9.865999,0.012218,0.104468,-0.025343
84.8,0.069822,0.96197,9.932725,-0.081445,0.01631,-0.024152
84.825,-0.07611,0.789371,9.662244,-0.034407,0.00826,-0.057023
84.85,0.393024,0.889814,9.490885,0.125547,-0.003103,-0.059842
84.875,0.045841,1.361846,9.741671,0.057735,0.067005,-0.028647
84.9,0.149696,0.97346,9.858505,-0.1151,0.041845,-0.063932
84.925,-0.065748,0.594636,9.731661,0.051359,-0.044939,0.058951
84.95,0.154727,1.138627,9.886553,0.123818,-0.042224,0.067092
84.975,0.120698,1.244392,9.861769,-0.064442,-0.03285,0.037284
85.0,0.074014,0.914125,9.951922,-0.038132,0.041385,-0.014818
85.025,-0.03927,0.66039,9.884882,-0.01646,-0.05469,-0.026787
85.05,0.035172,0.951172,9.880161,0.194666,-0.071287,0.018179
85.075,0.421495,1.781604,9.974384,0.135471,-0.104411,-0.028183
85.1,0.206993,1.582537,9.819907,-0.125027,-0.047501,-0.03183
85.125,0.413937,0.842147,9.120533,-0.058426,-0.142356,-0.024572
85.15,0.477817,1.339462,9.028308,0.198803,-0.154037,0.044959
85.175,0.070713,1.309751,9.602709,-0.069713,-0.241745,0.068568
85.2,0.389574,0.532292,8.787252,0.01384,-0.517998,0.108149
85.225,0.267223,0.585056,9.014185,0.482923,-0.497984,0.285032
85.25,0.684776,1.70955,9.835412,0.312624,-0.660031,0.10463
85.275,0.618406,1.19252,9.695129,0.07038,-0.52999,-0.048058
85.3,1.211909,0.6073,9.759044,0.003484,-0.513904,-0.087391
85.325,1.292982,0.673968,9.923729,0.156608,-0.216472,-0.041257
85.35,1.064989,0.360774,10.161057,-0.067399,-0.111899,-0.032506
85.375,1.067811,-0.510605,10.201706,0.446536,-0.075605,0.073427
85.4,1.394692,2.937822,11.52673,0.920603,0.121531,-0.034841
85.425,1.042706,3.397866,11.165927,-0.499003,0.325111,-0.325273
85.45,1.190991,1.023613,10.177939,-0.131215,0.403886,-0.177729
85.475,1.097504,2.800947,10.649419,-0.164566,0.446831,-0.088977
85.5,1.1296,0.463764,10.30627,-0.442787,0.58389,-0.152788
85.525,0.818055,2.779916,11.008799,0.248581,0.799291,-0.314959
85.55,-0.31323,2.354146,10.298285,-0.6748,0.549592,-0.212868
85.575,1.30559,0.658221,8.749659,-0.217774,0.810643,-0.335225
85.6,-0.389108,1.71447,8.951628,-0.030277,0.641734,-0.227845
85.625,0.473711,2.008078,8.969373,-0.388423,0.897524,-0.445685
85.65,-0.700748,0.678619,8.430424,-0.569748,0.518231,-0.191774
85.675,-0.008473,0.989327,8.509739,-0.113038,0.640931,0.100509
85.7,-1.132557,0.556659,8.728678,-0.378062,0.353014,0.144559
85.725,-0.949402,-0.129278,9.183932,0.006419,0.357715,0.217461
85.75,-1.959258,-0.830667,9.576083,-0.040212,0.03391,-0.186791
85.775,-1.257163,0.254493,9.676907,0.622049,-0.183748,-0.114195
85.8,-0.660776,1.489365,9.442304,0.308015,-0.518586,-0.077256
85.825,-0.06574,1.438709,9.01118,0.213927,-0.259189,0.161169
85.85,-0.337746,1.27642,9.460847,0.014714,-0.337591,0.218278
85.875,-0.12738,0.673797,9.222557,-0.120864,-0.154847,0.059546
85.9,-0.544115,0.043342,9.519483,0.199945,-0.226719,-0.044769
85.925,-1.156903,0.990627,10.066802,0.366535,-0.385405,0.002962
85.95,0.557746,1.070999,9.22409,0.582167,-0.724771,0.089967
85.975,-0.203102,2.72122,10.415266,0.331162,-0.202522,0.062317
86.0,0.143365,0.961178,9.66454,-0.029496,-0.672664,0.091923
86.025,-0.085639,2.165981,9.857165,0.620006,-0.502616,0.380086
86.05,1.016822,2.383732,9.913767,0.000513,-0.717134,0.359383
86.075,0.862097,1.888913,9.608521,0.085263,-0.263974,0.403519
86.1,-0.153379,1.224856,9.783282,-0.203243,-0.536604,0.336158
86.125,1.120189,0.514952,9.840183,0.162108,-0.352616,0.240199
86.15,0.496075,1.359593,9.619963,0.343139,-0.533736,-0.076296
86.175,1.485484,1.956022,9.216745,0.374788,-0.235575,-0.045025
86.2,1.76862,3.085102,9.790061,0.371273,-0.287158,0.276318
86.225,0.867244,1.543059,9.800382,-0.37656,-0.017629,0.161792
86.25,1.001739,0.958091,9.713178,0.212288,-0.064096,0.330079
86.275,0.920472,2.319805,10.121748,0.22756,0.005127,-0.06744
86.3,0.956674,1.560761,9.988887,-0.305826,0.203235,-0.192052
86.325,0.743152,0.737576,9.762767,0.295054,-0.07462,-0.249397
86.35,1.291249,2.679921,10.120913,0.515215,0.026917,-0.156902
86.375,1.187097,3.07108,10.228192,-0.088395,-0.040807,0.044256
86.4,1.180234,1.661429,9.813128,-0.098725,0.076245,0.037141
86.425,0.742365,2.322285,10.508044,0.08302,0.155998,0.070335
86.45,0.748241,2.310904,10.618017,-0.206804,0.122873,-0.136873
86.475,0.895889,1.450542,10.13512,-0.09318,0.14733,-0.182363
86.5,1.242304,2.184229,9.806906,0.163453,0.188916,-0.118509
86.525,0.984344,2.85412,9.964794,-0.169371,0.309049,-0.1843
86.55,0.512033,2.333483,10.035794,-0.311807,0.323061,-0.150265
86.575,0.667885,1.824326,9.541434,-0.376759,0.185315,-0.206932
86.6,0.501866,0.879296,9.118619,-0.121022,0.08013,-0.034869
86.625,0.713348,1.609101,9.264119,0.096726,0.037027,0.072607
86.65,0.634285,1.805587,9.208065,-0.190443,0.103375,0.081241
86.675,0.403742,0.846609,9.452294,-0.214997,0.13537,-0.081386
86.7,0.289531,0.967743,9.438239,0.260097,0.021222,-0.067198
86.725,0.255964,1.983574,9.607967,0.201023,-0.013891,-0.003984
86.75,0.864966,2.032541,9.500188,0.053733,-0.070952,0.073443
86.775,0.833745,2.007264,9.748152,-0.105355,0.170019,0.041639
86.8,0.706145,1.327543,9.629106,-0.174502,0.150582,-0.021711
86.825,0.431955,1.368146,10.066554,0.004216,0.224634,-0.021861
86.85,0.291229,1.579025,10.358391,-0.086212,0.01233,0.114817
86.875,0.276182,0.425533,10.019569,-0.063066,0.152908,0.02493
86.9,-0.071867,2.293955,10.546715,0.496922,-0.047819,0.163483
86.925,0.777361,2.556818,10.146774,-0.385077,0.038733,-0.066561
86.95,0.99839,1.503516,9.459028,-0.122069,0.222208,-0.07089
86.975,0.332089,1.987454,9.394372,-0.151875,0.357593,-0.15944
87.0,0.072709,2.340087,9.668135,-0.073306,0.313452,0.009372
87.025,0.408981,1.263608,8.935478,-0.309184,0.101973,-0.011404
87.05,0.242548,1.774982,9.146166,0.031166,0.382285,0.043884
87.075,0.214478,1.608438,9.094969,-0.287507,0.139332,0.022826
87.1,0.143509,1.331149,9.04258,-0.166413,0.322188,0.113206
87.125,-0.223507,0.796165,8.979564,-0.225933,0.050457,0.08043
87.15,-0.112926,0.350458,9.030295,-0.08077,0.182101,-0.058662
87.175,-0.267362,0.501942,9.087796,0.181356,-0.065877,-0.031977
87.2,-0.359978,1.380591,9.444789,0.402774,-0.00332,0.020385
87.225,-0.031045,1.75588,9.626771,0.120873,-0.22796,0.08714
87.25,-0.244082,1.17043,9.716327,0.216831,-0.128251,0.076014
87.275,0.573198,1.888788,10.144186,0.33995,-0.25577,0.211802
87.3,-0.264773,1.985425,10.184072,0.188562,-0.188861,0.184052
87.325,0.840745,2.467194,10.376407,-0.069023,-0.111567,0.255647
87.35,-0.607285,0.556807,10.010243,-0.15029,-0.004333,-0.061404
87.375,0.639607,1.567981,10.22715,0.536381,-0.164061,0.146565
87.4,-0.031727,2.983697,10.416637,0.199317,-0.207171,0.212543
87.425,0.393342,1.564124,9.795016,-0.470677,-0.037855,0.003645
87.45,0.306298,0.833658,9.431039,0.39331,-0.07206,0.081005
87.475,0.18627,3.503368,10.397529,0.200573,0.000567,0.132652
87.5,0.508376,1.751945,9.63368,-0.535691,-0.066155,0.251369
87.525,0.220961,0.810526,9.42761,-0.005365,0.073246,-0.000425
87.55,0.582391,2.497207,10.023016,0.156096,0.09964,0.082788
87.575,0.067292,1.553021,9.565538,-0.363618,0.02416,-0.024608
87.6,0.384164,0.861869,9.529396,0.010217,0.140987,-0.054726
87.625,-0.55237,1.575719,9.780965,0.133125,0.068573,-0.210995
87.65,0.479223,1.778018,9.716443,-0.039163,0.017348,-0.206805
87.675,-0.344788,1.23024,9.830634,0.080957,-0.118908,-0.125344
87.7,1.393997,2.206576,9.521807,0.335177,-0.08056,-0.111136
87.725,0.369088,3.055398,9.859598,-0.105018,0.154155,-0.022947
87.75,0.828768,1.716831,9.549553,-0.292173,0.18055,-0.037648
87.775,-0.293307,1.778824,9.938308,-0.090568,0.196425,0.04489
87.8,0.241674,1.65072,9.91062,-0.175549,-0.063097,0.137634
87.825,0.441159,0.692416,9.220062,-0.059522,0.106796,-0.02745
87.85,-0.115344,1.759667,9.807711,0.180497,0.233895,-0.012482
87.875,-0.848054,1.561488,10.11952,-0.218066,0.035985,-0.100773
87.9,0.607697,0.351893,9.354937,-0.00953,-0.180681,-0.144728
87.925,1.033223,2.025623,9.427064,0.618523,0.007352,0.026902
87.95,-0.23954,3.418659,10.100657,-0.224055,0.295869,-0.063834
87.975,-0.144474,1.154147,9.368486,-0.495779,-0.078698,0.153896
88.0,-0.532933,0.772356,9.774597,0.022253,0.211548,-0.097654
88.025,0.011719,0.731279,9.347846,-0.030204,-0.154672,-0.182908
88.05,-0.180785,1.654133,9.307359,0.463095,0.20031,-0.074365
88.075,-0.010607,2.720635,9.939854,-0.123399,-0.119969,-0.026452
88.1,0.409756,0.434541,9.35691,-0.266234,0.197914,-0.085704
88.125,-0.572473,1.728105,10.153805,0.628885,-0.222366,0.158769
88.15,0.747438,2.358177,9.916546,-0.181717,-0.014331,-0.065944
88.175,-0.441748,1.18384,9.814904,0.056751,-0.157961,0.059885
88.2,0.406003,1.75648,9.839921,0.230138,-0.020565,-0.157362
88.225,-0.304496,2.773646,10.398178,-0.053017,-0.169241,0.175061
88.25,0.977185,1.070617,9.131476,-0.179725,-0.110896,-0.091565
88.275,-0.260056,2.388539,10.167855,0.246331,0.026595,0.290266
88.3,0.55336,1.92271,9.797503,-0.264362,-0.143584,0.047639
88.325,0.261959,1.557074,9.657684,0.001447,0.027529,0.172186
88.35,0.418442,2.025434,9.635296,-0.147647,0.004959,0.131448
88.375,0.46906,1.450341,9.388778,-0.203758,0.229235,-0.018102
88.4,0.014661,2.055821,10.037937,-0.051912,0.20374,0.278297
88.425,-0.461591,1.52945,9.948753,-0.331293,0.035011,0.103059
88.45,0.291721,0.534178,9.250782,-0.000113,0.023026,0.156409
88.475,-0.43724,1.604505,9.858745,0.091174,0.131265,-0.002799
88.5,-0.43625,0.916637,9.85974,-0.278975,0.047608,-0.197197
88.525,-0.198463,0.743084,9.668502,0.32281,-0.123743,-0.044005
88.55,0.281718,2.041608,9.755728,0.276538,-0.189517,-0.125813
88.575,0.693879,2.108949,9.521788,0.072335,-0.027739,-0.023479
88.6,0.381232,2.392536,9.897722,-0.080994,0.137377,0.049728
88.625,-0.565132,1.750418,10.076296,-0.310224,-0.008116,0.092772
88.65,0.03934,0.743678,9.517401,-0.145224,-0.065667,0.07106
88.675,-0.521258,0.638926,9.504038,-0.027226,-0.04878,-0.1469
88.7,0.43177,0.240446,9.158477,0.155937,-0.074254,-0.358993
88.725,0.142322,1.564495,9.5905,0.397419,0.141142,-0.468593
88.75,0.833809,2.643157,9.794479,0.235169,-0.09713,-0.144703
88.775,0.341793,2.176135,9.601089,-0.03301,0.21069,-0.109387
88.8,0.386082,2.343763,10.047931,-0.116112,0.131792,0.041579
88.825,-0.463994,1.660172,9.968317,-0.152535,0.00522,0.061988
88.85,0.162662,1.303582,9.808865,0.080826,-0.029929,0.011932
88.875,-0.029119,1.748845,9.684957,0.050008,-0.081669,0.11723
88.9,0.1348,1.455599,9.636507,-0.155408,0.172906,-0.080713
88.925,-0.194155,1.413343,9.74832,0.039883,-0.002629,-0.020161
88.95,0.076317,2.227194,10.048271,0.137789,0.046232,0.084872
88.975,0.598486,1.662418,9.445362,-0.216911,0.00883,-0.04014
89.0,-0.110084,1.04306,9.218547,-0.083587,0.28419,-0.015256
89.025,0.064136,1.207421,9.459794,-0.057371,0.245496,-0.164849
89.05,-0.779492,1.102279,9.709127,-0.04146,0.270873,-0.125574
89.075,-0.421119,1.438692,9.764888,0.206286,0.130103,-0.130757
89.1,-0.92486,2.336229,10.330309,0.089524,-0.062191,0.050669
89.125,0.39622,1.435899,9.432077,-0.146878,-0.12444,-0.062514
89.15,0.014886,1.882916,9.540958,0.299874,0.054848,0.05588
89.175,0.199491,2.411475,9.891633,-0.285878,0.087352,-0.01795
89.2,-0.315444,0.815118,9.367969,-0.172152,0.15328,0.012998
89.225,-0.554296,1.769052,10.142943,0.234729,-0.036839,0.229601
89.25,-0.440977,1.482727,9.749561,-0.174134,0.016864,-0.02406
89.275,-0.554984,1.099842,9.693377,0.326218,-0.154298,0.131193
89.3,-0.491189,2.664664,10.405149,0.236666,-0.093545,0.112336
89.325,0.149005,1.977201,9.7433,-0.245314,-0.299759,0.162358
89.35,0.012077,1.368261,9.737272,0.043608,-0.007088,0.194729
89.375,0.116657,2.034689,9.797689,0.157423,-0.214197,0.211071
89.4,-0.301429,1.84364,9.824695,-0.196719,0.040341,0.129855
89.425,-0.071666,1.269707,9.639238,-0.092205,-0.15327,0.124024
89.45,-0.085353,1.191765,9.44296,-0.020288,-0.061871,0.093139
89.475,-0.337857,1.558433,9.762811,0.151583,-0.056308,0.144078
89.5,0.611538,1.783105,9.552463,-0.123918,-0.22793,0.016707
89.525,0.709139,1.117554,8.84456,0.033036,0.277648,-0.091999
89.55,-0.195646,2.45527,10.370385,0.09503,0.112438,0.108728
89.575,-0.149078,1.498584,9.851814,-0.254267,0.156366,-0.03604
89.6,-0.568019,1.021826,9.833482,-0.096211,-0.103006,0.043468
89.625,0.650124,1.480586,9.381361,0.281991,0.045303,-0.035134
89.65,-0.143784,2.444858,9.751675,-0.194166,0.181022,-0.157914
89.675,-0.722685,0.751847,10.034539,-0.228566,0.129409,0.040664
89.7,0.175679,1.618885,9.560397,0.458019,-0.424722,0.112194
89.725,0.410828,2.568698,9.778055,-0.280335,0.236564,0.028867
89.75,-0.037553,-0.022201,9.32054,-0.37123,0.07276,-0.298272
89.775,-0.888445,1.127794,10.028333,0.525193,0.00888,-0.046659
89.8,1.097667,1.628991,9.517628,-0.046055,-0.112039,-0.217801
89.825,-0.361642,2.362118,9.534346,0.393156,0.093675,0.129129
89.85,0.324755,2.881483,10.371493,-0.501302,0.161355,0.048029
89.875,-0.620369,0.28608,9.284788,-0.311078,-0.064494,0.117496
89.9,1.164833,1.483529,9.471525,0.413794,0.048306,0.238278
89.925,-0.380073,2.61975,10.050627,-0.398956,0.151371,0.217576
89.95,0.265625,-0.186465,9.281441,-0.281642,0.198021,0.178634
89.975,-0.962496,1.526028,10.011696,0.293356,0.125895,0.204048
90.0,-0.163733,1.995731,9.942485,-0.14171,-0.02181,0.094697
90.025,-0.208875,0.765345,9.283218,-0.072278,0.171339,-0.075169
90.05,-0.521793,1.313227,9.537668,0.173428,0.135269,-0.074162
90.075,-0.525497,1.686452,9.859918,0.225329,-0.005676,-0.023331
90.1,-0.470143,1.858668,9.759455,-0.03416,-0.184093,0.063775
90.125,0.119122,0.680643,8.952308,0.138899,-0.108189,0.070897
90.15,0.152714,1.853519,9.422724,0.567005,-0.073545,0.100689
90.175,-0.371063,2.965579,10.279582,0.025919,0.185386,0.068804
90.2,-1.016305,1.609287,10.453217,-0.354246,-0.190849,0.098153
90.225,-0.108033,0.515615,9.442071,0.161426,-0.311509,0.016915
90.25,-0.084218,2.291962,10.004543,0.424557,-0.11764,-0.067805
90.275,1.132016,2.013059,9.609456,-0.043533,-0.024758,-0.281256
90.3,-1.592766,2.732936,10.911381,0.292179,0.272415,0.125131
90.325,0.587143,1.860735,9.607047,-0.593167,-0.670053,-0.040115
90.35,0.317319,1.185949,9.695213,-0.036363,0.434818,0.075265
90.375,0.846007,0.339068,9.205935,-0.168445,-0.062961,-0.576017
90.4,-0.978355,1.913873,10.282863,0.387729,0.606615,0.01841
90.425,0.165522,2.348153,10.192222,-0.228265,-0.375093,-0.189102
90.45,-0.209338,1.162591,9.321203,-0.073892,0.318429,0.120663
90.475,-0.09367,1.049387,9.745502,0.017185,0.00487,-0.284368
90.5,-0.608358,2.163521,9.991198,0.217325,0.289872,-0.213512
90.525,0.022668,2.200382,10.116405,-0.18301,-0.055874,-0.075169
90.55,-0.579789,2.090435,9.944878,-0.131912,0.178576,-0.014354
90.575,-0.125265,1.268619,9.711353,-0.107767,-0.167469,0.121788
90.6,-0.238526,2.144045,9.693647,0.220746,0.119218,0.100036
90.625,-0.013824,1.608317,10.147403,-0.024702,-0.224453,0.226769
90.65,-0.786932,1.739151,10.763552,0.07761,0.10611,0.093301
90.675,-0.81967,1.782639,10.405572,-0.000615,-0.411225,-0.129051
90.7,0.151459,2.354858,9.79571,-0.10476,-0.06113,-0.102965
90.725,1.106095,1.841661,8.895544,-0.324155,0.099426,-0.293416
90.75,-0.723926,1.419007,9.480825,-0.355119,0.598431,-0.169158
90.775,-0.881124,-0.007911,9.53944,-0.454571,0.314321,-0.47111
90.8,-1.218009,0.003942,9.469356,0.261877,0.125614,-0.457409
90.825,0.626112,2.173163,9.542917,0.539435,-0.064307,-0.351116
90.85,0.088534,3.29631,9.520722,0.273575,0.248627,-0.147548
90.875,-0.460543,2.684933,9.994594,-0.508176,0.359202,-0.081333
90.9,-1.018906,0.875023,9.761088,-0.354343,0.188648,-0.055133
90.925,-0.816317,2.008021,9.895001,0.051979,0.036997,0.140968
90.95,-0.934828,1.664969,9.993226,-0.330769,-0.083931,0.211229
90.975,-1.376661,-0.104755,9.830407,-0.115076,-0.078801,0.064731
91.0,-0.43134,1.268024,9.904964,0.532556,-0.229141,-0.028518
91.025,-0.284905,3.321917,10.078331,-0.221039,0.132829,-0.204915
91.05,-0.385624,0.270258,9.208238,-0.761961,0.16467,-0.25784
91.075,-0.88358,0.723719,9.599884,0.376297,0.225986,-0.084695
91.1,-0.603957,2.607181,10.515115,-0.498959,0.082566,-0.158914
91.125,-0.730882,-1.217608,8.952955,-0.518539,0.109896,-0.382396
91.15,-0.780867,0.646734,9.829438,0.816863,-0.044535,-0.194104
91.175,-0.616793,2.396744,10.071891,-0.106554,-0.129382,-0.191999
91.2,0.396582,1.141404,9.607609,0.03926,-0.02202,0.310939
91.225,-0.928748,2.309679,10.836962,-0.173799,-0.046991,0.27228
91.25,-0.430229,0.658972,9.672354,-0.619261,-0.052445,0.097932
91.275,-0.464182,0.146536,9.246181,0.232309,-0.05623,-0.035252
91.3,-0.691347,2.404811,9.995576,-0.00273,0.100402,-0.002018
91.325,-0.56034,0.335993,9.496319,-0.653914,0.048672,-0.131902
91.35,-0.871072,-0.317488,9.407627,0.295077,0.129925,-0.007349
91.375,-0.869273,1.939756,9.968823,0.170333,-0.000418,-0.071831
91.4,-0.55414,1.591661,9.71325,-0.214632,0.069384,0.027699
91.425,-0.545843,1.380993,9.483197,-0.158559,0.147737,0.025431
91.45,-0.873826,0.958758,9.229754,-0.371677,0.223661,-0.033482
91.475,-0.890437,0.370488,9.30725,-0.178318,0.229152,-0.072904
91.5,-1.154816,0.755135,9.506154,-0.134524,0.203446,-0.11896
91.525,-0.943032,0.414877,9.080006,-0.224746,0.135564,-0.043069
91.55,-1.168304,0.182953,8.978509,-0.034774,0.103892,0.084919
91.575,-1.187372,1.007949,9.725889,-0.015641,0.052566,0.186342
91.6,-1.501648,0.421815,9.709981,-0.202864,0.001644,0.026743
91.625,-1.085519,0.620477,9.350767,0.10613,-0.032082,0.004213
91.65,-1.13474,0.462056,9.048326,-0.081467,0.074344,-0.111334
91.675,-0.988063,0.581296,9.364934,0.005001,0.142948,-0.041463
91.7,-1.309833,0.603495,9.515987,-0.175904,0.177164,-0.164608
91.725,-1.403589,0.018499,9.478771,0.080585,0.028935,-0.124029
91.75,-1.314985,0.64354,9.392542,0.123471,-0.045125,-0.17691
91.775,-1.264244,-0.262294,9.223732,0.187592,-0.132708,-0.109973
91.8,-1.530344,0.349554,9.767804,0.744502,-0.248314,-0.103777
91.825,-0.281171,1.9971,9.770989,0.640274,-0.322986,-0.158697
91.85,-0.440385,2.667754,9.978416,-0.177387,0.030074,-0.137666
91.875,-1.099088,-0.196569,9.441705,-0.478764,-0.00163,-0.040802
91.9,-1.248584,0.455295,9.945061,0.38621,-0.116054,-0.016315
91.925,-1.096798,0.542222,9.937767,-0.108063,-0.218154,-0.098626
91.95,-0.249315,-0.153903,9.331283,0.828955,-0.17816,-0.068568
91.975,-1.120931,3.206083,10.48558,0.519609,-0.078628,0.008448
92.0,-0.057406,1.611539,9.806945,-0.540884,-0.201904,0.005516
92.025,-0.42006,0.310401,9.176648,0.035028,0.09807,0.03501
92.05,-0.602076,2.587479,10.293883,0.13749,0.16726,0.258008
92.075,-1.343785,0.031039,9.885737,-0.731894,0.027302,-0.03245
92.1,-1.319194,-0.089932,9.789922,0.384707,-0.144008,0.24205
92.125,-0.668882,1.161673,9.72487,0.367628,-0.327819,-0.020008
92.15,0.036237,1.197503,9.498269,0.429865,-0.225321,0.243216
92.175,-0.201718,2.944101,10.098561,0.476665,0.061677,0.090956
92.2,-0.843056,2.148201,10.224267,-0.719469,0.097349,0.073756
92.225,-0.879223,0.118678,9.675207,-0.23536,-0.019303,0.134098
92.25,-0.807935,0.660837,9.537029,0.178431,-0.037048,-0.152337
92.275,-0.698712,0.949532,9.584586,0.214415,-0.110837,0.09307
92.3,-0.154204,1.257768,9.568792,0.264176,0.013858,-0.086333
92.325,-0.652368,2.19163,10.012305,0.112716,0.111685,0.064456
92.35,-0.626818,0.896693,9.783007,-0.37042,0.15877,-0.125009
92.375,-0.854164,0.288128,9.743197,0.363378,0.10415,-0.186951
92.4,-1.196399,2.640619,10.399231,0.314217,-0.005645,-0.044
92.425,-0.966175,1.682665,9.978656,-0.03755,-0.224512,0.051649
92.45,-0.72657,1.955864,9.910146,0.251792,-0.185693,0.215274
92.475,-0.423368,1.808101,9.687749,-0.179164,-0.21728,0.094925
92.5,-0.344335,0.809208,9.491469,-0.103853,-0.128809,0.217623
92.525,-0.22868,1.09436,9.702185,0.149957,-0.111373,0.119157
92.55,-0.523791,1.567018,9.665957,0.062075,-0.027373,0.065667
92.575,-0.340649,1.450788,9.750394,-0.050763,-0.029397,0.047627
92.6,-0.738663,1.56842,9.875991,0.048445,-0.036957,0.065876
92.625,-0.509586,1.801911,9.929965,-0.036142,-0.163906,0.16657
92.65,-0.431168,1.168775,9.588319,-0.040942,-0.168518,0.074395
92.675,-0.131353,1.164003,9.46705,0.090245,-0.083514,-0.024231
92.7,-0.387382,1.603432,9.568046,0.104355,-0.050013,-0.097928
92.725,-0.26735,2.073207,9.647307,0.00602,-0.094514,0.009332
92.75,-0.269004,1.493528,9.451007,-0.119183,-0.18472,0.157358
92.775,0.045593,0.923515,9.176202,-0.207355,-0.119138,0.21741
92.8,-0.297978,0.550726,9.66935,0.226072,-0.091621,0.23242
92.825,-0.49821,1.751456,10.229673,0.143043,-0.08725,0.091929
92.85,-0.116691,0.838303,9.633399,0.161326,-0.239086,-0.009422
92.875,0.21333,1.781144,9.7761,0.529661,-0.063807,-0.092788
92.9,-0.06112,2.541513,10.140202,0.069908,-0.006128,-0.132043
92.925,-0.045875,1.502973,9.706098,-0.165973,0.038529,-0.058472
92.95,-0.198905,1.327621,9.91468,0.25534,-0.103791,0.095968
92.975,0.135907,2.812723,10.410222,0.395487,-0.109637,0.136659
93.0,-0.072882,2.243981,9.890424,-0.338195,-0.103521,0.135567
93.025,0.209622,1.262953,9.581029,0.019328,-0.013373,0.118715
93.05,-0.171046,1.709663,9.904891,0.053159,0.021546,-0.092234
93.075,0.010995,1.911846,9.918307,0.027472,0.045511,0.015184
93.1,-0.004524,1.881164,9.71181,-0.022604,-0.00256,-0.013526
93.125,-0.214359,1.684479,9.740258,0.015107,0.088687,0.042788
93.15,-0.139224,1.779946,9.762303,-0.050408,-0.016317,-0.109675
93.175,-0.06449,1.908244,9.657879,0.096161,0.042115,-0.069373
93.2,-0.047616,1.879426,9.704646,-0.158884,-0.044308,-0.034123
93.225,-0.001968,1.171159,9.450565,0.00098,0.027361,0.037532
93.25,-0.14059,1.728558,9.776697,0.167742,-0.010859,0.075743
93.275,-0.079602,2.049399,9.83558,0.04326,-0.015432,0.03676
93.3,0.060767,1.961074,9.796929,0.067546,0.037028,-0.038037
93.325,-0.173619,1.973954,9.838286,-0.031119,0.044322,-0.062138
93.35,-0.037407,1.922126,9.774076,-0.054046,0.068647,-0.043601
93.375,-0.157575,1.46701,9.502858,-0.081242,0.019578,-0.057443
93.4,0.174456,1.635872,9.460054,0.119597,0.06706,-0.020045
93.425,-0.272671,1.880047,9.665838,0.007081,0.067426,-0.060997
93.45,-0.271403,1.603112,9.687109,-0.013221,-0.038808,-0.04545
93.475,-0.066897,1.632982,9.607127,0.047469,-0.09754,-0.025889
93.5,0.296177,1.835901,9.528389,0.090532,-0.056579,0.030259
93.525,-0.062795,2.072705,9.693812,-0.04119,0.026728,0.100594
93.55,-0.158995,1.35815,9.560814,-0.09171,0.006793,0.053077
93.575,-0.247553,1.560525,9.81668,0.05684,-0.025258,-0.003237
93.6,0.093944,1.489225,9.659647,0.045604,-0.057506,-0.120083
93.625,0.016782,1.606253,9.428656,0.208669,-0.009779,-0.040801
93.65,0.063842,2.25042,9.598896,0.194719,-0.023224,0.059294
93.675,-0.144903,2.04991,9.724048,-0.13278,-0.006392,0.038664
93.7,0.044961,1.579673,9.701066,0.030285,-0.030748,0.041458
93.725,-0.134181,2.131241,9.705144,0.188423,-0.032552,0.012909
93.75,0.100691,2.495381,9.685432,-0.064085,0.003111,0.032391
93.775,-0.045974,1.364106,9.429385,-0.086627,-0.041983,0.056695
93.8,0.135311,1.736789,9.576978,0.193705,-0.009995,0.097549
93.825,-0.194366,1.977323,9.679778,0.020849,-0.061745,0.046741
93.85,0.136426,1.815178,9.561232,0.184903,-0.001777,0.021448
93.875,-0.398746,2.512379,9.844807,-0.003767,-0.016132,0.006956
93.9,0.014205,1.875646,9.537122,-0.073709,-0.07364,0.017583
93.925,-0.010684,1.993468,9.509346,0.022754,-0.0617,0.103327
93.95,0.246188,1.794129,9.534036,-0.023406,-0.028474,0.085559
93.975,-0.076207,1.648511,9.583448,0.002355,-0.01939,0.032753
94.0,0.029866,1.557469,9.69805,0.053311,-0.047955,-0.053129
94.025,0.259477,2.050013,9.513233,0.304555,-0.070418,-0.092014
94.05,0.092545,3.149227,9.778524,0.142906,-0.013592,0.047143
94.075,0.286278,1.907465,9.62666,-0.291673,-0.01545,0.004159
94.1,-0.12246,1.441701,9.654093,0.27541,-0.092124,0.116299
94.125,0.263689,2.764645,10.075118,0.104275,-0.086241,0.030278
94.15,0.391578,1.88556,9.414501,0.072123,-0.162147,0.062855
94.175,0.549506,2.766066,9.664846,0.243689,-0.095416,0.109326
94.2,0.318517,2.428251,9.483356,-0.129044,-0.004466,0.086225
94.225,0.154938,1.562373,9.386376,-0.192639,-0.189094,-0.016878
94.25,0.253885,1.767783,9.280975,0.450246,-0.061479,0.017501
94.275,-0.071587,3.026642,9.25841,0.009472,-0.355542,0.027256
94.3,0.93391,1.81922,8.355218,0.171679,-0.290624,0.205632
94.325,0.05901,3.141673,8.846308,0.13288,-0.333171,0.212868
94.35,0.81842,2.528546,9.014732,-0.260024,-0.350679,0.134074
94.375,0.427046,2.030448,8.656038,-0.456531,-0.413981,0.071507
94.4,1.884295,0.446831,7.662943,-0.150849,-0.55316,0.196773
94.425,2.204073,2.176087,8.405785,0.625235,-0.013053,0.329112
94.45,0.209925,2.546551,9.826888,-0.57151,-0.069996,0.202332
94.475,0.914666,-0.170657,9.24728,-0.138877,-0.161488,0.127123
94.5,-0.374219,0.572317,9.306614,0.488654,-0.473301,-0.03678
94.525,1.356436,1.291479,9.484165,0.643967,-0.416056,-0.049838
94.55,0.56958,2.107534,9.696049,1.035568,-0.771319,-0.028963
94.575,2.331166,4.248373,10.005495,0.922554,-0.434571,0.089251
94.6,1.675455,3.458193,10.233859,0.153637,-0.518485,0.100721
94.625,1.811164,2.97061,10.215759,0.288284,-0.184664,0.138692
94.65,1.529848,3.056541,10.596879,0.358101,-0.402492,0.189773
94.675,1.792621,3.767282,10.949168,0.27859,-0.236359,0.012143
94.7,2.044083,3.45906,10.460845,0.109168,-0.329532,-0.009608
94.725,2.178568,3.841228,9.898155,0.360455,0.009331,-0.10301
94.75,2.081044,4.427832,9.979505,-0.056809,-0.009306,-0.033719
94.775,2.286253,4.125383,10.098533,-0.103471,0.256819,-0.031497
94.8,1.575645,3.682584,9.84224,-0.417191,0.170162,-0.122647
94.825,2.011673,2.263453,9.24977,-0.104748,0.250252,-0.088671
94.85,1.496041,3.590936,9.631071,0.132016,0.239009,-0.155039
94.875,1.792022,3.334134,9.522348,-0.29556,0.258618,-0.112871
94.9,1.552151,3.000267,9.468311,-0.099745,0.227959,-0.070102
94.925,1.489962,3.540622,9.441966,-0.225204,0.260408,-0.048699
94.95,1.382839,2.816208,9.02853,-0.506953,0.218288,-0.036492
94.975,1.337246,1.958842,9.0545,-0.254059,0.222793,-0.092797
95.0,1.200591,2.851123,9.459814,-0.076091,0.143562,-0.055376
95.025,1.31813,2.270496,9.077261,-0.282876,0.07746,-0.126689
95.05,0.996733,1.759004,9.012397,-0.032595,0.073663,-0.087823
95.075,1.369391,2.56068,9.253984,0.124135,0.05167,-0.059439
95.1,1.168586,2.336697,9.15326,-0.162819,0.10135,-0.114739
95.125,1.111684,2.348134,9.446326,0.065234,0.145613,-0.151511
95.15,0.700458,3.02582,9.71128,0.048369,-0.03451,-0.165055
95.175,1.422175,2.737361,9.312138,-0.13726,-0.084627,-0.130525
95.2,1.656238,2.333287,8.584482,0.042674,-0.000296,-0.052654
95.225,1.569046,3.411191,9.202046,0.031178,0.226172,0.030572
95.25,1.007861,2.342764,9.445988,-0.398399,0.198914,-0.020274
95.275,0.465567,1.588412,9.693455,-0.053897,0.138522,0.02286
95.3,0.776442,1.949115,9.420861,0.233165,-0.166832,-0.022538
95.325,1.196847,3.354107,9.624124,0.255745,-0.057306,0.038081
95.35,1.453479,3.465524,9.49348,-0.178288,-0.113875,0.087996
95.375,1.626173,2.504116,9.089882,-0.24786,0.106563,0.127073
95.4,0.931807,2.309528,9.559082,-0.210337,0.107613,0.127397
95.425,0.893663,2.045349,9.599816,-0.16106,0.05942,0.103783
95.45,0.926074,2.108685,9.52418,-0.101394,-0.019942,0.025628
95.475,1.359463,1.953596,9.216806,0.107455,-0.01442,-0.050618
95.5,1.463923,2.779908,9.317109,0.123356,0.167367,-0.102663
95.525,1.08513,2.671676,9.524092,-0.256269,0.18184,-0.118213
95.55,0.843396,1.926317,9.546707,-0.051832,0.175502,-0.151896
95.575,1.141933,2.656632,9.688193,0.170076,0.082921,-0.145982
95.6,0.916378,2.83545,9.588514,-0.006143,0.152044,-0.175407
95.625,1.013635,2.864579,9.319446,-0.077019,0.149294,-0.114127
95.65,0.873926,2.45347,9.637419,-0.289235,0.124473,-0.083064
95.675,1.174369,1.587175,9.0969,-0.01215,0.092636,-0.112228
95.7,-0.015399,2.771592,9.757039,0.171369,0.209364,0.063526
95.725,0.517573,1.940403,9.746636,-0.131373,-0.145924,0.112956
95.75,1.192832,2.986014,9.440637,0.495999,-0.144749,0.287161
95.775,1.678772,3.702644,9.666731,-0.498293,0.185737,0.083398
95.8,0.25719,0.896837,9.285997,-0.516027,0.256403,-0.028696
95.825,0.700826,1.442135,9.942094,0.274941,0.052817,0.000722
95.85,0.706858,3.302929,9.612082,0.272806,-0.068406,0.02642
95.875,1.631451,2.844196,9.350868,-0.577247,0.274341,-0.04745
95.9,-0.249478,1.005842,9.330394,-0.267291,0.271494,-0.095295
95.925,0.42191,1.76001,9.807982,0.104438,0.214259,-0.227398
95.95,0.300835,2.018615,9.54111,0.125853,-0.242004,-0.105461
95.975,1.675779,2.533701,9.108605,0.347432,0.112676,-0.089557
96.0,0.617824,3.711009,9.610413,0.052454,0.060192,0.041953
96.025,0.610224,2.290747,9.611428,-0.522323,0.233895,-0.036528
96.05,0.15006,1.093419,9.251087,0.068182,0.013323,-0.053845
96.075,-0.07452,2.736921,9.701748,0.269302,0.047262,0.074336
96.1,1.069412,2.262187,8.998413,-0.270504,-0.211116,0.059748
96.125,0.340582,1.549651,9.36797,-0.074291,0.354678,-0.006776
96.15,0.298968,1.626129,9.679357,-0.0062,-0.019419,-0.21758
96.175,0.519178,1.871414,9.047725,0.324062,0.139159,-0.206582
96.2,0.998102,4.621949,9.943911,0.402701,-0.088793,0.309938
96.225,0.537411,3.275365,10.081419,-0.641978,0.135523,0.43929
96.25,-0.324287,1.144824,10.017807,-0.295123,-0.139152,0.431176
96.275,0.648188,2.060263,9.289758,0.250166,-0.049295,0.270772
96.3,1.272807,3.132978,9.40247,-0.109553,0.014252,0.313545
96.325,1.02112,2.194859,9.399792,-0.502699,0.367079,0.507492
96.35,-0.071144,1.141485,9.885484,-0.42904,0.270755,0.385701
96.375,-0.50747,0.486439,9.799822,-0.003025,-0.059644,0.198581
96.4,-0.052986,0.922858,9.133173,0.353965,0.031558,-0.023546
96.425,1.138803,0.057789,8.662821,1.512907,-0.230275,0.125916
96.45,0.29016,6.894573,11.019829,1.272235,0.033183,0.275483
96.475,0.348266,3.615038,10.052439,-1.428914,0.044386,-0.099597
96.5,-0.551892,-1.899826,8.367949,-0.224342,0.026167,-0.184883
96.525,-0.483268,1.737307,10.056273,0.792152,-0.021463,-0.497378
96.55,1.113147,2.584716,9.90556,1.09238,-0.276344,-0.450451
96.575,1.610883,6.663243,10.03024,0.13524,0.129629,-0.154644
96.6,1.179275,1.772411,8.931842,-1.305756,0.425399,-0.437214
96.625,0.586696,1.050746,9.203562,0.156626,0.560526,-0.375028
96.65,-0.427385,3.387888,10.417123,0.264589,0.291805,-0.204927
96.675,-0.439344,2.825954,9.872089,-0.004691,-0.060942,0.013391
96.7,-0.164754,1.813984,8.960911,0.463257,-0.13875,0.170918
96.725,0.842583,4.46315,10.136598,0.719655,-0.173611,0.215173
96.75,0.403928,5.736005,10.233955,-0.85036,0.050975,0.219536
96.775,0.33545,0.138821,8.387596,-0.759055,-0.03338,0.206964
96.8,0.470761,1.716126,8.751273,-0.088592,-0.050893,0.232731
96.825,1.192908,1.416059,8.702821,0.034639,0.299935,-0.194584
96.85,-0.231531,3.762418,9.949178,-0.300675,0.242312,0.147155
96.875,-0.98542,0.141297,8.94923,-0.748228,0.111564,-0.074904
96.9,0.020791,1.486476,9.453059,1.183821,-0.55284,0.223398
96.925,-0.016783,4.896045,10.031729,0.063041,-0.447442,0.353368
96.95,1.07158,1.370889,8.58493,-0.302138,-0.494549,-0.032801
96.975,0.087067,1.88261,8.742483,0.480158,-0.330459,0.298168
97.0,1.43876,2.863679,8.815721,0.073233,-0.490923,0.094026
97.025,0.242544,1.301979,8.729018,0.251578,-0.308802,0.141708
97.05,1.101869,2.639975,9.205425,0.761295,-0.480937,0.172568
97.075,0.750475,3.140017,9.765053,0.522255,-0.530658,0.199752
97.1,1.2341,3.473387,9.447415,0.582944,-0.495892,0.40464
97.125,1.598795,4.066395,9.97255,0.029374,-0.090232,0.165626
97.15,0.937563,2.386279,9.452427,-0.212334,-0.092291,0.111789
97.175,1.020313,2.462554,10.012666,0.224332,0.187004,-0.218892
97.2,1.186196,3.916443,10.025475,0.254093,-0.159323,-0.039633
97.225,1.785142,2.918196,9.007209,-0.187199,0.014612,-0.127661
97.25,2.104869,2.816603,8.972908,0.237716,0.056506,-0.020612
97.275,1.150049,3.8669,9.195502,0.131685,0.473213,-0.195699
97.3,1.032385,3.759044,10.149722,-0.334945,0.181887,0.05184
97.325,0.189117,2.264883,9.595222,-0.11844,-0.011846,0.077924
97.35,1.570046,2.965132,9.319431,0.280734,0.049592,-0.089335
97.375,0.211528,3.633219,9.985849,-0.159301,0.019129,-0.019896
97.4,1.815248,2.198247,9.103083,0.000282,0.046502,-0.197697
97.425,0.614893,3.559034,9.366562,0.223387,-0.092145,0.132456
97.45,1.79753,3.641439,9.302735,-0.073965,0.076264,0.035814
97.475,0.82169,3.195901,9.45481,-0.104897,0.109745,0.072861
97.5,0.991283,3.047856,9.555351,-0.260684,0.165049,0.136282
97.525,1.110622,2.391907,9.198105,-0.152824,-0.015921,0.111684
97.55,0.819579,2.086641,8.989086,0.061846,0.179974,0.195098
97.575,1.263181,2.94879,9.405639,0.125757,0.03078,0.16346
97.6,0.797941,3.316476,9.712437,-0.029788,0.22335,0.229219
97.625,1.301337,3.02917,9.228081,-0.040287,-0.167134,0.463772
97.65,0.872707,3.591811,9.337247,-0.165267,0.166116,0.469252
97.675,1.300044,2.541392,9.131363,-0.222449,-0.095495,0.406503
97.7,0.926728,2.553886,9.332722,-0.151004,0.230887,0.342678
97.725,0.69589,1.918505,9.205188,0.326425,-0.135685,0.329587
97.75,0.57412,3.641907,9.408434,0.266928,-0.044835,0.096606
97.775,1.38459,3.722492,9.577739,-0.137454,-0.165415,0.058192
97.8,1.451664,2.473176,8.946863,-0.243073,-0.093131,-0.002892
97.825,1.445673,2.803226,9.051816,0.066813,0.111951,0.081985
97.85,0.641143,3.137316,9.379788,-0.101748,0.001812,-0.003892
97.875,1.085736,2.213872,9.334942,-0.140487,0.005076,-0.001813
97.9,1.121714,2.6275,9.510132,0.476508,-0.132174,-0.056655
97.925,1.457055,3.684217,9.632392,0.221691,0.072284,-0.181617
97.95,0.649155,3.214558,9.556893,-0.01777,0.066018,-0.142814
97.975,1.263108,2.511908,9.298885,0.122097,-0.024252,-0.230011
98.0,0.918079,3.475062,9.6275,0.361549,-0.020341,-0.066158
98.025,1.425907,3.655252,9.358044,-0.198359,-0.016294,-0.060137
98.05,0.995031,1.745899,8.735453,-0.153571,0.139811,-0.14577
98.075,0.48874,2.729989,9.402692,0.417512,0.077482,-0.128918
98.1,1.310173,4.135545,9.57306,0.231474,-0.186337,-0.052208
98.125,1.168371,3.496018,8.947898,-0.270308,-0.021807,-0.036349
98.15,1.501981,2.455364,8.797935,-0.037722,0.055112,-0.034636
98.175,0.810636,3.169326,9.404944,0.082772,0.077926,0.003124
98.2,1.002803,2.808385,9.356714,-0.040219,-0.082541,0.021819
98.225,1.168491,2.890352,9.166921,0.218421,-0.124028,0.110634
98.25,1.396129,3.559352,9.188867,0.108488,-0.00681,0.074165
98.275,1.040741,3.098323,9.214805,-0.12894,0.066838,-0.052484
98.3,1.055218,2.820005,9.349178,0.033454,-0.005096,0.020227
98.325,1.17964,3.200106,9.387834,0.109092,0.001203,-0.058698
98.35,1.360565,3.257871,9.155881,0.082893,-0.043699,-0.035111
98.375,1.21861,3.254961,9.191826,-0.053578,0.221282,-0.188535
98.4,0.782782,3.140434,9.343347,0.05445,0.127605,-0.235387
98.425,0.927098,3.332996,9.469824,0.010972,0.107986,-0.259597
98.45,1.321646,3.381893,9.21283,0.046994,-0.024877,-0.22743
98.475,1.25378,3.104693,8.780319,0.130583,0.180857,-0.209635
98.5,0.908308,3.747999,9.395273,0.188457,0.101861,-0.072685
98.525,0.620746,3.444165,9.468711,-0.053535,0.07682,-0.113273
98.55,0.28342,3.4378,9.581824,0.144935,-0.07666,0.05736
98.575,1.332036,4.024425,9.457025,-0.001903,-0.141659,-0.034656
98.6,0.475217,3.354226,9.160222,-0.26465,0.061092,-0.162378
98.625,0.927785,2.611371,8.950166,0.112957,-0.092726,-0.098575
98.65,0.457851,3.599851,9.460598,0.140102,-0.250561,-0.121557
98.675,1.105272,3.720258,9.382807,-0.032341,-0.207694,-0.083208
98.7,1.270469,3.08844,8.884746,0.021908,-0.127313,-0.157684
98.725,0.559782,3.23438,8.871099,-0.047837,-0.051837,-0.090826
98.75,1.262271,3.040086,9.161469,-0.005858,0.023858,-0.056804
98.775,0.164181,3.863218,9.58158,-0.042805,-0.140986,0.094432
98.8,1.148476,2.199157,9.286845,-0.255992,-0.079686,-0.009972
98.825,0.781006,2.672133,8.903289,0.589096,-0.105643,-0.157364
98.85,1.028657,5.053288,9.810665,0.047862,-0.010326,-0.061315
98.875,1.150226,3.13757,9.180113,-0.462344,-0.103425,-0.00765
98.9,1.272379,2.565593,8.764333,0.154252,-0.02812,-0.029132
98.925,1.021924,4.143226,9.371509,0.062743,0.082428,0.05235
98.95,0.933374,3.076268,9.312005,-0.318767,0.057754,-0.13982
98.975,0.771544,2.624386,9.17474,0.064912,-0.05187,0.014921
99.0,1.384397,3.496879,9.217369,0.103106,-0.100695,0.007266
99.025,1.193882,2.980327,8.902246,-0.220703,-0.071051,-0.043047
99.05,1.084249,2.996639,8.987576,0.310248,0.112284,0.073799
99.075,0.821972,4.429585,9.729285,-0.016069,-0.164616,0.101957
99.1,1.248206,2.517477,8.92383,-0.447839,-0.031151,-0.036228
99.125,1.614904,2.875273,9.081213,0.555801,-0.158245,0.015751
99.15,1.395258,4.736672,9.449836,-0.055587,-0.025879,0.053945
99.175,1.218233,2.805965,9.329576,-0.31935,0.018434,0.080171
99.2,1.035343,2.216573,8.617165,0.312905,-0.152704,-0.076051
99.225,0.840309,4.761988,9.967853,0.107274,0.091935,0.058366
99.25,1.761716,2.599427,8.94535,-0.38948,-0.162581,-0.150592
99.275,0.87832,2.530001,9.129857,0.373425,0.144919,-0.002218
99.3,1.381517,4.448279,9.644823,0.158435,-0.13476,-0.052662
99.325,0.966125,3.463374,9.334044,-0.205221,0.077239,-0.195031
99.35,1.946339,3.380196,8.869733,0.086578,-0.115609,0.105913
99.375,0.837477,3.486746,9.208215,-0.190953,0.214118,-0.026904
99.4,1.544639,2.51121,8.841119,0.009277,-0.105515,0.05901
99.425,1.108779,3.956317,9.576066,0.222616,0.187245,0.053855
99.45,1.261274,3.670865,9.420241,-0.267645,-0.076204,0.012341
99.475,0.989717,2.341118,8.839376,0.011541,0.067544,-0.040195
99.5,1.35302,3.658112,9.25121,0.280732,-0.043593,-0.070369
99.525,1.165935,3.84703,9.227678,-0.087783,0.059588,-0.080191
99.55,1.298783,3.014371,9.064439,-0.034645,0.075787,-0.090619
99.575,0.941574,3.473082,9.122264,0.139519,0.081548,-0.046349
99.6,1.130465,3.679213,9.16187,-0.001434,0.064718,-0.027777
99.625,1.023992,3.308343,9.191196,-0.109146,0.062113,-0.008874
99.65,1.142054,3.278546,9.1544,0.035855,0.03578,0.041573
99.675,1.001629,3.445408,9.125898,0.007918,0.015614,0.034499
99.7,1.006156,3.366613,9.160617,-0.039704,0.034749,0.022386
99.725,0.878551,3.268626,9.22122,-0.017122,-0.00793,-0.016499
99.75,0.990628,3.265094,9.091,0.027515,-0.053911,0.022353
99.775,1.142666,3.233321,9.008354,0.022335,-0.051689,0.018435
99.8,1.046041,3.379007,9.050235,0.06395,0.014446,0.008787
99.825,1.109116,3.345565,9.273776,-0.003879,-0.009548,0.022435
99.85,0.918432,3.249719,9.230658,0.063964,0.040701,-0.040738
99.875,1.214327,3.520973,9.203201,0.038256,-0.02651,-0.093241
99.9,1.064703,3.591689,9.199268,0.091485,0.04794,-0.058057
99.925,1.257702,3.574902,9.164415,-0.025476,0.012018,-0.041053
99.95,0.60825,3.304877,9.223779,-0.045591,0.070469,-0.089684
99.975,1.237164,3.401696,9.224867,0.079056,0.021657,-0.101193
100.0,0.881639,3.88577,9.136639,0.036254,-0.067041,-0.015841
100.025,1.287226,3.356415,8.928743,-0.113079,0.175754,-0.064863
100.05,0.716435,3.441418,9.111126,0.036267,-0.032163,0.030248
100.075,0.979354,3.452438,9.298314,-0.082097,0.100976,-0.072407
100.1,1.185293,3.387898,8.977069,0.06769,-0.100506,-0.026845
100.125,0.985544,3.70475,9.21073,-0.058677,0.101768,-0.002456
100.15,1.088611,3.291525,9.080369,0.002743,-0.027116,0.015376
100.175,0.716109,3.267502,9.214146,0.066352,0.138743,-0.04773
100.2,1.047693,3.692039,9.446157,0.07681,-0.10353,0.028772
100.225,0.800248,3.736089,9.202007,0.021229,0.043033,-0.000465
100.25,1.062334,3.391774,9.105961,-0.138013,0.035678,-0.018773
100.275,0.56917,3.13803,9.223883,0.034921,0.028684,-0.073447
100.3,0.867111,3.577881,9.315474,0.092004,-0.035606,-0.08528
100.325,1.033991,3.952829,9.049922,0.062133,-0.059571,0.008077
100.35,1.011064,3.411062,9.163718,-0.350871,0.082496,-0.048036
100.375,0.817104,2.563291,8.852657,0.217945,-0.028366,-0.014633
100.4,0.760479,4.129165,9.579225,0.150073,0.052386,-0.116743
100.425,1.103245,3.68279,9.064554,-0.085407,-0.178945,0.026484
100.45,1.016565,3.533423,9.098158,-0.023851,0.11005,-0.057155
100.475,1.077636,3.574115,9.08073,0.047799,-0.080135,0.050008
100.5,0.810338,3.555352,9.223737,-0.065716,0.050546,0.004682
100.525,1.016257,3.375231,9.251156,-0.007488,-0.073795,0.023853
100.55,0.748396,3.566009,9.200773,0.028572,-0.043524,0.050583
100.575,1.206095,3.501072,9.077241,-0.044482,-0.058701,0.072085
100.6,0.782107,3.131964,9.174948,-0.091147,-0.039773,0.09094
100.625,1.157476,3.282489,9.232556,0.204119,-0.088437,0.054318
100.65,1.124912,4.091863,9.45394,0.00118,-0.034034,0.053201
100.675,1.020243,3.925502,9.43869,-0.191359,0.020614,0.042876
100.7,1.011325,3.338439,9.169364,-0.270535,-0.030421,0.024013
100.725,1.262816,2.838338,8.994291,0.003665,0.009725,0.029795
100.75,1.044896,3.728057,9.450426,0.100915,0.04817,-0.04284
100.775,0.97916,4.023069,9.718005,-0.176415,0.068184,-0.117756
100.8,1.056328,4.301462,9.637789,-0.388512,0.107029,-0.2014
100.825,0.79811,3.184631,9.09272,-0.66769,0.045785,-0.104805
100.85,1.093809,2.080187,8.686604,-0.40407,-0.001615,-0.027276
100.875,1.150029,2.473093,9.20386,0.201378,0.021187,0.147723
100.9,0.705731,3.15705,9.49495,-0.164334,0.038786,-0.090018
100.925,0.984224,3.00989,9.394703,0.027209,-0.08713,0.001189
100.95,0.8667,2.771841,8.899232,-0.158152,0.056222,-0.152833
100.975,1.125555,2.645299,9.427231,0.174707,-0.07291,-0.022171
101.0,0.946321,3.144286,9.309813,-0.03173,0.013075,-0.21332
101.025,1.358404,2.847864,9.054875,0.20357,-0.020982,-0.125286
101.05,0.313365,3.640005,9.476742,-0.03669,-0.028881,-0.028468
101.075,1.510838,2.308185,9.277577,0.060493,-0.272317,-0.022763
101.1,0.659868,3.911252,9.698471,0.008245,0.004605,-0.05483
101.125,1.543952,2.362707,8.890799,-0.003979,-0.068114,-0.162874
101.15,0.6365,3.216285,9.347061,0.399033,0.125534,0.024723
101.175,1.21624,4.33203,9.935215,-0.084765,0.006711,-0.000698
101.2,1.15276,3.530482,9.453265,-0.424025,0.154731,-0.038939
101.225,1.058117,2.701371,9.032929,-0.197113,0.146855,0.022992
101.25,0.968239,3.462258,9.532652,-0.091945,0.215692,0.02494
101.275,0.773119,2.363694,9.290395,-0.173099,0.170714,-0.024562
101.3,0.695812,2.891515,9.086388,0.418963,0.150734,-0.006743
101.325,0.625529,3.94652,9.201123,-0.02243,0.051341,-0.001197
101.35,0.679905,2.49984,9.071298,-0.395415,0.047278,0.018343
101.375,0.765603,3.112854,9.41021,0.155634,0.054901,0.031076
101.4,0.309686,4.215798,9.76953,-0.613384,0.060977,0.073848
101.425,0.793216,1.606103,9.002222,-0.551672,-0.090902,0.00166
101.45,0.464894,2.676104,9.244783,-0.072286,-0.025736,0.113201
101.475,1.062339,2.939493,9.336576,-0.077551,-0.125729,0.039948
101.5,0.491715,3.523452,9.534012,-0.790033,0.006616,0.172227
101.525,1.013551,0.717858,8.896033,-0.618275,-0.169088,0.183275
101.55,0.426755,1.886388,9.421683,0.139281,-0.10162,0.227284
101.575,1.241017,0.909785,9.574722,0.162944,-0.255805,0.033325
101.6,0.184303,3.156715,9.68966,0.82687,-0.017054,-0.124937
101.625,1.5893,2.70803,9.289465,0.041564,-0.304473,-0.082935
101.65,1.248683,4.151671,9.464052,-0.208327,0.029936,-0.076108
101.675,0.682484,0.207629,8.837403,-0.146781,0.01162,-0.115617
101.7,0.741264,2.89892,10.119443,1.172433,-0.069694,-0.151089
101.725,0.782325,4.874522,10.09947,-0.094599,-0.262258,-0.399727
101.75,1.513756,1.353958,8.889264,-0.551977,-0.047149,-0.367015
101.775,1.230732,2.661332,9.329156,0.489074,0.007502,-0.343304
101.8,0.865586,4.114839,9.683611,-0.41388,0.234014,-0.30125
101.825,1.04312,1.586926,8.896065,-0.368988,0.049869,-0.11827
101.85,0.69042,2.790469,9.575874,0.368109,0.071077,0.008363
101.875,1.241939,3.73919,9.842251,-0.294536,-0.083972,0.060989
101.9,0.89599,1.932468,9.120928,-0.297982,0.08255,-0.01137
101.925,0.968048,2.350991,9.366283,0.19956,0.017368,0.095281
101.95,0.796738,3.679182,10.000979,-0.154201,0.136716,-0.057949
101.975,0.820017,2.665228,9.755032,-0.3393,0.063698,-0.10834
102.0,0.732133,2.684933,9.386201,-0.279716,0.097231,-0.017717
102.025,1.027347,1.609672,9.15934,-0.147305,-0.041915,0.095591
102.05,0.824587,2.776482,9.740439,0.176522,0.053708,0.165341
102.075,0.779908,2.855185,9.768989,-0.340086,-0.046166,0.039317
102.1,0.834595,1.681876,9.209482,-0.20821,0.001104,0.071994
102.125,0.967032,2.060787,9.447012,0.112742,-0.009412,0.049123
102.15,0.669847,2.717703,9.64087,-0.002708,0.059077,-0.008634
102.175,0.820866,2.16171,9.461348,-0.2128,-0.009568,-0.056893
102.2,1.189664,1.990578,9.139189,0.018147,0.043137,0.004312
102.225,0.527296,2.04337,9.506809,0.024723,0.04661,0.028761
102.25,0.931319,2.313776,9.461214,0.058886,-0.056417,0.015263
102.275,0.865521,2.475021,9.408884,0.035154,-0.00382,-0.017108
102.3,1.020961,2.441769,9.575526,-0.135626,0.036118,0.035105
102.325,0.860034,2.048838,9.502103,0.063771,-0.027356,0.06789
102.35,0.912385,2.787284,9.749646,0.125051,-0.059399,0.230288
102.375,0.930728,2.341086,9.620957,-0.192887,-0.088222,0.128521
102.4,0.864122,1.900531,9.460395,0.018622,-0.053318,0.115575
102.425,0.880456,2.268579,9.516139,0.034123,0.010337,0.042826
102.45,1.070077,2.201352,9.489243,-0.067634,-0.0039,-0.002152
102.475,0.892635,1.952563,9.438007,0.008525,0.082026,-0.031919
102.5,0.720639,2.381239,9.620369,0.166719,-0.056635,0.096551
102.525,1.29621,2.495137,9.679443,0.102402,-0.073045,0.073267
102.55,0.915452,3.216832,9.780833,-0.058173,0.074061,0.044243
102.575,1.133186,1.90858,9.258804,-0.223593,0.065322,-0.093664
102.6,0.500742,2.083282,9.585925,0.039167,0.046411,0.038835
102.625,1.130965,2.29122,9.630347,0.020503,-0.046217,-0.001233
102.65,0.677125,2.457125,9.491335,0.023246,-0.048381,0.110071
102.675,1.385358,2.130279,9.336023,-0.06868,0.073797,-0.010595
102.7,0.663364,2.168762,9.588893,-0.00384,0.047789,-0.059227
102.725,0.994299,2.130516,9.591454,0.058702,0.044165,-0.008205
102.75,0.967225,2.462098,9.620195,0.062433,-0.009475,-0.002853
102.775,0.691462,2.534887,9.618014,-0.040352,0.03828,0.028059
102.8,1.018783,2.101562,9.561384,-0.066334,0.008777,-0.065409
102.825,0.859297,2.254922,9.519965,0.12589,-0.024066,0.013437
102.85,1.146083,2.547881,9.507555,0.030757,0.012055,0.01054
102.875,0.790003,2.359083,9.578569,-0.059353,0.02714,0.050029
102.9,0.943953,2.103773,9.560316,-0.079137,-0.016699,0.071131
102.925,1.014843,1.95019,9.383888,0.084799,-0.054308,0.041663
102.95,1.125369,2.285986,9.540187,0.116778,0.056183,0.035775
102.975,0.704243,2.796349,9.743283,0.064009,-0.004849,0.072768
103.0,0.878014,2.128131,9.379927,-0.134589,0.006755,-0.015621
103.025,0.908508,2.192276,9.332173,0.067521,-0.004951,0.04144
103.05,0.953124,2.283323,9.355225,-0.00922,0.003611,0.079527
103.075,0.708277,2.070543,9.499779,-0.017097,0.00223,0.120905
103.1,0.838224,2.023697,9.442197,-0.0068,-0.053824,0.05524
103.125,1.072628,2.121785,9.336593,0.147797,-0.028197,0.018422
103.15,0.937197,2.787548,9.751945,0.046927,0.025967,0.032818
103.175,0.997165,2.274599,9.586625,-0.098242,-0.018667,-0.038465
103.2,0.986106,2.280557,9.473437,0.152586,0.053474,-0.025998
103.225,0.936084,2.885352,9.689799,8.2e-05,0.01535,-0.025547
103.25,0.908455,2.251354,9.513586,-0.145085,0.065026,-0.064533
103.275,0.916924,2.031634,9.371387,0.017932,0.022661,-0.043446
103.3,0.960497,2.349579,9.304646,0.06268,0.034217,-0.02526
103.325,0.886894,2.272933,9.368331,0.01117,0.03921,0.033173
103.35,0.741587,2.376309,9.543384,0.04198,-0.027479,0.034576
103.375,1.002698,2.184456,9.318598,0.042466,-0.01112,0.024972
103.4,0.752044,2.501491,9.544319,0.112639,-0.006911,0.038344
103.425,0.759648,2.409987,9.565456,-0.039717,-0.031614,0.023678
103.45,0.803953,2.297058,9.504001,0.034491,-0.064159,0.027752
103.475,1.224805,2.564057,9.468924,0.077282,-0.004416,0.019608
103.5,0.937888,2.542215,9.539017,-0.098436,0.052982,0.022092
103.525,0.921281,1.830782,9.413574,-0.055492,0.046137,0.009924
103.55,0.772003,2.404082,9.728502,0.258177,0.015501,0.0035
103.575,0.851214,2.907164,9.839482,0.003346,-0.059116,0.023539
103.6,0.993287,2.493449,9.502088,-0.080585,-0.036995,-0.026753
103.625,1.027445,2.36246,9.476047,0.069788,-0.004975,-0.041358
103.65,1.204003,2.802812,9.585677,-0.029016,0.028264,0.000689
103.675,0.780827,2.228469,9.470283,-0.111601,0.020621,0.024725
103.7,0.830442,2.147782,9.429714,0.082173,-0.017841,0.034857
103.725,0.834554,2.499877,9.509761,0.014821,-0.063271,0.012296
103.75,1.049951,2.286823,9.467227,0.029017,-0.022692,0.014913
103.775,0.993989,2.488694,9.480262,0.041268,-0.015057,0.022249
103.8,0.88488,2.461847,9.565832,-0.032038,0.07263,-0.020735
103.825,0.874621,2.643571,9.734082,-0.010284,-0.006041,-0.038549
103.85,1.036786,2.676319,9.590499,-0.051271,0.038675,-0.074954
103.875,1.081414,2.259509,9.247717,-0.107641,0.015398,-0.050055
103.9,0.746828,1.999348,9.55009,0.016633,0.109591,-0.070348
103.925,0.870645,2.416384,9.536161,0.159541,-0.084643,-0.037046
103.95,0.930031,3.074262,9.726614,0.019237,0.051558,0.00818
103.975,1.284398,2.176549,9.142339,-0.116951,-0.052035,-0.037978
104.0,0.561345,2.47076,9.68895,0.030197,0.161592,-0.060362
104.025,1.002495,2.462166,9.35316,-0.063366,-0.10396,-0.030958
104.05,1.016456,2.298592,9.25346,-0.059686,0.092649,-0.030805
104.075,0.970892,2.369231,9.333745,-0.013809,0.065185,0.021039
104.1,0.524536,2.139771,9.554498,-0.092007,0.096276,0.00969
104.125,0.501401,1.935449,9.687776,0.093732,-0.133126,0.044866
104.15,1.154119,2.530708,9.511049,0.223487,-0.090212,-0.000278
104.175,0.856162,2.821005,9.669514,-0.028613,-0.013002,-0.030736
104.2,1.208411,2.306074,9.496794,-0.022766,0.032459,-0.016129
104.225,0.767273,2.701579,9.689791,0.01492,0.037549,-0.006519
104.25,1.118276,2.48792,9.630575,-0.13546,0.024812,-0.012742
104.275,0.709288,2.034933,9.480132,-0.030562,-0.018511,-0.063723
104.3,1.103246,2.248294,9.358873,0.162241,-0.042713,0.002086
104.325,0.914183,2.717686,9.535011,0.057531,-0.006658,-0.000547
104.35,1.027886,2.47424,9.516125,-0.068691,0.024764,-0.010746
104.375,0.699963,2.437668,9.56817,0.036675,0.049101,-0.007135
104.4,0.859696,2.306504,9.509275,-0.050113,-0.037468,-0.061716
104.425,0.931082,2.223024,9.358523,0.10313,-0.029457,-0.006667
104.45,1.047115,2.686678,9.55338,0.088698,-0.027228,0.007841
104.475,1.058819,2.552896,9.532711,-0.036211,0.035455,0.016411
104.5,0.827405,2.473022,9.650703,0.003969,0.056297,0.024271
104.525,0.787157,2.636003,9.655313,0.052945,0.013831,-0.014868
104.55,0.922628,2.847169,9.578549,-0.045461,0.028835,-0.00375
104.575,0.858845,2.301872,9.447985,-0.110688,0.031005,-0.00155
104.6,0.80889,2.216455,9.434323,0.016219,0.062741,0.025087
104.625,0.663455,2.352638,9.483522,0.009846,0.021431,-0.01188
104.65,0.846243,2.411536,9.500698,0.023499,-0.017733,-0.00613
104.675,1.009426,2.556417,9.468187,-0.034626,-0.005083,0.025148
104.7,0.881421,2.31188,9.46439,-0.012506,0.039203,0.012714
104.725,0.800271,2.619393,9.569359,0.056054,-0.041136,0.017055
104.75,0.888337,2.612605,9.630677,-0.041765,0.017663,0.004769
104.775,0.728892,2.478245,9.549377,0.021424,-0.051231,-0.023571
104.8,0.760048,2.637484,9.548992,-0.060431,0.025229,-0.051768
104.825,0.868924,2.200349,9.347157,-0.057618,-0.018839,-0.087032
104.85,0.834974,2.189848,9.386587,0.046605,0.092395,-0.102277
104.875,0.716064,2.627953,9.60164,0.050193,0.04928,-0.130946
104.9,0.762832,2.522259,9.52827,0.001734,0.047846,-0.173441
104.925,0.778155,2.696727,9.537592,0.055088,0.038459,-0.133452
104.95,0.723173,2.631693,9.339596,-0.086137,0.053596,-0.115578
104.975,0.688321,2.210928,9.283313,-0.062711,0.043037,-0.073096
105.0,0.724278,2.324817,9.317918,-0.013345,0.022328,-0.045893
105.025,0.774262,2.380472,9.426514,-0.001134,-0.005251,0.006103
105.05,0.583971,2.181684,9.493372,-0.072002,-0.009164,-0.003396
105.075,0.821985,2.107728,9.269087,0.128934,-0.08414,0.02699
105.1,0.765495,2.723403,9.473162,0.038575,0.00326,0.0616
105.125,0.893209,2.27387,9.493576,-0.11107,-0.027267,0.044725
105.15,0.703225,2.186515,9.66379,0.056271,0.026925,0.034899
105.175,0.961171,2.655229,9.718867,0.127914,-0.081901,0.06191
105.2,0.917183,2.920746,9.704249,0.000875,0.046208,0.037182
105.225,0.858385,2.59496,9.684971,-0.097265,-0.006794,0.014663
105.25,0.872635,2.589646,9.585339,0.071793,0.041001,0.00018
105.275,0.840109,2.893756,9.578703,-0.146453,0.035831,-0.062628
105.3,0.758342,2.05784,9.338361,-0.058004,0.104303,-0.051895
105.325,0.887171,2.521376,9.488142,0.068336,0.03427,-0.016035
105.35,0.396062,2.699286,9.503839,-0.030079,0.10598,0.074343
105.375,0.873566,2.288493,9.412078,-0.140275,0.003933,0.067603
105.4,0.228711,2.168275,9.517306,-0.042159,0.081267,0.063894
105.425,0.861464,1.911157,9.384623,0.01564,0.010719,-0.034051
105.45,0.516002,2.606445,9.606724,0.080338,0.030923,-0.032048
105.475,0.832523,2.378204,9.477188,0.008792,0.034863,-0.020797
105.5,0.580677,2.662197,9.548449,0.018399,-0.063817,0.044078
105.525,0.852642,2.392734,9.523872,-0.103034,0.065415,-0.022738
105.55,0.576871,2.302585,9.489291,0.046518,-0.056038,-0.002345
105.575,0.935891,2.486231,9.447963,-0.05146,0.069153,0.019873
105.6,0.493359,2.067176,9.384427,-0.071435,0.059997,-0.036753
105.625,0.421692,2.203202,9.583611,0.041938,0.072831,-0.058342
105.65,0.79177,1.972192,9.415464,-0.032635,-0.020658,-0.164308
105.675,0.54446,2.160389,9.356114,0.192309,0.098492,-0.180611
105.7,0.675893,2.67516,9.585843,0.09571,0.029275,-0.159953
105.725,0.605629,2.704855,9.540301,0.072444,0.039095,-0.038984
105.75,0.866698,2.649182,9.551934,-0.01653,0.057704,-0.021042
105.775,0.161262,2.550637,9.7416,-0.022836,0.0398,-0.025852
105.8,0.793418,2.161053,9.536213,-0.078192,-0.018105,-0.075392
105.825,0.651711,2.294253,9.45111,0.196012,-0.006581,-0.002281
105.85,0.550995,2.881998,9.757186,-0.003883,0.105966,-0.037864
105.875,0.16034,2.410335,9.713699,-0.11538,-0.011324,-0.005961
105.9,0.359797,2.281296,9.616522,0.080686,0.027332,-0.077437
105.925,0.556233,3.018377,9.747149,0.118636,-0.112203,-0.025866
105.95,0.699277,2.814958,9.531418,-0.143752,0.108277,-0.083248
105.975,0.532227,2.355033,9.469978,-0.051351,-0.029327,-0.024792
106.0,0.599054,2.431765,9.454322,-0.040053,0.15754,-0.058078
106.025,0.302535,2.480003,9.652438,-0.040482,-0.004739,-0.04974
106.05,0.197379,2.107787,9.519393,-0.098348,0.053792,-0.077698
106.075,0.664166,2.098154,9.38556,0.205751,-0.11143,-0.012749
106.1,0.376709,2.962883,9.638586,0.11332,0.022588,0.027347
106.125,0.501395,2.565662,9.593618,-0.231475,-0.068392,-0.01019
106.15,0.320169,1.978263,9.504352,0.047885,-0.054288,-0.020185
106.175,0.694208,2.590092,9.551707,0.112555,-0.118609,-0.000587
106.2,0.331329,1.822835,9.445904,0.185202,-0.181507,0.016823
106.225,1.107199,2.863697,9.630173,0.568672,-0.157153,0.011375
106.25,0.641389,3.546502,9.587598,-0.034255,-0.082575,0.003725
106.275,1.085983,3.068928,9.602735,-0.29554,0.05827,-0.021273
106.3,0.205177,1.274543,8.990119,-0.246036,0.015853,-0.001754
106.325,0.897488,2.566815,9.71374,0.277204,-7.8e-05,0.026915
106.35,0.558627,2.827137,9.506745,-0.005538,0.00835,-0.017173
106.375,0.692626,2.673284,9.511698,-0.078994,0.116187,-0.012993
106.4,0.625942,2.577057,9.415641,-0.000135,0.06921,-0.009628
106.425,0.442532,2.848955,9.655771,-0.196401,0.165239,-0.081525
106.45,0.456666,2.604025,9.677894,-0.100814,0.018767,0.008016
106.475,0.319257,2.479662,9.356845,-0.3616,-0.041327,0.030533
106.5,1.036006,1.332382,8.912554,0.139074,-0.072241,0.161658
106.525,0.217516,3.082818,9.656161,0.109536,0.043341,0.073699
106.55,0.736805,2.059603,9.31626,-0.207434,0.008081,-0.040182
106.575,0.230239,2.179083,9.44786,0.190117,0.023747,-0.031206
106.6,0.624997,3.561258,9.802364,0.025612,-0.126446,0.106312
106.625,0.695703,2.130721,9.271633,-0.30124,0.043201,-0.033585
106.65,0.470833,2.508767,9.678772,0.036529,-0.0642,0.107569
106.675,0.529285,2.359781,9.52288,-0.301967,0.025209,-0.019137
106.7,0.728853,1.832448,9.208788,0.074589,-0.11781,0.140871
106.725,0.578345,2.683723,9.571405,-0.004834,0.026287,0.103878
106.75,0.804798,1.964693,9.488995,-0.129315,-0.085845,0.04903
106.775,0.697977,1.955077,9.495524,0.117777,0.012696,0.035322
106.8,0.681991,2.773238,9.713701,0.103634,0.004213,0.002719
106.825,0.44248,2.422107,9.616735,-0.291093,0.043443,-0.052639
106.85,0.564285,1.50756,9.3964,0.083568,-0.048868,-0.05845
106.875,0.665734,2.914272,9.645668,0.301372,-0.072922,-0.009604
106.9,0.94039,2.830462,9.480879,-0.132676,-0.018386,-6.3e-05
106.925,0.729711,1.980492,9.356615,-0.058108,0.025604,0.028129
106.95,0.353898,2.248614,9.678191,0.114152,0.000228,0.034398
106.975,0.720248,2.436802,9.585328,0.055422,-0.179648,0.067963
107.0,0.863488,2.465377,9.427802,-0.009188,-0.025449,0.055297
107.025,0.770964,2.021212,9.445688,-0.03565,-0.042799,0.030103
107.05,0.605023,2.241564,9.616123,0.104428,0.024655,0.007518
107.075,0.710125,2.465657,9.68899,0.052612,-0.032051,-0.033973
107.1,0.664579,2.517146,9.63752,0.074346,-0.01152,-0.045308
107.125,0.764152,2.728933,9.626623,0.05426,-0.045841,-0.043359
107.15,0.990227,2.532585,9.370124,-0.014097,-0.000852,-0.031126
107.175,0.816661,2.583045,9.541558,0.034103,0.056079,0.038794
107.2,0.535582,2.415371,9.639631,-0.117307,0.029565,-0.005072
107.225,0.782335,2.205148,9.51143,0.022492,-0.021551,0.032815
107.25,0.848162,2.620343,9.53864,0.064805,0.048741,0.003489
107.275,0.673383,2.598491,9.624053,-0.13122,0.087558,-0.029279
107.3,0.372502,1.984335,9.579327,-0.080695,0.050739,-0.102366
107.325,0.808518,2.335106,9.559057,0.168682,-0.072908,-0.040198
107.35,0.762045,2.869626,9.539792,0.025587,-0.012351,0.020709
107.375,0.987677,2.583835,9.433671,-0.069425,0.028918,0.043654
107.4,0.507498,2.53559,9.589748,-0.058695,0.082532,-0.015786
107.425,0.79537,2.294722,9.462506,-0.105298,-0.031723,-0.042384
107.45,0.511237,2.091407,9.493353,0.026065,0.046587,-0.011933
107.475,0.61375,2.181279,9.496579,-0.020404,-0.083298,-0.021304
107.5,0.739405,2.453807,9.492625,0.091678,0.010978,0.018188
107.525,0.748591,2.605837,9.63876,-0.05519,0.024088,-0.018273
107.55,0.611337,2.517351,9.702189,-0.05327,-0.022957,0.076329
107.575,0.842532,2.210079,9.565456,-0.047386,-0.007513,0.026239
107.6,0.867489,2.696434,9.671913,0.084939,-0.083833,0.14148
107.625,1.072909,2.644193,9.743954,-0.093667,-0.049254,0.143907
107.65,1.228234,2.192241,9.592379,-0.092502,-0.056965,0.14198
107.675,0.561567,2.206243,9.609934,0.02003,0.039143,0.12223
107.7,0.570558,2.19007,9.69183,-0.031663,-0.062204,0.053409
107.725,0.66792,2.160335,9.467627,-0.018545,-0.080611,0.086227
107.75,0.885074,2.265053,9.529575,-0.029128,-0.020342,0.092296
107.775,0.401973,2.017998,9.461445,-0.099834,-0.052794,0.096101
107.8,0.578938,1.919753,9.326795,-0.00606,-0.022202,0.03746
107.825,0.794311,2.158795,9.377352,0.045793,0.002627,-0.061343
107.85,0.741864,1.929057,9.420403,-0.08852,-0.018248,-0.056376
107.875,1.177776,1.783945,9.23301,0.13482,0.097394,-0.190186
107.9,0.483905,2.624019,9.631795,0.23397,0.09577,-0.192887
107.925,0.757898,2.806026,9.923118,0.058678,0.087419,-0.206225
107.95,0.760565,2.790097,9.684627,0.104741,-0.098566,-0.157722
107.975,1.106161,2.741125,9.598989,-0.003078,0.097946,-0.131776
108.0,1.010412,2.458788,9.352516,-0.05686,0.013126,-0.102268
108.025,0.772818,2.41542,9.374813,-0.039156,0.213801,-0.00702
108.05,0.706979,2.199945,9.474272,-0.108743,0.125426,-0.071879
108.075,0.359563,1.985949,9.38337,-0.032993,0.219462,-0.096217
108.1,0.630083,2.096685,9.438134,-0.004212,0.104151,-0.090938
108.125,0.440282,2.053877,9.23302,0.0477,0.201417,-0.193695
108.15,0.855418,2.58602,9.396835,0.048268,0.129077,-0.098948
108.175,0.559244,2.356121,9.351658,0.036814,0.105133,-0.037156
108.2,0.699777,2.928261,9.641951,0.105231,0.189007,0.03548
108.225,0.227861,2.504637,9.644329,-0.257917,0.048932,0.030916
108.25,0.538002,1.743295,9.250664,-0.045588,0.123892,0.011653
108.275,0.319291,2.360866,9.422411,0.14372,0.08394,0.069249
108.3,-0.142782,2.944646,10.199517,-0.13675,0.078652,0.109464
108.325,0.23291,1.348723,9.494504,-0.191381,-0.099307,-0.048247
108.35,-0.009712,2.227135,9.611507,0.368422,-0.047565,0.022814
108.375,0.588084,2.798726,9.622657,-0.006625,-0.129095,-0.122094
108.4,0.113668,2.37378,9.484632,0.088238,0.015251,-0.144212
108.425,0.612528,2.96583,9.648183,0.115638,-0.069498,-0.069644
108.45,0.395765,2.727951,9.429608,-0.145546,-0.04561,-0.03192
108.475,0.696163,2.202223,9.397127,-0.022076,-3.5e-05,0.039815
108.5,0.182567,2.562801,9.650388,0.054407,-0.017532,0.047953
108.525,0.446998,2.477466,9.655193,-0.089,0.006952,-0.007166
108.55,0.226464,2.369337,9.498328,0.038357,-0.00981,-0.014565
108.575,0.513155,2.256885,9.366538,-0.08126,0.054055,-0.182899
108.6,0.37887,2.022554,9.410622,0.008286,0.068509,-0.136901
108.625,0.506234,2.108766,9.579661,0.012024,0.054935,-0.163269
108.65,0.591935,2.04009,9.331321,0.112349,0.012825,-0.093487
108.675,0.105101,2.54992,9.721559,0.164673,0.073498,-0.061391
108.7,0.125979,2.648075,9.72273,0.024142,-0.072487,-0.115297
108.725,0.54994,2.206401,9.591391,-0.066416,-0.011849,-0.152401
108.75,0.344686,2.04425,9.414116,0.184598,-0.033162,-0.174829
108.775,0.047091,2.962014,9.551205,0.243812,-0.00933,-0.048904
108.8,0.298322,3.277824,9.702833,-0.100662,-0.091808,0.016509
108.825,0.460679,2.503352,9.447523,-0.116207,-0.038441,0.088836
108.85,0.588755,2.649508,9.505376,0.084231,-0.134542,0.140743
108.875,0.418678,2.958694,9.600085,0.05627,-0.076856,0.151826
108.9,0.702692,2.559259,9.474793,-0.035768,-0.089027,0.145884
108.925,0.551949,2.908367,9.813534,0.048605,0.026082,0.177843
108.95,0.306411,2.462197,9.653047,-0.246337,-0.021811,0.063607
108.975,0.737592,2.176939,9.355554,0.037094,0.045464,0.098555
109.0,0.096657,2.690464,9.818366,-0.15869,0.07971,0.032908
109.025,0.5614,1.904891,9.422224,-0.096067,-0.007905,0.068052
109.05,0.291597,2.499244,9.514983,0.034344,0.05162,0.065074
109.075,0.327611,2.45112,9.493527,-0.075793,-0.027324,0.077909
109.1,0.569282,2.234762,9.373984,-0.122179,-0.060514,0.057364
109.125,0.632544,2.228938,9.399386,0.064497,0.035199,0.127008
109.15,0.456313,2.478822,9.676254,-0.145788,-0.008599,0.041246
109.175,0.704429,1.879666,9.454956,-0.017619,0.032789,0.000149
109.2,0.48761,3.025592,9.806778,0.311116,-0.048113,0.126526
109.225,1.086709,3.465706,9.871087,-0.162072,-0.052668,0.219177
109.25,0.334409,2.192349,9.589511,-0.274547,-0.019634,0.225196
109.275,0.780544,1.943412,9.599871,-0.033928,-0.036345,0.14687
109.3,0.154526,2.339004,9.759083,-0.029513,0.008571,0.157844
109.325,0.233166,1.789757,9.539498,-0.161976,-0.067256,0.070081
109.35,0.752391,2.042749,9.381408,0.111073,-0.105585,0.176022
109.375,0.432086,2.348044,9.530106,-0.063599,-0.003257,0.080343
109.4,0.449984,2.113024,9.475765,-0.038992,-0.068021,0.103555
109.425,0.543641,2.138438,9.476842,-0.045857,-0.037231,0.030595
109.45,0.542337,2.211275,9.441518,0.0206,0.018246,-0.024173
109.475,0.900533,2.096481,9.429949,-0.037444,-0.010095,-0.053298
109.5,0.839496,2.165973,9.4824,0.120989,0.018461,0.025166
109.525,0.539311,2.670303,9.793081,0.102165,-0.014274,0.053195
109.55,0.890221,2.34311,9.607789,-0.121214,-0.034949,-0.018309
109.575,0.458112,2.002069,9.525472,0.077773,0.085549,-0.086541
109.6,0.625735,2.362159,9.664649,0.012042,-0.059845,-0.056481
109.625,0.450253,1.917264,9.469437,-0.01723,0.00681,-0.075751
109.65,0.794068,2.091075,9.449861,0.116859,-0.031346,-0.080979
109.675,0.703962,2.337239,9.26466,0.076274,0.042922,-0.13596
109.7,0.860274,2.556564,9.521523,-0.05871,0.172401,-0.078158
109.725,0.568125,2.023954,9.357223,-0.047695,0.073866,-0.074793
109.75,0.665727,2.687631,9.696784,0.140317,0.138622,0.060282
109.775,0.429602,2.662914,9.761542,-0.17174,0.058468,0.025391
109.8,0.143412,2.1004,9.675598,-0.145337,0.128689,0.025898
109.825,0.414453,1.888441,9.557337,-0.014933,-0.011575,-0.016652
109.85,0.368927,2.536894,9.720223,0.10773,0.069643,-0.063634
109.875,0.561381,2.505506,9.553089,-0.126819,-0.031671,-0.063755
109.9,0.8317,1.805414,9.111931,-0.121891,0.137016,-0.193844
109.925,0.51529,2.14413,9.620926,0.024292,0.312283,-0.199177
109.95,-0.35877,2.355404,9.906822,-0.026195,-0.026944,-0.128224
109.975,0.663108,2.061177,9.574436,0.086222,0.052396,-0.091568
110.0,-0.243854,2.863403,9.779781,0.101017,-0.119071,-0.014957
110.025,0.553649,2.084645,9.544016,-0.244042,0.00642,-0.158114
110.05,0.537625,1.963279,9.399123,0.19458,-0.179852,0.027366
110.075,0.598437,2.769272,9.732727,0.001564,-0.006241,0.012694
110.1,0.754877,2.108181,9.456619,-0.050105,-0.249555,0.171644
110.125,0.523645,2.375045,9.54539,0.055835,0.078246,0.108994
110.15,0.586403,2.314214,9.513846,-0.187623,-0.114085,0.01654
110.175,0.527899,1.510631,9.394522,-0.184838,0.201005,-0.082473
110.2,0.493851,1.393838,9.439463,0.059562,-0.077969,-0.123607
110.225,0.830868,1.831464,9.465797,0.232837,0.081312,-0.161431
110.25,0.593304,2.536404,9.620101,0.171819,0.120599,-0.201869
110.275,0.254054,2.602552,9.578348,0.005903,0.0449,-0.08817
110.3,-0.218022,2.355038,9.675115,-0.086012,0.096553,-0.047483
110.325,-0.18547,1.988071,9.717507,-0.164044,-0.044117,-0.016116
110.35,0.364599,1.473078,9.237911,0.11236,-0.170261,-0.042619
110.375,0.601871,2.385035,9.492933,0.268525,-0.034678,-0.078372
110.4,0.683309,2.705115,9.4887,0.209229,-0.112354,-0.051761
110.425,0.692988,3.418461,9.929208,0.056115,-0.008723,0.099456
110.45,0.347047,2.444021,9.663135,-0.191526,-0.119982,0.090894
110.475,0.846735,2.53853,9.736266,0.123716,0.028721,0.093056
110.5,0.344547,2.785034,9.732923,-0.10694,-0.020986,-0.021918
110.525,0.677751,2.114686,9.373159,-0.071884,0.121538,-0.020423
110.55,-0.100814,2.267077,9.729099,-0.041485,0.018071,0.035479
110.575,0.440732,1.855419,9.547442,-0.038016,-0.023643,0.021362
110.6,0.348947,2.223217,9.516458,0.151862,-0.041366,0.081337
110.625,0.566709,3.11193,9.660229,0.000535,-0.002304,0.17608
110.65,0.244469,2.328121,9.610213,-0.298381,0.010486,0.10284
110.675,0.381763,1.887795,9.526994,-0.103066,0.004832,0.084004
110.7,0.469162,2.125924,9.418895,0.069619,-0.041841,0.029179
110.725,0.634939,2.161386,9.576653,-0.079575,0.028497,-0.061695
110.75,0.555008,1.849697,9.432192,0.094302,0.012877,-0.053256
110.775,0.422093,3.046361,9.888567,0.239867,-0.00914,0.098414
110.8,0.45401,2.908299,9.704616,-0.179004,-0.13643,0.114702
110.825,0.73196,2.437048,9.634384,-0.027312,-0.017198,0.228042
110.85,0.585121,2.38079,9.71042,-0.175058,-0.096444,0.202858
110.875,0.897808,1.822794,9.426008,-0.204813,0.006763,0.244208
110.9,0.491226,1.523592,9.490487,-0.113551,0.032774,0.118289
110.925,0.208521,1.77971,9.732345,-0.002842,0.007391,0.025706
110.95,0.687297,1.99695,9.608596,0.11889,-0.170916,0.055604
110.975,0.965281,2.331842,9.513519,0.094012,-0.059258,0.06908
111.0,0.690248,2.233057,9.383953,-0.095458,-0.014922,0.067152
111.025,0.517635,1.87206,9.494747,-0.079989,0.077593,-0.035813
111.05,0.848036,2.148365,9.624549,-0.008309,-0.01914,0.042047
111.075,0.939597,2.027258,9.6637,-0.039359,0.001587,0.12767
111.1,0.413859,1.676135,9.823787,0.012998,-0.033969,0.051887
111.125,0.911546,2.216518,9.631298,0.289748,-0.146768,0.074938
111.15,0.694301,3.024945,9.831742,-0.007573,0.058571,0.010156
111.175,0.534323,2.064166,9.564179,-0.221581,-0.036437,0.021231
111.2,0.410259,1.82261,9.363116,0.02669,0.11395,0.008982
111.225,0.140448,2.210907,9.674092,-0.071047,0.007627,0.003283
111.25,0.902202,1.693102,9.293523,-0.04308,-0.017727,-0.054972
111.275,0.872306,2.308721,9.579319,0.16592,0.057149,0.035023
111.3,0.621197,2.467088,9.676947,-0.061351,0.033849,0.007834
111.325,0.70791,2.060466,9.569146,-0.033369,0.054025,-0.024788
111.35,0.683508,2.286709,9.645811,0.008734,0.103425,-0.078718
111.375,0.440696,2.077383,9.713613,-0.148634,0.116989,-0.15516
111.4,0.479235,1.688804,9.530831,0.086397,0.018731,-0.069665
111.425,0.44639,2.354233,9.695636,0.069703,0.025393,-0.122123
111.45,0.737317,2.341638,9.608529,0.025878,0.030544,-0.08154
111.475,0.530776,2.143639,9.569882,-0.154713,0.142339,-0.159041
111.5,0.62735,2.015821,9.581556,0.006004,-0.02794,0.029206
111.525,0.612629,2.139557,9.673412,0.010486,-0.03005,0.077365
111.55,0.579833,2.052062,9.632435,-0.001845,-0.020778,0.12263
111.575,0.502814,2.087467,9.789103,-0.02828,0.004185,0.025002
111.6,0.600639,2.069747,9.731772,-0.044609,-0.069425,-0.030591
111.625,1.340024,2.20895,9.455873,0.099704,-0.026971,0.097377
111.65,0.615631,2.307714,9.633898,-0.160107,0.079911,0.062367
111.675,0.247265,1.221564,9.408348,-0.207098,0.06136,-0.015309
111.7,0.493037,1.319442,9.398407,0.171104,0.039516,-0.136363
111.725,0.381355,2.077649,9.491035,0.043798,0.127455,-0.23714
111.75,0.500108,1.986785,9.544339,0.08333,0.093554,-0.137749
111.775,0.169493,2.400863,9.61308,0.064047,0.040394,-0.12115
111.8,0.661514,2.396934,9.534936,0.071236,0.026653,-0.047823
111.825,0.330907,2.595356,9.647585,-0.043716,0.068874,-0.080728
111.85,0.412225,2.136416,9.514867,-0.117664,0.042323,0.032914
111.875,0.306228,1.860993,9.523995,-0.031887,-0.005285,0.019645
111.9,0.215763,1.839376,9.496087,0.042108,0.014193,-0.003611
111.925,0.338858,2.18865,9.552454,0.113386,-0.060355,0.016465
111.95,0.194531,2.347414,9.612318,0.04197,0.007096,-0.043433
111.975,0.320442,2.341143,9.649213,0.041394,-0.086041,0.047663
112.0,0.693459,2.167725,9.537827,-0.045728,-0.087339,0.026824
112.025,0.736927,1.886672,9.479778,0.026818,-0.021729,0.055025
112.05,0.844804,1.826099,9.646343,0.022595,0.008295,-0.052451
112.075,0.273514,2.127335,9.79167,0.204313,0.053749,-0.021155
112.1,0.50395,2.462668,9.958611,-0.010448,-0.091319,0.013277
112.125,0.582449,2.081045,9.646743,0.078699,-0.067931,0.058367
112.15,0.842167,2.577871,9.756914,0.014647,-0.01617,0.055858
112.175,0.62713,2.299857,9.611576,-0.076285,0.012119,0.084176
112.2,0.564365,2.289166,9.75505,-0.082445,0.032946,0.138122
112.225,0.444987,1.94128,9.581679,-0.093583,-0.071411,0.202089
112.25,0.68077,2.111509,9.534842,0.036477,-0.02564,0.170147
112.275,0.664737,2.45371,9.616719,-0.028438,-0.052205,0.154906
112.3,0.662363,2.118477,9.506433,-0.109936,0.024789,0.119321
112.325,0.401823,1.910545,9.514291,-0.02453,-0.011593,0.133637
112.35,0.410015,1.997644,9.534402,-0.011358,-0.02434,0.117168
112.375,0.610278,1.917729,9.559034,-0.053968,-0.027769,0.068684
112.4,0.578394,1.733289,9.471127,0.082548,-0.006142,0.006192
112.425,0.628337,2.454156,9.72847,0.167918,0.024477,0.018928
112.45,0.262224,2.634699,9.666986,-0.024683,0.018801,0.061393
112.475,0.688674,2.183889,9.527558,-0.181742,-0.002741,0.026009
112.5,0.479725,1.995986,9.575725,-0.003513,0.109956,0.015617
112.525,0.472633,2.022609,9.779152,-0.066403,0.000249,-0.03406
112.55,0.367676,1.694822,9.496528,0.047652,0.034011,-0.043697
112.575,0.447447,2.366578,9.645018,0.132745,-0.004628,-0.017642
112.6,0.47495,2.358781,9.673906,-0.113864,0.032092,-0.07544
112.625,0.595189,2.049773,9.662299,-0.027315,0.018561,-0.013711
112.65,0.244374,2.249038,9.619773,0.08267,-0.058056,-0.00067
112.675,0.782431,2.35331,9.52122,-0.067908,-0.041808,0.011256
112.7,0.377198,1.825241,9.509305,-0.12282,0.011459,-0.016951
112.725,0.686416,1.762034,9.545314,0.091556,-0.03336,-0.022275
112.75,0.447618,2.512943,9.799308,0.129713,-0.081301,0.030707
112.775,0.867796,2.138697,9.549437,-0.077893,-0.059008,-0.021657
112.8,0.692512,2.064374,9.547774,0.0347,-0.011453,0.021239
112.825,0.832518,2.098973,9.70228,-0.078446,0.06299,-0.023179
112.85,0.653703,1.731674,9.585291,-0.044398,-0.005507,-0.022992
112.875,0.777582,1.855215,9.633898,0.097313,-0.007272,-0.031361
112.9,0.644299,2.189495,9.648239,0.055218,-0.021035,-0.028931
112.925,0.702604,2.152137,9.639968,-0.051738,0.02923,-0.006813
112.95,0.784213,1.919563,9.607193,-0.025593,-0.001209,-0.001186
112.975,0.772875,2.199029,9.697268,0.063784,0.04728,0.04137
113.0,0.652553,2.209512,9.675927,-0.055957,-0.002937,0.02579
113.025,0.707273,2.005169,9.531633,0.010171,0.011148,0.086704
113.05,0.659515,2.217419,9.65169,0.000759,0.001507,0.104599
113.075,0.644857,1.987583,9.685956,-0.090925,0.002166,0.1257
113.1,0.503834,1.904967,9.693462,0.044826,0.02575,0.103233
113.125,0.395482,2.467697,9.7805,0.030759,-0.005061,0.051969
113.15,0.473547,2.161766,9.574519,-0.154272,-0.021054,0.019625
113.175,0.547419,1.78664,9.429829,0.013957,-0.025249,0.023457
113.2,0.703088,2.172576,9.506609,0.067771,-0.011575,0.048466
113.225,0.702614,2.309681,9.499185,-0.09388,0.058334,0.029001
113.25,0.569279,1.935208,9.455961,-0.130125,0.057836,0.012887
113.275,0.424835,1.727542,9.659824,-0.021545,0.090108,-0.025461
113.3,0.26649,1.679101,9.683507,-0.016095,-0.029218,-0.07937
113.325,0.9107,2.013807,9.557394,0.176427,-0.042874,-0.070122
113.35,0.486064,2.508521,9.611629,0.016782,0.002768,-0.036672
113.375,0.602208,2.027329,9.516219,-0.115187,-0.022974,-0.043644
113.4,0.498808,1.760023,9.439277,0.055486,-0.010965,-0.028679
113.425,0.515419,2.291122,9.683509,0.038845,-0.049276,0.026978
113.45,0.801096,1.947832,9.498137,-0.063332,-0.062612,0.02657
113.475,0.710337,1.798191,9.498443,0.040588,-0.003312,0.008738
113.5,0.630903,2.202462,9.672993,0.082024,-0.006426,-0.023726
113.525,0.51797,2.096692,9.642113,-0.109155,-0.041294,-0.037329
113.55,0.962014,1.474382,9.377949,-0.022739,-0.047928,0.012943
113.575,0.781922,2.06922,9.618897,0.214233,-0.005113,0.002886
113.6,0.774226,2.612309,9.829382,0.026191,-0.016106,-0.003657
113.625,0.740797,2.220187,9.586151,-0.100714,-0.012513,-0.004564
113.65,0.67204,1.914982,9.524211,-0.064858,0.036012,0.012665
113.675,0.473895,1.711954,9.623758,-0.051931,0.012652,-0.002485
113.7,0.558855,1.7487,9.644057,0.102026,-0.02043,-0.034666
113.725,0.71194,2.350133,9.714095,0.150989,-0.045419,-0.00577
113.75,0.752075,2.421491,9.701517,-0.054158,0.01759,-0.047003
113.775,0.770977,2.197395,9.708694,-0.0578,0.040698,-0.040218
113.8,0.512382,2.005372,9.680626,-0.089787,0.039285,-0.088259
113.825,0.750039,1.891834,9.564597,0.004333,-0.014671,-0.04223
113.85,0.721732,1.715147,9.380176,0.010025,0.042813,-0.060595
113.875,0.665354,2.002953,9.59448,0.07698,0.059955,-0.044942
113.9,0.526883,2.230424,9.81244,0.030157,0.007322,-0.014686
113.925,0.882268,2.129963,9.593756,0.024568,-0.057834,0.023619
113.95,0.825055,2.188566,9.543526,0.006537,0.057295,0.030336
113.975,0.675899,1.907248,9.562163,-0.063693,0.028352,0.004899
114.0,0.630315,2.001285,9.681825,0.081752,0.050604,0.059262
114.025,0.29814,2.137538,9.791417,-0.083344,-0.032292,0.03549
114.05,0.414086,1.56797,9.564269,0.006208,-0.023844,-0.012621
114.075,0.712452,2.3131,9.565635,0.240199,-0.054251,-0.032399
114.1,0.675689,2.758987,9.835964,-0.07286,0.017345,0.015876
114.125,0.784533,1.793291,9.442002,-0.138887,-0.062417,0.030396
114.15,0.863547,1.977338,9.553685,0.119295,0.076747,0.04211
114.175,0.412228,2.407051,9.826591,0.004106,0.011928,0.002393
114.2,0.635731,1.979175,9.572415,-0.043169,0.010466,-0.02369
114.225,0.405769,1.953567,9.562085,0.005212,-0.017348,-0.032219
114.25,0.637591,2.001519,9.550526,0.041644,0.049058,-0.05271
114.275,0.264609,2.081253,9.520666,-0.005153,0.020024,-0.053637
114.3,0.766758,2.081775,9.464166,0.001296,-0.014189,-0.051944
114.325,0.632382,1.874759,9.462968,0.002885,0.036337,-0.069939
114.35,0.799667,1.926813,9.502689,0.090098,0.000809,-0.046219
114.375,0.509853,2.363479,9.73201,0.113384,0.064287,-0.044704
114.4,0.694561,2.380299,9.682597,-0.002819,-0.012307,-0.068944
114.425,0.615017,2.265441,9.657611,0.020653,0.075274,-0.08341
114.45,0.671227,2.18172,9.69111,-0.018316,-0.030385,-0.026495
114.475,0.732553,2.067102,9.558953,0.047065,0.063792,0.006016
114.5,0.486945,2.500802,9.849628,-0.024633,0.042183,0.043565
114.525,0.444707,2.005923,9.660767,-0.119907,0.050205,0.004646
114.55,0.355543,2.019747,9.727104,0.054345,-0.0472,0.045785
114.575,0.770241,2.232886,9.604199,0.095606,-0.067052,0.038438
114.6,0.892366,2.426443,9.612724,-0.04365,0.010487,0.051411
114.625,0.454447,1.893552,9.499185,-0.131788,0.05744,0.005362
114.65,0.514486,1.899572,9.45225,0.108527,0.028275,-0.016204
114.675,0.341777,2.435292,9.728552,-0.009131,0.017597,-0.028959
114.7,0.609049,1.780417,9.465571,-0.063307,-0.002738,-0.037691
114.725,0.602686,2.096589,9.452576,0.198473,-0.000158,0.011002
114.75,0.585982,2.73957,9.748239,0.033172,0.051809,0.001727
114.775,0.397222,2.160176,9.614675,-0.138126,0.046374,-0.011082
114.8,0.3205,1.799816,9.599789,0.00706,0.0526,0.000586
114.825,0.365179,2.369244,9.710212,0.12536,-0.000455,-0.023357
114.85,0.440546,2.472273,9.712817,-0.090225,0.02938,-0.034869
114.875,0.500386,1.924093,9.523508,-0.086191,-0.017497,-0.027053
114.9,0.577459,2.160428,9.549813,0.078811,0.028955,-0.012015
114.925,0.419173,2.452913,9.65733,-0.01434,0.040474,-0.03048
114.95,0.529737,2.034681,9.544482,-0.163677,0.045618,-0.062549
114.975,0.510501,1.629987,9.493384,0.037341,0.021693,-0.051524
115.0,0.576787,2.213173,9.62058,0.155433,0.028722,-0.071051
115.025,0.362853,2.461192,9.718066,-0.046176,0.044919,-0.074487
115.05,0.536091,2.038261,9.469426,-0.002044,0.0183,-0.061428
115.075,0.368256,2.40579,9.613594,0.007625,0.050941,-0.045554
115.1,0.529116,2.159389,9.516985,-0.132196,0.041912,-0.043138
115.125,0.318912,1.762747,9.444656,-0.062114,0.050626,-0.040188
115.15,0.386648,1.921351,9.520404,0.024011,-0.016736,0.017021
115.175,0.509062,2.070464,9.412063,0.066613,-0.006422,0.019932
115.2,0.445246,2.230052,9.505983,-0.010459,-0.005017,0.042827
115.225,0.423169,1.954624,9.581065,-0.080546,-0.006991,0.035484
115.25,0.440891,1.857202,9.550684,0.056094,-0.029328,0.050062
115.275,0.399817,2.264999,9.631724,0.097787,-0.021265,0.06415
115.3,0.409343,2.303967,9.626871,-0.050054,-0.026316,0.019161
115.325,0.452333,1.858017,9.535693,0.01375,0.009592,-0.001518
115.35,0.388999,2.393815,9.743097,0.144383,-0.048157,0.024874
115.375,0.504588,2.533216,9.705368,-0.048826,-0.035269,0.054605
115.4,0.659555,2.045216,9.490272,-0.042505,-0.014388,0.078292
115.425,0.418096,2.262944,9.708522,-0.011071,0.073492,0.067491
115.45,0.390446,2.091352,9.7911,-0.114629,-0.01106,0.047216
115.475,0.426344,1.813607,9.582735,0.061782,-0.039686,0.023423
115.5,0.57785,2.344719,9.583053,0.120315,-0.034488,0.020606
115.525,0.371242,2.33397,9.601698,-0.030045,0.020914,0.008445
115.55,0.375623,2.087417,9.571603,-0.056761,-0.019562,0.033372
115.575,0.299773,2.130791,9.630098,0.007845,-0.017499,0.036897
115.6,0.521225,1.936606,9.545441,-0.04611,-0.08725,0.02747
115.625,0.577182,2.002925,9.509613,0.128837,-0.04041,0.072251
115.65,0.671416,2.590551,9.767878,0.098902,-0.059157,0.065568
115.675,0.564596,2.526359,9.811297,-0.057036,0.018936,0.047955
115.7,0.590014,2.202457,9.693962,-0.017369,0.006012,-0.000188
115.725,0.568546,2.511761,9.735338,-0.000615,0.066048,-0.038477
115.75,0.474537,2.011369,9.603936,-0.218138,0.045248,-0.068738
115.775,0.499141,1.770598,9.594397,0.077326,0.035354,-0.045583
115.8,0.530674,2.401703,9.608548,0.028495,0.001097,-0.040822
115.825,0.617908,2.086295,9.454975,-0.131461,0.028965,-0.024447
115.85,0.458946,1.70378,9.430261,0.016487,0.048977,-0.006936
115.875,0.257888,2.478841,9.743204,0.061319,0.024091,0.005545
115.9,0.4366,2.2912,9.61857,-0.122126,-0.000785,-0.003367
115.925,0.373293,1.889963,9.43771,-0.081504,0.01336,-0.000116
115.95,0.249831,2.037662,9.490913,-0.005167,0.082827,-0.032486
115.975,0.312564,1.941812,9.507448,-0.115745,-0.028471,-0.06828
116.0,0.425471,1.733541,9.465962,0.060525,0.032784,-0.055319
116.025,0.57335,2.171462,9.612786,0.085054,-0.018852,-0.079273
116.05,0.255179,2.119023,9.663198,0.064162,0.052484,-0.108572
116.075,0.331281,2.36896,9.744947,0.041392,0.006547,-0.128942
116.1,0.243131,2.238026,9.662663,-0.017083,0.013769,-0.120626
116.125,0.529672,2.083565,9.585403,0.055726,0.006599,-0.071244
116.15,0.122022,2.424677,9.819799,0.016339,-0.062517,-0.033792
116.175,0.6401,2.096456,9.601018,-0.024037,-0.035547,-0.027534
116.2,0.307924,2.261196,9.545618,0.111032,-0.082014,0.020256
116.225,0.851454,2.271085,9.553882,-0.118007,-0.008165,-0.003523
116.25,0.662672,1.721529,9.503801,-0.035156,0.013013,0.001007
116.275,0.189196,1.923922,9.796851,0.080975,0.047519,-0.038094
116.3,0.531552,2.116071,9.704763,0.074285,-0.086511,-0.041727
116.325,0.537696,2.253343,9.576813,0.077665,0.063807,-0.090194
116.35,0.505801,2.390023,9.683137,-0.032431,0.044263,-0.098962
116.375,0.366046,2.021158,9.658348,-0.079665,0.030966,-0.086566
116.4,0.602761,1.998008,9.599759,0.075083,-0.005652,-0.048649
116.425,0.41994,2.337677,9.59564,0.024366,0.019705,-0.015265
116.45,0.425896,2.182966,9.524264,-0.070496,0.03931,0.017633
116.475,0.26657,2.055953,9.61405,-0.049571,-0.003958,0.064994
116.5,0.213757,2.083762,9.598031,0.001883,-0.032576,0.076251
116.525,0.578526,2.161977,9.536111,-0.017267,-0.0702,0.036173
116.55,0.486039,2.027972,9.458448,-0.019954,0.034123,4.6e-05
116.575,0.136322,2.236884,9.653324,0.011748,0.002948,0.024485
116.6,0.221897,2.091696,9.677772,-0.040034,-0.055364,0.005451
116.625,0.515249,2.124891,9.524289,0.080856,-0.096439,0.01118
116.65,0.772787,2.453453,9.581256,-0.022388,0.016694,-0.040424
116.675,0.504788,2.040492,9.537007,-0.096799,0.045178,-0.057185
116.7,0.328946,1.95544,9.695411,-0.019532,0.074811,-0.070739
116.725,0.227118,1.944236,9.589146,0.077543,-0.043161,-0.091334
116.75,0.392732,2.298017,9.513559,0.075726,0.025572,-0.078062
116.775,0.353593,2.19017,9.519245,-0.093282,-0.03497,-0.047866
116.8,0.331905,1.81209,9.404659,-0.04588,0.055001,-0.058609
116.825,0.209525,2.086911,9.628184,0.016484,-0.046177,-0.015675
116.85,0.436178,1.78575,9.466162,-0.056813,-0.070395,-0.048328
116.875,0.597375,1.887113,9.498028,0.13826,-0.127212,0.012526
116.9,0.613367,2.43185,9.772699,0.115231,-0.052417,0.011985
116.925,0.648504,2.484823,9.780566,-0.011134,-0.107344,0.035504
116.95,0.758529,2.306287,9.689989,0.03115,-0.050181,0.034275
116.975,0.664766,2.478523,9.701285,0.008788,-0.059875,-0.003908
117.0,0.743349,2.249455,9.564798,-0.045184,-0.025972,0.021207
117.025,0.638454,2.264108,9.666498,-0.020598,-0.009586,0.072633
117.05,0.620013,2.088351,9.681342,-0.123115,0.001446,0.09215
117.075,0.621277,1.700338,9.500774,-0.074991,0.0323,0.030335
117.1,0.493629,1.894621,9.528858,0.090335,0.024551,-0.040591
117.125,0.592205,2.248538,9.623598,0.012587,-0.009323,-0.029
117.15,0.618993,1.951226,9.476004,-0.008728,-0.016186,0.015382
117.175,0.516407,2.200173,9.560813,0.108293,-0.01046,0.036425
117.2,0.583989,2.495419,9.755004,-0.011592,-0.045836,0.055207
117.225,0.669865,2.029433,9.533665,-0.077899,-0.061816,0.081765
117.25,0.831644,2.033592,9.49838,0.047558,-0.028684,0.122493
117.275,0.640888,2.242469,9.679867,-0.043817,0.022265,0.083783
117.3,0.485882,1.881451,9.758144,-0.035175,-0.006601,0.056156
117.325,0.66352,2.142835,9.656942,0.12266,-0.054243,0.026066
117.35,0.73367,2.468204,9.743732,-0.014492,0.017642,0.027125
117.375,0.66588,2.027229,9.635734,-0.08975,-0.008106,0.017918
117.4,0.652979,2.032292,9.595361,0.069935,0.016871,0.028275
117.425,0.639453,2.50165,9.683935,0.035395,-4.9e-05,0.033453
117.45,0.522368,2.220386,9.532567,-0.159272,0.059584,-0.006465
117.475,0.633891,1.621535,9.330507,-0.100125,0.025065,0.009982
117.5,0.534229,1.777598,9.507313,0.103633,0.028202,0.018923
117.525,0.581829,2.243666,9.681739,0.068807,-0.017245,0.033314
117.55,0.42931,2.249293,9.657111,0.041898,-0.02097,0.028632
117.575,0.739942,2.348425,9.605201,0.025656,-0.046252,0.014595
117.6,0.748675,2.250799,9.551136,-0.037813,0.058582,-0.044111
117.625,0.568025,2.1867,9.729855,-0.03461,0.060346,-0.048773
117.65,0.334418,1.929973,9.69279,-0.020326,0.010858,-0.05197
117.675,0.712919,2.211905,9.496887,0.131858,-0.019525,0.002275
117.7,0.33524,2.571607,9.659912,-0.070502,0.073117,-0.009269
117.725,0.722508,1.887786,9.568328,-0.188133,-0.012417,0.016342
117.75,0.585385,1.803722,9.559293,0.072415,-0.002322,0.049238
117.775,0.577024,2.287054,9.704279,0.017382,-0.017445,0.06118
117.8,0.597987,2.021999,9.589465,-0.049236,-0.031049,0.00748
117.825,0.597891,2.171289,9.687991,0.034987,0.055126,-0.045721
117.85,0.318611,2.011481,9.76748,-0.055365,-0.054782,-0.055378
117.875,0.927131,1.711625,9.361147,0.125035,-0.110207,-0.010843
117.9,0.81544,2.664116,9.621717,0.198234,0.017135,0.070797
117.925,0.596551,2.503374,9.77918,-0.16806,0.038215,0.032606
117.95,0.472086,1.879005,9.72254,-0.054579,0.028682,0.016572
117.975,0.676737,2.201059,9.6465,0.032916,-0.008929,-0.007114
118.0,0.789263,2.119387,9.484642,-0.076894,0.040187,-0.033582
118.025,0.487005,1.875162,9.563007,-0.081762,0.080924,-0.044267
118.05,0.461805,1.774499,9.404687,0.065765,-0.005487,-0.040015
118.075,0.49951,2.198984,9.572104,0.044498,0.004527,0.002281
118.1,0.609348,1.997398,9.480067,-0.015929,-0.044571,-0.011147
118.125,0.674428,2.04586,9.583518,0.070199,0.01044,-0.014668
118.15,0.671647,2.318894,9.658847,0.061044,-0.042722,0.012103
118.175,0.654294,2.140621,9.674948,-0.00711,0.022905,0.010324
118.2,0.469829,2.01916,9.551426,0.03229,-0.051878,0.017293
118.225,0.76791,2.483295,9.711413,0.104387,0.035951,-0.006191
118.25,0.362726,2.404856,9.690611,-0.153061,-0.027774,-0.035978
118.275,0.8838,1.713316,9.39986,-0.024545,0.018988,-0.026475
118.3,0.538115,2.159617,9.54745,0.075548,0.018345,-0.004297
118.325,0.715297,2.094755,9.424434,-0.035274,0.065539,0.027061
118.35,1.031143,2.120095,9.389561,-0.003171,0.087073,-0.013393
118.375,-0.275901,2.23605,10.014647,-0.13976,0.123018,-0.01673
118.4,0.897869,1.502931,9.280202,0.047295,-0.129206,-0.090042
118.425,0.177194,2.660088,9.58744,0.171236,0.067744,-0.006553
118.45,0.404648,1.973529,9.359671,-0.264631,-0.082895,-0.028472
118.475,0.829896,1.749144,9.257786,0.141414,0.012669,0.009283
118.5,0.356636,2.677038,9.834265,0.019464,-0.005297,0.1002
118.525,0.793501,1.872558,9.616018,-0.137025,-0.086044,0.042168
118.55,0.578914,1.919178,9.674511,0.183015,0.000812,0.083228
118.575,0.626598,2.58871,9.94621,0.03708,-0.050588,0.041532
118.6,0.760821,2.186781,9.742064,-0.011957,-0.046002,0.027092
118.625,0.82163,2.213199,9.733157,-0.065549,0.026189,0.030022
118.65,0.474861,2.072623,9.683991,-0.038739,0.015143,-0.000389
118.675,0.531926,2.166578,9.613088,-0.040711,0.027214,0.061051
118.7,0.441649,2.20579,9.553819,-0.081185,-0.024669,0.067339
118.725,0.624583,1.798449,9.517183,-0.144818,0.007042,0.013139
118.75,0.712722,1.700961,9.551609,0.046442,-0.077593,0.028083
118.775,0.976095,2.006938,9.555646,0.085909,-0.055034,-0.007552
118.8,0.926411,2.125197,9.555414,0.117723,-0.071761,0.023793
118.825,0.729033,2.314692,9.628384,0.049407,0.034071,-0.045282
118.85,0.714947,2.268406,9.644785,-0.029835,-0.003282,0.003501
118.875,0.471843,2.08364,9.562065,-0.061012,0.074183,-0.022938
118.9,0.369423,1.863255,9.592363,-0.082366,0.010433,-0.001724
118.925,0.593716,1.724099,9.492548,0.024998,-0.009975,0.00601
118.95,0.950086,2.167962,9.50776,0.151072,-0.042323,0.044268
118.975,0.943221,2.416329,9.674545,-0.054279,0.062957,0.025905
119.0,0.267755,1.989075,9.722983,-0.095676,0.060754,-0.008632
119.025,0.538101,1.828533,9.570043,0.015944,-0.100879,0.00044
119.05,1.138103,2.138768,9.463443,0.126581,-0.054119,0.025897
119.075,0.971532,2.283685,9.649328,0.01875,0.031515,0.00091
119.1,0.485894,1.96358,9.579207,0.025612,-0.010419,-0.000464
119.125,0.464715,2.370142,9.716894,0.11996,0.027291,0.023545
119.15,0.5196,2.357649,9.742092,-0.081862,-0.021768,0.022972
119.175,0.808616,1.771107,9.481256,-0.081214,0.031179,-0.018216
119.2,0.543281,1.954421,9.597088,0.093181,0.041073,0.006566
119.225,0.458773,2.361534,9.722055,0.042921,-0.014488,0.005579
119.25,0.384221,2.296219,9.523015,-0.026654,-0.003144,-0.034829
119.275,0.64223,2.263821,9.485729,-0.027278,-0.042737,-0.058658
119.3,0.987444,1.853518,9.331212,-0.083376,0.007296,-0.103355
119.325,0.973144,1.794562,9.261019,0.105309,0.016388,-0.036496
119.35,0.716203,2.187287,9.511091,0.224562,0.008554,-0.005271
119.375,1.002295,2.834691,9.574492,0.191606,-0.015309,0.034526
119.4,0.532022,2.897908,9.846592,-0.156003,0.082986,0.051027
119.425,0.912076,1.825172,9.747884,-0.206177,0.027322,0.112593
119.45,0.631182,1.890718,9.508778,0.163632,-0.04506,0.182298
119.475,1.112491,2.837178,9.810517,0.109704,0.016918,0.18635
119.5,0.536663,2.823541,9.86248,-0.167104,0.029982,0.148531
119.525,0.637072,1.833055,9.572436,-0.189661,0.06068,0.065476
119.55,0.469752,2.382812,9.838227,0.212484,-0.070061,0.135647
119.575,1.17737,2.034842,9.510421,-0.093296,-0.028914,0.07755
119.6,0.893669,2.298684,9.328159,-0.004611,-0.023934,0.197993
119.625,1.098324,2.334521,9.411879,-0.037886,0.094113,0.163045
119.65,0.52802,2.412646,9.737194,-0.269864,0.077736,0.122276
119.675,0.469713,1.253808,9.621798,-0.302781,0.13063,0.066517
119.7,0.235095,0.847095,9.18325,0.116461,-0.065927,-0.020508
119.725,0.382531,2.003322,9.645691,0.276713,0.029973,-0.018212
119.75,0.72588,2.253593,9.787122,-0.033231,-0.076366,-0.031515
119.775,0.319234,1.828181,9.775503,-0.068638,0.089943,0.030852
119.8,0.359219,1.728173,9.845789,0.06095,-0.079795,0.050257
119.825,0.4912,2.29618,9.889846,0.114933,-0.03276,-0.013147
119.85,0.966,2.556868,9.856393,-0.027758,-0.01067,-0.008785
119.875,0.83089,2.441991,9.778027,-0.137095,0.097762,-0.027588
119.9,0.527587,2.059185,9.691946,-0.131166,0.078642,-0.005828
119.925,0.602676,1.929399,9.535783,-0.018007,-0.000456,-0.028458
119.95,0.677089,2.178411,9.631283,-0.01152,0.029139,-0.018727
119.975,0.635263,2.008239,9.476975,-0.128662,0.073663,-0.027917
120.0,0.418098,1.585163,9.497897,-0.086897,0.088559,-0.052875
120.025,0.474019,1.767622,9.508267,0.07872,0.000826,-0.0407
120.05,0.589337,2.172146,9.650385,0.043694,0.025539,-0.052091
120.075,0.803189,2.156059,9.460303,-0.009553,-0.006319,-0.042152
120.1,0.617097,2.253986,9.526677,-0.083925,0.142239,-0.047668
120.125,0.33396,1.777925,9.500864,-0.148058,-0.009453,-0.03961
120.15,0.555548,1.620851,9.481603,0.020582,0.036205,-0.04489
120.175,0.367886,1.918314,9.615393,0.034997,-0.041869,-0.0627
120.2,0.675511,1.813395,9.37503,0.032729,-0.00428,-0.056595
120.225,0.48684,2.096125,9.706015,0.004726,0.007998,-0.003525
120.25,0.531939,1.787489,9.565314,-0.048316,-0.047109,-0.009145
120.275,0.596803,2.002466,9.667191,0.09679,-0.060425,0.024976
120.3,0.878356,2.400054,9.74394,0.045451,-0.075244,0.013201
120.325,0.628131,1.887684,9.582365,-0.139126,-0.0275,-0.009307
120.35,0.7796,1.57189,9.456075,0.083472,-0.044552,0.0105
120.375,0.597212,2.150894,9.675518,0.082748,-0.085335,0.009826
120.4,0.96706,1.899122,9.670381,-0.039736,-0.007974,0.038197
120.425,0.467053,1.925515,9.686524,0.063381,-0.020592,-0.00975
120.45,0.69516,2.229454,9.778891,0.021798,0.040226,-0.023013
120.475,0.555956,1.992769,9.694039,-0.073117,-0.038864,-0.040454
120.5,0.717005,1.873891,9.592202,0.044679,0.077965,-0.058051
120.525,0.610719,2.195374,9.658871,-0.020788,0.016602,-0.029632
120.55,0.433751,2.024378,9.585357,-0.114135,0.108248,-0.056244
120.575,0.371587,1.766451,9.488098,-0.011886,-0.045678,0.001316
120.6,0.659924,2.003775,9.493499,0.053308,0.005064,-0.003966
120.625,0.888574,1.798931,9.443301,-0.049758,-0.038514,0.01814
120.65,0.706798,1.609734,9.559663,0.048641,0.053786,0.007372
120.675,0.436285,2.077671,9.847943,0.102368,-0.056044,0.016352
120.7,0.556088,2.111662,9.760757,0.011558,-0.044362,-0.005261
120.725,0.659786,2.008138,9.610285,0.035142,-0.046081,-0.043643
120.75,0.795087,2.17397,9.697533,0.021243,0.050855,-0.062539
120.775,0.311388,2.174036,9.809395,-0.059802,0.017131,-0.02537
120.8,0.498049,1.902915,9.606608,-0.068766,-0.041771,0.001943
120.825,0.729139,2.003623,9.5657,0.056007,-0.03535,0.018563
120.85,0.849019,2.229397,9.668078,-0.031004,0.044512,-0.019791
120.875,0.329382,2.075943,9.61306,-0.0446,0.010606,-0.01976
120.9,0.613728,2.071608,9.648711,-0.067532,-0.031513,-0.038804
120.925,0.763561,1.668334,9.429735,-0.056561,-0.09739,-0.011967
120.95,1.003943,1.578886,9.363366,0.079497,-0.033863,0.03126
120.975,0.817842,2.012422,9.600868,0.115538,0.015615,0.025212
121.0,0.260211,2.160621,9.717987,-0.039267,0.00386,-0.034823
121.025,0.71799,1.880171,9.710725,-0.040902,-0.031194,-0.001465
121.05,0.737827,1.787841,9.614536,0.003871,-0.049321,-0.032376
121.075,0.959219,1.876098,9.581323,0.051728,0.025998,-0.009398
121.1,0.432894,2.242689,9.828709,0.025802,-0.009452,0.027165
121.125,0.726854,2.005476,9.709379,-0.072955,-0.078281,0.097097
121.15,0.92886,1.91302,9.666559,0.057769,-0.036813,0.134437
121.175,0.945415,2.244695,9.868258,-0.020744,-0.038849,0.041564
121.2,0.76999,1.940417,9.733179,-0.050733,-0.006338,0.006577
121.225,0.463419,2.03722,9.729589,0.033637,-0.034786,0.012423
121.25,0.598529,2.101233,9.592749,-0.042512,-0.047712,0.040261
121.275,0.906241,1.95054,9.521363,-0.095722,-0.023585,0.04743
121.3,0.919965,1.827095,9.641141,-0.007769,0.025495,0.033507
121.325,0.639797,2.028765,9.790245,0.015813,-0.011203,0.007539
121.35,0.854669,1.891837,9.558196,0.013378,-0.049813,-0.039456
121.375,0.783529,1.921842,9.522862,0.027311,0.065611,-0.047467
121.4,0.48572,1.971376,9.649002,-0.005809,0.03311,-0.095516
121.425,0.571798,2.023453,9.710726,-0.033677,0.033949,-0.113058
121.45,0.788832,1.94019,9.572725,0.006992,-0.004374,-0.08814
121.475,0.670331,2.178673,9.511632,0.021547,0.040959,-0.060584
121.5,0.80317,1.916639,9.465018,-0.127737,-0.000576,0.003138
121.525,0.67466,1.477271,9.472978,-0.009733,0.01383,0.007827
121.55,0.692021,2.055717,9.680645,0.116926,-0.039946,0.000155
121.575,0.769957,2.072561,9.630442,-0.055556,-0.030011,-0.035771
121.6,0.816822,1.726225,9.467566,-0.014069,-0.043257,-0.012288
121.625,0.832849,1.900034,9.53223,0.049618,-0.028846,-0.021925
121.65,0.979546,1.877736,9.541457,0.00391,-0.064514,-0.021978
121.675,0.999607,1.840935,9.478821,0.063639,-0.00956,-0.015969
121.7,1.030669,2.219787,9.582124,0.01117,0.014594,-0.00193
121.725,0.846799,2.011135,9.584264,-0.079704,0.051328,0.022437
121.75,0.897862,1.683213,9.491209,-0.097794,0.045739,0.047709
121.775,0.779653,1.678719,9.52389,0.0445,0.034679,0.060717
121.8,0.81107,1.928294,9.715598,-0.003893,-0.007698,0.069242
121.825,0.984115,1.797617,9.579604,0.001552,-0.006147,0.0976
121.85,0.504886,1.986446,9.691715,-0.007855,0.030459,0.114859
121.875,0.665084,1.828891,9.707223,-0.082618,-0.016134,0.101716
121.9,0.318654,1.742932,9.747286,0.003035,-0.047146,0.091841
121.925,0.995272,1.951663,9.680141,0.08353,-0.178537,0.121714
121.95,1.013313,2.161877,9.64922,0.091383,-0.03845,0.1004
121.975,1.117245,2.274583,9.805948,-0.033877,-0.028086,0.118931
122.0,0.885663,2.013411,9.812846,-0.097613,0.007627,0.106019
122.025,1.338415,1.781377,9.65312,0.014427,-0.005958,0.102301
122.05,0.345923,2.154195,9.670076,0.011141,0.120767,0.017556
122.075,0.389271,2.036578,9.650329,-0.128969,0.025179,-0.020949
122.1,0.705731,1.380996,9.4302,-0.153996,-0.019328,-0.065627
122.125,1.247909,1.33686,9.455774,0.171908,0.012092,-0.046734
122.15,0.726482,1.946685,9.642427,0.178466,0.042604,-0.100496
122.175,0.899904,2.042914,9.627962,0.066827,-0.038045,-0.069001
122.2,0.828569,2.062456,9.711732,0.075444,0.027561,-0.025672
122.225,1.013432,2.164466,9.750784,0.00503,-0.025016,-0.017863
122.25,0.849358,1.958828,9.636464,-0.034728,0.061955,-0.010584
122.275,0.729713,1.925498,9.628477,-0.018812,0.049483,-0.010721
122.3,0.427657,1.854213,9.653439,-0.016238,0.046631,-0.046648
122.325,0.546169,1.895609,9.663269,-0.001531,-0.044668,-0.034604
122.35,1.084049,1.814022,9.517464,0.018482,-0.040411,-0.030418
122.375,1.068144,1.94655,9.615838,0.099486,-0.007704,-0.006478
122.4,0.971435,2.257579,9.834099,0.052601,0.03561,0.006369
122.425,0.552283,2.15865,9.763576,-0.030681,0.0041,0.003625
122.45,0.615847,2.130908,9.687479,-0.006165,0.044857,0.025478
122.475,0.542084,2.234784,9.668719,-0.14255,0.01216,-0.012772
122.5,1.367326,1.478612,9.392265,-0.178562,-0.00982,-0.011924
122.525,0.961176,1.432668,9.469146,0.164672,0.066246,-0.019747
122.55,1.167744,2.093226,9.716214,0.133109,-0.07543,0.008575
122.575,0.833041,1.949109,9.562151,0.036332,0.021023,-0.001999
122.6,0.604319,2.14659,9.645817,0.044848,0.027119,0.027381
122.625,0.573446,2.032978,9.745483,-0.125978,0.05255,0.030244
122.65,0.764375,1.68422,9.59732,-0.085541,0.041586,0.012569
122.675,0.775582,1.799303,9.537081,0.013189,0.011579,0.016283
122.7,0.947458,1.852697,9.523392,-0.017414,0.03336,-0.016866
122.725,0.679174,1.777908,9.569638,0.097413,0.006009,-0.0011
122.75,0.749626,2.315395,9.770108,0.074073,0.031873,0.023198
122.775,0.716425,2.236378,9.614046,-0.110837,0.059627,0.001184
122.8,0.687432,1.914058,9.638148,-0.086494,0.113053,-0.007401
122.825,0.531405,1.867911,9.670347,-0.025937,0.049646,-0.066894
122.85,0.697117,1.953109,9.683496,0.072118,0.08144,-0.085379
122.875,0.536847,2.073101,9.725949,-0.001755,0.004883,-0.06516
122.9,0.659186,1.904457,9.638142,0.092501,0.025351,-0.051645
122.925,0.721738,2.392678,9.73143,0.060795,0.002881,-0.068353
122.95,0.490003,2.168844,9.659129,-0.113102,0.059908,-0.100633
122.975,0.392787,1.543339,9.528845,-0.052131,-0.019795,-0.072906
123.0,0.629333,1.831554,9.488819,0.138488,-0.036751,-0.036234
123.025,0.813878,2.132607,9.529398,-0.031157,-0.007611,-0.052654
123.05,0.532885,1.650498,9.493141,0.005409,0.032922,-0.063067
123.075,0.548539,1.949175,9.597923,0.143192,-0.021457,-0.036143
123.1,0.249352,2.346279,9.655916,0.045956,0.009419,0.002898
123.125,0.796075,2.297616,9.567177,-0.122377,0.000329,0.023365
123.15,0.524886,1.885958,9.541718,-0.148998,0.0845,0.010551
123.175,0.713137,1.622011,9.624747,-0.072241,0.006483,-0.002857
123.2,0.850613,1.504803,9.541916,0.062933,-0.038154,-0.042526
123.225,1.229315,2.000826,9.706773,0.200589,0.028242,-0.049222
123.25,0.197728,2.093563,9.936762,0.010456,0.021571,-0.125254
123.275,0.914136,2.119795,9.714666,0.199859,-0.033065,-0.04225
123.3,0.358986,2.703996,9.778821,-0.071002,-0.000468,-0.071818
123.325,1.417781,1.737905,9.340368,-0.172628,0.012177,-0.020533
123.35,0.526318,1.777312,9.498636,0.117188,0.124657,-0.022753
123.375,0.324176,2.263701,9.699913,0.024116,0.007218,0.01111
123.4,0.462868,2.155457,9.531623,-0.122389,0.026437,0.090916
123.425,0.381193,1.649904,9.381427,-0.134569,0.026283,0.081835
123.45,0.332967,1.798757,9.464289,0.02699,-0.000452,0.14212
123.475,0.455103,1.930313,9.621368,-0.061165,0.01925,0.075399
123.5,0.357401,1.760455,9.545449,-0.022488,-0.035064,0.070714
123.525,0.581402,2.106902,9.627015,0.040887,0.052652,-0.000273
123.55,0.397796,2.176299,9.680165,-0.061984,-0.009948,-0.026289
123.575,0.420002,1.892383,9.682304,-0.026927,0.022969,-0.060029
123.6,0.578306,1.941341,9.645312,0.099658,-0.125079,-0.057754
123.625,0.667229,2.367909,9.66984,0.156527,0.000268,-0.010854
123.65,-0.065411,2.692974,9.845515,-0.049612,0.022359,0.007277
123.675,-0.152412,2.178894,9.785521,-0.251875,-0.0067,0.010206
123.7,0.142522,1.660729,9.674299,-0.161904,-0.090288,-0.013727
123.725,0.635362,1.6174,9.518967,0.023592,-0.137456,-0.063279
123.75,0.866719,2.024724,9.508157,0.107575,-0.092177,-0.083924
123.775,0.814655,2.084647,9.711164,-0.025425,-0.058648,-0.104732
123.8,0.722165,1.847833,9.586416,0.008847,-0.137251,-0.05991
123.825,1.16884,2.034086,9.566777,0.108662,-0.079307,-0.037436
123.85,1.307798,2.119425,9.633588,-0.021091,-0.096309,-0.024073
123.875,1.441573,1.487914,9.702767,-0.059692,-0.004583,-0.04468
123.9,1.471933,1.605579,9.766645,0.230007,-0.065082,-0.05191
123.925,1.652263,1.943052,9.83388,0.107955,-0.039991,-0.068185
123.95,1.627286,1.821471,9.655726,0.160985,-0.025001,0.007845
123.975,1.13126,2.138714,9.805459,0.112943,0.0411,0.039631
124.0,1.162766,1.897478,9.888808,-0.043459,0.017905,0.038868
124.025,0.835113,1.839959,9.750224,0.083381,0.019055,0.05512
124.05,1.547498,2.294239,9.645859,0.069254,0.084667,0.157401
124.075,-0.794059,2.554267,9.736841,-0.112091,0.2099,0.275086
124.1,-0.550657,2.177891,9.54417,-0.375346,-0.006298,0.341216
124.125,-1.03056,1.701037,9.332217,-0.329515,-0.058286,0.372198
124.15,0.982326,1.638221,9.181268,-0.314691,-0.189053,0.271548
124.175,1.364876,1.154503,9.066613,-0.021031,-0.103134,0.193539
124.2,1.841991,1.682812,9.246251,0.14757,0.074322,0.001725
124.225,0.391659,2.483212,9.645655,0.189758,0.07047,-0.04721
124.25,1.454831,2.386985,9.575037,-0.01927,0.064994,-0.174553
124.275,1.656676,1.620902,9.719476,-0.025306,0.125718,-0.212837
124.3,1.052454,0.694756,9.457418,0.223567,0.20618,-0.416778
124.325,1.018224,2.153507,9.851777,0.617291,0.146618,-0.255106
124.35,-0.118931,3.341988,10.136236,0.207554,0.018704,-0.127466
124.375,1.088031,2.198147,9.370417,-0.252565,0.118691,-0.078641
124.4,0.748053,2.112979,9.704124,0.086745,0.1906,0.178887
124.425,0.472653,2.043538,9.965023,-0.299003,0.197098,0.057493
124.45,-0.324162,0.958963,9.635427,-0.125848,0.036913,0.15083
124.475,0.115698,2.068377,9.74879,0.343766,-0.01894,0.206693
124.5,0.347167,3.035383,9.834345,-0.219593,-0.083385,0.231945
124.525,0.313794,1.689644,9.37232,-0.248699,-0.003239,0.273983
124.55,0.283942,2.345143,9.913276,-0.029843,-0.012838,0.231322
124.575,1.007809,2.534285,9.274797,0.004382,-0.121946,0.388516
124.6,0.267737,2.914085,9.904121,-0.439647,0.090539,0.312993
124.625,0.774283,1.247966,9.315002,-0.242161,-0.131816,0.28549
124.65,-0.29405,1.343656,9.457343,-0.044664,0.052728,0.009703
124.675,0.325543,1.7968,9.672257,0.02649,-0.034596,0.085656
124.7,-0.200341,1.628279,9.562127,-0.17344,-0.034553,-0.08318
124.725,0.643814,1.182517,9.540966,0.006097,-0.055378,-0.085829
124.75,0.758888,1.662082,9.643337,0.035237,-0.034439,-0.235216
124.775,0.857871,1.571308,9.547729,0.112847,0.07855,-0.369932
124.8,1.060542,1.847813,9.690714,0.093363,0.037667,-0.380555
124.825,0.740317,2.205228,9.843297,0.242399,0.013362,-0.228879
124.85,1.54831,2.200818,9.834781,-0.102572,-0.033801,-0.149071
124.875,0.680285,1.27947,9.400964,0.131612,0.015672,-0.149459
124.9,1.672481,2.341744,9.806477,0.122765,0.106678,-0.127299
124.925,0.469015,1.463762,9.790082,-0.206444,0.043592,-0.076964
124.95,1.000865,0.865875,9.716196,0.200239,-0.000449,-0.024695
124.975,-0.0124,2.11543,9.888459,0.368758,-0.249083,0.094322
125.0,1.981947,2.185673,9.620831,0.068277,-0.139931,0.070542
125.025,0.633169,2.028437,9.694317,-0.011416,-0.061921,0.10998
125.05,1.301974,1.856779,9.676627,0.020042,-0.008913,0.174348
125.075,0.551045,1.968669,9.577195,0.037355,-0.191832,0.264304
125.1,0.917779,2.161012,9.457705,0.035581,-0.03949,0.336638
125.125,0.397922,2.017989,9.587768,-0.179127,0.046679,0.245469
125.15,-0.166175,1.384284,9.478497,-0.172392,-0.002924,0.162026
125.175,0.409987,1.518173,9.421184,0.066268,-0.000684,0.065674
125.2,0.168477,2.039117,9.498359,0.075599,-0.0007,-0.04191
125.225,0.359206,2.313281,9.60808,0.021369,0.03728,-0.041079
125.25,0.180376,2.513575,9.595188,-0.012235,-0.026352,-0.072184
125.275,0.888099,2.456803,9.635385,-0.133235,0.009661,-0.067012
125.3,1.235267,1.991192,9.617688,-0.092282,0.003731,-0.102346
125.325,1.437421,1.880169,9.635023,0.012192,0.136755,-0.167817
125.35,0.663148,1.82865,9.777947,0.032505,0.039545,-0.180218
125.375,0.835201,1.612863,9.547286,0.134439,0.015311,-0.225411
125.4,0.351467,2.071268,9.656489,0.173349,-0.02562,-0.171313
125.425,0.853028,1.798823,9.635043,-0.042903,-0.017778,-0.190207
125.45,0.900307,1.663139,9.521984,0.177827,-0.085518,-0.075601
125.475,0.822219,2.434734,9.647988,0.2173,-0.04785,0.003269
125.5,0.636241,2.681072,9.791141,-0.061385,-0.11801,0.107956
125.525,0.889728,1.994795,9.471763,-0.170602,-0.061897,0.160985
125.55,0.940583,1.983512,9.712524,-0.142441,-0.016719,0.230857
125.575,1.043605,1.527643,9.560824,-0.127101,-0.048447,0.12933
125.6,0.807321,1.722166,9.72071,0.05922,0.035631,0.095819
125.625,0.616947,1.835014,9.618896,0.013184,-0.064636,0.035157
125.65,0.974192,1.813234,9.572476,0.007502,0.025214,-0.029509
125.675,0.588208,1.992017,9.655875,0.045452,0.048403,-0.060369
125.7,0.725538,2.248844,9.822999,-0.013089,0.026159,-0.065747
125.725,0.592824,1.935002,9.65038,-0.066013,-0.053314,-0.055339
125.75,1.357425,1.793551,9.423442,0.097717,-0.04737,-0.043518
125.775,1.17793,2.500409,9.560856,0.109061,0.010114,-0.003702
125.8,0.862617,2.354946,9.855124,-0.226723,0.169822,0.018831
125.825,0.256211,1.301815,9.552723,-0.115183,-0.023422,-0.022781
125.85,0.823007,1.972608,9.658928,0.201958,0.050089,-0.028145
125.875,0.713978,2.41679,9.735221,-0.049676,-0.051548,-0.076493
125.9,0.975065,1.643072,9.491085,-0.136927,0.052724,-0.083656
125.925,0.273192,1.920523,9.634641,0.17716,-0.010969,0.041271
125.95,0.70425,2.494759,9.699584,-0.033784,-0.088648,0.068925
125.975,1.425088,1.932076,9.521239,-0.200457,-0.084145,0.074789
126.0,1.991655,1.406906,9.593078,-0.03337,0.110884,-0.001132
126.025,0.570898,1.698089,9.976634,0.127029,0.009256,0.007732
126.05,0.908392,1.96626,9.649721,0.196413,-0.057387,0.025891
126.075,0.810744,2.319708,9.636195,-0.018586,-0.045427,0.014461
126.1,1.456656,1.709749,9.616546,-0.136537,0.146778,-0.040965
126.125,0.737499,1.459193,9.79518,0.031792,0.033255,-0.034732
126.15,0.573973,2.008074,9.580272,0.231509,0.001479,0.090442
126.175,0.947268,2.244514,9.331916,-0.178101,-0.008735,-0.060886
126.2,1.076137,1.145867,9.228798,-0.195364,0.247794,-0.081617
126.225,0.897133,1.315527,9.485051,0.144212,0.187488,-0.087001
126.25,0.197555,2.387761,9.945086,0.187596,0.041309,0.027916
126.275,0.574827,2.281195,9.713823,0.006606,-0.062215,0.053487
126.3,0.843229,2.268574,9.406322,0.161069,-0.008815,0.018945
126.325,0.673409,2.704087,9.7473,-0.07965,0.070083,0.075464
126.35,0.70222,1.732606,9.388634,-0.168331,0.01146,0.094319
126.375,-0.024414,1.939746,9.606089,0.02798,0.057605,0.156339
126.4,0.792123,2.076503,9.924668,-0.019664,-0.136773,0.200353
126.425,0.394601,1.941236,9.78316,0.046177,-0.072039,0.104742
126.45,1.346821,2.322248,9.568616,0.126319,-0.126428,0.093592
126.475,0.291478,2.699959,9.775191,-0.058678,0.100824,-0.026674
126.5,0.565634,1.891499,9.627024,-0.250434,-0.028215,-0.011296
126.525,0.358031,1.632075,9.567405,0.041515,-0.035988,0.000951
126.55,1.283584,2.087701,9.473727,0.026272,-0.023804,-0.088487
126.575,0.71291,1.890205,9.260492,-0.09653,0.074882,-0.111822
126.6,0.82017,1.628803,9.419326,-0.069524,0.149702,-0.14268
126.625,0.573524,1.708983,9.484278,0.033293,0.00788,-0.063082
126.65,0.887388,1.589126,9.367986,0.039152,0.065629,-0.098076
126.675,0.749828,1.694686,9.447868,0.247144,-0.075105,-0.038581
126.7,0.916156,2.346667,9.616191,0.289706,0.071081,-0.008981
126.725,0.459096,2.449323,9.578372,0.072317,-0.028032,0.002548
126.75,0.637454,1.779548,9.515659,-0.020135,0.061613,0.003625
126.775,0.642034,2.349163,9.787078,0.175452,-0.088809,0.032468
126.8,0.615898,2.036857,9.679713,-0.115073,-0.098133,0.025685
126.825,1.05915,1.336309,9.267077,0.202733,-0.205228,0.096059
126.85,0.907216,2.60149,9.747573,0.50996,-0.134929,0.113741
126.875,1.19547,2.661673,9.930978,0.031481,-0.177715,0.072694
126.9,1.160728,2.223388,9.446464,0.186451,-0.088477,0.093734
126.925,1.036307,2.288757,9.840811,0.346729,-0.097591,0.170554
126.95,1.194161,3.364302,9.52258,0.376642,0.031984,0.183993
126.975,0.536791,2.400354,9.431349,0.007719,-0.045346,0.103237
127.0,1.347763,3.97219,10.087412,-0.005352,0.00402,0.140476
127.025,0.759757,2.163943,9.628904,-0.915994,-0.022796,-0.036983
127.05,1.415171,0.7137,8.95427,0.02183,0.07139,0.103025
127.075,0.675546,1.810902,9.514861,0.393229,-0.030299,0.025603
127.1,1.402362,2.830386,9.457745,0.724348,-0.017364,0.105494
127.125,0.663808,3.851051,9.8191,0.474742,-0.089514,0.05388
127.15,0.735671,3.96114,9.761399,-0.132425,-0.102196,0.048106
127.175,1.322229,2.13357,9.098477,-0.535965,-0.19754,0.044346
127.2,0.566482,1.904749,8.697343,-0.267964,0.06829,0.161048
127.225,0.918359,3.159175,9.635187,-0.740183,-0.720317,0.083187
127.25,1.240157,-1.442578,8.370397,-0.302741,0.095978,-0.049606
127.275,1.646637,3.199669,10.02713,1.685341,-0.54596,0.258764
127.3,0.609222,3.61038,10.336557,-0.343675,0.166128,-0.247256
127.325,1.685644,2.755121,9.640026,0.017818,-0.345612,-0.023174
127.35,0.596558,3.187614,9.726764,-0.984994,0.078332,-0.29582
127.375,2.08634,1.622261,9.331467,-0.650474,-0.27056,-0.141451
127.4,1.10972,1.209636,9.413999,-0.33042,0.161329,-0.203009
127.425,1.671804,1.364631,9.68794,0.506709,-0.206952,-0.193778
127.45,1.085726,3.804936,10.404298,0.244574,-0.07708,-0.256275
127.475,1.998523,3.383804,9.877604,-0.626902,-0.226983,-0.248191
127.5,0.701688,2.725171,9.415494,-1.049986,0.030989,-0.252488
127.525,2.63589,0.102302,9.090664,-0.923724,-0.020085,-0.287169
127.55,0.522726,0.528794,9.676152,0.46935,0.262171,-0.064512
127.575,2.719577,3.189055,10.027406,0.251883,0.039823,-0.022829
127.6,0.029866,3.46895,9.703816,0.082935,0.371142,-0.139427
127.625,2.073452,3.148408,10.225181,-1.361805,-0.062479,-0.114899
127.65,0.734338,0.227529,9.531098,-1.144742,0.482361,-0.379629
127.675,1.885908,0.839336,9.503778,-0.735431,0.280447,-0.211798
127.7,0.098825,0.635868,9.620241,-0.861068,0.459987,-0.327353
127.725,1.405764,0.986538,9.980233,-0.93469,0.112237,-0.333284
127.75,1.000577,1.129076,9.742447,-1.502055,0.345826,-0.392605
127.775,1.06069,-1.679501,8.797232,-1.133516,0.353878,-0.412991
127.8,0.493725,-0.67135,9.175561,-0.301666,0.161897,-0.199884
127.825,1.017188,-1.076677,9.657948,0.368365,0.083114,-0.235063
127.85,0.548359,1.454204,10.145808,0.848558,0.214995,0.03253
127.875,0.574957,1.585185,9.964475,-0.727626,0.218392,-0.039564
127.9,0.295582,-1.569222,9.364833,-0.524157,0.10406,0.03288
127.925,0.395269,-0.32737,9.906353,-0.251415,0.15599,0.023605
127.95,0.410526,-0.736816,9.960596,0.20843,0.045409,-0.151756
127.975,0.384597,1.146267,10.238363,-0.329578,0.078524,-0.105624
128.0,0.949597,-1.58184,9.26824,-0.322377,0.001902,-0.094771
128.025,0.446134,-0.378898,9.836631,0.653323,0.181152,0.0071
128.05,0.564108,0.865295,9.851603,0.356288,0.133933,0.029316
128.075,0.17893,1.136107,10.508349,-0.763277,0.111544,-0.017313
128.1,0.744391,-1.887735,9.310627,-0.502106,0.218522,-0.067607
128.125,0.124071,0.39138,10.024024,0.02599,0.175762,-0.09028
128.15,0.641795,-2.484872,8.835176,0.131526,0.122193,-0.12489
128.175,0.298201,1.542712,10.336322,1.78332,0.061769,0.107009
128.2,0.191626,2.720897,10.411261,-1.054451,0.250099,-0.188121
128.225,0.077936,-2.029474,8.922157,-0.60284,-0.047043,-0.001703
128.25,0.357555,-1.746089,9.189933,0.151452,0.188593,-0.155752
128.275,0.104765,0.083905,10.095368,1.144236,0.097492,0.049506
128.3,-0.451781,1.504628,10.254824,-0.003862,0.189175,-0.109589
128.325,0.331774,0.723054,10.281722,-0.561141,-0.088422,0.033704
128.35,0.116401,-0.468212,9.963451,-0.719942,0.274271,-0.135278
128.375,0.196045,-0.398541,9.895368,-0.526416,0.1011,-0.045918
128.4,-0.496675,-1.597096,9.371558,-0.33947,0.117674,-0.091146
128.425,0.024057,-0.188699,9.778622,0.120502,-0.152764,-0.003818
128.45,0.081311,-0.140024,9.98227,-0.252493,-0.085235,-0.028707
128.475,0.418074,0.89453,10.08898,-0.507875,0.076902,-0.079494
128.5,-0.298026,-1.216906,9.599368,-1.275602,-0.027204,-0.121317
128.525,0.361297,-1.834928,9.188643,-0.305102,0.096498,-0.02119
128.55,-0.234988,-1.296466,9.893252,-0.215032,0.014183,-0.012349
128.575,0.07978,-0.973457,9.725032,0.054781,0.136222,0.038114
128.6,-0.364236,-1.028381,10.02177,-0.562416,0.020404,-0.152841
128.625,-0.213556,-1.931847,9.654509,0.067951,0.01815,-0.145918
128.65,0.572976,-0.405897,9.584353,0.03441,0.020903,-0.251919
128.675,-0.490862,-1.509291,9.496121,-0.350707,0.185155,-0.080307
128.7,0.118519,-2.29786,9.247541,0.216671,-0.084384,-0.026448
128.725,-0.250939,-0.752858,9.589974,0.415058,0.009814,0.030925
128.75,0.140242,-1.354904,9.329604,0.184605,-0.104207,0.067913
128.775,0.14476,-1.070567,10.04517,0.640183,0.030747,0.022178
128.8,-0.008778,1.099675,10.721457,0.124415,0.088965,0.008248
128.825,-0.257344,-0.928349,9.768024,-0.735612,-0.015161,-0.12995
128.85,0.166478,-2.164553,9.319707,0.160201,-0.061036,0.041981
128.875,-0.045212,-0.607959,9.791878,0.339356,-0.138907,0.069625
128.9,0.310111,-0.550592,9.810318,0.041592,-0.066808,0.099935
128.925,-0.068403,-0.989727,9.803699,-0.05852,-0.005133,0.080717
128.95,0.195862,-1.191176,9.643898,0.046422,-0.058154,0.065518
128.975,-0.250513,-0.845905,9.798586,0.126801,-0.039355,0.124197
129.0,0.152519,-1.412693,9.504272,0.045427,-0.183335,0.092488
129.025,0.316354,-0.927708,9.972493,0.591581,-0.089941,0.137085
129.05,0.175,1.045133,10.478491,0.152507,0.013585,0.017676
129.075,0.217364,-0.509541,9.804433,-0.489786,-0.003894,-0.013168
129.1,-0.001785,-1.352161,9.424183,-0.117143,0.005505,0.083105
129.125,0.159914,-1.174415,9.425219,0.105861,-0.020994,0.051479
129.15,-0.079189,-0.880261,9.842465,0.098818,-0.027034,0.079539
129.175,0.23006,-0.707728,10.106402,0.217692,0.060923,-0.007565
129.2,-0.324688,-0.274225,9.990311,-0.12193,0.061967,-0.046147
129.225,-0.005391,-1.65774,9.529159,-0.088461,0.018053,-0.053864
129.25,-0.274876,-0.756889,9.867057,0.323386,0.021996,0.001454
129.275,0.020828,-0.270875,10.113251,0.117379,-0.038158,-0.000802
129.3,0.118808,-0.168104,9.912635,-0.088859,0.044975,0.003428
129.325,0.164271,-0.946364,9.659636,-0.058489,-0.028133,0.03975
129.35,-0.03762,-0.481283,9.8577,0.102127,0.023548,0.025159
129.375,0.130044,-0.644415,9.875976,-0.052924,-0.070893,-0.033307
129.4,0.16009,-0.721868,9.838029,0.058286,-0.013722,-0.031414
129.425,0.283708,-0.60466,10.001412,0.120255,-0.050092,-0.030977
129.45,0.066603,-0.430845,9.925647,0.129101,-0.016204,-0.018928
129.475,0.197664,-0.572444,9.796536,0.024627,-0.075711,-0.039423
129.5,0.190051,-0.443379,9.805725,0.060552,0.053967,-0.058115
129.525,0.148943,-0.642391,9.71386,-0.077999,0.003543,-0.079483
129.55,0.064205,-0.797853,9.748723,0.057189,0.088299,-0.040344
129.575,-0.084304,-0.813186,9.909937,0.154472,-0.106208,-0.008803
129.6,0.170119,-0.07303,10.042826,0.222946,-0.033704,-0.004928
129.625,0.25892,-0.159813,9.836439,-0.131222,-0.068429,-0.045691
129.65,0.296462,-0.604397,9.65122,-0.085984,0.121579,-0.066966
129.675,0.041115,-0.666637,9.704774,-0.063494,0.025285,-0.091971
129.7,0.039489,-0.684648,9.930626,0.004737,0.069001,-0.076543
129.725,0.116286,-0.692894,9.788479,-0.02765,-0.130673,-0.056459
129.75,0.359708,-0.858821,9.586421,0.15314,-0.065407,-0.027415
129.775,0.432095,-0.151969,9.824698,0.132619,-0.121355,0.018679
129.8,0.498311,-0.361552,9.739177,-0.014154,-0.064237,0.052185
129.825,0.467283,-0.786798,9.847089,0.040771,-0.0728,0.0759
129.85,0.368205,-0.521487,9.923037,0.129893,-0.041753,0.049184
129.875,0.341919,-0.677848,9.801703,0.032501,-0.070187,0.00698
129.9,0.479,-0.376787,9.896993,0.214471,-0.056904,0.014677
129.925,0.266133,0.236324,10.079732,0.02923,-0.015024,0.025077
129.95,0.252328,-0.250468,9.813652,-0.094599,-0.027394,0.064116
129.975,0.321815,-0.392974,9.807876,0.022341,0.006257,0.053847
130.0,0.206655,-0.016332,9.991812,0.02356,0.044247,0.045562
130.025,0.019647,-0.414919,9.998089,-0.211087,-0.005773,-0.027457
130.05,0.358602,-0.760563,9.814915,0.011908,-0.020631,-0.023286
130.075,0.162149,-0.273491,9.95894,0.118812,0.002522,-0.063454
130.1,0.160109,-0.288854,9.927356,-0.100694,-0.015303,-0.058117
130.125,0.267498,-0.753687,9.646675,-0.006538,0.008886,-0.070183
130.15,0.134873,-0.155728,9.912457,0.066604,0.006015,-0.042261
130.175,0.457449,-0.276673,9.784251,-0.148103,-0.038198,-0.061318
130.2,0.444713,-0.886838,9.591457,0.002041,-0.001439,0.000604
130.225,0.251572,-0.31928,9.933815,0.092781,-0.049603,0.071315
130.25,0.33437,-0.446309,9.847195,-0.060829,-0.02929,0.021364
130.275,0.259207,-0.586499,9.737433,0.018925,-0.050502,0.066509
130.3,0.243441,-0.481384,9.804814,0.059099,-0.065866,0.109312
130.325,0.682788,-0.353841,9.627069,0.090257,-0.022212,0.23059
130.35,-0.029517,-0.613043,9.920993,-0.073925,-0.044212,0.201475
130.375,0.548737,-1.111027,9.475568,-0.023426,-0.091275,0.15783
130.4,0.228941,-1.266214,9.343184,0.216645,-0.119632,0.072995
130.425,0.613441,-0.111029,9.924469,0.334097,0.033268,-0.006391
130.45,0.166554,-0.065293,9.981742,-0.029172,-0.027755,-0.09172
130.475,0.816975,-0.303088,9.885769,0.035871,0.116407,-0.069597
130.5,0.191798,-0.046451,9.978657,0.038804,0.038629,-0.086368
130.525,0.598701,-0.022265,10.026817,0.000429,0.056567,-0.078122
130.55,0.528616,0.1267,10.046496,-0.010401,0.018297,-0.100217
130.575,0.486517,-0.010164,9.998972,-0.140714,0.092869,-0.116228
130.6,0.227878,-0.466198,9.876882,-0.115806,0.052287,-0.147159
130.625,0.28527,-0.185179,9.794184,0.031324,0.073198,-0.154951
130.65,0.271028,0.101054,9.828956,-0.041501,0.102635,-0.14845
130.675,0.083739,-0.063377,9.82417,-0.165128,0.062765,-0.156454
130.7,0.412115,-0.665075,9.747911,-0.068208,0.077796,-0.138206
130.725,-0.575335,-0.592476,9.95111,-0.1047,-0.031757,-0.145641
130.75,0.857971,-0.907528,9.533673,0.094809,-0.108715,-0.071016
130.775,0.038022,-0.12813,9.894739,0.100164,-0.032719,0.002501
130.8,0.613312,-0.733995,9.805299,-0.147245,-0.036964,-0.021529
130.825,-0.120281,-1.021063,9.889373,0.061295,-0.114242,-0.071021
130.85,0.891743,-0.581278,9.847363,0.245585,-0.037936,-0.025365
130.875,0.074383,0.157343,10.031116,0.078326,-0.00513,-0.114087
130.9,0.630629,-0.555978,9.870046,-0.186402,0.093809,-0.070501
130.925,-0.003416,-0.512736,9.838583,0.074712,0.041164,-0.113891
130.95,0.481258,-0.296588,9.834747,-0.075943,0.029053,-0.032125
130.975,0.565146,-0.442598,9.700845,0.007576,0.059538,0.086268
131.0,0.007607,-0.727132,9.836351,-0.082664,0.072446,0.074834
131.025,0.277837,-1.25182,9.52779,0.095095,-0.090623,0.124722
131.05,0.329329,-0.711443,9.542473,0.259526,-0.038372,0.085777
131.075,0.185413,-0.228964,9.855775,0.250785,-0.139691,0.215221
131.1,0.45769,0.038226,9.826482,0.151515,-0.071393,0.239939
131.125,0.101277,-0.187372,9.831454,0.108405,-0.093944,0.257136
131.15,0.729986,-0.198337,9.859874,0.160627,-0.072102,0.169638
131.175,0.425692,-0.024475,9.873002,0.146391,-0.037492,0.016885
131.2,0.532999,-0.493156,9.675369,0.009264,-0.033851,0.034389
131.225,0.326087,-0.596161,9.534045,0.250308,-0.105477,0.149896
131.25,0.431745,0.018455,9.722013,0.316863,-0.095838,0.283558
131.275,0.341212,0.114281,9.795966,0.130974,-0.163652,0.278761
131.3,0.618456,-0.113902,9.867749,0.178096,-0.11071,0.180667
131.325,0.484023,0.637913,10.168081,0.243681,-0.108521,0.104458
131.35,0.950861,0.812381,9.997136,0.186416,-0.087405,0.010423
131.375,0.802876,1.107924,9.996867,-0.014563,0.09367,0.089583
131.4,0.798546,0.037862,9.76921,-0.109698,0.060255,0.035169
131.425,0.360544,0.366034,10.151588,0.055982,0.132362,0.060968
131.45,0.39646,0.110586,9.936734,-0.102849,0.010204,-0.020257
131.475,0.406036,0.004282,9.712123,0.010451,0.120574,-0.08918
131.5,0.300031,0.326186,9.934121,0.032221,0.059602,-0.055784
131.525,0.418842,0.718307,10.039619,-0.052735,0.119933,-0.064691
131.55,0.347164,0.341657,9.8494,-0.169228,0.017408,-0.015488
131.575,0.550378,0.180621,9.758293,0.035736,0.075378,-0.010733
131.6,0.523751,0.732758,9.965611,0.023617,0.039044,-0.001355
131.625,0.363032,0.488579,10.013853,-0.328728,0.082204,-0.056205
131.65,0.620854,-0.599698,9.727005,-0.210019,0.001562,-0.115062
131.675,0.566055,-0.007534,9.720768,0.071545,0.08958,-0.107179
131.7,0.329264,0.046043,9.900824,-0.162155,0.04424,-0.130661
131.725,0.33532,-0.414676,9.698559,-0.007753,0.043945,-0.109148
131.75,0.261698,0.185719,9.904681,0.071415,-0.012764,-0.049567
131.775,0.502751,0.07525,9.958359,-0.065022,0.017078,-0.050692
131.8,0.367899,0.008202,9.879412,-0.061192,0.007452,-0.046033
131.825,0.505939,-0.190396,9.682467,0.007638,-0.020914,-0.009259
131.85,0.545132,0.00878,9.684174,0.079213,-0.006356,0.017802
131.875,0.525438,0.267945,9.888178,-0.027074,0.054278,0.024425
131.9,0.445676,-0.248714,9.754365,-0.175457,0.050883,-0.030779
131.925,0.441173,-0.448423,9.747482,0.018902,0.034621,-0.020976
131.95,0.232469,-0.085804,9.993139,0.0966,0.033659,-0.007684
131.975,0.163585,-0.066417,10.01412,-0.034641,-0.051326,0.048151
132.0,0.217401,-0.331021,9.842305,0.011827,-0.062555,0.080324
132.025,0.40591,-0.251957,9.757307,0.039686,-0.093733,0.062919
132.05,0.639619,-0.062108,9.851532,0.160907,-0.035906,0.065452
132.075,0.297471,0.129405,10.067401,0.038232,-0.026774,0.087168
132.1,0.427079,-0.034808,9.973724,-0.008264,-0.047253,0.084758
132.125,0.248119,0.086358,9.963855,0.059786,-0.029136,0.04677
132.15,0.323836,0.52376,9.994,0.047908,0.011647,0.01667
132.175,0.194042,0.323037,9.889396,-0.183414,0.05579,0.029415
132.2,0.324662,-0.209343,9.716902,-0.046082,0.053824,0.045612
132.225,0.137877,0.220887,9.984935,0.0113,0.032258,0.101243
132.25,0.357248,0.134381,9.803878,-0.051335,-0.020659,0.03872
132.275,0.213771,-0.029255,9.720903,-0.137918,0.007536,-0.019922
132.3,0.453278,-0.489006,9.519032,-0.065412,0.000424,-0.079378
132.325,0.216755,-0.247609,9.74458,0.036058,-0.021491,-0.02522
132.35,0.55303,-0.213984,9.715394,0.055806,-0.056733,0.037282
132.375,0.334562,0.050115,9.812978,0.065814,-0.04786,0.049484
132.4,0.476276,-0.180176,9.930917,0.011245,-0.06948,0.032194
132.425,0.393842,0.075191,9.986212,0.106031,-0.097635,0.020558
132.45,0.790707,0.135972,9.790026,0.049618,-0.059086,0.051249
132.475,0.536459,0.276901,9.888738,-0.009227,0.047016,0.075448
132.5,0.449806,-0.216963,9.958836,-0.043473,0.04188,0.035174
132.525,0.169184,0.153245,10.201553,0.047655,0.018665,0.037458
132.55,0.562556,0.166622,9.863666,-0.037782,-0.019364,-0.013146
132.575,0.490483,0.247054,9.799219,-0.056965,0.068992,0.021286
132.6,0.452487,-0.045895,9.794507,-0.157757,0.089635,-0.004089
132.625,0.11039,-0.429238,9.745761,-0.107814,0.036242,-0.015819
132.65,0.460807,-0.46898,9.658624,0.020375,-0.025813,0.001468
132.675,0.364366,-0.253214,9.655052,0.078515,0.013626,-0.027728
132.7,0.42663,-0.035569,9.834461,0.018754,-0.004331,-0.011142
132.725,0.395326,0.055861,9.919587,0.073401,0.041116,-0.031516
132.75,0.500821,0.253051,9.971524,-0.052541,0.01575,-0.01929
132.775,0.439986,-0.195123,9.773893,-0.093408,0.108966,-0.041547
132.8,0.281209,-0.200262,9.734401,-0.019142,0.080682,-0.027501
132.825,0.263539,-0.194378,9.829489,-0.066456,0.066169,-0.002315
132.85,0.409601,-0.29139,9.680072,-0.028046,0.022491,-0.011785
132.875,0.393075,-0.309097,9.689627,0.033238,0.053476,-0.00116
132.9,0.296763,-0.206425,9.877266,0.043699,-0.00788,0.011713
132.925,0.276143,-0.227746,9.930975,0.120211,-0.022091,0.039184
132.95,0.338962,0.25131,10.0274,0.124009,-0.071797,0.106546
132.975,0.408688,0.236898,9.948482,-0.09265,0.005879,0.032423
133.0,0.213473,-0.475456,9.763981,-0.177698,-0.020378,-0.029967
133.025,0.329847,-0.423063,9.823085,0.139892,-0.002939,-0.038387
133.05,0.363946,0.262955,9.905523,0.019543,-0.081013,0.028911
133.075,0.664832,-0.201223,9.684397,-0.031154,-0.021555,0.060621
133.1,0.424219,0.014033,9.892578,0.041469,-0.004598,0.034716
133.125,0.30667,-0.042344,9.828436,0.003757,-0.015004,-0.005965
133.15,0.414714,-0.171996,9.770411,-0.019896,-0.038938,-0.015471
133.175,0.323024,-0.226568,9.764852,0.043807,0.001769,0.021492
133.2,0.382074,-0.009316,9.848053,-0.045853,-0.029522,0.009562
133.225,0.355184,-0.329935,9.793927,0.021183,0.008028,0.000479
133.25,0.39213,0.117487,9.867578,0.037646,-0.027394,-0.00628
133.275,0.457711,-0.198755,9.645818,-0.020991,-0.039943,-0.001234
133.3,0.599525,-0.188726,9.710915,0.064945,-0.023668,0.039502
133.325,0.341875,0.051839,10.0084,0.046688,-0.010769,0.036043
133.35,0.460526,-0.021938,9.97387,-0.042532,-0.033582,0.0096
133.375,0.427113,-0.00666,9.823811,0.067842,-0.013352,-0.000605
133.4,0.470957,0.214891,9.789031,-0.060578,0.005543,-0.019367
133.425,0.437935,-0.296393,9.722558,-0.09925,0.030185,-0.027963
133.45,0.391735,-0.214512,9.815874,0.029269,0.015569,-0.018028
133.475,0.270943,-0.076031,9.761013,-0.009945,-0.022994,-0.002378
133.5,0.528742,-0.261181,9.574973,0.049398,-0.062098,0.025705
133.525,0.476362,0.053504,9.725018,0.08485,0.008297,0.04858
133.55,0.436606,-0.063374,9.840889,-0.081138,-0.020418,0.032826
133.575,0.383459,-0.327124,9.870193,0.004122,-0.007339,-0.010928
133.6,0.562883,-0.131858,9.782028,0.093726,-0.061655,-0.044116
133.625,0.419198,0.132865,9.730104,0.07884,0.009747,-0.036312
133.65,0.524903,0.112888,9.829257,-0.01835,-0.016277,-0.018463
133.675,0.429171,-0.120457,9.904802,0.002167,0.037174,-0.020479
133.7,0.324209,-0.000637,9.993612,0.005675,-0.018957,-0.001739
133.725,0.505094,-0.308214,9.761141,0.019646,-0.032323,-0.021765
133.75,0.455088,0.140493,9.897952,0.116684,0.015201,-0.017699
133.775,0.405361,0.024018,9.94063,-0.052369,-0.018295,-0.067494
133.8,0.574521,-0.178234,9.874007,0.028007,-0.017881,-0.03206
133.825,0.569036,0.237691,9.922317,0.166626,-0.045632,-0.016752
133.85,0.55649,0.526794,9.943958,-0.056454,0.002246,-0.009128
133.875,0.527609,-0.213041,9.672133,-0.166156,0.022258,-0.030108
133.9,0.448011,-0.333798,9.784109,0.035446,0.021854,-0.022947
133.925,0.443991,0.142755,10.015103,0.085108,-0.025861,-0.046146
133.95,0.678116,-0.108449,9.732366,-0.080404,-0.034852,-0.057154
133.975,0.654149,-0.130657,9.819629,0.167412,0.025421,0.00719
134.0,0.33084,0.524608,10.214118,0.123292,0.042794,-0.039723
134.025,0.383081,0.632555,10.077195,-0.120771,0.027076,-0.029803
134.05,0.418845,-0.167018,9.729132,-0.204237,0.055132,-0.049019
134.075,0.226359,-0.127885,9.87148,-0.005984,0.084093,-0.050166
134.1,0.290558,-0.210078,9.834897,-0.070367,-0.011612,-0.119918
134.125,0.517049,-0.230706,9.688029,0.11788,-0.002861,-0.091023
134.15,0.636489,0.291434,9.8499,0.088271,-0.017421,-0.080337
134.175,0.356715,0.059359,9.810221,-0.054771,0.050862,-0.064645
134.2,0.50321,-0.064964,9.797345,0.045999,0.029974,-0.035464
134.225,0.156318,0.16776,9.981912,-0.05832,0.053283,-0.053311
134.25,0.663942,-0.2409,9.817812,-0.066781,-0.005518,-0.074096
134.275,0.429684,-0.083546,9.770921,0.023652,0.039892,-0.112748
134.3,0.642558,-0.202187,9.728695,0.046034,-0.022052,-0.060146
134.325,0.493196,0.299082,9.973405,0.10485,0.013558,0.006336
134.35,0.601358,0.204273,9.876639,-0.081933,0.030326,-0.007654
134.375,0.370298,-0.062921,9.918216,-0.033909,0.040359,0.020638
134.4,0.470507,0.009166,9.995416,-0.035821,0.036469,0.017408
134.425,0.370375,-0.181094,9.855247,-0.040315,0.003967,-0.013477
134.45,0.550883,-0.036946,9.722743,0.097101,0.027734,-0.018614
134.475,0.309429,0.407645,10.025064,0.002342,0.067354,0.023475
134.5,0.368367,-0.183796,9.83663,-0.114265,0.004154,0.014373
134.525,0.395315,0.050887,9.874353,0.157303,0.0294,0.086746
134.55,0.368538,0.582958,10.067117,-0.071905,0.000508,0.043503
134.575,0.624913,-0.09956,9.790336,-0.137054,0.044461,0.030488
134.6,0.362291,-0.045778,9.84801,-0.033546,0.124346,-0.02451
134.625,0.234227,-0.015744,9.831246,-0.080637,0.128463,-0.067812
134.65,0.202556,-0.095723,9.832915,-0.11045,0.144249,-0.083402
134.675,0.094456,-0.201948,9.752086,-0.072477,0.13988,-0.097618
134.7,0.175247,-0.179974,9.725784,-0.053899,0.11935,-0.092131
134.725,0.074977,-0.030799,9.731961,0.005397,0.083459,-0.067681
134.75,0.194182,-0.043582,9.7426,-0.019009,0.073699,-0.027033
134.775,0.056816,-0.05276,9.823898,-0.010785,0.024994,0.034549
134.8,0.152571,-0.113145,9.846127,-0.038363,0.043748,-0.021824
134.825,0.028332,-0.131238,9.877692,0.021521,-0.011601,-0.019611
134.85,0.263794,-0.034129,9.801439,0.031407,-0.011256,-0.053281
134.875,0.117134,0.057929,9.865031,-0.032157,-0.005459,-0.024475
134.9,0.1597,-0.221221,9.780417,-0.077181,-0.013097,-0.06256
134.925,0.143446,-0.176158,9.832837,0.090245,-0.021383,-0.026021
134.95,0.219262,0.112412,9.920339,0.000462,-0.028173,0.019798
134.975,0.1861,-0.127314,9.785133,-0.081001,-0.025595,0.032803
135.0,0.249719,-0.307794,9.670187,-0.006128,-0.008968,0.029289
135.025,0.181042,-0.255124,9.679562,-0.032093,-0.025797,0.009425
135.05,0.102126,-0.474524,9.703767,-0.022246,-0.012526,0.017501
135.075,0.053595,-0.391983,9.778702,0.012681,-0.075047,0.042974
135.1,0.20182,-0.46027,9.662492,0.040412,-0.067563,0.04108
135.125,0.291075,-0.199351,9.809459,0.129012,-0.111524,0.042171
135.15,0.324821,0.109271,10.040034,0.117438,-0.070739,0.038731
135.175,0.255186,0.190182,10.035456,0.063019,-0.107086,0.037161
135.2,0.38631,0.381011,9.923756,0.042529,-0.091855,0.026061
135.225,0.554797,0.451122,9.915508,-0.044881,0.005384,0.043452
135.25,0.090624,-0.05058,9.869924,-0.160174,-0.00616,0.004148
135.275,0.349036,-0.394282,9.781245,0.004315,-0.031843,0.042244
135.3,0.336685,-0.022071,9.944348,0.053672,-0.016956,0.016587
135.325,0.409149,-0.115803,9.791665,-0.026673,0.000145,-0.015338
135.35,0.657703,-0.115689,9.714156,-0.009587,0.055763,-0.049397
135.375,0.320023,-0.179605,9.838568,-0.088953,0.150993,-0.105244
135.4,0.24507,-0.244328,10.002206,-0.022002,0.087481,-0.091439
135.425,0.149337,-0.037002,9.99201,0.012436,0.066101,-0.103761
135.45,0.16433,-0.013381,9.91337,-0.055528,0.025032,-0.04332
135.475,0.317576,-0.153374,9.901686,-0.102028,0.021364,-0.028501
135.5,0.218058,-0.407563,9.731801,-0.065299,-0.024027,0.007529
135.525,0.525218,-0.302505,9.645319,0.041608,-0.028175,0.019999
135.55,0.25786,-0.116255,9.745694,0.035466,0.038284,-0.007434
135.575,0.305037,-0.273172,9.68369,-0.056206,-0.041959,0.018482
135.6,0.307561,-0.512685,9.629433,0.092508,-0.02711,0.024363
135.625,0.342305,-0.034263,9.895858,0.091669,-0.035383,0.030602
135.65,0.298747,-0.05655,9.939256,0.02736,-0.021886,0.022416
135.675,0.345912,0.172406,9.926162,0.090499,-0.031027,-0.002568
135.7,0.460598,0.339176,9.814032,-0.052141,-0.035875,0.017579
135.725,0.509016,-0.457951,9.465304,-0.19871,0.018754,0.020521
135.75,0.306494,-0.819904,9.512437,0.022922,0.071642,0.052051
135.775,-0.080853,-0.400266,9.898328,0.115388,0.033506,0.027051
135.8,0.150823,-0.284726,10.060637,0.202014,-0.077531,-0.008289
135.825,0.398623,0.206046,9.809147,0.341567,-0.099826,0.023081
135.85,0.492759,1.161679,10.384011,0.21816,0.034959,0.081797
135.875,-0.070429,0.219566,10.02458,-0.322441,-0.000656,-0.018519
135.9,0.297458,-0.495039,9.835259,-0.077302,0.042857,0.016146
135.925,-0.011436,-0.130882,9.856031,0.125594,-0.021705,-0.044939
135.95,0.22074,-0.625877,9.624688,0.166876,-0.083203,0.024191
135.975,0.125847,-0.263182,9.80748,0.509885,-0.199413,0.067265
136.0,0.478668,1.08567,10.117554,0.498496,-0.173345,0.138181
136.025,0.557744,1.469495,10.226819,-0.167874,-0.04484,0.00592
136.05,0.182251,0.04465,9.84322,-0.331405,-0.020188,-0.078804
136.075,0.314227,0.267624,9.885899,-0.262109,-0.094012,-0.050679
136.1,0.40977,-0.28977,9.639771,-0.323242,-0.012478,-0.056386
136.125,0.233643,-0.075022,10.013533,-0.194451,-0.074697,-0.037879
136.15,0.658528,-0.818248,9.74315,-0.036043,-0.017952,-0.169804
136.175,0.335929,0.493681,10.061433,0.089513,-0.103272,-0.107261
136.2,0.717395,-0.721185,9.773622,-0.290536,-0.101056,-0.180638
136.225,0.508299,0.418836,10.071907,0.369708,-0.024148,-0.064368
136.25,0.39699,0.694926,10.134844,-0.465764,-0.0199,-0.131512
136.275,0.433374,-2.213673,9.017622,0.035162,-0.01298,-0.049114
136.3,0.403504,0.366465,9.888017,0.71784,-0.132142,0.0752
136.325,0.679315,0.482005,9.876776,-0.188214,-0.102183,-0.077056
136.35,0.853631,-0.118375,9.851473,-0.088631,-0.089758,-0.087278
136.375,0.783534,0.122374,9.722601,-0.371428,0.005822,-0.143479
136.4,0.976431,-0.927896,9.531014,-0.066806,-0.034302,-0.089864
136.425,0.71249,-0.399089,9.851329,0.389044,0.011828,-0.079244
136.45,0.992497,1.184128,10.239463,0.175978,0.00683,-0.08603
136.475,0.811146,0.887978,10.117318,-0.153578,0.094392,0.033725
136.5,0.570256,-0.302731,9.787402,-0.355339,0.026585,0.030453
136.525,0.416001,-0.433652,9.746868,0.131092,-0.000912,0.086535
136.55,0.827163,0.590818,9.946355,-0.062662,-0.068646,0.077716
136.575,0.486193,-0.189793,9.54062,-0.189136,-0.052946,0.227831
136.6,0.734983,-0.193869,9.869094,0.079788,-0.032152,0.197781
136.625,0.230303,0.015554,10.050814,-0.195281,-0.028367,0.0571
136.65,0.994567,-0.567633,9.46717,-0.166261,0.003814,-0.119049
136.675,0.559738,-0.446955,9.467073,0.222181,0.12226,-0.074157
136.7,0.862424,0.941552,9.885067,-0.024444,0.039429,0.156103
136.725,0.461705,-0.860213,9.834375,-0.452355,0.099546,-0.122364
136.75,0.810787,-0.751794,9.508723,0.166653,-0.077555,-0.156958
136.775,0.494349,0.317049,9.410708,-0.122582,0.121377,-0.197444
136.8,0.565224,-1.081959,9.392465,-0.034425,0.150953,-0.187489
136.825,0.031283,0.464762,10.162944,0.138335,0.239696,-0.082204
136.85,0.449791,-0.111801,9.900134,-0.265654,0.015912,-0.11193
136.875,0.265511,-1.007563,9.577464,-0.030834,-0.040245,-0.038327
136.9,0.828592,-0.425384,9.744666,0.214165,-0.038834,-0.138968
136.925,0.59584,0.12707,9.883648,-0.023915,0.069088,-0.163311
136.95,0.388899,-0.363215,9.643964,-0.172728,0.131625,-0.093463
136.975,0.275037,-0.604911,9.761642,0.085316,0.044777,-0.019596
137.0,0.341099,-0.243087,9.964549,-0.025475,-0.032113,0.034719
137.025,0.722369,-0.420239,9.938414,0.276511,-0.088914,-0.017133
137.05,0.388532,1.009096,10.211439,0.187648,0.035665,0.01019
137.075,1.021421,0.247572,9.942494,-0.263253,-0.064819,0.069912
137.1,0.530405,-0.321535,10.059267,-0.097456,0.157143,0.107952
137.125,0.7587,-0.4141,10.052299,-0.020434,-0.162436,0.09059
137.15,0.091361,-0.377458,9.793027,0.03255,0.060648,0.017981
137.175,0.861849,-0.234529,9.731712,0.131866,-0.166886,0.141121
137.2,0.636611,0.14668,9.977009,-0.051918,0.014182,0.141916
137.225,0.889282,-0.418028,9.738884,-0.175727,-0.013232,0.037386
137.25,0.806749,-0.167429,9.625224,-0.163406,0.134981,-0.081856
137.275,0.737917,-0.477991,9.63233,-0.373863,0.296158,-0.144598
137.3,0.480692,-0.971126,9.541341,-0.198749,0.209247,-0.088665
137.325,0.493116,-0.459373,9.71299,0.00794,0.235494,-0.009375
137.35,-0.367774,-0.716241,9.819075,0.119015,0.072746,0.071414
137.375,0.36966,-0.038176,9.962035,0.242377,0.061665,0.020479
137.4,-0.429084,-0.153271,10.160174,-0.104987,0.200967,-0.221046
137.425,-0.030641,-0.940787,9.357448,-0.127793,0.177279,-0.284926
137.45,-0.900046,0.160136,9.800351,0.390372,0.168147,0.044025
137.475,-0.609903,0.739418,10.893432,0.021631,-0.329112,0.513594
137.5,0.193401,-0.36011,10.31216,0.097071,-0.390881,0.498563
137.525,0.238131,-1.214641,9.734177,0.303297,-0.458858,0.148036
137.55,1.518565,0.331609,9.693474,0.520852,-0.302733,0.02948
137.575,1.30591,0.110297,9.60446,-0.263095,-0.071651,-0.300737
137.6,1.795633,-0.568374,9.454371,0.097523,0.133916,-0.208133
137.625,1.007544,0.393825,9.809778,-0.183965,0.365225,-0.274356
137.65,1.214269,-0.802999,9.515537,-0.362523,0.334192,-0.32275
137.675,0.73733,-0.703091,9.89732,0.1735,0.324791,-0.276495
137.7,0.558499,-0.047999,10.02459,0.00684,0.138474,-0.269978
137.725,0.684083,-0.539066,9.754481,0.334646,0.155063,0.043676
137.75,-0.908825,0.883634,10.248119,0.011229,0.202719,0.123948
137.775,-0.426584,-0.886675,9.684645,-0.350869,0.10703,0.073257
137.8,-1.279337,0.037157,10.505762,0.378905,0.138515,0.335529
137.825,-1.253091,0.615589,10.647793,-0.361021,-0.109551,0.24291
137.85,-1.07297,-1.470101,9.428937,0.16355,-0.284231,0.436422
137.875,0.047256,1.049732,10.105728,0.324167,-0.271518,0.300939
137.9,0.144549,0.101345,9.427963,-0.317152,-0.253311,0.145748
137.925,1.356545,-0.102489,9.246682,-0.128436,0.014959,-0.154691
137.95,0.611078,0.417287,9.644763,-0.148127,-0.031502,-0.038372
137.975,1.267007,-0.05176,9.661349,-0.046765,0.038208,-0.013577
138.0,0.224268,-0.014642,10.128231,0.097063,-0.093022,0.104488
138.025,0.901461,-0.408187,10.09276,0.19248,-0.105632,0.031849
138.05,0.181791,-0.110205,10.243001,0.019484,-0.129509,-0.125192
138.075,0.948657,-0.562754,9.539229,0.000412,0.009453,-0.244807
138.1,0.262757,-0.014063,9.868088,-0.047238,0.219158,-0.286383
138.125,0.271738,-0.513564,9.790999,-0.455027,0.32474,-0.381126
138.15,-0.21219,-1.423533,9.481696,-0.190635,0.224366,-0.287895
138.175,-0.008137,-0.569411,9.779649,0.179535,0.024296,-0.00235
138.2,0.016987,-0.304989,9.711654,-0.082109,-0.074751,0.082258
138.225,0.356723,-0.689196,9.368906,0.017543,-0.07633,0.247732
138.25,-0.082762,-0.46505,9.449732,0.023873,-0.039458,0.136497
138.275,0.079452,-0.052446,9.825621,0.177647,-0.071958,0.191584
138.3,-0.351982,0.328293,10.321701,0.177003,-0.255505,0.274368
138.325,0.542161,0.269508,10.119249,0.083009,-0.345241,0.278698
138.35,0.407454,-0.132128,9.89038,-0.02603,-0.234793,0.16621
138.375,0.725193,-0.428324,9.678644,-0.056726,-0.18704,0.032536
138.4,0.71273,-0.63735,9.554202,0.103831,-0.120739,-0.011607
138.425,0.711136,-0.192048,10.057581,0.180108,-0.030387,-0.105891
138.45,0.932796,0.123567,9.97266,0.078108,-0.110591,-0.122086
138.475,1.360629,0.243886,9.72014,-0.044244,0.080639,-0.081517
138.5,1.685239,-0.101164,9.473599,-0.21382,0.228415,-0.085653
138.525,0.951776,-0.634415,9.664034,-0.22629,0.387168,-0.16678
138.55,1.112321,-0.7923,9.65908,-0.181498,0.407362,-0.340691
138.575,0.206418,-0.652063,9.765548,-0.054413,0.338495,-0.30548
138.6,0.135463,-0.663467,9.405979,0.152275,0.132771,-0.194782
138.625,0.174294,0.752342,9.777182,0.475531,0.173798,0.22608
138.65,-0.451787,1.00843,10.349652,-0.277112,0.026366,0.43799
138.675,-1.186619,-1.605107,9.883272,-0.338427,-0.132744,0.373355
138.7,-0.000323,-0.810112,9.56365,0.612935,-0.350471,0.396577
138.725,-0.726142,0.876632,10.033429,0.205127,-0.283718,0.359494
138.75,0.523432,-0.307703,9.644592,0.018363,-0.45266,0.507154
138.775,0.071727,0.019551,9.886035,0.2886,-0.350119,0.507271
138.8,0.585779,0.067462,9.869171,0.070503,-0.43845,0.529896
138.825,0.314604,-0.368198,9.677438,0.366101,-0.410087,0.425716
138.85,0.927546,0.144289,9.724125,0.475379,-0.335343,0.279888
138.875,0.477347,-0.261384,9.648386,0.902937,-0.304638,0.182987
138.9,1.153081,1.839908,10.074186,0.653844,-0.145638,0.064434
138.925,0.257662,0.897772,9.567596,0.046544,-0.211056,0.099492
138.95,1.230726,0.198465,9.715861,0.303697,-0.294894,0.137258
138.975,0.43125,0.644874,10.111876,0.285009,-0.250788,0.0708
139.0,1.381738,1.347133,10.302342,0.333141,-0.129542,-0.090398
139.025,0.913247,1.736899,10.223722,-0.189747,-0.037623,-0.239137
139.05,1.985238,1.260366,9.74067,-0.294797,0.140641,-0.254975
139.075,1.291172,0.676088,9.545411,-0.434138,0.340961,-0.193331
139.1,0.829953,0.339409,10.281695,-0.238062,0.271786,-0.111616
139.125,0.958033,0.283341,9.940558,-0.491278,-0.041021,-0.185814
139.15,1.256662,-0.403629,9.642845,-0.264818,-0.010411,-0.146394
139.175,1.37689,0.184456,9.296691,-0.056304,0.002395,-0.121365
139.2,1.028227,-1.124949,9.418369,0.074008,0.031172,-0.121353
139.225,1.144211,1.235141,10.006863,0.513819,0.075248,0.035872
139.25,0.615466,0.96248,10.166127,-0.2672,-0.189105,0.092554
139.275,1.731189,1.213143,10.067341,-0.387506,-0.042817,0.189057
139.3,0.634731,-0.431368,9.47052,-0.591377,-0.0663,0.00382
139.325,1.653617,-1.131834,9.217519,-0.147401,0.103676,-0.007593
139.35,0.413108,-0.437678,9.766089,0.54788,0.057192,-0.124338
139.375,1.153512,1.224881,9.920489,-0.093787,0.091867,-0.23068
139.4,1.351421,-0.130442,9.591284,-0.44784,0.011081,-0.23055
139.425,0.83704,-0.179386,8.777762,-0.128627,0.432759,-0.067914
139.45,0.878447,0.416479,10.701482,-0.046924,0.266551,0.082819
139.475,-0.027413,0.088611,10.152288,-0.176737,0.109053,0.081995
139.5,1.172567,0.471242,9.891003,0.131946,0.06168,0.169223
139.525,0.298376,0.685218,10.001201,-0.212956,0.031321,0.168163
139.55,0.74755,-0.073284,10.084456,-0.295427,0.172306,0.011116
139.575,-0.035228,-0.434442,9.972884,-0.241458,-0.036765,-0.104365
139.6,0.883989,-0.533688,9.690445,0.117403,0.00401,-0.181334
139.625,0.563879,0.416844,9.755703,0.044131,-0.135462,-0.189788
139.65,1.552382,-0.096021,9.508646,-0.298658,0.081274,-0.284712
139.675,0.876339,-0.318091,9.605439,-0.213061,0.153747,-0.369782
139.7,1.118895,-0.01198,9.722056,-0.654982,0.256577,-0.367203
139.725,1.07117,-0.840079,9.465235,-0.418978,0.331199,-0.292295
139.75,-0.06127,0.484448,10.337416,-0.687332,0.199569,-0.197798
139.775,1.905579,-0.757491,10.201184,-0.773184,0.07814,-0.0455
139.8,0.079676,-0.360058,10.161061,-0.546042,0.03847,0.04844
139.825,1.601037,-0.711119,10.250996,-0.671671,0.055216,0.229689
139.85,-0.394138,-1.27462,9.281718,-1.057745,0.212415,0.015203
139.875,0.460133,-3.234698,9.356721,-0.724351,0.073123,0.26356
139.9,-0.401245,-2.248228,9.860092,0.14924,0.129777,0.2297
139.925,0.065878,-2.576033,9.633403,0.565614,-0.147173,0.227435
139.95,-0.25439,-1.186796,9.656815,0.781389,-0.192616,0.282577
139.975,0.937759,-1.093327,9.571505,0.337627,-0.288425,0.016529
140.0,0.629119,-0.138996,9.87444,0.637963,-0.186616,0.307068
140.025,0.676337,-0.157054,9.743385,-0.10817,-0.002974,-0.039918
140.05,0.297908,-1.5635,9.733719,0.284576,-0.163606,0.26677
140.075,0.347098,-0.627431,9.451911,0.308877,-0.131464,-0.032317
140.1,0.62876,-0.783491,9.447434,0.25956,-0.069154,0.097156
140.125,0.526011,0.111142,9.805656,0.127895,0.045898,-0.079959
140.15,0.423905,-0.727517,9.67969,-0.281874,0.08746,-0.248756
140.175,0.29508,-1.255138,9.541839,-0.059498,0.117639,-0.108684
140.2,0.869519,-0.955315,9.52468,0.10038,0.057062,-0.196686
140.225,0.371104,-0.55422,9.520347,0.197871,0.129744,-0.031728
140.25,0.668786,-0.791659,9.739682,-0.078911,0.093674,-0.13037
140.275,0.313554,-1.478198,9.719619,0.16657,0.124197,-0.115023
140.3,0.205862,-0.6458,10.090371,0.265801,0.073093,-0.152736
140.325,0.491138,-0.399867,9.809848,0.068014,-0.001624,-0.145153
140.35,0.343042,-0.805087,9.687833,0.015339,0.009057,0.046161
140.375,0.537254,-1.045965,9.733436,0.208412,-0.029871,0.131643
140.4,0.300791,-0.376898,10.045506,0.312591,-0.009382,0.074328
140.425,0.467981,-0.338092,9.895447,0.057368,-0.013382,-0.057798
140.45,0.405852,-0.760707,9.5507,0.118753,-0.031436,-0.083619
140.475,0.620781,-0.450045,9.688085,0.22282,-0.016183,-0.022146
140.5,0.542392,0.025648,10.076653,0.254349,0.004238,-0.038148
140.525,0.442027,0.28511,10.413021,0.098693,0.024451,-0.101605
140.55,0.49681,-0.111381,10.061967,-0.107849,-0.06088,-0.164414
140.575,0.710063,-0.421703,9.809769,0.099922,-0.041979,-0.109514
140.6,0.605911,-0.125618,9.976508,0.0421,-0.048789,-0.078507
140.625,0.531491,-0.329421,10.092773,0.043807,0.00448,-0.089394
140.65,0.461479,-0.416115,9.880132,0.010421,-0.053235,-0.052061
140.675,0.679229,-0.204207,10.081652,0.250412,0.004497,0.049907
140.7,0.69148,0.494664,10.131626,0.012454,-0.030646,0.050358
140.725,0.665888,-0.183241,9.901199,-0.154955,0.09333,0.030326
140.75,0.441775,-0.214829,10.086845,-0.110194,0.094656,-0.028576
140.775,0.493997,-0.273211,9.862014,-0.15392,0.079381,-0.060336
140.8,0.600329,-0.462155,9.66043,-0.116485,0.045964,-0.072915
140.825,0.613797,-0.274891,9.677368,0.006086,0.090335,-0.076458
140.85,0.510768,0.033695,9.81429,-0.044211,0.121458,-0.171675
140.875,0.432881,-0.011521,9.666376,-0.125574,0.120883,-0.224441
140.9,0.509755,-0.750412,9.296154,0.081226,0.115181,-0.234619
140.925,0.225523,-0.464964,9.408923,0.75871,0.127417,-0.203156
140.95,0.24957,1.04321,10.208242,0.66134,0.120337,-0.238963
140.975,-0.152856,0.392466,9.743298,0.102458,0.184718,-0.579802
141.0,0.324813,0.22825,9.683178,0.077483,0.074304,-0.381036
141.025,0.250443,0.708824,9.824749,0.020423,0.175761,-0.481143
141.05,0.115154,0.135347,10.005472,-0.474375,0.118181,-0.328957
141.075,0.103648,-0.656778,10.151496,-0.205098,0.213749,-0.314212
141.1,-0.319364,-1.004438,9.980154,-0.274342,0.101754,-0.348224
141.125,0.002242,-0.675855,9.923418,0.117898,0.051734,-0.219437
141.15,0.253671,-0.12025,9.932409,-0.04445,0.093139,-0.309972
141.175,0.027432,-0.341543,9.947999,-0.104189,0.170974,-0.146701
141.2,0.013399,-0.546576,10.028197,-0.18222,0.098965,-0.224641
141.225,0.005436,-0.249325,9.822243,-0.033134,0.036473,-0.140497
141.25,0.172112,-0.497056,9.678644,-0.114197,0.072916,-0.103503
141.275,0.145638,-0.383424,9.932088,0.021847,0.039646,-0.023874
141.3,-0.114887,-0.189089,9.912996,-0.054061,0.089898,-0.041611
141.325,0.06815,-0.398407,9.802951,-0.196876,0.010612,-0.019912
141.35,-0.180545,-0.595098,9.614623,-0.11417,0.088201,0.102683
141.375,-0.047019,-0.764323,9.669391,-0.062834,-0.006343,0.118331
141.4,-0.197264,-0.501635,9.637081,-0.019785,0.003163,0.207919
141.425,-0.114264,-0.528274,9.659531,-0.070693,-0.018953,0.292492
141.45,-0.264558,-0.806017,9.711174,-0.129734,-0.029198,0.342308
141.475,-0.205311,-1.173679,9.667406,-0.039437,-0.114708,0.376007
141.5,0.193677,-0.807858,9.538255,0.260005,-0.198608,0.478356
141.525,-0.051955,-0.00316,9.772358,0.124573,-0.141459,0.45019
141.55,0.285798,-0.505564,9.7728,-0.051109,-0.097738,0.483664
141.575,0.005298,-0.789867,9.697726,0.159589,-0.136375,0.331283
141.6,0.208686,-0.016387,9.875901,0.211886,-0.073996,0.331301
141.625,0.130196,0.084385,9.859168,0.03345,-0.116088,0.185104
141.65,0.198709,0.21197,10.102552,0.30456,-0.042284,0.156558
141.675,0.083795,0.854659,10.000055,-0.057609,-0.049986,0.134554
141.7,0.395731,-0.246136,9.750629,-0.099373,0.018485,0.043821
141.725,0.038043,0.036598,9.952542,0.176441,0.096949,0.025416
141.75,-0.037468,0.335003,10.197455,0.082593,0.062793,-0.020343
141.775,-0.085283,0.024319,9.831848,-0.127741,0.008999,-0.04091
141.8,0.039811,-0.657638,9.611363,-0.081126,-0.007103,-0.022323
141.825,0.224289,-0.307814,9.816875,0.169501,0.028565,-0.035808
141.85,-0.168052,0.004755,10.066407,0.045815,0.019088,-0.041821
141.875,0.207371,-0.149601,9.843698,0.089373,-0.081341,-0.015804
141.9,0.287466,0.142765,9.871405,0.078202,0.019743,-0.009101
141.925,0.144435,0.085395,9.927804,-0.151623,0.04385,-0.009071
141.95,-0.063854,-0.563516,9.902902,-0.073923,0.042763,-0.065989
141.975,0.204108,0.09159,10.094443,0.088646,-0.004544,-0.045918
