{
  "models": [
    {
      "acc_channel_rmse_improvement": 0.8580295654357025,
      "acc_channel_rmse_mean": 0.6320173101971613,
      "acc_norm_rmse": 0.5201550990024418,
      "gyr_channel_rmse_improvement": 0.2529636433288744,
      "gyr_channel_rmse_mean": 0.14081597770549426,
      "gyr_norm_rmse": 0.17782101613360948,
      "hf_ratio_improvement_mean": 8.334937039388233,
      "input_acc_channel_rmse_mean": 1.490046875632864,
      "input_acc_norm_rmse": 1.2493681899278055,
      "input_gyr_channel_rmse_mean": 0.3937796210343687,
      "input_gyr_norm_rmse": 0.6131447047228668,
      "input_rmse_mean": 0.9419132483336161,
      "model_name": "tcn",
      "model_role": "trained",
      "num_windows": 8633,
      "pearson_mean": 0.8511320104377429,
      "psd_distance_mean": 0.052637025982919125,
      "rmse_mean": 0.3864166439513278
    },
    {
      "acc_channel_rmse_improvement": 0.21902414852529398,
      "acc_channel_rmse_mean": 1.2710227271075698,
      "acc_norm_rmse": 1.2706508411387547,
      "gyr_channel_rmse_improvement": 0.03024501416115009,
      "gyr_channel_rmse_mean": 0.3635346068732186,
      "gyr_norm_rmse": 0.5379538728796918,
      "hf_ratio_improvement_mean": 1.9592444092054375,
      "input_acc_channel_rmse_mean": 1.490046875632864,
      "input_acc_norm_rmse": 1.2493681899278055,
      "input_gyr_channel_rmse_mean": 0.3937796210343687,
      "input_gyr_norm_rmse": 0.6131447047228668,
      "input_rmse_mean": 0.9419132483336161,
      "model_name": "identity",
      "model_role": "baseline",
      "num_windows": 8633,
      "pearson_mean": 0.7254491415888351,
      "psd_distance_mean": 0.22477694271425525,
      "rmse_mean": 0.817278666990394
    },
    {
      "acc_channel_rmse_improvement": 0.5612268240482209,
      "acc_channel_rmse_mean": 0.9288200515846429,
      "acc_norm_rmse": 0.879560649966426,
      "gyr_channel_rmse_improvement": 0.2076239253599182,
      "gyr_channel_rmse_mean": 0.18615569567445045,
      "gyr_norm_rmse": 0.24103928530246174,
      "hf_ratio_improvement_mean": 7.982354249669073,
      "input_acc_channel_rmse_mean": 1.490046875632864,
      "input_acc_norm_rmse": 1.2493681899278055,
      "input_gyr_channel_rmse_mean": 0.3937796210343687,
      "input_gyr_norm_rmse": 0.6131447047228668,
      "input_rmse_mean": 0.9419132483336161,
      "model_name": "lowpass",
      "model_role": "baseline",
      "num_windows": 8633,
      "pearson_mean": 0.8397894164283356,
      "psd_distance_mean": 0.13227072496490117,
      "rmse_mean": 0.5574878736295467
    },
    {
      "acc_channel_rmse_improvement": 0.5325539300055399,
      "acc_channel_rmse_mean": 0.9574929456273239,
      "acc_norm_rmse": 0.919457274512191,
      "gyr_channel_rmse_improvement": 0.2080961882320319,
      "gyr_channel_rmse_mean": 0.18568343280233676,
      "gyr_norm_rmse": 0.23238694655326428,
      "hf_ratio_improvement_mean": 8.0568375867152,
      "input_acc_channel_rmse_mean": 1.490046875632864,
      "input_acc_norm_rmse": 1.2493681899278055,
      "input_gyr_channel_rmse_mean": 0.3937796210343687,
      "input_gyr_norm_rmse": 0.6131447047228668,
      "input_rmse_mean": 0.9419132483336161,
      "model_name": "butterworth",
      "model_role": "baseline",
      "num_windows": 8633,
      "pearson_mean": 0.7974520411110791,
      "psd_distance_mean": 0.12059361937322698,
      "rmse_mean": 0.5715881892148303
    },
    {
      "acc_channel_rmse_improvement": 0.5140701357995234,
      "acc_channel_rmse_mean": 0.9759767398333403,
      "acc_norm_rmse": 0.9421701956037413,
      "gyr_channel_rmse_improvement": 0.1992817408590581,
      "gyr_channel_rmse_mean": 0.19449788017531056,
      "gyr_norm_rmse": 0.24901310954370837,
      "hf_ratio_improvement_mean": 8.177328954744807,
      "input_acc_channel_rmse_mean": 1.490046875632864,
      "input_acc_norm_rmse": 1.2493681899278055,
      "input_gyr_channel_rmse_mean": 0.3937796210343687,
      "input_gyr_norm_rmse": 0.6131447047228668,
      "input_rmse_mean": 0.9419132483336161,
      "model_name": "savgol",
      "model_role": "baseline",
      "num_windows": 8633,
      "pearson_mean": 0.7818018547618625,
      "psd_distance_mean": 0.12034903349226242,
      "rmse_mean": 0.5852373100043254
    },
    {
      "acc_channel_rmse_improvement": 0.4370893542818969,
      "acc_channel_rmse_mean": 1.052957521350967,
      "acc_norm_rmse": 1.0396054003844666,
      "gyr_channel_rmse_improvement": 0.1420025517023529,
      "gyr_channel_rmse_mean": 0.25177706933201577,
      "gyr_norm_rmse": 0.355441000987541,
      "hf_ratio_improvement_mean": 7.611472715282921,
      "input_acc_channel_rmse_mean": 1.490046875632864,
      "input_acc_norm_rmse": 1.2493681899278055,
      "input_gyr_channel_rmse_mean": 0.3937796210343687,
      "input_gyr_norm_rmse": 0.6131447047228668,
      "input_rmse_mean": 0.9419132483336161,
      "model_name": "wiener",
      "model_role": "baseline",
      "num_windows": 8633,
      "pearson_mean": 0.7366711907821364,
      "psd_distance_mean": 0.138028438372673,
      "rmse_mean": 0.6523672953414914
    }
  ]
}