{
  "models": [
    {
      "acc_channel_rmse_improvement": 1.121726375948344,
      "acc_channel_rmse_mean": 0.9036742516504025,
      "acc_norm_rmse": 0.9158302347933343,
      "gyr_channel_rmse_improvement": 0.40754520292968166,
      "gyr_channel_rmse_mean": 0.2456280563543161,
      "gyr_norm_rmse": 0.3115995511778618,
      "hf_ratio_improvement_mean": 5.115048924943665,
      "input_acc_channel_rmse_mean": 2.025400627598747,
      "input_acc_norm_rmse": 2.102935926260422,
      "input_gyr_channel_rmse_mean": 0.6531732592839978,
      "input_gyr_norm_rmse": 1.0548053896336518,
      "input_rmse_mean": 1.3392869434413723,
      "model_name": "tcn_causal",
      "model_role": "trained",
      "num_windows": 3023,
      "pearson_mean": 0.9062854134824038,
      "psd_distance_mean": 0.09885338080795561,
      "rmse_mean": 0.5746511540023592
    },
    {
      "acc_channel_rmse_improvement": 1.1195493187689212,
      "acc_channel_rmse_mean": 0.9058513088298251,
      "acc_norm_rmse": 0.9108118423887073,
      "gyr_channel_rmse_improvement": 0.40435577252025484,
      "gyr_channel_rmse_mean": 0.24881748676374296,
      "gyr_norm_rmse": 0.3201369329114123,
      "hf_ratio_improvement_mean": 5.069452095002253,
      "input_acc_channel_rmse_mean": 2.025400627598747,
      "input_acc_norm_rmse": 2.102935926260422,
      "input_gyr_channel_rmse_mean": 0.6531732592839978,
      "input_gyr_norm_rmse": 1.0548053896336518,
      "input_rmse_mean": 1.3392869434413723,
      "model_name": "tcn",
      "model_role": "trained_comparison",
      "num_windows": 3023,
      "pearson_mean": 0.9070916938091699,
      "psd_distance_mean": 0.09941941075001533,
      "rmse_mean": 0.5773343977967842
    },
    {
      "acc_channel_rmse_improvement": 1.0837893726536054,
      "acc_channel_rmse_mean": 0.9416112549451411,
      "acc_norm_rmse": 0.9391228352216471,
      "gyr_channel_rmse_improvement": 0.3980316054276079,
      "gyr_channel_rmse_mean": 0.25514165385638987,
      "gyr_norm_rmse": 0.34051240760887863,
      "hf_ratio_improvement_mean": 5.087382393987055,
      "input_acc_channel_rmse_mean": 2.025400627598747,
      "input_acc_norm_rmse": 2.102935926260422,
      "input_gyr_channel_rmse_mean": 0.6531732592839978,
      "input_gyr_norm_rmse": 1.0548053896336518,
      "input_rmse_mean": 1.3392869434413723,
      "model_name": "gru",
      "model_role": "trained_comparison",
      "num_windows": 3023,
      "pearson_mean": 0.9042427165319352,
      "psd_distance_mean": 0.10498706815284964,
      "rmse_mean": 0.5983764544007655
    },
    {
      "acc_channel_rmse_improvement": 1.1998629928923372,
      "acc_channel_rmse_mean": 0.8255376347064092,
      "acc_norm_rmse": 0.8571315985240764,
      "gyr_channel_rmse_improvement": 0.43247736825841393,
      "gyr_channel_rmse_mean": 0.22069589102558387,
      "gyr_norm_rmse": 0.2946948393337673,
      "hf_ratio_improvement_mean": 5.070687675530251,
      "input_acc_channel_rmse_mean": 2.025400627598747,
      "input_acc_norm_rmse": 2.102935926260422,
      "input_gyr_channel_rmse_mean": 0.6531732592839978,
      "input_gyr_norm_rmse": 1.0548053896336518,
      "input_rmse_mean": 1.3392869434413723,
      "model_name": "transformer",
      "model_role": "trained_comparison",
      "num_windows": 3023,
      "pearson_mean": 0.9156089967055512,
      "psd_distance_mean": 0.09415400877580121,
      "rmse_mean": 0.5231167628659965
    },
    {
      "acc_channel_rmse_improvement": 0.19247931522710648,
      "acc_channel_rmse_mean": 1.83292131237164,
      "acc_norm_rmse": 1.9772035341723408,
      "gyr_channel_rmse_improvement": 0.062253589728856494,
      "gyr_channel_rmse_mean": 0.5909196695551414,
      "gyr_norm_rmse": 0.9031399381024288,
      "hf_ratio_improvement_mean": 1.3062829350029566,
      "input_acc_channel_rmse_mean": 2.025400627598747,
      "input_acc_norm_rmse": 2.102935926260422,
      "input_gyr_channel_rmse_mean": 0.6531732592839978,
      "input_gyr_norm_rmse": 1.0548053896336518,
      "input_rmse_mean": 1.3392869434413723,
      "model_name": "identity",
      "model_role": "baseline",
      "num_windows": 3023,
      "pearson_mean": 0.7824835697522454,
      "psd_distance_mean": 0.41320392998884414,
      "rmse_mean": 1.2119204909633907
    },
    {
      "acc_channel_rmse_improvement": 0.7708091961468629,
      "acc_channel_rmse_mean": 1.2545914314518836,
      "acc_norm_rmse": 1.3169646352613322,
      "gyr_channel_rmse_improvement": 0.3347694663792415,
      "gyr_channel_rmse_mean": 0.3184037929047564,
      "gyr_norm_rmse": 0.4440779152557422,
      "hf_ratio_improvement_mean": 4.691365082471607,
      "input_acc_channel_rmse_mean": 2.025400627598747,
      "input_acc_norm_rmse": 2.102935926260422,
      "input_gyr_channel_rmse_mean": 0.6531732592839978,
      "input_gyr_norm_rmse": 1.0548053896336518,
      "input_rmse_mean": 1.3392869434413723,
      "model_name": "lowpass",
      "model_role": "baseline",
      "num_windows": 3023,
      "pearson_mean": 0.876549011378442,
      "psd_distance_mean": 0.2221873497710927,
      "rmse_mean": 0.7864976121783199
    },
    {
      "acc_channel_rmse_improvement": 0.7477652804862573,
      "acc_channel_rmse_mean": 1.277635347112489,
      "acc_norm_rmse": 1.3727652741669425,
      "gyr_channel_rmse_improvement": 0.35427217819245144,
      "gyr_channel_rmse_mean": 0.29890108109154634,
      "gyr_norm_rmse": 0.3936422011377963,
      "hf_ratio_improvement_mean": 4.674312181027227,
      "input_acc_channel_rmse_mean": 2.025400627598747,
      "input_acc_norm_rmse": 2.102935926260422,
      "input_gyr_channel_rmse_mean": 0.6531732592839978,
      "input_gyr_norm_rmse": 1.0548053896336518,
      "input_rmse_mean": 1.3392869434413723,
      "model_name": "butterworth",
      "model_role": "baseline",
      "num_windows": 3023,
      "pearson_mean": 0.8604226002841674,
      "psd_distance_mean": 0.19237790071013425,
      "rmse_mean": 0.7882682141020178
    },
    {
      "acc_channel_rmse_improvement": 0.7175043800180086,
      "acc_channel_rmse_mean": 1.3078962475807379,
      "acc_norm_rmse": 1.410251377371617,
      "gyr_channel_rmse_improvement": 0.33946505877766625,
      "gyr_channel_rmse_mean": 0.3137082005063315,
      "gyr_norm_rmse": 0.4254753057438812,
      "hf_ratio_improvement_mean": 4.763900461750677,
      "input_acc_channel_rmse_mean": 2.025400627598747,
      "input_acc_norm_rmse": 2.102935926260422,
      "input_gyr_channel_rmse_mean": 0.6531732592839978,
      "input_gyr_norm_rmse": 1.0548053896336518,
      "input_rmse_mean": 1.3392869434413723,
      "model_name": "savgol",
      "model_role": "baseline",
      "num_windows": 3023,
      "pearson_mean": 0.854960476716075,
      "psd_distance_mean": 0.19300438026180175,
      "rmse_mean": 0.8108022240435346
    },
    {
      "acc_channel_rmse_improvement": 0.5670773273836898,
      "acc_channel_rmse_mean": 1.4583233002150569,
      "acc_norm_rmse": 1.5692952900996793,
      "gyr_channel_rmse_improvement": 0.23310298110784952,
      "gyr_channel_rmse_mean": 0.4200702781761483,
      "gyr_norm_rmse": 0.6232055178266946,
      "hf_ratio_improvement_mean": 4.435024413986722,
      "input_acc_channel_rmse_mean": 2.025400627598747,
      "input_acc_norm_rmse": 2.102935926260422,
      "input_gyr_channel_rmse_mean": 0.6531732592839978,
      "input_gyr_norm_rmse": 1.0548053896336518,
      "input_rmse_mean": 1.3392869434413723,
      "model_name": "wiener",
      "model_role": "baseline",
      "num_windows": 3023,
      "pearson_mean": 0.8139493637063313,
      "psd_distance_mean": 0.23057052040310885,
      "rmse_mean": 0.9391967891956026
    }
  ]
}