{
  "acc_channel_rmse_improvement": 1.2135389894367203,
  "acc_channel_rmse_mean": 0.8118616381620258,
  "acc_norm_rmse": 0.8384504686638077,
  "gyr_channel_rmse_improvement": 0.4394747635812083,
  "gyr_channel_rmse_mean": 0.21369849570278945,
  "gyr_norm_rmse": 0.28056971762012634,
  "hf_ratio_improvement_mean": 5.089615417196896,
  "input_acc_channel_rmse_mean": 2.025400627598747,
  "input_acc_norm_rmse": 2.102935926260422,
  "input_gyr_channel_rmse_mean": 0.6531732592839978,
  "input_gyr_norm_rmse": 1.0548053896336518,
  "input_rmse_mean": 1.3392869434413723,
  "num_windows": 3023,
  "pearson_mean": 0.9184615267731288,
  "psd_distance_mean": 0.08882495538595661,
  "rmse_mean": 0.5127800669324077
}