{
  "acc_channel_rmse_improvement": 0.7175043800180086,
  "acc_channel_rmse_mean": 1.3078962475807379,
  "acc_norm_rmse": 1.410251377371617,
  "gyr_channel_rmse_improvement": 0.33946505877766625,
  "gyr_channel_rmse_mean": 0.3137082005063315,
  "gyr_norm_rmse": 0.4254753057438812,
  "hf_ratio_improvement_mean": 4.763900461750677,
  "input_acc_channel_rmse_mean": 2.025400627598747,
  "input_acc_norm_rmse": 2.102935926260422,
  "input_gyr_channel_rmse_mean": 0.6531732592839978,
  "input_gyr_norm_rmse": 1.0548053896336518,
  "input_rmse_mean": 1.3392869434413723,
  "num_windows": 3023,
  "pearson_mean": 0.854960476716075,
  "psd_distance_mean": 0.19300438026180175,
  "rmse_mean": 0.8108022240435346
}