{
  "acc_channel_rmse_improvement": 1.1233673129733523,
  "acc_channel_rmse_mean": 0.9020333146253942,
  "acc_norm_rmse": 0.918958069533578,
  "gyr_channel_rmse_improvement": 0.4091396862031751,
  "gyr_channel_rmse_mean": 0.24403357308082274,
  "gyr_norm_rmse": 0.3177807127709987,
  "hf_ratio_improvement_mean": 5.090905062264181,
  "input_acc_channel_rmse_mean": 2.025400627598747,
  "input_acc_norm_rmse": 2.102935926260422,
  "input_gyr_channel_rmse_mean": 0.6531732592839978,
  "input_gyr_norm_rmse": 1.0548053896336518,
  "input_rmse_mean": 1.3392869434413723,
  "num_windows": 3023,
  "pearson_mean": 0.9077099049179271,
  "psd_distance_mean": 0.10033579724674203,
  "rmse_mean": 0.5730334438531085
}