{
  "acc_channel_rmse_improvement": 0.8632811041971835,
  "acc_channel_rmse_mean": 0.6543113461305011,
  "acc_norm_rmse": 0.5194322629863402,
  "gyr_channel_rmse_improvement": 0.25722122156912036,
  "gyr_channel_rmse_mean": 0.14835823458748693,
  "gyr_norm_rmse": 0.1874870328080199,
  "hf_ratio_improvement_mean": 8.380928338118602,
  "input_acc_channel_rmse_mean": 1.5175924503276845,
  "input_acc_norm_rmse": 1.2639799455173248,
  "input_gyr_channel_rmse_mean": 0.4055794561566073,
  "input_gyr_norm_rmse": 0.6296109158252916,
  "input_rmse_mean": 0.961585953242146,
  "num_windows": 8675,
  "pearson_mean": 0.8500384953761287,
  "psd_distance_mean": 0.05957238784896856,
  "rmse_mean": 0.401334790358994
}