{
  "acc_channel_rmse_improvement": 0.4370893542818969,
  "acc_channel_rmse_mean": 1.052957521350967,
  "acc_norm_rmse": 1.0396054003844666,
  "gyr_channel_rmse_improvement": 0.1420025517023529,
  "gyr_channel_rmse_mean": 0.25177706933201577,
  "gyr_norm_rmse": 0.355441000987541,
  "hf_ratio_improvement_mean": 7.611472663928211,
  "input_acc_channel_rmse_mean": 1.490046875632864,
  "input_acc_norm_rmse": 1.2493681899278055,
  "input_gyr_channel_rmse_mean": 0.3937796210343687,
  "input_gyr_norm_rmse": 0.6131447047228668,
  "input_rmse_mean": 0.9419132483336161,
  "num_windows": 8633,
  "pearson_mean": 0.7366711907821364,
  "psd_distance_mean": 0.13802843761895942,
  "rmse_mean": 0.6523672953414914
}