{
  "models": [
    {
      "acc_channel_rmse_improvement_mean": 1.1230985058058942,
      "acc_channel_rmse_improvement_std": 0.0027946304469471175,
      "acc_channel_rmse_mean_mean": 0.9023021217928525,
      "acc_channel_rmse_mean_std": 0.00279463044694694,
      "acc_norm_rmse_mean": 0.9140578237594189,
      "acc_norm_rmse_std": 0.0035254027865708275,
      "gyr_channel_rmse_improvement_mean": 0.40796091590463596,
      "gyr_channel_rmse_improvement_std": 0.0025996053925140235,
      "gyr_channel_rmse_mean_mean": 0.24521234337936182,
      "gyr_channel_rmse_mean_std": 0.002599605392513972,
      "gyr_norm_rmse_mean": 0.3174292508281984,
      "gyr_norm_rmse_std": 0.0023673775880280867,
      "hf_ratio_improvement_mean_mean": 5.088667022766215,
      "hf_ratio_improvement_mean_std": 0.014859755549411647,
      "input_acc_channel_rmse_mean_mean": 2.025400627598747,
      "input_acc_channel_rmse_mean_std": 0.0,
      "input_acc_norm_rmse_mean": 2.102935926260422,
      "input_acc_norm_rmse_std": 0.0,
      "input_gyr_channel_rmse_mean_mean": 0.6531732592839978,
      "input_gyr_channel_rmse_mean_std": 0.0,
      "input_gyr_norm_rmse_mean": 1.0548053896336518,
      "input_gyr_norm_rmse_std": 0.0,
      "input_rmse_mean_mean": 1.3392869434413723,
      "input_rmse_mean_std": 0.0,
      "model_name": "tcn",
      "model_role": "trained",
      "num_seeds": 3,
      "num_windows_mean": 3023.0,
      "num_windows_std": 0.0,
      "pearson_mean_mean": 0.9076459621587422,
      "pearson_mean_std": 0.0004288438971537731,
      "psd_distance_mean_mean": 0.09863905671211344,
      "psd_distance_mean_std": 0.0017910777377118622,
      "rmse_mean_mean": 0.5737572325861072,
      "rmse_mean_std": 0.002674679943336627
    },
    {
      "acc_channel_rmse_improvement_mean": 0.1924793152271064,
      "acc_channel_rmse_improvement_std": 0.0,
      "acc_channel_rmse_mean_mean": 1.8329213123716397,
      "acc_channel_rmse_mean_std": 2.220446049250313e-16,
      "acc_norm_rmse_mean": 1.9772035341723406,
      "acc_norm_rmse_std": 2.220446049250313e-16,
      "gyr_channel_rmse_improvement_mean": 0.0622535897288564,
      "gyr_channel_rmse_improvement_std": 0.0,
      "gyr_channel_rmse_mean_mean": 0.5909196695551414,
      "gyr_channel_rmse_mean_std": 0.0,
      "gyr_norm_rmse_mean": 0.9031399381024287,
      "gyr_norm_rmse_std": 1.1102230246251565e-16,
      "hf_ratio_improvement_mean_mean": 1.3062829350029566,
      "hf_ratio_improvement_mean_std": 0.0,
      "input_acc_channel_rmse_mean_mean": 2.025400627598747,
      "input_acc_channel_rmse_mean_std": 0.0,
      "input_acc_norm_rmse_mean": 2.102935926260422,
      "input_acc_norm_rmse_std": 0.0,
      "input_gyr_channel_rmse_mean_mean": 0.6531732592839978,
      "input_gyr_channel_rmse_mean_std": 0.0,
      "input_gyr_norm_rmse_mean": 1.0548053896336518,
      "input_gyr_norm_rmse_std": 0.0,
      "input_rmse_mean_mean": 1.3392869434413723,
      "input_rmse_mean_std": 0.0,
      "model_name": "identity",
      "model_role": "baseline",
      "num_seeds": 3,
      "num_windows_mean": 3023.0,
      "num_windows_std": 0.0,
      "pearson_mean_mean": 0.7824835697522454,
      "pearson_mean_std": 0.0,
      "psd_distance_mean_mean": 0.4132039299888441,
      "psd_distance_mean_std": 0.0,
      "rmse_mean_mean": 1.2119204909633907,
      "rmse_mean_std": 0.0
    },
    {
      "acc_channel_rmse_improvement_mean": 0.7708091961468629,
      "acc_channel_rmse_improvement_std": 0.0,
      "acc_channel_rmse_mean_mean": 1.2545914314518836,
      "acc_channel_rmse_mean_std": 0.0,
      "acc_norm_rmse_mean": 1.3169646352613322,
      "acc_norm_rmse_std": 0.0,
      "gyr_channel_rmse_improvement_mean": 0.3347694663792415,
      "gyr_channel_rmse_improvement_std": 0.0,
      "gyr_channel_rmse_mean_mean": 0.3184037929047564,
      "gyr_channel_rmse_mean_std": 0.0,
      "gyr_norm_rmse_mean": 0.4440779152557422,
      "gyr_norm_rmse_std": 0.0,
      "hf_ratio_improvement_mean_mean": 4.691365082471607,
      "hf_ratio_improvement_mean_std": 0.0,
      "input_acc_channel_rmse_mean_mean": 2.025400627598747,
      "input_acc_channel_rmse_mean_std": 0.0,
      "input_acc_norm_rmse_mean": 2.102935926260422,
      "input_acc_norm_rmse_std": 0.0,
      "input_gyr_channel_rmse_mean_mean": 0.6531732592839978,
      "input_gyr_channel_rmse_mean_std": 0.0,
      "input_gyr_norm_rmse_mean": 1.0548053896336518,
      "input_gyr_norm_rmse_std": 0.0,
      "input_rmse_mean_mean": 1.3392869434413723,
      "input_rmse_mean_std": 0.0,
      "model_name": "lowpass",
      "model_role": "baseline",
      "num_seeds": 3,
      "num_windows_mean": 3023.0,
      "num_windows_std": 0.0,
      "pearson_mean_mean": 0.876549011378442,
      "pearson_mean_std": 0.0,
      "psd_distance_mean_mean": 0.2221873497710927,
      "psd_distance_mean_std": 0.0,
      "rmse_mean_mean": 0.7864976121783199,
      "rmse_mean_std": 0.0
    },
    {
      "acc_channel_rmse_improvement_mean": 0.7477652804862572,
      "acc_channel_rmse_improvement_std": 1.1102230246251565e-16,
      "acc_channel_rmse_mean_mean": 1.277635347112489,
      "acc_channel_rmse_mean_std": 0.0,
      "acc_norm_rmse_mean": 1.3727652741669425,
      "acc_norm_rmse_std": 0.0,
      "gyr_channel_rmse_improvement_mean": 0.3542721781924514,
      "gyr_channel_rmse_improvement_std": 0.0,
      "gyr_channel_rmse_mean_mean": 0.2989010810915463,
      "gyr_channel_rmse_mean_std": 0.0,
      "gyr_norm_rmse_mean": 0.3936422011377963,
      "gyr_norm_rmse_std": 0.0,
      "hf_ratio_improvement_mean_mean": 4.674312181027227,
      "hf_ratio_improvement_mean_std": 0.0,
      "input_acc_channel_rmse_mean_mean": 2.025400627598747,
      "input_acc_channel_rmse_mean_std": 0.0,
      "input_acc_norm_rmse_mean": 2.102935926260422,
      "input_acc_norm_rmse_std": 0.0,
      "input_gyr_channel_rmse_mean_mean": 0.6531732592839978,
      "input_gyr_channel_rmse_mean_std": 0.0,
      "input_gyr_norm_rmse_mean": 1.0548053896336518,
      "input_gyr_norm_rmse_std": 0.0,
      "input_rmse_mean_mean": 1.3392869434413723,
      "input_rmse_mean_std": 0.0,
      "model_name": "butterworth",
      "model_role": "baseline",
      "num_seeds": 3,
      "num_windows_mean": 3023.0,
      "num_windows_std": 0.0,
      "pearson_mean_mean": 0.8604226002841674,
      "pearson_mean_std": 0.0,
      "psd_distance_mean_mean": 0.1923779007101342,
      "psd_distance_mean_std": 0.0,
      "rmse_mean_mean": 0.7882682141020178,
      "rmse_mean_std": 0.0
    },
    {
      "acc_channel_rmse_improvement_mean": 0.7175043800180086,
      "acc_channel_rmse_improvement_std": 0.0,
      "acc_channel_rmse_mean_mean": 1.307896247580738,
      "acc_channel_rmse_mean_std": 0.0,
      "acc_norm_rmse_mean": 1.410251377371617,
      "acc_norm_rmse_std": 0.0,
      "gyr_channel_rmse_improvement_mean": 0.3394650587776662,
      "gyr_channel_rmse_improvement_std": 0.0,
      "gyr_channel_rmse_mean_mean": 0.3137082005063315,
      "gyr_channel_rmse_mean_std": 0.0,
      "gyr_norm_rmse_mean": 0.4254753057438812,
      "gyr_norm_rmse_std": 0.0,
      "hf_ratio_improvement_mean_mean": 4.763900461750677,
      "hf_ratio_improvement_mean_std": 0.0,
      "input_acc_channel_rmse_mean_mean": 2.025400627598747,
      "input_acc_channel_rmse_mean_std": 0.0,
      "input_acc_norm_rmse_mean": 2.102935926260422,
      "input_acc_norm_rmse_std": 0.0,
      "input_gyr_channel_rmse_mean_mean": 0.6531732592839978,
      "input_gyr_channel_rmse_mean_std": 0.0,
      "input_gyr_norm_rmse_mean": 1.0548053896336518,
      "input_gyr_norm_rmse_std": 0.0,
      "input_rmse_mean_mean": 1.3392869434413723,
      "input_rmse_mean_std": 0.0,
      "model_name": "savgol",
      "model_role": "baseline",
      "num_seeds": 3,
      "num_windows_mean": 3023.0,
      "num_windows_std": 0.0,
      "pearson_mean_mean": 0.8549604767160751,
      "pearson_mean_std": 1.1102230246251565e-16,
      "psd_distance_mean_mean": 0.1930043802618017,
      "psd_distance_mean_std": 0.0,