{
  "acc_channel_rmse_improvement": 0.21902414852529398,
  "acc_channel_rmse_mean": 1.2710227271075698,
  "acc_norm_rmse": 1.2706508411387547,
  "gyr_channel_rmse_improvement": 0.03024501416115009,
  "gyr_channel_rmse_mean": 0.3635346068732186,
  "gyr_norm_rmse": 0.5379538728796918,
  "hf_ratio_improvement_mean": 1.9592444143945114,
  "input_acc_channel_rmse_mean": 1.490046875632864,
  "input_acc_norm_rmse": 1.2493681899278055,
  "input_gyr_channel_rmse_mean": 0.3937796210343687,
  "input_gyr_norm_rmse": 0.6131447047228668,
  "input_rmse_mean": 0.9419132483336161,
  "num_windows": 8633,
  "pearson_mean": 0.7254491415888351,
  "psd_distance_mean": 0.22477693977303534,
  "rmse_mean": 0.817278666990394
}