{
  "acc_channel_rmse_improvement": 0.5181932032398171,
  "acc_channel_rmse_mean": 0.9993992470878674,
  "acc_norm_rmse": 0.9497954978626383,
  "gyr_channel_rmse_improvement": 0.20238748123980013,
  "gyr_channel_rmse_mean": 0.20319197491680718,
  "gyr_norm_rmse": 0.2589586050391683,
  "hf_ratio_improvement_mean": 8.256381306001165,
  "input_acc_channel_rmse_mean": 1.5175924503276845,
  "input_acc_norm_rmse": 1.2639799455173248,
  "input_gyr_channel_rmse_mean": 0.4055794561566073,
  "input_gyr_norm_rmse": 0.6296109158252916,
  "input_rmse_mean": 0.961585953242146,
  "num_windows": 8675,
  "pearson_mean": 0.780179011785039,
  "psd_distance_mean": 0.12822371904632174,
  "rmse_mean": 0.6012956110023372
}