{
  "acc_channel_rmse_improvement": 1.1998629928923372,
  "acc_channel_rmse_mean": 0.8255376347064092,
  "acc_norm_rmse": 0.8571315985240764,
  "gyr_channel_rmse_improvement": 0.43247736825841393,
  "gyr_channel_rmse_mean": 0.22069589102558387,
  "gyr_norm_rmse": 0.2946948393337673,
  "hf_ratio_improvement_mean": 5.070687675530251,
  "input_acc_channel_rmse_mean": 2.025400627598747,
  "input_acc_norm_rmse": 2.102935926260422,
  "input_gyr_channel_rmse_mean": 0.6531732592839978,
  "input_gyr_norm_rmse": 1.0548053896336518,
  "input_rmse_mean": 1.3392869434413723,
  "num_windows": 3023,
  "pearson_mean": 0.9156089967055512,
  "psd_distance_mean": 0.09415400877580121,
  "rmse_mean": 0.5231167628659965
}