{
  "models": [
    {
      "acc_channel_rmse_improvement_mean": 0.8559847630626493,
      "acc_channel_rmse_improvement_std": 0.003015898169851951,
      "acc_channel_rmse_mean_mean": 0.6340621125702146,
      "acc_channel_rmse_mean_std": 0.0030158981698519783,
      "acc_norm_rmse_mean": 0.5182735298856715,
      "acc_norm_rmse_std": 0.002017134563708133,
      "gyr_channel_rmse_improvement_mean": 0.2536121042761847,
      "gyr_channel_rmse_improvement_std": 0.0006631508969380031,
      "gyr_channel_rmse_mean_mean": 0.1401675167581839,
      "gyr_channel_rmse_mean_std": 0.0006631508969380067,
      "gyr_norm_rmse_mean": 0.17663700871849816,
      "gyr_norm_rmse_std": 0.0009182712100572197,
      "hf_ratio_improvement_mean_mean": 8.349621458631663,
      "hf_ratio_improvement_mean_std": 0.013396896281386999,
      "input_acc_channel_rmse_mean_mean": 1.4900468756328642,
      "input_acc_channel_rmse_mean_std": 2.220446049250313e-16,
      "input_acc_norm_rmse_mean": 1.2493681899278055,
      "input_acc_norm_rmse_std": 0.0,
      "input_gyr_channel_rmse_mean_mean": 0.3937796210343687,
      "input_gyr_channel_rmse_mean_std": 0.0,
      "input_gyr_norm_rmse_mean": 0.6131447047228668,
      "input_gyr_norm_rmse_std": 0.0,
      "input_rmse_mean_mean": 0.941913248333616,
      "input_rmse_mean_std": 0.0,
      "model_name": "tcn",
      "model_role": "trained",
      "num_seeds": 3,
      "num_windows_mean": 8633.0,
      "num_windows_std": 0.0,
      "pearson_mean_mean": 0.8508125295946583,
      "pearson_mean_std": 0.0002560185432410863,
      "psd_distance_mean_mean": 0.05383111826546383,
      "psd_distance_mean_std": 0.0010974733092944087,
      "rmse_mean_mean": 0.38711481466419934,
      "rmse_mean_std": 0.0016390091833580853
    },
    {
      "acc_channel_rmse_improvement_mean": 0.21902414852529387,
      "acc_channel_rmse_improvement_std": 2.7755575615628914e-17,
      "acc_channel_rmse_mean_mean": 1.2710227271075698,
      "acc_channel_rmse_mean_std": 0.0,
      "acc_norm_rmse_mean": 1.2706508411387547,
      "acc_norm_rmse_std": 0.0,
      "gyr_channel_rmse_improvement_mean": 0.03024501416115,
      "gyr_channel_rmse_improvement_std": 0.0,
      "gyr_channel_rmse_mean_mean": 0.3635346068732186,
      "gyr_channel_rmse_mean_std": 0.0,
      "gyr_norm_rmse_mean": 0.5379538728796918,
      "gyr_norm_rmse_std": 0.0,
      "hf_ratio_improvement_mean_mean": 1.9592444092054373,
      "hf_ratio_improvement_mean_std": 0.0,
      "input_acc_channel_rmse_mean_mean": 1.4900468756328642,
      "input_acc_channel_rmse_mean_std": 2.220446049250313e-16,
      "input_acc_norm_rmse_mean": 1.2493681899278055,
      "input_acc_norm_rmse_std": 0.0,
      "input_gyr_channel_rmse_mean_mean": 0.3937796210343687,
      "input_gyr_channel_rmse_mean_std": 0.0,
      "input_gyr_norm_rmse_mean": 0.6131447047228668,
      "input_gyr_norm_rmse_std": 0.0,
      "input_rmse_mean_mean": 0.941913248333616,
      "input_rmse_mean_std": 0.0,
      "model_name": "identity",
      "model_role": "baseline",
      "num_seeds": 3,
      "num_windows_mean": 8633.0,
      "num_windows_std": 0.0,
      "pearson_mean_mean": 0.7254491415888351,
      "pearson_mean_std": 0.0,
      "psd_distance_mean_mean": 0.2247769427142552,
      "psd_distance_mean_std": 0.0,
      "rmse_mean_mean": 0.817278666990394,
      "rmse_mean_std": 0.0
    },
    {
      "acc_channel_rmse_improvement_mean": 0.5612268240482209,
      "acc_channel_rmse_improvement_std": 0.0,
      "acc_channel_rmse_mean_mean": 0.9288200515846428,
      "acc_channel_rmse_mean_std": 0.0,
      "acc_norm_rmse_mean": 0.879560649966426,
      "acc_norm_rmse_std": 0.0,
      "gyr_channel_rmse_improvement_mean": 0.20762392535991822,
      "gyr_channel_rmse_improvement_std": 2.7755575615628914e-17,
      "gyr_channel_rmse_mean_mean": 0.18615569567445042,
      "gyr_channel_rmse_mean_std": 2.7755575615628914e-17,
      "gyr_norm_rmse_mean": 0.2410392853024617,
      "gyr_norm_rmse_std": 0.0,
      "hf_ratio_improvement_mean_mean": 7.982354249669073,
      "hf_ratio_improvement_mean_std": 0.0,
      "input_acc_channel_rmse_mean_mean": 1.4900468756328642,
      "input_acc_channel_rmse_mean_std": 2.220446049250313e-16,
      "input_acc_norm_rmse_mean": 1.2493681899278055,
      "input_acc_norm_rmse_std": 0.0,
      "input_gyr_channel_rmse_mean_mean": 0.3937796210343687,
      "input_gyr_channel_rmse_mean_std": 0.0,
      "input_gyr_norm_rmse_mean": 0.6131447047228668,
      "input_gyr_norm_rmse_std": 0.0,
      "input_rmse_mean_mean": 0.941913248333616,
      "input_rmse_mean_std": 0.0,
      "model_name": "lowpass",
      "model_role": "baseline",
      "num_seeds": 3,
      "num_windows_mean": 8633.0,
      "num_windows_std": 0.0,
      "pearson_mean_mean": 0.8397894164283356,
      "pearson_mean_std": 0.0,
      "psd_distance_mean_mean": 0.1322707249649011,
      "psd_distance_mean_std": 0.0,
      "rmse_mean_mean": 0.5574878736295467,
      "rmse_mean_std": 0.0
    },
    {
      "acc_channel_rmse_improvement_mean": 0.5325539300055399,
      "acc_channel_rmse_improvement_std": 0.0,
      "acc_channel_rmse_mean_mean": 0.9574929456273239,
      "acc_channel_rmse_mean_std": 1.1102230246251565e-16,
      "acc_norm_rmse_mean": 0.9194572745121908,
      "acc_norm_rmse_std": 1.1102230246251565e-16,
      "gyr_channel_rmse_improvement_mean": 0.2080961882320319,
      "gyr_channel_rmse_improvement_std": 0.0,
      "gyr_channel_rmse_mean_mean": 0.1856834328023367,
      "gyr_channel_rmse_mean_std": 0.0,
      "gyr_norm_rmse_mean": 0.2323869465532642,
      "gyr_norm_rmse_std": 0.0,
      "hf_ratio_improvement_mean_mean": 8.0568375867152,
      "hf_ratio_improvement_mean_std": 0.0,
      "input_acc_channel_rmse_mean_mean": 1.4900468756328642,
      "input_acc_channel_rmse_mean_std": 2.220446049250313e-16,
      "input_acc_norm_rmse_mean": 1.2493681899278055,
      "input_acc_norm_rmse_std": 0.0,
      "input_gyr_channel_rmse_mean_mean": 0.3937796210343687,
      "input_gyr_channel_rmse_mean_std": 0.0,
      "input_gyr_norm_rmse_mean": 0.6131447047228668,
      "input_gyr_norm_rmse_std": 0.0,
      "input_rmse_mean_mean": 0.941913248333616,
      "input_rmse_mean_std": 0.0,
      "model_name": "butterworth",
      "model_role": "baseline",
      "num_seeds": 3,
      "num_windows_mean": 8633.0,
      "num_windows_std": 0.0,
      "pearson_mean_mean": 0.7974520411110791,
      "pearson_mean_std": 0.0,
      "psd_distance_mean_mean": 0.12059361937322692,
      "psd_distance_mean_std": 1.3877787807814457e-17,
      "rmse_mean_mean": 0.5715881892148303,
      "rmse_mean_std": 0.0
    },
    {
      "acc_channel_rmse_improvement_mean": 0.5140701357995234,
      "acc_channel_rmse_improvement_std": 0.0,
      "acc_channel_rmse_mean_mean": 0.9759767398333404,
      "acc_channel_rmse_mean_std": 0.0,
      "acc_norm_rmse_mean": 0.9421701956037412,
      "acc_norm_rmse_std": 0.0,
      "gyr_channel_rmse_improvement_mean": 0.19928174085905806,
      "gyr_channel_rmse_improvement_std": 2.7755575615628914e-17,
      "gyr_channel_rmse_mean_mean": 0.19449788017531047,
      "gyr_channel_rmse_mean_std": 2.7755575615628914e-17,
      "gyr_norm_rmse_mean": 0.24901310954370834,
      "gyr_norm_rmse_std": 2.7755575615628914e-17,
      "hf_ratio_improvement_mean_mean": 8.177328954744807,
      "hf_ratio_improvement_mean_std": 0.0,
      "input_acc_channel_rmse_mean_mean": 1.4900468756328642,
      "input_acc_channel_rmse_mean_std": 2.220446049250313e-16,
      "input_acc_norm_rmse_mean": 1.2493681899278055,
      "input_acc_norm_rmse_std": 0.0,
      "input_gyr_channel_rmse_mean_mean": 0.3937796210343687,
      "input_gyr_channel_rmse_mean_std": 0.0,
      "input_gyr_norm_rmse_mean": 0.6131447047228668,
      "input_gyr_norm_rmse_std": 0.0,
      "input_rmse_mean_mean": 0.941913248333616,
      "input_rmse_mean_std": 0.0,
      "model_name": "savgol",
      "model_role": "baseline",
      "num_seeds": 3,
      "num_windows_mean": 8633.0,
      "num_windows_std": 0.0,