{
  "acc_channel_rmse_improvement": 0.8517208267308957,
  "acc_channel_rmse_mean": 0.6383260489019682,
  "acc_norm_rmse": 0.519189630088458,
  "gyr_channel_rmse_improvement": 0.25334958312604616,
  "gyr_channel_rmse_mean": 0.1404300379083225,
  "gyr_norm_rmse": 0.1755830224857848,
  "hf_ratio_improvement_mean": 8.346595875885969,
  "input_acc_channel_rmse_mean": 1.490046875632864,
  "input_acc_norm_rmse": 1.2493681899278055,
  "input_gyr_channel_rmse_mean": 0.3937796210343687,
  "input_gyr_norm_rmse": 0.6131447047228668,
  "input_rmse_mean": 0.9419132483336161,
  "num_windows": 8633,
  "pearson_mean": 0.8505052519408612,
  "psd_distance_mean": 0.05528681405152493,
  "rmse_mean": 0.3893780434051453
}