{
  "acc_channel_rmse_improvement": 1.1282790639505615,
  "acc_channel_rmse_mean": 0.897121563648185,
  "acc_norm_rmse": 0.9131418321059238,
  "gyr_channel_rmse_improvement": 0.4100243154856089,
  "gyr_channel_rmse_mean": 0.24314894379838886,
  "gyr_norm_rmse": 0.3153794482340337,
  "hf_ratio_improvement_mean": 5.095379114922985,
  "input_acc_channel_rmse_mean": 2.025400627598747,
  "input_acc_norm_rmse": 2.102935926260422,
  "input_gyr_channel_rmse_mean": 0.6531732592839978,
  "input_gyr_norm_rmse": 1.0548053896336518,
  "input_rmse_mean": 1.3392869434413723,
  "num_windows": 3023,
  "pearson_mean": 0.9078999518756775,
  "psd_distance_mean": 0.09887173521448143,
  "rmse_mean": 0.5701352537232869
}