{
  "models": [
    {
      "acc_channel_rmse_improvement_mean": 0.8491976209475607,
      "acc_channel_rmse_improvement_std": 0.01040176650024661,
      "acc_channel_rmse_mean_mean": 0.6408492546853032,
      "acc_channel_rmse_mean_std": 0.010401766500246584,
      "acc_norm_rmse_mean": 0.5196971689235509,
      "acc_norm_rmse_std": 0.005643165128118047,
      "gyr_channel_rmse_improvement_mean": 0.2531102738617019,
      "gyr_channel_rmse_improvement_std": 0.001475147040562227,
      "gyr_channel_rmse_mean_mean": 0.1406693471726667,
      "gyr_channel_rmse_mean_std": 0.0014751470405621834,
      "gyr_norm_rmse_mean": 0.17671197990621676,
      "gyr_norm_rmse_std": 0.0011344276267431293,
      "hf_ratio_improvement_mean_mean": 8.2841791995162,
      "hf_ratio_improvement_mean_std": 0.0753961068294046,
      "input_acc_channel_rmse_mean_mean": 1.4900468756328642,
      "input_acc_channel_rmse_mean_std": 2.220446049250313e-16,
      "input_acc_norm_rmse_mean": 1.2493681899278055,
      "input_acc_norm_rmse_std": 0.0,
      "input_gyr_channel_rmse_mean_mean": 0.3937796210343687,
      "input_gyr_channel_rmse_mean_std": 0.0,
      "input_gyr_norm_rmse_mean": 0.6131447047228668,
      "input_gyr_norm_rmse_std": 0.0,
      "input_rmse_mean_mean": 0.941913248333616,
      "input_rmse_mean_std": 0.0,
      "model_name": "tcn",
      "model_role": "trained",
      "num_seeds": 3,
      "num_windows_mean": 8633.0,
      "num_windows_std": 0.0,
      "pearson_mean_mean": 0.850097077077196,
      "pearson_mean_std": 0.002054788394009246,
      "psd_distance_mean_mean": 0.0544886424866356,
      "psd_distance_mean_std": 0.00035713096062198,
      "rmse_mean_mean": 0.3907593009289849,
      "rmse_mean_std": 0.005933542611757397
    },
    {
      "acc_channel_rmse_improvement_mean": 0.21902414852529387,
      "acc_channel_rmse_improvement_std": 2.7755575615628914e-17,
      "acc_channel_rmse_mean_mean": 1.2710227271075698,
      "acc_channel_rmse_mean_std": 0.0,
      "acc_norm_rmse_mean": 1.2706508411387547,
      "acc_norm_rmse_std": 0.0,
      "gyr_channel_rmse_improvement_mean": 0.03024501416115,
      "gyr_channel_rmse_improvement_std": 0.0,
      "gyr_channel_rmse_mean_mean": 0.3635346068732186,
      "gyr_channel_rmse_mean_std": 0.0,
      "gyr_norm_rmse_mean": 0.5379538728796918,
      "gyr_norm_rmse_std": 0.0,
      "hf_ratio_improvement_mean_mean": 1.9592444143945116,
      "hf_ratio_improvement_mean_std": 0.0,
      "input_acc_channel_rmse_mean_mean": 1.4900468756328642,
      "input_acc_channel_rmse_mean_std": 2.220446049250313e-16,
      "input_acc_norm_rmse_mean": 1.2493681899278055,
      "input_acc_norm_rmse_std": 0.0,
      "input_gyr_channel_rmse_mean_mean": 0.3937796210343687,
      "input_gyr_channel_rmse_mean_std": 0.0,
      "input_gyr_norm_rmse_mean": 0.6131447047228668,
      "input_gyr_norm_rmse_std": 0.0,
      "input_rmse_mean_mean": 0.941913248333616,
      "input_rmse_mean_std": 0.0,
      "model_name": "identity",
      "model_role": "baseline",
      "num_seeds": 3,
      "num_windows_mean": 8633.0,
      "num_windows_std": 0.0,
      "pearson_mean_mean": 0.7254491415888351,
      "pearson_mean_std": 0.0,
      "psd_distance_mean_mean": 0.22477693977303534,
      "psd_distance_mean_std": 2.7755575615628914e-17,
      "rmse_mean_mean": 0.817278666990394,
      "rmse_mean_std": 0.0
    },
    {
      "acc_channel_rmse_improvement_mean": 0.5612268240482209,
      "acc_channel_rmse_improvement_std": 0.0,
      "acc_channel_rmse_mean_mean": 0.9288200515846428,
      "acc_channel_rmse_mean_std": 0.0,
      "acc_norm_rmse_mean": 0.879560649966426,
      "acc_norm_rmse_std": 0.0,
      "gyr_channel_rmse_improvement_mean": 0.20762392535991822,
      "gyr_channel_rmse_improvement_std": 2.7755575615628914e-17,
      "gyr_channel_rmse_mean_mean": 0.18615569567445042,
      "gyr_channel_rmse_mean_std": 2.7755575615628914e-17,
      "gyr_norm_rmse_mean": 0.2410392853024617,
      "gyr_norm_rmse_std": 0.0,
      "hf_ratio_improvement_mean_mean": 7.982354195163192,
      "hf_ratio_improvement_mean_std": 8.881784197001252e-16,
      "input_acc_channel_rmse_mean_mean": 1.4900468756328642,
      "input_acc_channel_rmse_mean_std": 2.220446049250313e-16,
      "input_acc_norm_rmse_mean": 1.2493681899278055,
      "input_acc_norm_rmse_std": 0.0,
      "input_gyr_channel_rmse_mean_mean": 0.3937796210343687,
      "input_gyr_channel_rmse_mean_std": 0.0,
      "input_gyr_norm_rmse_mean": 0.6131447047228668,
      "input_gyr_norm_rmse_std": 0.0,
      "input_rmse_mean_mean": 0.941913248333616,
      "input_rmse_mean_std": 0.0,
      "model_name": "lowpass",
      "model_role": "baseline",
      "num_seeds": 3,
      "num_windows_mean": 8633.0,
      "num_windows_std": 0.0,
      "pearson_mean_mean": 0.8397894164283356,
      "pearson_mean_std": 0.0,
      "psd_distance_mean_mean": 0.1322707243130557,
      "psd_distance_mean_std": 0.0,
      "rmse_mean_mean": 0.5574878736295467,
      "rmse_mean_std": 0.0
    },
    {
      "acc_channel_rmse_improvement_mean": 0.5325539300055399,
      "acc_channel_rmse_improvement_std": 0.0,
      "acc_channel_rmse_mean_mean": 0.9574929456273239,
      "acc_channel_rmse_mean_std": 1.1102230246251565e-16,
      "acc_norm_rmse_mean": 0.9194572745121908,
      "acc_norm_rmse_std": 1.1102230246251565e-16,
      "gyr_channel_rmse_improvement_mean": 0.2080961882320319,
      "gyr_channel_rmse_improvement_std": 0.0,
      "gyr_channel_rmse_mean_mean": 0.1856834328023367,
      "gyr_channel_rmse_mean_std": 0.0,
      "gyr_norm_rmse_mean": 0.2323869465532642,
      "gyr_norm_rmse_std": 0.0,
      "hf_ratio_improvement_mean_mean": 8.056837526657631,
      "hf_ratio_improvement_mean_std": 0.0,
      "input_acc_channel_rmse_mean_mean": 1.4900468756328642,
      "input_acc_channel_rmse_mean_std": 2.220446049250313e-16,
      "input_acc_norm_rmse_mean": 1.2493681899278055,
      "input_acc_norm_rmse_std": 0.0,
      "input_gyr_channel_rmse_mean_mean": 0.3937796210343687,
      "input_gyr_channel_rmse_mean_std": 0.0,
      "input_gyr_norm_rmse_mean": 0.6131447047228668,
      "input_gyr_norm_rmse_std": 0.0,
      "input_rmse_mean_mean": 0.941913248333616,
      "input_rmse_mean_std": 0.0,
      "model_name": "butterworth",
      "model_role": "baseline",
      "num_seeds": 3,
      "num_windows_mean": 8633.0,
      "num_windows_std": 0.0,
      "pearson_mean_mean": 0.7974520411110791,
      "pearson_mean_std": 0.0,
      "psd_distance_mean_mean": 0.1205936186286037,
      "psd_distance_mean_std": 0.0,
      "rmse_mean_mean": 0.5715881892148303,
      "rmse_mean_std": 0.0
    },
    {
      "acc_channel_rmse_improvement_mean": 0.5140701599546127,
      "acc_channel_rmse_improvement_std": 0.0,
      "acc_channel_rmse_mean_mean": 0.975976715678251,
      "acc_channel_rmse_mean_std": 0.0,
      "acc_norm_rmse_mean": 0.9421701741455643,
      "acc_norm_rmse_std": 1.1102230246251565e-16,
      "gyr_channel_rmse_improvement_mean": 0.19928175695764203,
      "gyr_channel_rmse_improvement_std": 2.7755575615628914e-17,
      "gyr_channel_rmse_mean_mean": 0.1944978640767265,
      "gyr_channel_rmse_mean_std": 0.0,
      "gyr_norm_rmse_mean": 0.2490130750041265,
      "gyr_norm_rmse_std": 0.0,
      "hf_ratio_improvement_mean_mean": 8.1773288940943,
      "hf_ratio_improvement_mean_std": 0.0,
      "input_acc_channel_rmse_mean_mean": 1.4900468756328642,
      "input_acc_channel_rmse_mean_std": 2.220446049250313e-16,
      "input_acc_norm_rmse_mean": 1.2493681899278055,
      "input_acc_norm_rmse_std": 0.0,
      "input_gyr_channel_rmse_mean_mean": 0.3937796210343687,
      "input_gyr_channel_rmse_mean_std": 0.0,
      "input_gyr_norm_rmse_mean": 0.6131447047228668,
      "input_gyr_norm_rmse_std": 0.0,
      "input_rmse_mean_mean": 0.941913248333616,
      "input_rmse_mean_std": 0.0,
      "model_name": "savgol",
      "model_role": "baseline",
      "num_seeds": 3,
      "num_windows_mean": 8633.0,
      "num_windows_std": 0.0,