{
  "acc_channel_rmse_improvement": 0.22107982388215353,
  "acc_channel_rmse_mean": 1.296512626445531,
  "acc_norm_rmse": 1.2825834936909486,
  "gyr_channel_rmse_improvement": 0.031012056742886065,
  "gyr_channel_rmse_mean": 0.3745673994137212,
  "gyr_norm_rmse": 0.5524927622535848,
  "hf_ratio_improvement_mean": 1.9772192057843112,
  "input_acc_channel_rmse_mean": 1.5175924503276845,
  "input_acc_norm_rmse": 1.2639799455173248,
  "input_gyr_channel_rmse_mean": 0.4055794561566073,
  "input_gyr_norm_rmse": 0.6296109158252916,
  "input_rmse_mean": 0.961585953242146,
  "num_windows": 8675,
  "pearson_mean": 0.7237306247999981,
  "psd_distance_mean": 0.23345941200749176,
  "rmse_mean": 0.8355400129296261
}