{
  "models": [
    {
      "acc_channel_rmse_improvement_mean": 1.1208250620656903,
      "acc_channel_rmse_improvement_std": 0.0064855175169959,
      "acc_channel_rmse_mean_mean": 0.9045755655330562,
      "acc_channel_rmse_mean_std": 0.006485517516995857,
      "acc_norm_rmse_mean": 0.9151445935871659,
      "acc_norm_rmse_std": 0.001439440080187829,
      "gyr_channel_rmse_improvement_mean": 0.40707327578306707,
      "gyr_channel_rmse_improvement_std": 0.0026234870311675406,
      "gyr_channel_rmse_mean_mean": 0.24609998350093062,
      "gyr_channel_rmse_mean_std": 0.0026234870311675784,
      "gyr_norm_rmse_mean": 0.31685541287080055,
      "gyr_norm_rmse_std": 0.005003999716147253,
      "hf_ratio_improvement_mean_mean": 5.092190881914269,
      "hf_ratio_improvement_mean_std": 0.020091983943064294,
      "input_acc_channel_rmse_mean_mean": 2.025400627598747,
      "input_acc_channel_rmse_mean_std": 0.0,
      "input_acc_norm_rmse_mean": 2.102935926260422,
      "input_acc_norm_rmse_std": 0.0,
      "input_gyr_channel_rmse_mean_mean": 0.6531732592839978,
      "input_gyr_channel_rmse_mean_std": 0.0,
      "input_gyr_norm_rmse_mean": 1.0548053896336518,
      "input_gyr_norm_rmse_std": 0.0,
      "input_rmse_mean_mean": 1.3392869434413723,
      "input_rmse_mean_std": 0.0,
      "model_name": "tcn_causal",
      "model_role": "trained",
      "num_seeds": 3,
      "num_windows_mean": 3023.0,
      "num_windows_std": 0.0,
      "pearson_mean_mean": 0.9067920058815638,
      "pearson_mean_std": 0.0007843907042886744,
      "psd_distance_mean_mean": 0.0992252699134476,
      "psd_distance_mean_std": 0.0005130068180935397,
      "rmse_mean_mean": 0.5753377745169933,
      "rmse_mean_std": 0.004554106413983948
    },
    {
      "acc_channel_rmse_improvement_mean": 1.1230985058058942,
      "acc_channel_rmse_improvement_std": 0.0027946304469471175,
      "acc_channel_rmse_mean_mean": 0.9023021217928525,
      "acc_channel_rmse_mean_std": 0.00279463044694694,
      "acc_norm_rmse_mean": 0.9140578237594189,
      "acc_norm_rmse_std": 0.0035254027865708275,
      "gyr_channel_rmse_improvement_mean": 0.40796091590463596,
      "gyr_channel_rmse_improvement_std": 0.0025996053925140235,
      "gyr_channel_rmse_mean_mean": 0.24521234337936182,
      "gyr_channel_rmse_mean_std": 0.002599605392513972,
      "gyr_norm_rmse_mean": 0.3174292508281984,
      "gyr_norm_rmse_std": 0.0023673775880280867,
      "hf_ratio_improvement_mean_mean": 5.088667022766215,
      "hf_ratio_improvement_mean_std": 0.014859755549411647,
      "input_acc_channel_rmse_mean_mean": 2.025400627598747,
      "input_acc_channel_rmse_mean_std": 0.0,
      "input_acc_norm_rmse_mean": 2.102935926260422,
      "input_acc_norm_rmse_std": 0.0,
      "input_gyr_channel_rmse_mean_mean": 0.6531732592839978,
      "input_gyr_channel_rmse_mean_std": 0.0,
      "input_gyr_norm_rmse_mean": 1.0548053896336518,
      "input_gyr_norm_rmse_std": 0.0,
      "input_rmse_mean_mean": 1.3392869434413723,
      "input_rmse_mean_std": 0.0,
      "model_name": "tcn",
      "model_role": "trained_comparison",
      "num_seeds": 3,
      "num_windows_mean": 3023.0,
      "num_windows_std": 0.0,
      "pearson_mean_mean": 0.9076459621587422,
      "pearson_mean_std": 0.0004288438971537731,
      "psd_distance_mean_mean": 0.09863905671211344,
      "psd_distance_mean_std": 0.0017910777377118622,
      "rmse_mean_mean": 0.5737572325861072,
      "rmse_mean_std": 0.002674679943336627
    },
    {
      "acc_channel_rmse_improvement_mean": 1.0819769210668586,
      "acc_channel_rmse_improvement_std": 0.0043500233991354805,
      "acc_channel_rmse_mean_mean": 0.9434237065318878,
      "acc_channel_rmse_mean_std": 0.0043500233991355,
      "acc_norm_rmse_mean": 0.9379853250524356,
      "acc_norm_rmse_std": 0.0033318150626428056,
      "gyr_channel_rmse_improvement_mean": 0.397762444385752,
      "gyr_channel_rmse_improvement_std": 0.0034018150933823694,
      "gyr_channel_rmse_mean_mean": 0.2554108148982458,
      "gyr_channel_rmse_mean_std": 0.0034018150933824163,
      "gyr_norm_rmse_mean": 0.3401124566717038,
      "gyr_norm_rmse_std": 0.006531891728280494,
      "hf_ratio_improvement_mean_mean": 5.079854579316456,
      "hf_ratio_improvement_mean_std": 0.020046570174823263,
      "input_acc_channel_rmse_mean_mean": 2.025400627598747,
      "input_acc_channel_rmse_mean_std": 0.0,
      "input_acc_norm_rmse_mean": 2.102935926260422,
      "input_acc_norm_rmse_std": 0.0,
      "input_gyr_channel_rmse_mean_mean": 0.6531732592839978,
      "input_gyr_channel_rmse_mean_std": 0.0,
      "input_gyr_norm_rmse_mean": 1.0548053896336518,
      "input_gyr_norm_rmse_std": 0.0,
      "input_rmse_mean_mean": 1.3392869434413723,
      "input_rmse_mean_std": 0.0,
      "model_name": "gru",
      "model_role": "trained_comparison",
      "num_seeds": 3,
      "num_windows_mean": 3023.0,
      "num_windows_std": 0.0,
      "pearson_mean_mean": 0.9031429693399794,
      "pearson_mean_std": 0.0009469524959649994,
      "psd_distance_mean_mean": 0.10530469215412057,
      "psd_distance_mean_std": 0.0015905451614881996,
      "rmse_mean_mean": 0.5994172607150667,
      "rmse_mean_std": 0.0038477566660017055
    },
    {
      "acc_channel_rmse_improvement_mean": 1.2008034271735193,
      "acc_channel_rmse_improvement_std": 0.01003666622787501,
      "acc_channel_rmse_mean_mean": 0.824597200425227,
      "acc_channel_rmse_mean_std": 0.010036666227875102,
      "acc_norm_rmse_mean": 0.856525407960908,
      "acc_norm_rmse_std": 0.014516979482913426,
      "gyr_channel_rmse_improvement_mean": 0.4324300001978587,
      "gyr_channel_rmse_improvement_std": 0.005771460337389116,
      "gyr_channel_rmse_mean_mean": 0.22074325908613904,
      "gyr_channel_rmse_mean_std": 0.005771460337389162,
      "gyr_norm_rmse_mean": 0.29418389918488014,
      "gyr_norm_rmse_std": 0.010913324197455634,
      "hf_ratio_improvement_mean_mean": 5.073703482965404,
      "hf_ratio_improvement_mean_std": 0.011952612431605553,
      "input_acc_channel_rmse_mean_mean": 2.025400627598747,
      "input_acc_channel_rmse_mean_std": 0.0,
      "input_acc_norm_rmse_mean": 2.102935926260422,
      "input_acc_norm_rmse_std": 0.0,
      "input_gyr_channel_rmse_mean_mean": 0.6531732592839978,
      "input_gyr_channel_rmse_mean_std": 0.0,
      "input_gyr_norm_rmse_mean": 1.0548053896336518,
      "input_gyr_norm_rmse_std": 0.0,
      "input_rmse_mean_mean": 1.3392869434413723,
      "input_rmse_mean_std": 0.0,
      "model_name": "transformer",
      "model_role": "trained_comparison",
      "num_seeds": 3,
      "num_windows_mean": 3023.0,
      "num_windows_std": 0.0,
      "pearson_mean_mean": 0.9162957278696858,
      "pearson_mean_std": 0.0015652397004304514,
      "psd_distance_mean_mean": 0.09412585359845833,
      "psd_distance_mean_std": 0.004316716873123667,
      "rmse_mean_mean": 0.5226702297556831,
      "rmse_mean_std": 0.007899300699957406
    },
    {
      "acc_channel_rmse_improvement_mean": 0.1924793152271064,
      "acc_channel_rmse_improvement_std": 0.0,
      "acc_channel_rmse_mean_mean": 1.8329213123716397,
      "acc_channel_rmse_mean_std": 2.220446049250313e-16,
      "acc_norm_rmse_mean": 1.9772035341723406,
      "acc_norm_rmse_std": 2.220446049250313e-16,
      "gyr_channel_rmse_improvement_mean": 0.0622535897288564,
      "gyr_channel_rmse_improvement_std": 0.0,
      "gyr_channel_rmse_mean_mean": 0.5909196695551414,
      "gyr_channel_rmse_mean_std": 0.0,
      "gyr_norm_rmse_mean": 0.9031399381024287,
      "gyr_norm_rmse_std": 1.1102230246251565e-16,
      "hf_ratio_improvement_mean_mean": 1.3062829350029566,
      "hf_ratio_improvement_mean_std": 0.0,
      "input_acc_channel_rmse_mean_mean": 2.025400627598747,
      "input_acc_channel_rmse_mean_std": 0.0,
      "input_acc_norm_rmse_mean": 2.102935926260422,
      "input_acc_norm_rmse_std": 0.0,
      "input_gyr_channel_rmse_mean_mean": 0.6531732592839978,