{
  "acc_channel_rmse_improvement": 0.8578023776777578,
  "acc_channel_rmse_mean": 0.6322444979551062,
  "acc_norm_rmse": 0.5140968154821116,
  "gyr_channel_rmse_improvement": 0.2548133806384011,
  "gyr_channel_rmse_mean": 0.13896624039596753,
  "gyr_norm_rmse": 0.175357511519261,
  "hf_ratio_improvement_mean": 8.343021791743952,
  "input_acc_channel_rmse_mean": 1.490046875632864,
  "input_acc_norm_rmse": 1.2493681899278055,
  "input_gyr_channel_rmse_mean": 0.3937796210343687,
  "input_gyr_norm_rmse": 0.6131447047228668,
  "input_rmse_mean": 0.9419132483336161,
  "num_windows": 8633,
  "pearson_mean": 0.8516294902792585,
  "psd_distance_mean": 0.051954520022726026,
  "rmse_mean": 0.38560536917553684
}