{
  "models": [
    {
      "acc_channel_rmse_improvement_mean": 0.8613837476223325,
      "acc_channel_rmse_improvement_std": 0.002358609340521252,
      "acc_channel_rmse_mean_mean": 0.656208702705352,
      "acc_channel_rmse_mean_std": 0.0023586093405212,
      "acc_norm_rmse_mean": 0.521517038633197,
      "acc_norm_rmse_std": 0.0020756495134270398,
      "gyr_channel_rmse_improvement_mean": 0.25641286594607854,
      "gyr_channel_rmse_improvement_std": 0.0006733956051988059,
      "gyr_channel_rmse_mean_mean": 0.1491665902105286,
      "gyr_channel_rmse_mean_std": 0.0006733956051988058,
      "gyr_norm_rmse_mean": 0.18844822724789959,
      "gyr_norm_rmse_std": 0.0009825920120058527,
      "hf_ratio_improvement_mean_mean": 8.351380004563753,
      "hf_ratio_improvement_mean_std": 0.022725415584379044,
      "input_acc_channel_rmse_mean_mean": 1.5175924503276843,
      "input_acc_channel_rmse_mean_std": 0.0,
      "input_acc_norm_rmse_mean": 1.2639799455173248,
      "input_acc_norm_rmse_std": 0.0,
      "input_gyr_channel_rmse_mean_mean": 0.4055794561566073,
      "input_gyr_channel_rmse_mean_std": 0.0,
      "input_gyr_norm_rmse_mean": 0.6296109158252916,
      "input_gyr_norm_rmse_std": 0.0,
      "input_rmse_mean_mean": 0.961585953242146,
      "input_rmse_mean_std": 0.0,
      "model_name": "tcn_causal",
      "model_role": "trained",
      "num_seeds": 3,
      "num_windows_mean": 8675.0,
      "num_windows_std": 0.0,
      "pearson_mean_mean": 0.8489015804813912,
      "pearson_mean_std": 0.0008454923851713474,
      "psd_distance_mean_mean": 0.060403885522990364,
      "psd_distance_mean_std": 0.0007997621227882319,
      "rmse_mean_mean": 0.4026876464579403,
      "rmse_mean_std": 0.0012418760191298056
    },
    {
      "acc_channel_rmse_improvement_mean": 0.8547519898815291,
      "acc_channel_rmse_improvement_std": 0.010209960600947013,
      "acc_channel_rmse_mean_mean": 0.6628404604461554,
      "acc_channel_rmse_mean_std": 0.010209960600947037,
      "acc_norm_rmse_mean": 0.5253691602135068,
      "acc_norm_rmse_std": 0.005715441132103234,
      "gyr_channel_rmse_improvement_mean": 0.25561073922502664,
      "gyr_channel_rmse_improvement_std": 0.0014080759690894532,
      "gyr_channel_rmse_mean_mean": 0.14996871693158056,
      "gyr_channel_rmse_mean_std": 0.0014080759690894532,
      "gyr_norm_rmse_mean": 0.18870623395103228,
      "gyr_norm_rmse_std": 0.0010625628386662775,
      "hf_ratio_improvement_mean_mean": 8.324795010972089,
      "hf_ratio_improvement_mean_std": 0.075430013401243,
      "input_acc_channel_rmse_mean_mean": 1.5175924503276843,
      "input_acc_channel_rmse_mean_std": 0.0,
      "input_acc_norm_rmse_mean": 1.2639799455173248,
      "input_acc_norm_rmse_std": 0.0,
      "input_gyr_channel_rmse_mean_mean": 0.4055794561566073,
      "input_gyr_channel_rmse_mean_std": 0.0,
      "input_gyr_norm_rmse_mean": 0.6296109158252916,
      "input_gyr_norm_rmse_std": 0.0,
      "input_rmse_mean_mean": 0.961585953242146,
      "input_rmse_mean_std": 0.0,
      "model_name": "tcn",
      "model_role": "trained_comparison",
      "num_seeds": 3,
      "num_windows_mean": 8675.0,
      "num_windows_std": 0.0,
      "pearson_mean_mean": 0.8484896247638108,
      "pearson_mean_std": 0.002042060841189398,
      "psd_distance_mean_mean": 0.0619657298822646,
      "psd_distance_mean_std": 0.00029866205415287207,
      "rmse_mean_mean": 0.4064045886888679,
      "rmse_mean_std": 0.00580566085762836
    },
    {
      "acc_channel_rmse_improvement_mean": 0.8365792490969692,
      "acc_channel_rmse_improvement_std": 0.0034284295202279768,
      "acc_channel_rmse_mean_mean": 0.6810132012307153,
      "acc_channel_rmse_mean_std": 0.003428429520227917,
      "acc_norm_rmse_mean": 0.5361616872186977,
      "acc_norm_rmse_std": 0.0010697196493948756,
      "gyr_channel_rmse_improvement_mean": 0.2514877827738221,
      "gyr_channel_rmse_improvement_std": 0.0010451861259634634,
      "gyr_channel_rmse_mean_mean": 0.1540916733827851,
      "gyr_channel_rmse_mean_std": 0.0010451861259634587,
      "gyr_norm_rmse_mean": 0.19632906013580823,
      "gyr_norm_rmse_std": 0.002294759724621099,
      "hf_ratio_improvement_mean_mean": 8.337730261144658,
      "hf_ratio_improvement_mean_std": 0.020452068045405968,
      "input_acc_channel_rmse_mean_mean": 1.5175924503276843,
      "input_acc_channel_rmse_mean_std": 0.0,
      "input_acc_norm_rmse_mean": 1.2639799455173248,
      "input_acc_norm_rmse_std": 0.0,
      "input_gyr_channel_rmse_mean_mean": 0.4055794561566073,
      "input_gyr_channel_rmse_mean_std": 0.0,
      "input_gyr_norm_rmse_mean": 0.6296109158252916,
      "input_gyr_norm_rmse_std": 0.0,
      "input_rmse_mean_mean": 0.961585953242146,
      "input_rmse_mean_std": 0.0,
      "model_name": "gru",
      "model_role": "trained_comparison",
      "num_seeds": 3,
      "num_windows_mean": 8675.0,
      "num_windows_std": 0.0,
      "pearson_mean_mean": 0.8385093566607229,
      "pearson_mean_std": 0.0004652455027133881,
      "psd_distance_mean_mean": 0.06448292601078176,
      "psd_distance_mean_std": 0.0009211654202063355,
      "rmse_mean_mean": 0.41755243730675023,
      "rmse_mean_std": 0.002089925599003608
    },
    {
      "acc_channel_rmse_improvement_mean": 0.9192235205653881,
      "acc_channel_rmse_improvement_std": 0.003958281246418769,
      "acc_channel_rmse_mean_mean": 0.5983689297622966,
      "acc_channel_rmse_mean_std": 0.0039582812464187996,
      "acc_norm_rmse_mean": 0.43271084639953233,
      "acc_norm_rmse_std": 0.0016379770679158607,
      "gyr_channel_rmse_improvement_mean": 0.2796055123681787,
      "gyr_channel_rmse_improvement_std": 0.0015578703421070548,
      "gyr_channel_rmse_mean_mean": 0.12597394378842847,
      "gyr_channel_rmse_mean_std": 0.0015578703421070435,
      "gyr_norm_rmse_mean": 0.15644067875507728,
      "gyr_norm_rmse_std": 0.0014799838583984164,
      "hf_ratio_improvement_mean_mean": 8.356318432981785,
      "hf_ratio_improvement_mean_std": 0.056173125020752473,
      "input_acc_channel_rmse_mean_mean": 1.5175924503276843,
      "input_acc_channel_rmse_mean_std": 0.0,
      "input_acc_norm_rmse_mean": 1.2639799455173248,
      "input_acc_norm_rmse_std": 0.0,
      "input_gyr_channel_rmse_mean_mean": 0.4055794561566073,
      "input_gyr_channel_rmse_mean_std": 0.0,
      "input_gyr_norm_rmse_mean": 0.6296109158252916,
      "input_gyr_norm_rmse_std": 0.0,
      "input_rmse_mean_mean": 0.961585953242146,
      "input_rmse_mean_std": 0.0,
      "model_name": "transformer",
      "model_role": "trained_comparison",
      "num_seeds": 3,
      "num_windows_mean": 8675.0,
      "num_windows_std": 0.0,
      "pearson_mean_mean": 0.8825266789976854,
      "pearson_mean_std": 0.0011480612301796925,
      "psd_distance_mean_mean": 0.0566883008530438,
      "psd_distance_mean_std": 0.0009126994978742862,
      "rmse_mean_mean": 0.36217143677536257,
      "rmse_mean_std": 0.0027088908278636073
    },
    {
      "acc_channel_rmse_improvement_mean": 0.2210798238821535,
      "acc_channel_rmse_improvement_std": 0.0,
      "acc_channel_rmse_mean_mean": 1.296512626445531,
      "acc_channel_rmse_mean_std": 0.0,
      "acc_norm_rmse_mean": 1.2825834936909486,
      "acc_norm_rmse_std": 0.0,
      "gyr_channel_rmse_improvement_mean": 0.031012056742886,
      "gyr_channel_rmse_improvement_std": 0.0,
      "gyr_channel_rmse_mean_mean": 0.37456739941372125,
      "gyr_channel_rmse_mean_std": 5.551115123125783e-17,
      "gyr_norm_rmse_mean": 0.5524927622535848,
      "gyr_norm_rmse_std": 0.0,
      "hf_ratio_improvement_mean_mean": 1.9772192057843112,
      "hf_ratio_improvement_mean_std": 0.0,
      "input_acc_channel_rmse_mean_mean": 1.5175924503276843,
      "input_acc_channel_rmse_mean_std": 0.0,
      "input_acc_norm_rmse_mean": 1.2639799455173248,
      "input_acc_norm_rmse_std": 0.0,
      "input_gyr_channel_rmse_mean_mean": 0.4055794561566073,
      "input_gyr_channel_rmse_mean_std": 0.0,