motion_name,kc_type,experiment_id,motion_folder,motion_index,segment_id,sampling_frequency_hz,time_s,acc_nonrigid_norm,acc_rigid_norm,gyr_nonrigid_norm,gyr_rigid_norm,nonrigid_acc_x,rigid_acc_x,nonrigid_acc_y,rigid_acc_y,nonrigid_acc_z,rigid_acc_z,nonrigid_gyr_x,rigid_gyr_x,nonrigid_gyr_y,rigid_gyr_y,nonrigid_gyr_z,rigid_gyr_z
canonical,arm,exp01,motion01_canonical,motion01,seg3,40.0,42.924999,10.31436348,9.66985226,0.63515490,0.01169041,-1.67258096,-1.00686085,5.95755100,3.90096998,8.25203896,8.79060364,-0.62513101,0.00552056,0.03685600,-0.00995744,0.10618200,0.00265302
canonical,arm,exp01,motion01_canonical,motion01,seg3,40.0,42.950001,8.43508911,9.65572453,0.31602439,0.06786408,-1.23350203,-1.09410501,3.15751791,3.70903277,7.72394180,8.84754372,-0.24491200,0.00681487,-0.14395700,-0.04959815,0.13844100,0.04581609
canonical,arm,exp01,motion01_canonical,motion01,seg3,40.0,42.974998,10.00139713,9.90410709,0.86734247,0.06368481,-1.07276595,-0.82943636,5.42078400,4.03374386,8.33619976,9.00734615,0.85792398,0.02004067,0.01671900,-0.03484665,-0.12637199,0.04939471
canonical,arm,exp01,motion01_canonical,motion01,seg3,40.0,43.000000,11.43247890,9.81944656,0.06641451,0.05043897,-1.27873194,-0.95894814,7.63424587,4.26843357,8.41336536,8.79104233,-0.06021600,-0.04225211,0.01759900,-0.02608457,0.02179900,0.00885688
canonical,arm,exp01,motion01_canonical,motion01,seg3,40.0,43.025002,9.34703541,9.51695824,0.88978547,0.07705855,-1.31286895,-0.87443161,4.82904387,3.81274247,7.89454079,8.67587757,-0.86686897,-0.06193737,-0.13062400,-0.04544305,0.15229499,-0.00605900
canonical,arm,exp01,motion01_canonical,motion01,seg3,40.0,43.049999,8.84790134,9.63188744,0.11478959,0.04356043,-0.85753101,-0.88963562,3.21082497,3.38607192,8.20003700,8.97308826,0.11460100,0.00292330,-0.00481000,-0.02651795,0.00448600,0.03443492
canonical,arm,exp01,motion01_canonical,motion01,seg3,40.0,43.075001,10.10321999,9.80290318,0.68246323,0.08729281,-1.29251599,-0.85530388,5.50065804,3.93524909,8.37539387,8.93751526,0.67872900,0.04649955,0.06586600,0.00379420,-0.02728800,0.07377961
canonical,arm,exp01,motion01_canonical,motion01,seg3,40.0,43.099998,10.80829430,9.81736946,0.05726539,0.06050421,-1.28988302,-0.99321395,7.29967117,4.58851767,7.86576319,8.62205124,0.05087900,-0.05281773,-0.01612600,-0.01493102,0.02075100,0.02545804
canonical,arm,exp01,motion01_canonical,motion01,seg3,40.0,43.125000,10.54798126,9.81789398,0.77663624,0.07911973,-1.18779504,-0.83429968,5.60885382,3.59252310,8.85380268,9.09883308,-0.77126497,-0.07639220,-0.06091200,-0.01618589,0.06785200,-0.01273499
canonical,arm,exp01,motion01_canonical,motion01,seg3,40.0,43.150002,8.34810257,9.66286278,0.23201713,0.05560509,-0.93531197,-0.85910785,2.81083107,3.57203174,7.80482101,8.93719387,-0.18589599,0.02446390,0.02982800,0.03005100,0.13559100,0.03987959
canonical,arm,exp01,motion01_canonical,motion01,seg3,40.0,43.174999,9.99414539,9.80898571,1.03003156,0.04777287,-1.23490703,-0.73454487,5.61186886,4.12830591,8.17709446,8.86756611,1.01141000,-0.00850495,0.04971900,0.01632664,-0.18852800,0.04408349
canonical,arm,exp01,motion01_canonical,motion01,seg3,40.0,43.200001,11.79237175,9.87807274,0.27792066,0.03959462,-0.89561802,-0.84218991,7.75048780,4.01956367,8.84238911,8.98388290,-0.26744699,-0.00581452,0.04164200,0.03652228,0.06307100,0.01414384
canonical,arm,exp01,motion01_canonical,motion01,seg3,40.0,43.224998,9.17853260,9.72433662,0.88058788,0.04133921,-1.37893796,-0.85421771,3.99901199,3.65076160,8.14566708,8.97245693,-0.86308199,-0.02257251,0.03040700,0.03093664,0.17204601,0.01556716
canonical,arm,exp01,motion01_canonical,motion01,seg3,40.0,43.250000,8.63390446,9.56725407,0.44914666,0.07118320,-0.89558399,-0.81433052,3.31727695,3.53783846,7.92072678,8.85171795,0.44568801,0.01182330,0.00548400,0.04369641,-0.05536100,0.05493525
canonical,arm,exp01,motion01_canonical,motion01,seg3,40.0,43.275002,10.63049507,9.83027554,0.76157415,0.06447849,-1.14182103,-0.82807487,6.77760792,4.37533522,8.10972786,8.76384830,0.74697000,0.01995069,0.13571000,0.04893336,-0.06011500,0.03694551
canonical,arm,exp01,motion01_canonical,motion01,seg3,40.0,43.299999,11.22347736,9.83806705,0.41819519,0.03745903,-1.29689395,-0.83225375,7.35306978,4.30482435,8.37955093,8.80700874,-0.41738600,-0.00781882,-0.00650200,0.01518780,-0.02517700,-0.03333731
canonical,arm,exp01,motion01_canonical,motion01,seg3,40.0,43.325001,9.08298779,9.72841072,0.82178110,0.03799978,-0.96213400,-0.86061823,3.79276705,3.52030230,8.19694328,9.02822113,-0.80162197,-0.02701026,-0.04005200,0.02308354,0.17641500,-0.01347513
canonical,arm,exp01,motion01_canonical,motion01,seg3,40.0,43.349998,8.72638416,9.59533596,0.51679420,0.04548283,-1.22698104,-0.80042106,3.41241693,3.58713722,7.93723583,8.86353493,0.50186402,-0.00073123,0.07435700,-0.00098266,-0.09838600,0.04546634
canonical,arm,exp01,motion01_canonical,motion01,seg3,40.0,43.375000,10.65602112,9.73340511,0.61807418,0.07645843,-1.02152598,-0.77334529,6.70843077,4.09561634,8.21609497,8.79585361,0.61508203,0.04592506,-0.06046200,-0.02757624,0.00584400,0.05455576
canonical,arm,exp01,motion01_canonical,motion01,seg3,40.0,43.400002,10.78754330,9.92750168,0.43170971,0.03758074,-1.00054002,-0.70880342,6.56011820,4.16512251,8.50499058,8.98357582,-0.42502999,0.01135276,-0.02303100,-0.03506559,0.07205800,0.00733700
canonical,arm,exp01,motion01_canonical,motion01,seg3,40.0,43.424999,9.10136318,9.71202660,0.34562945,0.02683676,-1.20833099,-0.91779560,4.23389196,3.85876060,7.96548223,8.86516094,-0.33908999,-0.00726181,0.00697600,-0.02578868,0.06655100,0.00155623
canonical,arm,exp01,motion01_canonical,motion01,seg3,40.0,43.450001,9.44419384,9.53091526,0.30855918,0.06146008,-1.30096495,-0.89308476,4.57620811,3.56364727,8.15834618,8.79438210,0.30329001,0.01007454,-0.05162500,-0.04466266,-0.02363900,0.04100111
canonical,arm,exp01,motion01_canonical,motion01,seg3,40.0,43.474998,9.97246265,9.55729580,0.13982338,0.08118568,-0.95917600,-0.86353368,5.65834618,3.76159072,8.15555763,8.74337769,0.10335300,0.01162957,-0.05426900,-0.05431718,0.07696500,0.05920736
canonical,arm,exp01,motion01_canonical,motion01,seg3,40.0,43.500000,9.87621689,9.76653862,0.09261673,0.05597376,-1.17776501,-0.80241472,5.38360786,4.08204269,8.19568729,8.83619499,-0.06919700,0.01156755,-0.01738900,-0.03368664,0.05905300,0.04317944
canonical,arm,exp01,motion01_canonical,motion01,seg3,40.0,43.525002,9.81919479,9.72505760,0.06365544,0.05341430,-1.03094196,-0.81587738,5.30246687,3.95875859,8.19985294,8.84529972,0.05547700,0.03586512,-0.01346800,-0.01073415,0.02815900,0.03809932
canonical,arm,exp01,motion01_canonical,motion01,seg3,40.0,43.549999,9.77943325,9.60207367,0.07966460,0.07156722,-1.16892803,-0.87835258,5.25061321,3.74371767,8.16712856,8.79846001,-0.03847700,0.03290097,0.01788400,-0.02796351,0.06742500,0.05707394
canonical,arm,exp01,motion01_canonical,motion01,seg3,40.0,43.575001,9.43612862,9.65917778,0.12885207,0.09707453,-1.24424005,-0.80414146,4.83828402,3.94731164,8.00521088,8.77905464,0.04121200,0.03574513,-0.06750600,-0.05336517,0.10172200,0.07278673
canonical,arm,exp01,motion01_canonical,motion01,seg3,40.0,43.599998,10.26816750,9.95577145,0.35059223,0.05352730,-0.90820903,-0.75806987,5.96834421,4.29216814,8.30597878,8.95097828,0.34666401,-0.01148769,-0.04778900,-0.03317809,-0.02133500,0.04040320
canonical,arm,exp01,motion01_canonical,motion01,seg3,40.0,43.625000,10.52503967,9.74614525,0.31570005,0.10168336,-0.85414702,-0.56462854,6.08166885,3.86724210,8.54752636,8.92821217,-0.30591300,0.07954965,0.02818500,0.00176709,0.07272800,0.06331065
canonical,arm,exp01,motion01_canonical,motion01,seg3,40.0,43.650002,9.02447319,9.59617329,0.26902911,0.11853874,-0.96206498,-0.69762391,4.00521088,3.58690667,8.02956009,8.87321568,-0.12121100,0.07571455,-0.00250700,0.00234540,0.24016300,0.09117696
canonical,arm,exp01,motion01_canonical,motion01,seg3,40.0,43.674999,9.41495323,9.66318989,0.46281686,0.11579381,-0.98155999,-0.69350833,4.82237387,3.89995146,8.02636909,8.81400394,0.44838500,0.05554262,0.06222400,-0.00869707,-0.09632500,0.10123035
canonical,arm,exp01,motion01_canonical,motion01,seg3,40.0,43.700001,10.84420872,9.94830608,0.34489578,0.06162490,-0.95525402,-0.65274423,6.82613087,4.39481163,8.37187481,8.90103054,0.31201199,-0.01385689,-0.03413500,0.00158216,0.14295600,0.06002593
canonical,arm,exp01,motion01_canonical,motion01,seg3,40.0,43.724998,10.73792076,10.16421413,0.39907712,0.04962908,-1.01851797,-0.86709553,6.49840593,4.45512104,8.48741913,9.09457493,-0.36858299,-0.01549991,0.12982900,0.04514064,-0.08095400,0.01360592
canonical,arm,exp01,motion01_canonical,motion01,seg3,40.0,43.750000,9.31285381,9.65837002,0.35856181,0.05103046,-1.34536302,-0.73851997,4.52069092,3.81716514,8.03010559,8.84126472,-0.29856101,0.01702196,-0.02270700,0.04276874,0.19726200,0.02202715
canonical,arm,exp01,motion01_canonical,motion01,seg3,40.0,43.775002,9.34485435,9.75494576,0.34366399,0.03073684,-0.75793302,-0.81941307,4.83062077,3.94057679,7.96347618,8.88590908,0.31150600,-0.00683727,0.02871900,0.02584900,-0.14228199,0.01516029
canonical,arm,exp01,motion01_canonical,motion01,seg3,40.0,43.799999,10.61485958,9.98041630,0.27361122,0.03135590,-1.31791401,-0.79564333,6.37908888,4.32403755,8.38126278,8.95981979,0.24632201,0.01528647,0.11867000,0.02714785,0.01029600,-0.00353700
canonical,arm,exp01,motion01_canonical,motion01,seg3,40.0,43.825001,10.41562176,9.92230320,0.24781364,0.05352760,-1.06262398,-0.77238733,6.31465721,4.33638191,8.21468830,8.89108086,-0.22375099,-0.02209860,-0.10007200,0.03558257,-0.03650600,-0.03332771
canonical,arm,exp01,motion01_canonical,motion01,seg3,40.0,43.849998,9.45757771,9.72818184,0.37288961,0.07305124,-0.85389298,-0.81358320,4.86799383,3.88640285,8.06345272,8.88096142,-0.34846500,-0.06462296,0.12563799,0.02951321,0.04282400,-0.01700964
canonical,arm,exp01,motion01_canonical,motion01,seg3,40.0,43.875000,9.46366787,9.68133068,0.10058949,0.06929912,-1.44389296,-0.79412991,4.67564297,3.86363292,8.10028076,8.84137249,0.08695000,-0.06699467,-0.03156000,0.01668380,-0.03952100,0.00597770
canonical,arm,exp01,motion01_canonical,motion01,seg3,40.0,43.900002,10.13803768,9.70368671,0.21783420,0.07408822,-0.82802999,-0.82669741,6.06966019,4.11979771,8.07795811,8.74673557,0.21079600,-0.07025037,0.00552200,0.01533533,-0.05464700,-0.01785430
canonical,arm,exp01,motion01_canonical,motion01,seg3,40.0,43.924999,10.31226635,9.86111164,0.25037169,0.07258481,-1.20800304,-0.75554961,6.04338789,4.23249149,8.26807308,8.87449646,-0.24622799,-0.06010788,0.04083300,0.01684445,-0.01975900,-0.03703866
canonical,arm,exp01,motion01_canonical,motion01,seg3,40.0,43.950001,9.56686401,9.60015106,0.35487342,0.05447514,-0.98106998,-0.78447533,4.70293713,3.65954614,8.27313614,8.84054470,-0.35335401,-0.03580671,-0.02003300,0.03673300,0.02597600,-0.01833323
canonical,arm,exp01,motion01_canonical,motion01,seg3,40.0,43.974998,9.24127197,9.67570496,0.24045824,0.05446962,-0.96389300,-0.69704562,4.47409916,3.86956668,8.02835369,8.84080601,0.22848800,-0.00737814,0.06558200,0.05317174,-0.03622700,-0.00923411
canonical,arm,exp01,motion01_canonical,motion01,seg3,40.0,44.000000,10.26914310,9.54389381,0.19617477,0.05083562,-0.94865000,-0.69430870,6.05690289,3.79601860,8.23828220,8.72892284,0.16160300,-0.02837637,0.05544300,0.04213634,-0.09641100,0.00188950
canonical,arm,exp01,motion01_canonical,motion01,seg3,40.0,44.025002,9.95737076,9.71483040,0.44194201,0.06056905,-0.93342400,-0.68210816,5.13981915,3.66991282,8.47704029,8.96907997,-0.41813201,-0.01839801,0.02132400,0.05640686,0.14150500,0.01218151
canonical,arm,exp01,motion01_canonical,motion01,seg3,40.0,44.049999,9.00082684,9.71515942,0.19589800,0.09394625,-0.94495702,-0.77897578,4.25463676,3.97785807,7.87527800,8.82916546,0.13756800,0.02548553,0.12168200,0.08782773,-0.06815100,0.02150988
canonical,arm,exp01,motion01_canonical,motion01,seg3,40.0,44.075001,10.24801064,9.55433083,0.42760906,0.05345800,-1.35517895,-0.85924125,6.12987614,3.95578718,8.09998894,8.65440273,0.41020399,0.00046783,0.11279800,0.05127173,-0.04311400,0.01512446
canonical,arm,exp01,motion01_canonical,motion01,seg3,40.0,44.099998,10.15036201,9.70444298,0.38097382,0.04144765,-1.17167604,-0.87424570,5.93546677,4.00559139,8.15029144,8.79585934,-0.37707499,-0.02604751,-0.04132300,0.02532661,0.03532600,-0.01994989
canonical,arm,exp01,motion01_canonical,motion01,seg3,40.0,44.125000,9.43564606,9.91548061,0.05296982,0.05666321,-0.95682698,-0.74728972,4.85634089,4.19583559,8.03317165,8.95283699,-0.03124800,-0.02942455,0.01014700,0.02565880,-0.04155000,-0.04106751
canonical,arm,exp01,motion01_canonical,motion01,seg3,40.0,44.150002,10.05195618,9.68465042,0.16033444,0.03927468,-1.22395301,-0.89037126,5.45585108,3.67399549,8.35328960,8.91635799,0.10304500,0.01297508,0.08004200,0.01054303,-0.09317800,-0.03553861
canonical,arm,exp01,motion01_canonical,motion01,seg3,40.0,44.174999,9.79737186,9.67381668,0.24892209,0.04698208,-1.10922003,-0.71586448,5.06853104,3.75545645,8.31072330,8.88632774,-0.21682900,-0.04575862,-0.10533200,0.00662353,0.06206900,-0.00834228
canonical,arm,exp01,motion01_canonical,motion01,seg3,40.0,44.200001,9.57526302,9.76305103,0.13153763,0.02489293,-0.66510201,-0.73251206,4.96292782,3.87195134,8.16165733,8.93244553,0.11240000,-0.01407868,0.05329700,0.01988087,-0.04275300,-0.00511857
canonical,arm,exp01,motion01_canonical,motion01,seg3,40.0,44.224998,10.08360958,9.79133320,0.21537952,0.02612581,-1.53355896,-0.93407273,5.80097389,4.15726137,8.10407829,8.81560516,0.16670699,-0.01139268,0.11609600,0.00847182,-0.07154600,-0.02193155
canonical,arm,exp01,motion01_canonical,motion01,seg3,40.0,44.250000,10.06317234,9.82533550,0.16180316,0.05315891,-1.23139596,-0.98824108,5.86240005,4.23796606,8.08599854,8.80910015,-0.08925900,0.02261961,-0.13490599,-0.00221268,0.00367000,-0.04805545
canonical,arm,exp01,motion01_canonical,motion01,seg3,40.0,44.275002,9.88383007,9.86405468,0.14520319,0.09963527,-1.15728796,-0.91612834,5.64214420,4.32807779,8.03224659,8.81634998,0.05261000,-0.03317868,0.07253300,0.00372185,-0.11425900,-0.09387497
canonical,arm,exp01,motion01_canonical,motion01,seg3,40.0,44.299999,10.16737175,9.74285603,0.19697472,0.12941901,-1.28534198,-0.81128651,5.83092880,4.03066444,8.22943592,8.83282566,-0.12336100,-0.04508772,-0.06461600,0.00603934,-0.13930500,-0.12116066
canonical,arm,exp01,motion01_canonical,motion01,seg3,40.0,44.325001,9.66928577,9.70001984,0.21034282,0.12730730,-0.82547098,-0.76121002,5.15844584,3.86013174,8.13659191,8.86624718,-0.19549499,-0.03631726,-0.05968400,-0.00607548,-0.04963500,-0.12186588
canonical,arm,exp01,motion01_canonical,motion01,seg3,40.0,44.349998,9.37232208,9.71821499,0.14508314,0.10717334,-1.26085997,-0.87019503,4.60152102,3.81922102,8.06700993,8.89381886,0.01752900,0.02942535,0.03225900,-0.04569610,-0.14036100,-0.09236959
canonical,arm,exp01,motion01_canonical,motion01,seg3,40.0,44.375000,10.15787983,9.72364616,0.16885145,0.07408771,-1.26481795,-0.94102991,5.25402212,3.52191520,8.60104656,9.01442528,0.11245200,-0.01260488,-0.12320700,-0.05071948,-0.02618000,-0.05251323
canonical,arm,exp01,motion01_canonical,motion01,seg3,40.0,44.400002,9.79086304,9.80252457,0.17111120,0.05270902,-1.16786206,-1.13885951,5.00199509,3.66908884,8.33529472,9.01832962,-0.16913000,-0.02996351,0.02392900,-0.04061684,-0.01007400,-0.01518884
canonical,arm,exp01,motion01_canonical,motion01,seg3,40.0,44.424999,9.56732178,9.88940239,0.18675037,0.07594259,-2.03307509,-1.32741320,4.95511580,4.16412497,7.92761421,8.87120724,0.18541300,-0.01206442,-0.01859800,-0.07323849,-0.01232200,-0.01605770
canonical,arm,exp01,motion01_canonical,motion01,seg3,40.0,44.450001,10.47631931,9.95159531,0.34561265,0.13335721,-1.46737504,-1.41114271,6.47674513,4.34884357,8.10258293,8.83914471,0.24964300,-0.05627776,-0.20722200,-0.09398466,-0.11910300,-0.07605158
canonical,arm,exp01,motion01_canonical,motion01,seg3,40.0,44.474998,10.99495888,10.25336552,0.23500870,0.23804364,-1.91031802,-1.42559981,6.98892593,4.72598362,8.27011013,8.98689270,-0.17765300,-0.14439239,0.03191000,-0.07605150,-0.15050000,-0.17329681
canonical,arm,exp01,motion01_canonical,motion01,seg3,40.0,44.500000,10.80646324,10.78244591,0.38569987,0.37795460,-1.64626706,-1.16637123,6.64078283,5.32492685,8.36477470,9.30300331,-0.09716600,-0.23539910,-0.25635701,-0.01836449,-0.27130100,-0.29512659
canonical,arm,exp01,motion01_canonical,motion01,seg3,40.0,44.525002,10.91162205,9.99811745,0.69409144,0.37812990,-0.91240901,-1.05113304,6.52290106,3.98142385,8.69958401,9.11074829,-0.59069002,-0.14157440,0.02976700,0.03793171,-0.36326599,-0.34856865
canonical,arm,exp01,motion01_canonical,motion01,seg3,40.0,44.549999,8.91459274,9.25243187,0.83119565,0.27817225,-1.70180500,-0.99074811,3.31626701,2.90034866,8.09791279,8.73005676,-0.82098597,-0.08046023,-0.03268800,-0.00984642,-0.12569700,-0.26609960
canonical,arm,exp01,motion01_canonical,motion01,seg3,40.0,44.575001,8.09689713,9.30091667,0.47043177,0.16673103,-0.89396697,-0.89842999,2.40562010,3.04515719,7.67942381,8.74224758,0.36214101,-0.02545266,-0.26476300,-0.08788649,-0.14163500,-0.13938208
canonical,arm,exp01,motion01_canonical,motion01,seg3,40.0,44.599998,10.16663837,9.74757290,1.06254435,0.16873454,-0.85801798,-0.63536161,6.17395115,4.26810503,8.03160477,8.74040985,1.02407503,0.05258740,0.02542400,-0.09733682,-0.28217801,-0.12740272
canonical,arm,exp01,motion01_canonical,motion01,seg3,40.0,44.625000,11.53805065,9.50629330,0.50896895,0.20642738,-1.15848505,-0.70344126,7.66936588,3.77594733,8.54197598,8.69580364,-0.45259699,-0.01566412,-0.20258300,-0.11720278,-0.11474100,-0.16920522
canonical,arm,exp01,motion01_canonical,motion01,seg3,40.0,44.650002,8.27830124,9.22060394,1.18890297,0.19345480,-0.97355700,-1.05575037,2.67305803,2.95957494,7.77413797,8.66866970,-1.17080903,-0.02144115,-0.14526300,-0.13694394,0.14695300,-0.13494959
canonical,arm,exp01,motion01_canonical,motion01,seg3,40.0,44.674999,8.31433582,9.45545673,1.06502306,0.17537679,-1.81128597,-1.10787833,2.61561203,3.44586110,7.68153620,8.73523426,1.01894295,0.01711024,-0.06847500,-0.13771580,-0.30222601,-0.10723159
canonical,arm,exp01,motion01_canonical,motion01,seg3,40.0,44.700001,11.94678307,9.63236332,0.79766285,0.17745420,-0.99435300,-0.84516323,8.02120972,3.90955877,8.79756069,8.76261806,0.72420597,-0.01921528,-0.25654101,-0.13351181,-0.21442600,-0.11530552
canonical,arm,exp01,motion01_canonical,motion01,seg3,40.0,44.724998,10.28267574,9.71096230,1.20803225,0.18837957,-0.75095499,-0.70041353,5.95294189,3.81197906,8.35056782,8.90398979,-1.18953705,-0.03712557,-0.15600100,-0.13427830,0.14144699,-0.12679863
canonical,arm,exp01,motion01_canonical,motion01,seg3,40.0,44.750000,8.09797096,9.57264042,0.21057476,0.16250631,-1.09439397,-0.60343307,2.09253001,3.51310205,7.74601603,8.88422394,-0.12494400,0.02222542,-0.14039400,-0.11483602,-0.09497500,-0.11281411
canonical,arm,exp01,motion01_canonical,motion01,seg3,40.0,44.775002,10.20491505,9.69243050,1.08806956,0.11873407,-0.73257899,-0.72129351,5.57019806,3.58074665,8.51918507,8.97781754,1.05444503,0.00594662,-0.07969600,-0.07148268,-0.25630000,-0.09461841
canonical,arm,exp01,motion01_canonical,motion01,seg3,40.0,44.799999,11.49682617,9.72497940,0.38103056,0.10614467,-1.10443401,-0.73542035,7.19193077,3.64016938,8.90131187,8.98796654,-0.37762499,0.00554222,0.01131200,-0.06174324,-0.04955500,-0.08616116
canonical,arm,exp01,motion01_canonical,motion01,seg3,40.0,44.825001,8.77186012,9.68114376,0.75749934,0.09545289,-0.87272298,-0.47577035,3.37406492,3.50714183,8.04981804,9.01100159,-0.68955600,-0.00037126,-0.26124799,-0.07796438,0.17339900,-0.05506970
canonical,arm,exp01,motion01_canonical,motion01,seg3,40.0,44.849998,9.13557720,9.61210442,0.53725898,0.06085910,-0.27375200,-0.46960959,3.61925292,3.13655615,8.38360500,9.07381058,0.50281298,-0.01754272,0.01194600,-0.05677569,-0.18890101,-0.01313789
canonical,arm,exp01,motion01_canonical,motion01,seg3,40.0,44.875000,10.74091816,9.88303566,0.39661559,0.03701936,-1.34050500,-0.79682857,6.18440485,3.79431415,8.67891121,9.09079933,0.38334101,-0.01191594,0.10104400,-0.03504810,-0.01198800,-0.00027332
canonical,arm,exp01,motion01_canonical,motion01,seg3,40.0,44.900002,10.53572750,9.95694447,0.31132185,0.05136082,-1.31161106,-0.90350193,6.07122803,4.03282976,8.51007748,9.05873680,-0.27636999,-0.00333188,-0.14283299,-0.02757893,-0.01181800,-0.04319994
canonical,arm,exp01,motion01_canonical,motion01,seg3,40.0,44.924999,9.60878468,9.72189426,0.34640414,0.07174910,-0.72801298,-0.66672993,4.48954582,3.39411235,8.46420193,9.08574200,-0.34345701,-0.03714132,-0.04328700,-0.02015409,0.01262300,-0.05798507
canonical,arm,exp01,motion01_canonical,motion01,seg3,40.0,44.950001,9.26465893,9.64395332,0.15662998,0.04435708,-0.93287301,-0.53721404,4.09639406,3.45259166,8.25731277,8.98870659,0.13921700,-0.00312433,-0.02133900,-0.01835330,-0.06852900,-0.04026097
canonical,arm,exp01,motion01_canonical,motion01,seg3,40.0,44.974998,10.12648678,9.70760059,0.31309804,0.04473977,-0.82718599,-0.82612938,5.51019812,3.63431406,8.45572090,8.96363735,0.29903400,0.01812566,0.02013900,-0.01404553,-0.09057300,-0.03841654
canonical,arm,exp01,motion01_canonical,motion01,seg3,40.0,45.000000,10.23598671,9.69751167,0.18366925,0.05247815,-1.44330502,-0.84218752,5.62825394,3.73090529,8.42704296,8.91138554,-0.18196499,-0.01759532,0.00834900,-0.01645505,-0.02352500,-0.04662180
canonical,arm,exp01,motion01_canonical,motion01,seg3,40.0,45.025002,9.68775654,10.03274345,0.12240855,0.08408503,-0.89190602,-0.75252676,4.98273182,4.16449022,8.26011658,9.09651947,0.05119600,-0.01425109,-0.10246800,0.01394202,-0.04316400,-0.08168732
canonical,arm,exp01,motion01_canonical,motion01,seg3,40.0,45.049999,10.45516586,9.79341984,0.28202388,0.13147181,-0.86637300,-0.66625696,6.06347179,3.80539536,8.47314644,8.99923038,0.13239600,-0.04716253,0.10120300,0.04197339,-0.22752300,-0.11532028
canonical,arm,exp01,motion01_canonical,motion01,seg3,40.0,45.075001,9.48768902,9.28795147,0.75528806,0.05874626,-1.13138998,-0.80693221,4.42882586,2.96194625,8.31394672,8.76594448,-0.75009102,0.00879207,-0.01677500,0.00507735,0.08684500,-0.05786227
canonical,arm,exp01,motion01_canonical,motion01,seg3,40.0,45.099998,8.62736416,9.68994617,0.31477115,0.03237755,-1.21457899,-0.86449111,3.05554795,3.57056928,7.97620392,8.96653461,0.31227800,-0.02685970,-0.03709900,-0.01020647,-0.01367400,-0.01492281
canonical,arm,exp01,motion01_canonical,motion01,seg3,40.0,45.125000,10.88986015,9.95344830,0.79635108,0.04977570,-1.00651205,-0.93125600,6.49979210,3.93531108,8.67920971,9.09490108,0.74906301,0.02739489,0.10182300,0.02757558,-0.25042301,-0.03109225
canonical,arm,exp01,motion01_canonical,motion01,seg3,40.0,45.150002,10.74806976,9.40935135,0.93828052,0.05768234,-1.32901394,-0.91029322,5.84978008,2.85858703,8.91822815,8.91828156,-0.91818500,0.05428483,-0.02781400,0.01925925,0.19113600,0.00308070
canonical,arm,exp01,motion01_canonical,motion01,seg3,40.0,45.174999,7.72130775,9.67475891,0.14260334,0.04878983,-1.15061998,-0.85708779,2.04047108,3.87508965,7.35738707,8.82326698,-0.00483100,0.01347480,-0.05258200,-0.01819091,0.13246700,0.04321999
canonical,arm,exp01,motion01_canonical,motion01,seg3,40.0,45.200001,10.67703915,9.83140469,1.18660533,0.02266295,-1.11054802,-0.98882753,6.35747099,3.90043783,8.50578690,8.97024632,1.14349902,0.01175934,0.09362900,-0.00405261,-0.30278000,0.01894475
canonical,arm,exp01,motion01_canonical,motion01,seg3,40.0,45.224998,11.53530979,9.66625690,0.63424540,0.01905083,-1.51424599,-1.09851933,7.40889502,3.79413247,8.71083832,8.82237720,-0.61043400,-0.01575493,0.02383200,0.01052885,0.17049800,-0.00196459
canonical,arm,exp01,motion01_canonical,motion01,seg3,40.0,45.250000,8.56544590,9.72593975,0.69507402,0.03358931,-1.38297105,-1.02759838,3.23750710,3.75337315,7.80850792,8.91348076,-0.68161500,-0.03043276,-0.09024000,0.01390122,0.10191000,-0.00297405
canonical,arm,exp01,motion01_canonical,motion01,seg3,40.0,45.275002,9.14617729,9.44536400,0.58070838,0.04920395,-0.97153401,-0.95802701,3.83131790,3.11587834,8.24801064,8.86500931,0.56327897,0.03356926,0.08942300,0.01727176,-0.10928200,0.03155662
canonical,arm,exp01,motion01_canonical,motion01,seg3,40.0,45.299999,10.32356739,9.40677166,0.19375145,0.09244407,-1.42925298,-0.92562431,5.75121021,3.35914087,8.45321655,8.73766232,0.17156699,0.03481579,0.01137400,-0.00878524,0.08930300,0.08518559
canonical,arm,exp01,motion01_canonical,motion01,seg3,40.0,45.325001,9.29123974,9.69900703,0.34534609,0.11185404,-1.11173105,-0.95912039,4.68235397,3.84702063,7.94775105,8.85162449,-0.28956300,0.01417387,-0.06245800,-0.03760468,0.17752799,0.10438541
canonical,arm,exp01,motion01_canonical,motion01,seg3,40.0,45.349998,10.00552559,9.90350056,0.41313064,0.07886309,-1.15617096,-0.77485687,5.15847492,3.84571123,8.49493694,9.09337234,0.41302401,0.03309463,0.00602100,-0.02034092,-0.00719900,0.06863221
canonical,arm,exp01,motion01_canonical,motion01,seg3,40.0,45.375000,10.42836189,9.90943527,0.07103611,0.09301248,-1.01336300,-0.90869194,6.05251122,3.95382309,8.43154430,9.04093361,0.02811500,0.06917019,0.02910500,-0.01575216,0.05838300,0.06015542
canonical,arm,exp01,motion01_canonical,motion01,seg3,40.0,45.400002,9.71616936,9.71122169,0.27167892,0.07594362,-1.38952696,-0.77955991,5.00613880,3.83598804,8.21046543,8.88736820,-0.22903401,0.02467948,-0.06620900,-0.04252096,0.13026600,0.05788198
canonical,arm,exp01,motion01_canonical,motion01,seg3,40.0,45.424999,9.54531860,9.71522808,0.16313140,0.08482815,-0.71817797,-0.76571602,4.90326309,3.74661136,8.15814590,8.93097019,0.13847400,-0.02065456,-0.08289800,-0.05999485,0.02376400,0.05630119
canonical,arm,exp01,motion01_canonical,motion01,seg3,40.0,45.450001,9.91823101,9.63372612,0.07392605,0.10091994,-1.27140903,-0.81581134,5.37609386,3.75190496,8.23725986,8.83551598,0.02180600,0.03015559,0.02341800,-0.07902484,0.06664200,0.05505043
canonical,arm,exp01,motion01_canonical,motion01,seg3,40.0,45.474998,9.75419140,9.69856548,0.18342073,0.09857661,-1.16223598,-0.82857090,5.34465790,3.95691133,8.07639027,8.81581020,0.08172600,0.02539657,-0.15651999,-0.09003966,0.04965400,0.03106801
canonical,arm,exp01,motion01_canonical,motion01,seg3,40.0,45.500000,9.80660152,9.57532597,0.11187903,0.10460024,-0.84214002,-0.69961107,5.36563206,3.73963547,8.16518402,8.78706646,-0.05622100,0.01132083,-0.08903100,-0.10206793,0.03781000,0.01987932
canonical,arm,exp01,motion01_canonical,motion01,seg3,40.0,45.525002,9.67967892,9.75173092,0.11294800,0.10735445,-1.05691195,-0.66408390,4.91438007,3.79752612,8.27212143,8.95734596,-0.05486400,-0.00134961,-0.08438200,-0.10535305,0.05125300,0.02058861
canonical,arm,exp01,motion01_canonical,motion01,seg3,40.0,45.549999,9.71005821,9.56573677,0.16736685,0.12624243,-0.86281902,-0.66241074,5.11912298,3.59831667,8.20581245,8.83836174,0.07658400,0.02087290,-0.14530399,-0.12014200,0.03214500,0.03267066
canonical,arm,exp01,motion01_canonical,motion01,seg3,40.0,45.575001,9.51159763,9.65351868,0.14488056,0.16990671,-0.94956303,-0.65028518,4.91557598,3.81394076,8.08739376,8.84428692,0.04291800,0.06929225,-0.09483900,-0.14737809,0.10076700,0.04844144
canonical,arm,exp01,motion01_canonical,motion01,seg3,40.0,45.599998,10.12763500,9.93187618,0.32016724,0.14127885,-0.87247401,-0.54658222,5.52641201,4.01312780,8.44195271,9.06852913,0.26414701,0.02767501,-0.18069400,-0.13472189,0.00911600,0.03230819
canonical,arm,exp01,motion01_canonical,motion01,seg3,40.0,45.625000,10.27188492,9.96623802,0.10053234,0.11223903,-0.57335597,-0.42782348,6.01934004,4.21026850,8.30363941,9.02310944,0.01023200,0.02741340,-0.09580500,-0.10883261,0.02869600,-0.00125247
canonical,arm,exp01,motion01_canonical,motion01,seg3,40.0,45.650002,10.21528149,9.80986881,0.14531340,0.12907782,-0.83522201,-0.41054353,5.83585405,3.99102521,8.34249306,8.95191002,-0.08908900,-0.05529450,-0.11095100,-0.10852985,-0.02947900,-0.04271856
canonical,arm,exp01,motion01_canonical,motion01,seg3,40.0,45.674999,9.64659882,9.54701996,0.52305889,0.12767963,-0.54960299,-0.45177609,4.59578514,3.22351122,8.46366119,8.97499084,-0.50107002,-0.04385124,-0.13855900,-0.11916295,0.05762700,-0.01339213
canonical,arm,exp01,motion01_canonical,motion01,seg3,40.0,45.700001,8.50582600,10.04811668,0.42572039,0.14615487,-0.57915097,0.38440055,3.59463310,4.43197870,7.68715000,9.00968647,0.33667701,0.07391013,-0.24551199,-0.12556355,0.08723700,0.01150362
canonical,arm,exp01,motion01_canonical,motion01,seg3,40.0,45.724998,12.39108181,9.93613911,1.23741221,0.25899175,0.12169500,-0.13673092,8.99255562,4.56736231,8.52396870,8.82311535,1.15879405,-0.19506225,-0.09297000,-0.12393031,-0.42396000,-0.11691331
canonical,arm,exp01,motion01_canonical,motion01,seg3,40.0,45.750000,11.48978901,9.78271103,2.38596725,0.12281331,-0.57857901,-0.45847136,6.05310011,2.27186561,9.74887085,9.50420284,-2.36405897,0.03424430,0.17044701,-0.09434791,0.27388400,-0.07077365
canonical,arm,exp01,motion01_canonical,motion01,seg3,40.0,45.775002,7.63085365,10.00599766,0.44635051,0.10267095,-1.10186303,-0.72843683,-2.02737403,3.70147610,7.27362204,9.26760197,-0.08166900,-0.06559371,-0.27491799,0.04374655,0.34202200,0.06576493
canonical,arm,exp01,motion01_canonical,motion01,seg3,40.0,45.799999,10.82508755,10.04467869,2.67701387,0.12971514,-0.22650699,-0.45992252,6.68054104,4.28373766,8.51478577,9.07378864,2.57369804,0.11866383,0.18884300,0.00403492,-0.71191299,0.05223631
canonical,arm,exp01,motion01_canonical,motion01,seg3,40.0,45.825001,15.04249191,9.64396954,0.38942307,0.09782124,-0.60599899,0.65355438,12.16733074,4.33503485,8.82413769,8.58990574,-0.04642600,0.02118307,-0.29129699,-0.04915961,0.25424600,-0.08187556
canonical,arm,exp01,motion01_canonical,motion01,seg3,40.0,45.849998,9.47704029,9.94415951,2.72847795,0.16762318,0.65775102,-0.66236395,3.74091196,3.00628448,8.68258190,9.45567799,-2.72048306,-0.13309944,0.18635300,0.02674554,0.09400000,-0.09831960
canonical,arm,exp01,motion01_canonical,motion01,seg3,40.0,45.875000,9.47441578,9.60284805,0.58897614,0.11822148,-3.21371102,-1.72629333,-2.56914401,1.55398989,8.53440762,9.31770992,-0.29756999,0.01351442,0.45955601,0.03184539,0.21714801,0.11304667
canonical,arm,exp01,motion01_canonical,motion01,seg3,40.0,45.900002,11.50654984,13.78734875,4.99622297,0.28970203,-1.29618394,0.05108266,8.22173405,8.62676144,7.94504118,10.75487518,4.92516804,-0.07730825,-0.58501399,0.27170661,-0.60226500,-0.06423566
canonical,arm,exp01,motion01_canonical,motion01,seg3,40.0,45.924999,22.73254585,10.16956425,1.35953224,0.69644463,2.85362196,-0.34062728,18.69884872,3.10223961,12.60867119,9.67884922,-0.82570601,-0.13190508,0.74414003,0.60644573,-0.78281099,-0.31600589
canonical,arm,exp01,motion01_canonical,motion01,seg3,40.0,45.950001,7.08933306,9.23258018,6.23604107,0.69895297,-3.87980294,-1.37586856,1.39320302,3.24249172,5.76756096,8.53427029,-6.03500414,-0.24293660,1.35835302,0.61341757,0.78855002,-0.23072927
canonical,arm,exp01,motion01_canonical,motion01,seg3,40.0,45.974998,7.95691013,10.08725262,2.18195415,0.67598629,-1.72320700,-0.51149714,-5.22669888,4.67472315,5.74670315,8.92401314,1.98098302,-0.33264476,-0.62221700,0.53844786,-0.67043000,-0.23744233
canonical,arm,exp01,motion01_canonical,motion01,seg3,40.0,46.000000,15.55471134,9.87428856,4.16080856,0.57083601,1.10268903,-1.45442545,12.46764183,3.85869002,9.23531342,8.97199726,3.77574205,-0.02814431,1.25666106,0.49014065,-1.21527898,-0.29124522
canonical,arm,exp01,motion01_canonical,motion01,seg3,40.0,46.025002,15.21624565,9.81564522,2.98753953,0.49406713,-4.60634613,-0.84201849,11.18159676,4.07470226,9.23512745,8.89014626,-2.96222305,-0.06748605,0.36676899,0.40048707,0.12691601,-0.28135049
canonical,arm,exp01,motion01_canonical,motion01,seg3,40.0,46.049999,6.07479382,8.96285725,2.70189333,0.38241953,0.57134902,-0.94741333,-1.42490494,3.03769922,5.87761211,8.37899780,-2.57717109,-0.15579104,-0.76277602,0.23908512,0.27674800,-0.25458232
canonical,arm,exp01,motion01_canonical,motion01,seg3,40.0,46.075001,6.09045649,8.28700829,2.36796331,0.15308537,-1.58116698,-1.61985934,-0.52418900,2.29220748,5.85822487,7.79720068,1.91276097,0.05437201,1.21431601,0.05516371,-0.68849999,-0.13204460
canonical,arm,exp01,motion01_canonical,motion01,seg3,40.0,46.099998,13.10026360,9.33341789,1.97017324,0.15607974,-3.62846088,-1.23939693,8.58582401,3.34676123,9.20515156,8.62413883,1.86918104,0.12706147,-0.57415801,-0.03962352,-0.24101301,-0.08152448
canonical,arm,exp01,motion01_canonical,motion01,seg3,40.0,46.125000,11.51540661,9.43750000,2.00284386,0.05226146,0.49596599,-1.55745721,6.92801189,2.65843415,9.18483829,8.92039585,-1.95017898,0.00689449,-0.23448400,-0.03534253,0.39141101,-0.03787653
canonical,arm,exp01,motion01_canonical,motion01,seg3,40.0,46.150002,7.41261625,9.15014458,1.19887674,0.14297105,-2.82294798,-1.34801888,-1.53295696,2.57050300,6.68041086,8.67758656,-1.09395397,0.09818872,0.47644800,-0.07360902,0.11647900,0.07335810
canonical,arm,exp01,motion01_canonical,motion01,seg3,40.0,46.174999,8.79117775,8.64312172,2.46666861,0.25932956,-1.57457805,-0.72088957,3.50382805,2.42026138,7.90750980,8.26596642,2.31250596,-0.10342463,-0.85472798,-0.19269291,-0.07880600,0.13937218
canonical,arm,exp01,motion01_canonical,motion01,seg3,40.0,46.200001,12.42750359,9.62796593,0.47502917,0.26131234,0.94721699,-0.92264301,7.98903608,2.77678871,9.47211266,9.17256260,-0.35875401,0.01401983,0.24077301,-0.14683257,0.19742499,0.21570300
canonical,arm,exp01,motion01_canonical,motion01,seg3,40.0,46.224998,9.34069252,10.12640762,0.86496574,0.23496215,-3.45213509,-1.23183072,3.15023804,4.27237940,8.08747768,9.09799480,-0.71316600,0.14568992,0.22348000,-0.04997823,0.43544999,0.17743686
canonical,arm,exp01,motion01_canonical,motion01,seg3,40.0,46.250000,9.40199852,9.71022892,1.25751603,0.21523279,-0.60887802,-1.28803813,4.76296520,3.63112211,8.08337879,8.91316223,1.15693498,0.18495864,-0.46786901,-0.00626002,-0.15474699,0.10989208
canonical,arm,exp01,motion01_canonical,motion01,seg3,40.0,46.275002,11.08413506,9.69501781,0.56656218,0.28697640,-1.34310305,-1.25252366,6.64119196,3.46595073,8.77204037,8.96725941,0.02441600,0.25592890,0.52152699,-0.01614324,0.22001401,0.12882252
canonical,arm,exp01,motion01_canonical,motion01,seg3,40.0,46.299999,9.37594509,9.78663635,0.42894015,0.16296293,-2.50934100,-1.15812683,4.41156101,4.04975557,7.88350677,8.83382607,-0.23509100,0.07421745,-0.32363501,-0.05489260,0.15486200,0.13429628
canonical,arm,exp01,motion01_canonical,motion01,seg3,40.0,46.325001,9.78028679,10.03078938,0.53998208,0.13362639,-0.26793501,-1.08332229,5.34173679,4.00983238,8.18828869,9.13041019,0.51160800,0.03459270,-0.10308500,-0.08003103,0.13860500,0.10126396
canonical,arm,exp01,motion01_canonical,motion01,seg3,40.0,46.349998,10.96402550,9.99419594,0.21407147,0.15021509,-1.86917806,-0.90115571,6.29917908,3.91353130,8.77703667,9.15183830,0.02118200,0.10999328,0.20145200,-0.06399472,-0.06924600,0.07981683
canonical,arm,exp01,motion01_canonical,motion01,seg3,40.0,46.375000,9.37736702,9.51850510,0.60449648,0.16090737,-1.19345200,-1.03541338,4.81234789,3.61737084,7.95939684,8.74325371,-0.32800099,0.08330768,-0.37244400,-0.10341525,0.34513301,0.09086417
canonical,arm,exp01,motion01_canonical,motion01,seg3,40.0,46.400002,9.17245197,9.75795841,0.18438937,0.18216480,-0.96244103,-1.00245702,4.06708717,3.67315269,8.16494846,8.98447418,0.16291600,0.04031357,0.08596300,-0.12989171,0.00825700,0.12118982
canonical,arm,exp01,motion01_canonical,motion01,seg3,40.0,46.424999,10.75112629,9.90590096,0.44413251,0.15437347,-1.70280302,-0.95925850,5.87179184,3.70115304,8.84359837,9.13827991,0.41905800,0.00607146,-0.10083600,-0.08671790,0.10712700,0.12757081
canonical,arm,exp01,motion01_canonical,motion01,seg3,40.0,46.450001,9.90673256,9.65532875,0.42018169,0.16167384,-0.84100902,-0.99023241,5.66977119,3.88092375,8.08020687,8.78539944,-0.31785300,0.01079705,-0.15241501,-0.08286759,0.22867399,0.13840093
canonical,arm,exp01,motion01_canonical,motion01,seg3,40.0,46.474998,9.31494808,9.92420578,0.17035542,0.14803445,-1.57891405,-0.88205135,4.93861103,4.47093201,7.73856592,8.81604290,0.12725300,-0.07261405,0.08558000,-0.08231116,0.07418700,0.09932911
canonical,arm,exp01,motion01_canonical,motion01,seg3,40.0,46.500000,10.67685795,9.74925041,0.23511384,0.09235851,-0.97885698,-0.91469920,6.35146189,3.86378074,8.52619934,8.90406704,0.05932300,-0.02830371,-0.22718300,-0.07202489,0.01213200,0.05041240
canonical,arm,exp01,motion01_canonical,motion01,seg3,40.0,46.525002,10.06618214,9.93030834,0.33712152,0.09891529,-1.10934997,-0.92209291,5.56806898,4.07060194,8.31227875,9.01060295,-0.30005601,-0.09116617,0.10130400,-0.03629328,0.11556300,0.01248046
canonical,arm,exp01,motion01_canonical,motion01,seg3,40.0,46.549999,9.56788349,9.74157906,0.17665190,0.07481743,-1.37200999,-0.75910813,5.04709911,4.06666565,8.01179028,8.81954288,-0.05668100,-0.06207470,-0.14192300,-0.03994640,-0.08860600,-0.01219277
canonical,arm,exp01,motion01_canonical,motion01,seg3,40.0,46.575001,10.04053783,9.60076237,0.11095885,0.04338453,-0.51609302,-0.66326696,5.34105778,3.42352414,8.48641014,8.94506550,-0.03898000,-0.02147122,-0.07398900,-0.03434215,0.07292500,-0.01555058
canonical,arm,exp01,motion01_canonical,motion01,seg3,40.0,46.599998,9.36285496,9.57466793,0.29002401,0.05428495,-1.17849505,-0.76144809,4.33377981,3.46248889,8.21538544,8.89413452,-0.27773800,-0.00679671,0.08339000,-0.04309995,-0.00465100,0.03229636
canonical,arm,exp01,motion01_canonical,motion01,seg3,40.0,46.625000,9.37958241,9.75270271,0.41734549,0.07639661,-1.25171697,-0.80324781,4.68351793,3.88814116,8.02959728,8.90799427,0.37879401,-0.01349782,-0.15218700,-0.06242728,0.08678400,0.04191759
canonical,arm,exp01,motion01_canonical,motion01,seg3,40.0,46.650002,10.51465416,9.55542564,0.08529123,0.09770294,-0.79504102,-0.88367367,6.10397387,3.45958114,8.52451611,8.86321545,-0.06367300,-0.05240276,0.00161800,-0.06752148,-0.05672500,0.04733566
canonical,arm,exp01,motion01_canonical,motion01,seg3,40.0,46.674999,9.52237892,9.71739292,0.42753503,0.09716499,-1.46948397,-0.81404501,4.65909004,3.79182410,8.17368984,8.90994549,-0.35981500,-0.06273922,-0.06203800,-0.06216769,0.22242001,0.04049696
canonical,arm,exp01,motion01_canonical,motion01,seg3,40.0,46.700001,9.62752628,9.86125660,0.35677373,0.05998569,-0.80921102,-0.75247175,4.94339609,3.95887613,8.22175598,9.00030327,0.30542201,-0.02624214,-0.13648500,-0.05358930,-0.12400300,0.00614978
canonical,arm,exp01,motion01_canonical,motion01,seg3,40.0,46.724998,10.70519066,10.04685879,0.21068272,0.04997127,-0.94675100,-0.73612571,6.36069298,4.13238764,8.55840778,9.12802601,0.19701999,0.01518750,0.07451200,-0.03646000,-0.00427700,-0.03061268
canonical,arm,exp01,motion01_canonical,motion01,seg3,40.0,46.750000,10.14372540,9.59735584,0.48511630,0.07735963,-1.22467601,-0.65945113,5.63432217,3.67155623,8.34564304,8.84273911,-0.46658599,-0.05495513,-0.13032700,-0.03767887,-0.02549900,-0.03930330
canonical,arm,exp01,motion01_canonical,motion01,seg3,40.0,46.775002,9.64311123,9.98237896,0.09796969,0.18607275,-0.52987498,-0.61890119,4.57683277,3.84290314,8.47121143,9.19222260,-0.08411000,-0.18055701,-0.03368700,-0.00115805,0.03726600,-0.04495437
canonical,arm,exp01,motion01_canonical,motion01,seg3,40.0,46.799999,9.74344349,9.91274452,0.17782508,0.05024859,-1.03032696,-0.62500429,4.83769321,3.79940128,8.39463234,9.13435459,-0.02455800,0.02787325,0.10257200,0.02895648,-0.14317000,-0.03015834
canonical,arm,exp01,motion01_canonical,motion01,seg3,40.0,46.825001,10.31490517,9.65365982,0.23956996,0.06226246,-0.99322098,-0.66139573,5.80840302,3.63751650,8.46600533,8.91763306,0.23444501,-0.02990437,-0.04927600,0.02896550,-0.00108700,-0.04629625
canonical,arm,exp01,motion01_canonical,motion01,seg3,40.0,46.849998,9.68379593,9.59015179,0.43659851,0.03882229,-0.83926398,-0.88945889,4.94699621,3.44850540,8.28243732,8.90436363,-0.42511299,0.01836399,0.09127000,0.01461378,-0.03958500,-0.03092525
canonical,arm,exp01,motion01_canonical,motion01,seg3,40.0,46.875000,9.38180351,9.70294380,0.05762227,0.04464190,-1.67228103,-0.99621272,3.91123605,3.39370298,8.36205387,9.03534508,0.01193300,-0.03626699,0.04132300,0.02388009,0.03834500,-0.01036078
canonical,arm,exp01,motion01_canonical,motion01,seg3,40.0,46.900002,9.73861885,9.63403511,0.30284911,0.01365897,-0.95124799,-0.93171906,5.08471584,3.55485082,8.25115013,8.90559196,0.27888799,-0.00399346,-0.07336400,0.00462839,-0.09250300,0.01221465
canonical,arm,exp01,motion01_canonical,motion01,seg3,40.0,46.924999,10.17115688,9.68490601,0.11157423,0.02649424,-1.11091006,-0.75183845,5.55384016,3.58902359,8.44826412,8.96387482,-0.06437200,0.01462964,0.04394800,-0.01685964,0.07983500,0.01427133
canonical,arm,exp01,motion01_canonical,motion01,seg3,40.0,46.950001,9.46055794,9.82011318,0.14617573,0.06023372,-0.95927298,-0.63609701,4.66629219,3.83123255,8.17359543,9.01951504,-0.09409400,0.04244248,-0.11114500,-0.03959165,0.01266700,0.01610088
canonical,arm,exp01,motion01_canonical,motion01,seg3,40.0,46.974998,9.89457989,9.91321182,0.37700275,0.06543989,-0.86719298,-0.68576330,5.41875982,4.05091143,8.23333073,9.02173042,0.37685099,0.00510751,-0.01064900,-0.06465238,-0.00100600,0.00873851
canonical,arm,exp01,motion01_canonical,motion01,seg3,40.0,47.000000,10.76277828,9.87013531,0.14723121,0.06253959,-1.12913704,-0.71596682,6.16112900,3.74924922,8.75231075,9.10220242,-0.13500600,-0.00039954,-0.03979400,-0.06248996,-0.04320700,0.00245884
canonical,arm,exp01,motion01_canonical,motion01,seg3,40.0,47.025002,9.46971226,9.85220528,0.37966278,0.05406786,-0.89287400,-0.67286259,4.55481195,3.75757360,8.25420570,9.08261204,-0.30722901,0.00566414,-0.12995000,-0.05259249,0.18129300,0.01119294
canonical,arm,exp01,motion01_canonical,motion01,seg3,40.0,47.049999,9.47220135,9.65939331,0.30654562,0.06166384,-0.87670100,-0.67905384,4.73398685,3.66798949,8.15741158,8.91002941,0.27696601,-0.01235496,0.00318000,-0.05999668,-0.13133900,0.00708399
canonical,arm,exp01,motion01_canonical,motion01,seg3,40.0,47.075001,10.33195114,9.67208290,0.11012451,0.06462335,-1.01887596,-0.62421644,5.73322487,3.58774972,8.53470802,8.96033382,0.02164000,-0.01538867,-0.08030400,-0.06217870,0.07218300,0.00855421
canonical,arm,exp01,motion01_canonical,motion01,seg3,40.0,47.099998,9.82972813,9.75682259,0.31819612,0.05890011,-0.72594702,-0.61871815,4.88745785,3.54514313,8.49760628,9.06888866,-0.30573899,-0.03332907,-0.07954200,-0.04666078,0.03802000,0.01345986
canonical,arm,exp01,motion01_canonical,motion01,seg3,40.0,47.125000,9.39811420,9.64945507,0.06760692,0.03981473,-0.90395701,-0.67317563,4.28549290,3.41290140,8.31516457,9.00060749,0.03347000,0.00207943,0.04434100,-0.02517759,0.03852700,0.03077300
canonical,arm,exp01,motion01_canonical,motion01,seg3,40.0,47.150002,9.83698845,9.62154579,0.22270297,0.06494007,-1.08306396,-0.73469830,5.02008295,3.53454590,8.38999844,8.91859531,0.21832800,0.03007202,-0.04322200,-0.02706553,0.00783300,0.05079708
canonical,arm,exp01,motion01_canonical,motion01,seg3,40.0,47.174999,9.99621391,9.76807594,0.08037110,0.05107676,-0.88517302,-0.71063429,5.44532681,3.85915422,8.33601665,8.94523525,0.04264100,-0.00214161,0.00049300,-0.01275609,0.06812500,0.04941185
canonical,arm,exp01,motion01_canonical,motion01,seg3,40.0,47.200001,10.14220810,9.98228836,0.07551906,0.03400133,-0.97826600,-0.57759482,5.70930719,4.20137930,8.32533455,9.03664112,0.07098700,-0.02984477,-0.00112800,0.01611326,-0.02574300,0.00239644
canonical,arm,exp01,motion01_canonical,motion01,seg3,40.0,47.224998,10.46450329,9.86757088,0.11487544,0.08492485,-0.62447703,-0.48427078,6.05742121,3.89412332,8.51019955,9.05374146,-0.10122700,-0.06472012,0.00852300,0.03778524,-0.05363600,-0.03994763
canonical,arm,exp01,motion01_canonical,motion01,seg3,40.0,47.250000,9.59905243,9.64370346,0.48329061,0.07161698,-0.93617702,-0.67118508,4.72088480,3.49618959,8.30533791,8.96254349,-0.47519299,-0.06377424,0.07847900,0.02489464,0.04003100,-0.02102607
canonical,arm,exp01,motion01_canonical,motion01,seg3,40.0,47.275002,9.18652248,9.68298054,0.08294535,0.06826185,-1.12084997,-0.68438172,3.99968195,3.55941081,8.19380474,8.97899437,0.07619000,-0.06735040,-0.03216800,0.00465639,-0.00634300,0.01009570
canonical,arm,exp01,motion01_canonical,motion01,seg3,40.0,47.299999,10.40217113,9.77272415,0.27814645,0.07865082,-0.69035602,-0.64450026,5.66538620,3.54689121,8.69666386,9.08351898,0.27142599,-0.07461380,0.01142800,0.02114422,-0.05968900,0.01310164
canonical,arm,exp01,motion01_canonical,motion01,seg3,40.0,47.325001,10.03439140,9.54768658,0.56223816,0.09060647,-1.03338397,-0.70528442,5.20489407,3.29472542,8.51646614,8.93340302,-0.54850298,-0.08001374,0.08945100,0.02890881,0.08517500,0.03117071
canonical,arm,exp01,motion01_canonical,motion01,seg3,40.0,47.349998,8.99164104,9.61571026,0.13110597,0.06612264,-1.08288801,-0.69229603,3.61332703,3.43797016,8.16215801,8.95337772,-0.08063300,-0.03105883,-0.03551900,0.02806825,0.09708500,0.05118325
canonical,arm,exp01,motion01_canonical,motion01,seg3,40.0,47.375000,9.91883945,9.70118332,0.46619576,0.08985285,-0.60588199,-0.60262793,5.00029182,3.46713305,8.54478645,9.04039764,0.45631000,0.03702220,0.07503300,0.04475623,-0.05907400,0.06855488
canonical,arm,exp01,motion01_canonical,motion01,seg3,40.0,47.400002,10.20213223,9.51310349,0.21357545,0.11298985,-1.01849198,-0.60863417,5.63284206,3.41632724,8.44495583,8.85761833,-0.13344200,0.04631557,0.09320800,0.03811383,0.13827500,0.09575442
canonical,arm,exp01,motion01_canonical,motion01,seg3,40.0,47.424999,9.05517292,9.50613308,0.27838936,0.12578297,-1.05951703,-0.78556484,4.13530588,3.56951427,7.98578882,8.77542114,-0.21847200,0.02586992,0.00589200,0.00634801,0.17244101,0.12293009
canonical,arm,exp01,motion01_canonical,motion01,seg3,40.0,47.450001,9.74205780,9.81112957,0.52597338,0.11301389,-0.96326101,-0.70745426,4.95379496,3.87558627,8.33305073,8.98541069,0.52263999,0.03083349,0.05568000,0.03277043,0.01987900,0.10367032
canonical,arm,exp01,motion01_canonical,motion01,seg3,40.0,47.474998,10.97657108,9.84484196,0.13382182,0.11545838,-0.79984999,-0.57402450,6.58905411,3.87072349,8.74240875,9.03376484,0.09354500,0.02922037,0.09496200,0.09173012,0.01182500,0.06373690
canonical,arm,exp01,motion01_canonical,motion01,seg3,40.0,47.500000,9.57920742,9.57223225,0.64797068,0.12859508,-0.73556900,-0.53332794,4.75768185,3.43290091,8.28158283,8.91955090,-0.61800897,0.03539387,0.09239300,0.10460391,0.17144801,0.06589380
canonical,arm,exp01,motion01_canonical,motion01,seg3,40.0,47.525002,8.81894779,9.39366817,0.16962332,0.13461491,-0.97404498,-0.68959916,3.37124300,3.15325260,8.09072304,8.82170391,0.06773500,0.00126794,0.14101700,0.07536121,0.06556100,0.11153590
canonical,arm,exp01,motion01_canonical,motion01,seg3,40.0,47.549999,9.97881126,9.81130791,0.55013460,0.19592208,-1.14741004,-0.93204743,4.95630884,3.53943157,8.58458710,9.10304737,0.52709699,0.09718913,0.14299700,0.08660080,0.06609600,0.14642416
canonical,arm,exp01,motion01_canonical,motion01,seg3,40.0,47.575001,10.72898865,10.02001762,0.24395606,0.21578208,-1.22362101,-0.86731571,6.10621023,3.92261291,8.73659801,9.17941284,0.17231999,0.10913002,0.13170400,0.12533556,0.11168900,0.13763553
canonical,arm,exp01,motion01_canonical,motion01,seg3,40.0,47.599998,9.82316589,9.74953556,0.23722018,0.19442055,-0.84861499,-0.64943790,5.44529581,3.89372873,8.13161659,8.91462612,-0.16613500,0.07036363,0.10812900,0.13817127,0.13031000,0.11729028
canonical,arm,exp01,motion01_canonical,motion01,seg3,40.0,47.625000,9.04637814,9.49220181,0.24622831,0.19072734,-0.98693901,-0.72703886,4.31768179,3.60417938,7.88799906,8.75118256,-0.11154200,0.10528618,0.16747800,0.08617703,0.14190800,0.13366097
canonical,arm,exp01,motion01_canonical,motion01,seg3,40.0,47.650002,10.04698086,9.91569805,0.58518130,0.15286344,-1.23104703,-0.84789056,5.35542202,3.96857238,8.41105270,9.04724216,0.57517201,0.03981456,0.10024100,0.07371020,0.03957300,0.12786259
canonical,arm,exp01,motion01_canonical,motion01,seg3,40.0,47.674999,10.81205654,9.86678410,0.23674716,0.18246496,-1.10425997,-0.98248380,6.23985815,3.71785903,8.76044178,9.08656597,-0.14916401,0.08590525,0.15124100,0.09607496,0.10452500,0.12916405
canonical,arm,exp01,motion01_canonical,motion01,seg3,40.0,47.700001,9.10819530,9.80843449,0.28960359,0.18155143,-1.37767696,-0.86688691,4.42351913,4.08193922,7.84179306,8.87646675,-0.15289199,0.08447219,0.07500600,0.09447519,0.23424000,0.12999925
canonical,arm,exp01,motion01_canonical,motion01,seg3,40.0,47.724998,9.67089558,9.55296516,0.47947991,0.15672845,-0.85834098,-0.69356418,5.38024282,3.90268469,7.99014807,8.69178677,0.47293201,0.07775009,0.06277000,0.07104400,-0.04791900,0.11606669
canonical,arm,exp01,motion01_canonical,motion01,seg3,40.0,47.750000,10.44655037,9.66665363,0.30462033,0.17350356,-0.93355501,-0.75122082,5.81754208,3.54570293,8.62641811,8.96146488,-0.16556001,0.07979491,0.15054400,0.07053982,0.20668800,0.13696858
canonical,arm,exp01,motion01_canonical,motion01,seg3,40.0,47.775002,9.32040882,9.79089642,0.28537124,0.19724721,-1.26602805,-0.91329294,4.18588591,3.77158284,8.23076916,8.98903275,-0.19379400,0.03631561,0.11649700,0.10124914,0.17409500,0.16533679
canonical,arm,exp01,motion01_canonical,motion01,seg3,40.0,47.799999,9.50618839,9.85170174,0.74295127,0.18791179,-1.26318395,-0.95421898,5.46110582,4.54113150,7.67778015,8.69043255,0.72384697,0.06554987,0.16295600,0.10780641,0.03830800,0.13925457
canonical,arm,exp01,motion01_canonical,motion01,seg3,40.0,47.825001,11.59102821,9.76024437,0.12688987,0.12318391,-1.23905206,-0.86104327,7.80953217,4.20197392,8.47513390,8.76723385,0.07007500,-0.00712209,0.10263400,0.09834678,-0.02562800,0.07383402
canonical,arm,exp01,motion01_canonical,motion01,seg3,40.0,47.849998,9.44280338,9.67130280,1.06162739,0.12623926,-1.11049199,-0.91127479,4.76949310,3.77207017,8.07374001,8.85862064,-1.01912498,-0.04936741,0.08311100,0.08638829,0.28553399,0.07769344
canonical,arm,exp01,motion01_canonical,motion01,seg3,40.0,47.875000,8.54679012,9.75398254,0.34966430,0.11800928,-1.39656305,-0.94275105,3.32033992,3.94067836,7.75064993,8.87256718,0.33489799,-0.02949714,0.09782700,0.07989208,-0.02320200,0.08169066
canonical,arm,exp01,motion01_canonical,motion01,seg3,40.0,47.900002,10.81204987,9.83239460,0.74255341,0.09840106,-1.02220404,-0.79640138,6.81162214,4.14292812,8.33410645,8.88132191,0.73388600,0.03170569,0.07575900,0.06513353,-0.08400900,0.06659686
canonical,arm,exp01,motion01_canonical,motion01,seg3,40.0,47.924999,10.77346039,9.77453232,0.61697358,0.06141958,-1.12217700,-0.77105099,6.74754810,4.03280878,8.32338619,8.87036800,-0.59248197,-0.02315922,0.02716900,0.02424968,0.16995101,0.05145841
canonical,arm,exp01,motion01_canonical,motion01,seg3,40.0,47.950001,8.66622162,9.76591301,0.41212645,0.04447361,-1.14550698,-0.81169957,3.73686290,4.01751089,7.73479605,8.86418724,-0.39893600,-0.01968628,-0.01187100,-0.00988541,0.10274900,0.03863458
canonical,arm,exp01,motion01_canonical,motion01,seg3,40.0,47.974998,9.88915920,9.90226173,0.77329582,0.01999835,-1.12062299,-0.79842484,5.42690086,4.08118296,8.19075203,8.98672676,0.76202899,-0.00898049,-0.00772200,-0.01501437,-0.13129599,0.00968780
canonical,arm,exp01,motion01_canonical,motion01,seg3,40.0,48.000000,10.90114117,9.58722878,0.28372678,0.07206985,-1.09327805,-0.86634660,6.88995504,3.79564238,8.37664318,8.76113605,-0.28054699,-0.02274480,-0.02384900,-0.06601562,0.03500700,0.01785145
canonical,arm,exp01,motion01_canonical,motion01,seg3,40.0,48.025002,8.96292210,9.79950047,0.56237996,0.10589971,-1.31552601,-0.70084006,4.19734192,4.21596622,7.80933285,8.81842709,-0.49108800,-0.04069218,-0.18001600,-0.09554064,0.20663500,0.02075763
canonical,arm,exp01,motion01_canonical,motion01,seg3,40.0,48.049999,10.01514244,10.07247639,0.64592761,0.11550106,-0.64737397,-0.79400975,5.48806381,4.04262781,8.35255241,9.19138145,0.60988897,-0.08376793,-0.03561300,-0.07850263,-0.20973700,-0.01267937
canonical,arm,exp01,motion01_canonical,motion01,seg3,40.0,48.075001,10.89105415,9.61448860,0.27874652,0.12063216,-1.37364197,-0.64878166,6.76438999,3.90860319,8.42444038,8.76015377,-0.26373601,-0.06154572,-0.05803800,-0.10329893,0.06909800,-0.00967323
canonical,arm,exp01,motion01_canonical,motion01,seg3,40.0,48.099998,8.95780182,9.80341148,0.59812963,0.12302795,-0.62209898,-0.58517015,4.28856182,4.05936956,7.83986282,8.90426731,-0.50009102,-0.03295014,-0.29895100,-0.11774856,0.13526399,-0.01361772
canonical,arm,exp01,motion01_canonical,motion01,seg3,40.0,48.125000,9.65818787,9.77631378,0.48145640,0.10274525,-0.85456401,-0.65184665,4.86534977,3.81021547,8.29931831,8.97962475,0.44337201,-0.00413408,0.09254600,-0.09921287,-0.16326900,-0.02638752
canonical,arm,exp01,motion01_canonical,motion01,seg3,40.0,48.150002,10.82936668,9.81170464,0.22999929,0.09561772,-1.21118200,-0.62130833,6.51241112,3.96966815,8.56718826,8.95127106,0.13751499,-0.02888295,-0.18396100,-0.08336280,-0.01215100,-0.03686688
canonical,arm,exp01,motion01_canonical,motion01,seg3,40.0,48.174999,9.62069321,9.59995270,0.51431745,0.09400856,-0.46247101,-0.51266241,5.28549004,3.92874360,8.02542591,8.74421215,-0.49045700,-0.01047657,-0.13910900,-0.08517769,0.06799300,-0.03837464
canonical,arm,exp01,motion01_canonical,motion01,seg3,40.0,48.200001,9.38077545,9.84526157,0.20596550,0.08215363,-1.15023005,-0.68506873,4.42210817,3.95766330,8.19273281,8.98870182,0.17209101,-0.00333901,0.07480700,-0.06595974,-0.08491400,-0.04886084
canonical,arm,exp01,motion01_canonical,motion01,seg3,40.0,48.224998,10.46348667,9.76686001,0.32286534,0.05587590,-0.84081000,-0.60205096,5.96771812,3.79158640,8.55359173,8.98069954,0.23791499,-0.01995701,-0.20002900,-0.02688242,-0.08733200,-0.04473444
canonical,arm,exp01,motion01_canonical,motion01,seg3,40.0,48.250000,10.00866985,9.63983917,0.34408104,0.06331852,-0.74651402,-0.65260947,5.62388515,3.85636830,8.24549007,8.81073380,-0.32923299,-0.03946681,0.09730100,-0.01547021,0.02302000,-0.04703486
canonical,arm,exp01,motion01_canonical,motion01,seg3,40.0,48.275002,9.27590942,9.72654343,0.10088142,0.06603115,-1.26152003,-0.68201554,4.55177689,3.98766756,7.98325682,8.84528160,-0.01107700,0.00329351,-0.05967600,-0.00656156,-0.08058000,-0.06562173
canonical,arm,exp01,motion01_canonical,motion01,seg3,40.0,48.299999,10.22842979,9.70120430,0.27031076,0.07704134,-0.63924903,-0.65668440,5.68273020,3.65979671,8.48048973,8.96035767,0.24522901,-0.01151651,-0.03031000,0.01118444,-0.10959900,-0.07535017
canonical,arm,exp01,motion01_canonical,motion01,seg3,40.0,48.325001,9.89615536,9.66774273,0.34943011,0.05253295,-1.01475298,-0.65205163,5.21025085,3.65415859,8.35209274,8.92676830,-0.34023699,-0.00028229,0.07603200,0.01359047,-0.02365000,-0.05074377
canonical,arm,exp01,motion01_canonical,motion01,seg3,40.0,48.349998,9.26202583,9.67782879,0.09281766,0.03514450,-1.03550804,-0.66620857,4.37157202,3.73967695,8.09951878,8.90119934,0.04818200,-0.00231400,-0.07928000,0.00540323,0.00288000,-0.03464948
canonical,arm,exp01,motion01_canonical,motion01,seg3,40.0,48.375000,9.91495228,9.77844429,0.37463096,0.05341760,-0.77525902,-0.71927029,5.50266218,3.96454716,8.21133137,8.90971279,0.34556299,0.04057028,0.06581000,0.00499946,-0.12885500,-0.03438747
canonical,arm,exp01,motion01_canonical,motion01,seg3,40.0,48.400002,10.44671917,9.69500256,0.05543736,0.04361514,-1.29134703,-0.74561989,6.12478304,3.92659783,8.36381435,8.83283424,-0.05437500,0.00114357,0.00376100,0.00082656,-0.01012500,-0.04359232
canonical,arm,exp01,motion01_canonical,motion01,seg3,40.0,48.424999,9.55248547,9.66499424,0.35585690,0.04042921,-0.89484400,-0.78248084,4.85678101,3.76529646,8.17685223,8.86692619,-0.35270700,-0.00905464,-0.04708700,0.00622907,0.00383500,-0.03890672
canonical,arm,exp01,motion01_canonical,motion01,seg3,40.0,48.450001,9.38438034,9.66644001,0.15268970,0.02365773,-1.03454006,-0.74390519,4.40723705,3.63086081,8.22025394,8.92768288,0.13936800,0.00348131,0.05384900,0.01719584,-0.03148000,-0.01587047
canonical,arm,exp01,motion01_canonical,motion01,seg3,40.0,48.474998,9.92901802,9.57050228,0.20643853,0.02865157,-0.94636399,-0.61951095,5.47177410,3.72820091,8.23100758,8.79268074,0.19832399,0.02483612,-0.02841300,0.01252391,-0.04977100,0.00687253
canonical,arm,exp01,motion01_canonical,motion01,seg3,40.0,48.500000,9.95190907,9.71317005,0.06746519,0.02587776,-0.77048999,-0.67944741,5.56644392,3.94935346,8.21349812,8.84797287,-0.02799500,0.02473283,0.02061900,0.00751274,0.05781600,0.00122636
canonical,arm,exp01,motion01_canonical,motion01,seg3,40.0,48.525002,9.78706264,9.63579273,0.14017449,0.04274050,-1.15316999,-0.71610171,5.03908587,3.67504954,8.31049919,8.87860966,-0.10965600,0.03757757,0.06850300,0.02031167,-0.05414600,-0.00145327
canonical,arm,exp01,motion01_canonical,motion01,seg3,40.0,48.549999,9.43544197,9.67927647,0.17845577,0.04130295,-0.89211202,-0.63228834,4.88052988,3.93672919,8.02571583,8.81990719,0.15187199,0.03352386,-0.06203100,0.02341332,0.07023900,0.00582247
canonical,arm,exp01,motion01_canonical,motion01,seg3,40.0,48.575001,10.24330807,9.85212708,0.30673200,0.03255606,-0.87628901,-0.73004335,5.95026398,4.08504105,8.29167271,8.93554020,0.24593601,0.01936718,0.11875800,0.02153582,-0.13963000,-0.01486666
canonical,arm,exp01,motion01_canonical,motion01,seg3,40.0,48.599998,10.32113266,9.82661152,0.23389672,0.03931690,-1.27463603,-0.75444788,5.82148600,3.93356609,8.42682552,8.97330189,-0.22870401,0.00903862,0.00436500,0.02745062,0.04881700,-0.02665681
canonical,arm,exp01,motion01_canonical,motion01,seg3,40.0,48.625000,9.35866737,9.74034786,0.17597905,0.02772020,-0.84985399,-0.69440496,4.62432909,3.84908128,8.09184647,8.92058086,-0.16645800,-0.01683811,-0.05616600,0.01927617,0.01028300,-0.01064505
canonical,arm,exp01,motion01_canonical,motion01,seg3,40.0,48.650002,9.85641289,9.79507351,0.26867729,0.03664632,-0.95308399,-0.71702802,5.19631100,3.82823968,8.32098866,8.98743057,0.23373300,-0.03110410,0.11283600,0.01925402,-0.06945800,0.00218417
canonical,arm,exp01,motion01_canonical,motion01,seg3,40.0,48.674999,10.26371002,9.77287769,0.08980647,0.02675816,-1.23630095,-0.78870332,5.72907686,3.84006763,8.42573357,8.95214939,-0.08428200,-0.01197189,-0.01456300,0.01881464,0.02738000,0.01478790
canonical,arm,exp01,motion01_canonical,motion01,seg3,40.0,48.700001,9.49673557,9.74106216,0.12501256,0.01807289,-0.90912300,-0.74731380,4.97219896,3.93982315,8.03982067,8.87736511,-0.10974900,0.00835858,-0.01663100,0.00343505,0.05750400,0.01565132
canonical,arm,exp01,motion01_canonical,motion01,seg3,40.0,48.724998,9.76416111,9.80325317,0.20752616,0.03343787,-1.10571206,-0.75641316,5.21261311,3.97212553,8.18198681,8.93050003,0.19822501,0.03169912,0.04145600,-0.00634662,-0.04533600,0.00854268
canonical,arm,exp01,motion01_canonical,motion01,seg3,40.0,48.750000,10.23989487,9.76277256,0.06662859,0.01617433,-1.06156504,-0.75000983,5.86751986,3.94251180,8.32470703,8.89976501,0.05140100,0.00483946,-0.04183200,-0.01492681,0.00688400,0.00392158
canonical,arm,exp01,motion01_canonical,motion01,seg3,40.0,48.775002,9.79006481,9.78230572,0.22150080,0.02412273,-0.91495103,-0.70546269,5.23752689,3.91979933,8.22049522,8.93481922,-0.21398100,-0.00133303,-0.02805200,-0.02179375,0.04987800,0.01025483
canonical,arm,exp01,motion01_canonical,motion01,seg3,40.0,48.799999,9.62107849,9.74632359,0.04966502,0.03914913,-1.02474999,-0.71185917,4.92824078,3.86236787,8.19923687,8.91998863,0.04893100,-0.02510135,0.00112800,-0.02150459,0.00843200,0.02097926
canonical,arm,exp01,motion01_canonical,motion01,seg3,40.0,48.825001,9.89024258,9.66326714,0.11025725,0.03839874,-0.97561598,-0.69191360,5.47674608,3.89689755,8.17742825,8.81556511,0.10391500,0.00933491,-0.03311600,-0.02094879,0.01617600,0.03079725
canonical,arm,exp01,motion01_canonical,motion01,seg3,40.0,48.849998,9.82042408,9.56435680,0.08397432,0.03692378,-0.98059797,-0.72251654,5.46178722,3.84684110,8.10234737,8.72678089,-0.06911000,-0.00272001,-0.00816600,-0.02681536,0.04699800,0.02523694
canonical,arm,exp01,motion01_canonical,motion01,seg3,40.0,48.875000,9.57993221,9.63793945,0.12198038,0.03770075,-1.05006397,-0.76335615,4.86144018,3.76286530,8.18772697,8.84013653,-0.11196100,0.01147981,-0.01287500,-0.01955868,0.04667100,0.03011676
canonical,arm,exp01,motion01_canonical,motion01,seg3,40.0,48.900002,9.76138210,9.69911861,0.19872227,0.03332910,-0.96663600,-0.69243950,5.13761806,3.84791493,8.24348640,8.87620354,0.19740500,0.01703340,-0.02186800,-0.00366854,0.00660300,0.02841186
freeze1,arm,exp01,motion08_freeze1,motion08,seg3,40.0,0.000000,9.22630024,9.74765110,0.28788564,0.19185913,0.28916100,0.13594711,6.03758192,8.88047504,-6.97055292,-4.01688814,-0.22151899,-0.15148389,-0.18158600,-0.11638238,-0.02887900,-0.01782400
freeze1,arm,exp01,motion08_freeze1,motion08,seg3,40.0,0.025000,9.42077065,9.88554382,0.37508503,0.16175473,-0.29062900,0.09800627,6.51574707,9.13947487,-6.79790306,-3.76621580,0.35088000,-0.14903779,0.12512399,-0.06286731,0.04377200,-0.00016708
freeze1,arm,exp01,motion08_freeze1,motion08,seg3,40.0,0.050000,10.00237560,9.95421219,0.52857894,0.10183103,-0.40679801,0.17495842,7.61416483,9.29619408,-6.47352505,-3.55478501,0.52131599,-0.10165062,-0.01280500,-0.00571061,-0.08637900,0.00202496
freeze1,arm,exp01,motion08_freeze1,motion08,seg3,40.0,0.075000,10.34457302,9.83349991,0.04604774,0.07356763,0.12001800,0.30963829,8.16109467,9.21414757,-6.35549498,-3.42072010,-0.01527900,-0.05470107,0.03145100,0.04888976,0.02996300,0.00545714
freeze1,arm,exp01,motion08_freeze1,motion08,seg3,40.0,0.100000,9.88587666,9.77982426,0.59082168,0.06995557,-0.29773900,0.27875125,7.36172104,9.10078526,-6.59143209,-3.56972933,-0.58669603,-0.01886363,0.06634100,0.06539694,-0.02137600,0.01616122
freeze1,arm,exp01,motion08_freeze1,motion08,seg3,40.0,0.125000,9.38815594,9.82130718,0.46798611,0.06631647,-0.21422400,0.14606982,6.38369417,9.09962845,-6.88040876,-3.69235539,-0.46281400,0.01297297,-0.04184000,0.05359149,0.05535000,0.03684466
freeze1,arm,exp01,motion08_freeze1,motion08,seg3,40.0,0.150000,9.33607101,9.89078999,0.29818311,0.07610035,-0.01740400,0.24007568,6.33165216,9.21336079,-6.86091089,-3.58944035,0.29017100,0.04522030,0.06821100,0.05558194,0.00782500,0.02563270
freeze1,arm,exp01,motion08_freeze1,motion08,seg3,40.0,0.175000,9.94727230,9.81884575,0.66318113,0.08874759,-0.01188100,0.32310942,7.31673908,9.10339451,-6.73894691,-3.66518068,0.64029700,0.07586397,0.14669600,0.04515821,-0.09115500,0.00902934
freeze1,arm,exp01,motion08_freeze1,motion08,seg3,40.0,0.200000,10.22182369,9.64799309,0.14361456,0.05551201,-0.57650697,-0.04542879,7.71587086,8.85045910,-6.67971897,-3.84071255,0.05489800,0.04995400,0.13043000,0.02273398,0.02448200,-0.00832751
freeze1,arm,exp01,motion08_freeze1,motion08,seg3,40.0,0.225000,9.78385258,9.73657322,0.49547902,0.02947194,-0.65589601,0.05829526,7.04343081,8.97927856,-6.75896883,-3.76430774,-0.47039300,-0.01405467,-0.14988901,0.00221202,-0.04199000,-0.02581024
freeze1,arm,exp01,motion08_freeze1,motion08,seg3,40.0,0.250000,9.41158295,9.79934692,0.33055240,0.05156660,0.20311899,0.26374930,6.48432493,9.07191372,-6.81836987,-3.69567466,-0.29402900,-0.04137906,-0.14790399,-0.01100704,0.03059800,-0.02873557
freeze1,arm,exp01,motion08_freeze1,motion08,seg3,40.0,0.275000,9.34138870,9.82157326,0.25638098,0.03138153,0.03150300,0.28746060,6.56336689,9.17176151,-6.64701080,-3.50135183,0.21902400,-0.02356000,0.12066800,0.01492831,-0.05655900,-0.01438306
freeze1,arm,exp01,motion08_freeze1,motion08,seg3,40.0,0.300000,9.87769794,9.82740211,0.54905975,0.06226704,-0.36683300,0.21299680,7.38776779,9.19662571,-6.54639101,-3.45753479,0.53135997,-0.00818755,0.10474800,0.04628846,-0.09028300,-0.04083535
freeze1,arm,exp01,motion08_freeze1,motion08,seg3,40.0,0.325000,10.28861904,9.88233471,0.08049655,0.07150092,-0.06765000,0.37561730,7.92655087,9.15387344,-6.55903101,-3.70486832,0.04043000,0.02105451,-0.01878900,0.05967076,-0.06702300,-0.03329400
freeze1,arm,exp01,motion08_freeze1,motion08,seg3,40.0,0.350000,9.93456936,9.86379433,0.49569669,0.06796928,0.11159900,0.45452225,7.21993685,9.11679935,-6.82317591,-3.73788977,-0.49518600,0.05215333,-0.01270000,0.04344040,0.01856700,-0.00357554
freeze1,arm,exp01,motion08_freeze1,motion08,seg3,40.0,0.375000,9.14946461,9.63237762,0.30346248,0.06954279,-0.02985700,0.33093247,6.29815912,8.94489193,-6.63664103,-3.55838299,-0.30228800,0.05935815,0.00910900,0.03010829,0.02506900,0.02015691
freeze1,arm,exp01,motion08_freeze1,motion08,seg3,40.0,0.400000,9.27832985,9.70404911,0.26026261,0.04315143,-0.04403900,0.28253520,6.35086679,9.00988483,-6.76401997,-3.59314942,0.25420499,0.02071547,0.05574900,0.02350534,-0.00291600,0.02967178
freeze1,arm,exp01,motion08_freeze1,motion08,seg3,40.0,0.425000,9.79109764,9.73453617,0.44962192,0.04368578,-0.03148800,0.40839666,7.18048096,9.02330399,-6.65622187,-3.62965441,0.44437900,-0.00891347,0.06795400,-0.00151099,0.00833200,0.04274008
freeze1,arm,exp01,motion08_freeze1,motion08,seg3,40.0,0.450000,10.01907063,9.72523975,0.08169154,0.07422397,0.00129700,0.38802969,7.60788679,9.02101326,-6.51934290,-3.61262345,0.04222900,-0.01914809,0.02265700,-0.01728670,0.06615800,0.06959683
freeze1,arm,exp01,motion08_freeze1,motion08,seg3,40.0,0.475000,9.86782265,9.84108639,0.35756963,0.09464475,-0.21820700,0.25987095,7.15274000,9.11373901,-6.79445505,-3.70394492,-0.33932701,-0.03367686,-0.00915100,-0.04003986,0.11238100,0.07886892
freeze1,arm,exp01,motion08_freeze1,motion08,seg3,40.0,0.500000,9.55103683,9.89978790,0.20382015,0.09701316,-0.08599800,0.38165602,6.74206018,9.22835636,-6.76457977,-3.56336641,-0.15232100,-0.05615204,-0.10785200,-0.04397791,0.08190800,0.06576051
freeze1,arm,exp01,motion08_freeze1,motion08,seg3,40.0,0.525000,9.72453117,9.92709446,0.27319080,0.08268000,0.34338599,0.43532246,7.13619518,9.30085087,-6.59722090,-3.44265580,0.26820201,-0.07238659,0.04783300,0.00629758,0.02032000,0.03945256
freeze1,arm,exp01,motion08_freeze1,motion08,seg3,40.0,0.550000,10.22335148,9.98018837,0.20482373,0.07167462,-0.22386201,0.36019361,7.62716484,9.23672581,-6.80390692,-3.76262212,0.10983800,-0.05129249,0.17195900,0.02133425,-0.01784600,0.04528997
freeze1,arm,exp01,motion08_freeze1,motion08,seg3,40.0,0.575000,10.13463593,9.98912716,0.30925828,0.06495273,-0.29530299,0.35193661,7.39236403,9.25345898,-6.92651415,-3.74597239,-0.27239200,-0.04043928,-0.11042400,-0.01669513,0.09617600,0.04800828
freeze1,arm,exp01,motion08_freeze1,motion08,seg3,40.0,0.600000,9.71930695,9.93277836,0.28968811,0.06776397,0.34910601,0.49927905,6.94628096,9.22620296,-6.78912687,-3.64526963,-0.27170700,-0.03603845,-0.08123700,-0.02326874,0.05911900,0.05245714
freeze1,arm,exp01,motion08_freeze1,motion08,seg3,40.0,0.625000,9.65361786,9.90722179,0.10791076,0.06520825,0.06588000,0.39140084,6.76668787,9.19447041,-6.88476086,-3.66900015,0.00294700,-0.04038478,0.09745200,-0.01533065,0.04625100,0.04884829
freeze1,arm,exp01,motion08_freeze1,motion08,seg3,40.0,0.650000,9.96614647,10.01147652,0.25184777,0.06769735,-0.33288801,0.30227959,7.14454889,9.27123165,-6.94036579,-3.76597333,0.25154501,-0.06054596,0.01046400,-0.02398359,0.00655100,0.01849066
freeze1,arm,exp01,motion08_freeze1,motion08,seg3,40.0,0.675000,10.30149174,10.02283859,0.10936400,0.07278811,0.07485300,0.42809618,7.66996908,9.27304554,-6.87653303,-3.77950382,0.07742300,-0.06295578,-0.07553200,-0.03505340,-0.01615800,-0.01029264
freeze1,arm,exp01,motion08_freeze1,motion08,seg3,40.0,0.700000,9.94884300,9.88766670,0.30608529,0.03715215,0.05801600,0.49197829,7.40654707,9.17226410,-6.64222622,-3.65970874,-0.30330700,-0.02351953,-0.03179400,-0.02642674,0.02611900,-0.01134642
freeze1,arm,exp01,motion08_freeze1,motion08,seg3,40.0,0.725000,9.64034367,9.94876671,0.19288024,0.01967591,-0.02652400,0.37813941,6.80828285,9.28190231,-6.82515907,-3.56107545,-0.18891500,0.01075626,-0.03826200,-0.00572433,-0.00706600,-0.01544915
freeze1,arm,exp01,motion08_freeze1,motion08,seg3,40.0,0.750000,9.66804790,9.83493519,0.14635403,0.03584319,0.01798000,0.36184570,6.86443806,9.10281181,-6.80810690,-3.70591784,0.14045800,0.02047549,0.00376200,-0.00706971,-0.04095000,-0.02855709
freeze1,arm,exp01,motion08_freeze1,motion08,seg3,40.0,0.775000,9.73945045,9.70554829,0.09895658,0.03723662,-0.10756400,0.34269169,7.11809015,8.97392559,-6.64666224,-3.68088150,0.09700700,0.01085952,-0.00405400,-0.02649261,-0.01912100,-0.02380710
freeze1,arm,exp01,motion08_freeze1,motion08,seg3,40.0,0.800000,9.65697861,9.72956848,0.05514828,0.03330303,-0.08538300,0.36442477,7.14832401,9.06754208,-6.49241209,-3.50875711,-0.00939600,0.00324142,-0.05341000,-0.01944832,-0.01002100,-0.02683929
freeze1,arm,exp01,motion08_freeze1,motion08,seg3,40.0,0.825000,9.66219234,9.79344749,0.05388479,0.03655923,0.10826500,0.38619238,7.14243984,9.15403080,-6.50628805,-3.45921707,0.02248900,-0.00084792,-0.01762400,0.01253384,-0.04568600,-0.03433309
freeze1,arm,exp01,motion08_freeze1,motion08,seg3,40.0,0.850000,9.84394836,9.82991600,0.09299251,0.04225795,-0.16601001,0.30508813,7.14884281,9.11053944,-6.76533890,-3.67861867,0.00567600,0.01054731,0.07704600,0.01821866,-0.05176200,-0.03664108
freeze1,arm,exp01,motion08_freeze1,motion08,seg3,40.0,0.875000,9.70114422,9.75138664,0.14239529,0.03617677,-0.27254701,0.22934197,6.95052195,8.99482346,-6.76225996,-3.75900149,-0.12381000,0.03169200,-0.07004100,-0.01042771,-0.00646200,-0.01398709
freeze1,arm,exp01,motion08_freeze1,motion08,seg3,40.0,0.900000,9.47829723,9.75688076,0.04274494,0.02960752,-0.05870900,0.22295091,6.74400711,9.08552647,-6.65980816,-3.54967856,-0.01705100,0.02234617,-0.02793400,-0.01829140,0.02749700,-0.00653289
freeze1,arm,exp01,motion08_freeze1,motion08,seg3,40.0,0.925000,9.65802383,9.89122391,0.30840662,0.02947082,-0.05784200,0.37655643,7.05652189,9.26379204,-6.59390402,-3.44625473,0.29944700,-0.00349309,0.01916500,0.01048775,-0.07126600,-0.02731913
freeze1,arm,exp01,motion08_freeze1,motion08,seg3,40.0,0.950000,10.14497280,9.92687225,0.21111028,0.03536277,0.06387800,0.38691211,7.65169191,9.22844219,-6.66093016,-3.63716030,0.19966900,-0.00004107,0.05165700,0.02936658,-0.04507100,-0.01970096
freeze1,arm,exp01,motion08_freeze1,motion08,seg3,40.0,0.975000,10.14127350,9.97546959,0.24538286,0.01355743,-0.30226699,0.29875648,7.43903112,9.25115395,-6.88584614,-3.71979642,-0.24399900,-0.01241027,0.02440200,-0.00097000,0.00904300,-0.00537105
freeze1,arm,exp01,motion08_freeze1,motion08,seg3,40.0,1.000000,9.65553856,9.94236565,0.28613055,0.03000659,-0.07638400,0.38584507,6.90209198,9.26749229,-6.75164604,-3.57985210,-0.24318901,-0.01262164,-0.14819600,-0.02700732,0.02770800,0.00341964
freeze1,arm,exp01,motion08_freeze1,motion08,seg3,40.0,1.025000,9.62707138,9.91565514,0.10748341,0.01173380,0.33493999,0.39863077,6.88849115,9.27306557,-6.71691990,-3.48877668,0.10328200,-0.00131998,0.02732100,0.00006750,0.01179300,0.01165912
freeze1,arm,exp01,motion08_freeze1,motion08,seg3,40.0,1.050000,9.96235657,9.94373703,0.28589842,0.01014460,-0.32429200,0.27906850,7.24753380,9.23348236,-6.82763815,-3.68005848,0.24660701,0.00524088,0.13950400,0.00066055,-0.03823000,0.00866081
freeze1,arm,exp01,motion08_freeze1,motion08,seg3,40.0,1.075000,10.00463009,9.83581734,0.10476501,0.03584982,-0.34839100,0.19083096,7.43314600,9.11927128,-6.68727016,-3.68045855,-0.03699800,0.00300658,-0.08773100,-0.02953881,0.04370500,0.02009051
freeze1,arm,exp01,motion08_freeze1,motion08,seg3,40.0,1.100000,9.70614719,9.86937618,0.20952974,0.03815128,-0.03200200,0.25479439,7.11056519,9.21707439,-6.60667276,-3.51926231,-0.19779600,-0.01795169,-0.04387000,-0.02461786,0.05343100,0.02296124
freeze1,arm,exp01,motion08_freeze1,motion08,seg3,40.0,1.125000,9.65322971,9.80726433,0.02466826,0.03112456,-0.01751000,0.37772968,6.97813606,9.13658142,-6.67009497,-3.54438233,-0.02208600,-0.02483924,0.00462500,0.00580608,-0.00996700,0.01783366
freeze1,arm,exp01,motion08_freeze1,motion08,seg3,40.0,1.150000,9.80714417,9.86432076,0.05473733,0.03355179,-0.04376900,0.34701136,7.05522203,9.14936733,-6.81190109,-3.67062545,0.03766500,-0.02503967,0.02273000,-0.00186465,0.03257100,0.02225446
freeze1,arm,exp01,motion08_freeze1,motion08,seg3,40.0,1.175000,9.85161877,9.83220959,0.01344249,0.03710780,-0.10773100,0.34895530,7.17245913,9.11802197,-6.75267506,-3.66227388,0.00745000,-0.03030118,-0.01108900,-0.01232304,0.00149400,0.01752056
freeze1,arm,exp01,motion08_freeze1,motion08,seg3,40.0,1.200000,9.83191490,9.81219864,0.07665962,0.03164621,0.00425500,0.40196306,7.14150381,9.09443378,-6.75762177,-3.66182113,-0.06755700,-0.02385107,-0.01767000,-0.01352255,0.03163100,0.01580347
freeze1,arm,exp01,motion08_freeze1,motion08,seg3,40.0,1.225000,9.63216782,9.73004341,0.11689752,0.03385709,-0.02943000,0.36765167,6.99729300,9.02789021,-6.61934090,-3.61050820,-0.11442700,-0.02565462,-0.01703900,-0.01904827,0.01676800,0.01119404
freeze1,arm,exp01,motion08_freeze1,motion08,seg3,40.0,1.250000,9.66235542,9.90897751,0.05475914,0.03238146,-0.07254000,0.34830490,6.94364309,9.25057030,-6.71875477,-3.53460932,0.05436600,-0.02797250,-0.00654900,-0.01616695,0.00011100,-0.00217434
freeze1,arm,exp01,motion08_freeze1,motion08,seg3,40.0,1.275000,9.82748127,9.78766155,0.15831818,0.01644703,-0.02529600,0.38554212,7.29503012,9.11308002,-6.58492804,-3.54985142,0.15570600,-0.01132403,0.00235100,-0.00414292,-0.02854400,-0.01118514
freeze1,arm,exp01,motion08_freeze1,motion08,seg3,40.0,1.300000,9.98305511,9.85782242,0.07189257,0.03418034,-0.10715000,0.35459420,7.31744719,9.14857101,-6.79005718,-3.65439034,-0.07089600,0.00024564,-0.01179700,-0.02987752,-0.00176900,-0.01660028
freeze1,arm,exp01,motion08_freeze1,motion08,seg3,40.0,1.325000,9.65299797,9.76863289,0.16166571,0.05042694,-0.09592600,0.35132986,7.05283785,9.09206200,-6.59004211,-3.55487943,-0.12694700,0.00253217,-0.10003200,-0.04165491,0.00372300,-0.02830781
freeze1,arm,exp01,motion08_freeze1,motion08,seg3,40.0,1.350000,9.55837727,9.84929562,0.04600868,0.03902554,0.06497200,0.35146317,6.91946602,9.18901062,-6.59388685,-3.52805567,0.01178900,0.01215572,-0.02869700,-0.01750872,-0.03397500,-0.03269061
freeze1,arm,exp01,motion08_freeze1,motion08,seg3,40.0,1.375000,9.91828918,10.02455139,0.19852605,0.04990365,-0.11072300,0.36920235,7.09877396,9.29814243,-6.92586517,-3.72825241,0.19466799,0.04370509,0.02615900,-0.00808146,-0.02885600,-0.02269205
freeze1,arm,exp01,motion08_freeze1,motion08,seg3,40.0,1.400000,9.95579243,9.89358139,0.09181390,0.05143955,-0.03866900,0.37325078,7.32154179,9.17229176,-6.74620819,-3.68953943,0.08096100,0.04219583,-0.04189100,-0.02801474,-0.01096600,-0.00898411
freeze1,arm,exp01,motion08_freeze1,motion08,seg3,40.0,1.425000,9.73002148,9.75302410,0.12303884,0.02664981,-0.04230100,0.30549395,7.19006777,9.08159447,-6.55549097,-3.54299283,-0.11666600,-0.00224613,-0.02094600,-0.02642259,0.03299800,-0.00264843
freeze1,arm,exp01,motion08_freeze1,motion08,seg3,40.0,1.450000,9.65921116,9.84179783,0.04572130,0.03287807,-0.16296300,0.31338722,7.00187302,9.19900227,-6.65188503,-3.48441195,-0.03514200,-0.02984684,-0.02033600,-0.01065789,-0.02102200,-0.00874888
freeze1,arm,exp01,motion08_freeze1,motion08,seg3,40.0,1.475000,9.85455704,9.88516712,0.04971580,0.02947663,-0.02543500,0.28356126,7.15095901,9.17430782,-6.78051805,-3.66990471,0.04758400,-0.02566621,-0.01152800,-0.01139434,-0.00863300,-0.00896025
freeze1,arm,exp01,motion08_freeze1,motion08,seg3,40.0,1.500000,9.80195522,9.82925606,0.05469149,0.03292340,-0.27088499,0.19859312,7.15027618,9.12523270,-6.69914103,-3.64759660,-0.04982300,-0.01496993,0.01769800,-0.02904370,0.01398600,0.00403922
freeze1,arm,exp01,motion08_freeze1,motion08,seg3,40.0,1.525000,9.68740273,9.81367588,0.10374857,0.04147446,-0.28690600,0.17787068,6.99117184,9.12413788,-6.69977379,-3.60925126,-0.07491100,-0.01601989,-0.06608700,-0.03568283,0.02801100,0.01379236
freeze1,arm,exp01,motion08_freeze1,motion08,seg3,40.0,1.550000,9.70681667,9.89658833,0.08737683,0.03173237,0.00752900,0.32013816,7.06832504,9.23478031,-6.65289497,-3.54383945,0.07090600,-0.02390573,-0.04814400,-0.01973162,0.01700600,0.00679136
freeze1,arm,exp01,motion08_freeze1,motion08,seg3,40.0,1.575000,9.98531437,9.99493885,0.11747832,0.02146079,0.00777600,0.31877384,7.31731892,9.28451061,-6.79435778,-3.68714619,0.10007600,-0.01774320,0.05810100,0.00078277,-0.02025400,0.01204705
freeze1,arm,exp01,motion08_freeze1,motion08,seg3,40.0,1.600000,10.00749016,9.97355366,0.07819189,0.03407454,-0.25344300,0.33237046,7.31518602,9.24984741,-6.82449102,-3.71505284,-0.06926400,-0.02291318,0.00486900,-0.00617520,0.03595500,0.02445256
freeze1,arm,exp01,motion08_freeze1,motion08,seg3,40.0,1.625000,9.88998890,9.89997959,0.20939548,0.05391125,-0.05187900,0.28781423,7.08213377,9.16269016,-6.90308380,-3.73789644,-0.19179299,-0.03005439,-0.07005400,-0.03132055,0.04641500,0.03197154
freeze1,arm,exp01,motion08_freeze1,motion08,seg3,40.0,1.650000,9.51293468,9.79849052,0.12400296,0.06900898,-0.05223500,0.34093496,6.82212591,9.12161064,-6.62961483,-3.56235981,-0.10660100,-0.03936474,0.00049400,-0.03307703,0.06334600,0.04602789
freeze1,arm,exp01,motion08_freeze1,motion08,seg3,40.0,1.675000,9.67137146,9.86504650,0.15185983,0.07803495,-0.05976900,0.32441980,7.01507807,9.22772789,-6.65736723,-3.47317338,0.14771700,-0.06252974,0.00391500,-0.01073613,0.03501100,0.04543370
freeze1,arm,exp01,motion08_freeze1,motion08,seg3,40.0,1.700000,10.06474495,9.92212582,0.13545689,0.07173413,-0.10368800,0.29136983,7.47146416,9.23190975,-6.74281597,-3.62429643,0.11906900,-0.06096127,0.06413400,-0.00475055,0.00761400,0.03750921
freeze1,arm,exp01,motion08_freeze1,motion08,seg3,40.0,1.725000,9.92803764,9.89848709,0.11623974,0.04948227,-0.20692401,0.37389332,7.49197578,9.25506210,-6.51102209,-3.49056959,-0.10715200,-0.03750180,-0.01707300,0.00431874,0.04169700,0.03199154
freeze1,arm,exp01,motion08_freeze1,motion08,seg3,40.0,1.750000,9.72861958,9.74682331,0.22532347,0.04334479,0.11820100,0.32909754,7.17798281,9.10291958,-6.56571579,-3.46830106,-0.22391801,-0.01850851,-0.01231300,0.02351743,0.02190400,0.03135500
freeze1,arm,exp01,motion08_freeze1,motion08,seg3,40.0,1.775000,9.39372063,9.59347248,0.22067992,0.05424914,-0.16948301,0.25566533,6.76149988,8.91955757,-6.51884794,-3.52290392,-0.19883800,-0.01399276,0.09141900,0.03103464,0.02838400,0.04223770
freeze1,arm,exp01,motion08_freeze1,motion08,seg3,40.0,1.800000,9.50683689,9.84580994,0.10208371,0.04887539,-0.26843101,0.25217637,6.65446377,9.18678188,-6.78424692,-3.53262138,0.09072800,-0.01677479,-0.00838400,0.01301377,0.04603500,0.04402331
freeze1,arm,exp01,motion08_freeze1,motion08,seg3,40.0,1.825000,9.81844425,9.84273338,0.41183925,0.04615305,0.15871300,0.34380040,7.38144016,9.25476646,-6.47232485,-3.33324099,0.40559101,-0.01042127,0.06020500,0.04147285,-0.03850800,0.01736388
freeze1,arm,exp01,motion08_freeze1,motion08,seg3,40.0,1.850000,10.11591339,9.73235035,0.17584269,0.05816780,-0.16674399,0.35620838,7.83136082,9.10935497,-6.40106821,-3.40755343,0.08069600,0.00196235,0.15199099,0.05803061,-0.03616000,0.00347717
freeze1,arm,exp01,motion08_freeze1,motion08,seg3,40.0,1.875000,9.85038471,9.66568565,0.41457611,0.04758449,-0.29535699,0.28327951,7.32980013,8.98199368,-6.57395411,-3.55935717,-0.41091999,0.00201205,-0.05448200,0.04732389,0.00706000,-0.00454806
freeze1,arm,exp01,motion08_freeze1,motion08,seg3,40.0,1.900000,9.50547791,9.84990978,0.33376768,0.02115941,0.07486300,0.27485210,6.51398993,9.14136314,-6.92217016,-3.65795779,-0.33031499,0.00685519,-0.04774200,0.01916081,0.00368500,-0.00579575
freeze1,arm,exp01,motion08_freeze1,motion08,seg3,40.0,1.925000,9.37728310,9.85063076,0.25314361,0.01689841,-0.10914500,0.33386302,6.48965693,9.18186569,-6.76800394,-3.55201387,0.24326700,0.01190555,0.06730600,0.00918552,-0.01930700,-0.00770974
freeze1,arm,exp01,motion08_freeze1,motion08,seg3,40.0,1.950000,9.89910412,9.87069416,0.57987612,0.06002451,0.06459400,0.40603164,7.48096991,9.25844288,-6.48252916,-3.39808369,0.57046002,-0.00459852,0.05383500,0.05230296,-0.08907000,-0.02908945
freeze1,arm,exp01,motion08_freeze1,motion08,seg3,40.0,1.975000,10.59109592,10.08507824,0.20352484,0.09216761,0.02957400,0.51048088,8.17168522,9.42576504,-6.73750687,-3.55009413,0.14804500,-0.01050667,0.10024000,0.06804025,-0.09724700,-0.06127807
slow1,arm,exp01,motion03_slow1,motion03,seg2,40.0,34.000000,11.88260555,10.74445152,1.69236612,0.98503834,-2.61845994,-1.93363583,9.53560352,6.95491028,6.58879805,7.95823526,1.64811301,0.90006202,0.23533399,0.18176781,0.30404699,0.35658020
slow1,arm,exp01,motion03_slow1,motion03,seg2,40.0,34.025002,12.49609661,10.78541470,0.39891794,0.35571888,-1.55113101,-1.47920859,10.26166153,7.23954725,6.96022415,7.85659361,-0.11388500,0.08147689,0.03952200,0.08395048,0.38026801,0.33593118
slow1,arm,exp01,motion03_slow1,motion03,seg2,40.0,34.049999,9.94184971,9.10054302,1.17790854,0.40183637,-0.79452902,-0.76892310,7.68969011,5.67918396,6.25122118,7.06933546,-1.16510797,-0.35615534,0.08847700,0.14650774,0.14887500,0.11472283
slow1,arm,exp01,motion03_slow1,motion03,seg2,40.0,34.075001,7.53909779,9.65956783,0.42526671,0.34871444,-0.95558900,-1.23969781,5.34076118,6.54760504,5.23460722,6.99280119,-0.24627300,-0.29221475,0.34607700,0.18839723,-0.02078700,0.02681042
slow1,arm,exp01,motion03_slow1,motion03,seg2,40.0,34.099998,10.45896912,9.68733311,0.43977469,0.22326638,-2.38751602,-1.50134814,8.05382442,6.51178932,6.23102808,7.01334286,0.41351199,-0.17128469,0.14539000,0.11407052,0.03565600,0.08658722
slow1,arm,exp01,motion03_slow1,motion03,seg2,40.0,34.125000,10.87924862,10.21891975,0.48765981,0.35583228,-0.78948498,-1.32968235,8.56982422,6.86334038,6.65529013,7.45337725,-0.45199800,-0.27872351,0.05194300,0.12894841,0.17553300,0.17972791
slow1,arm,exp01,motion03_slow1,motion03,seg2,40.0,34.150002,9.58084583,9.70945454,0.55004752,0.40537485,-1.88044298,-1.35597098,7.43206978,6.51074600,5.74637985,7.07425117,-0.41391101,-0.35927448,0.33904800,0.17931607,0.12757900,0.05564488
slow1,arm,exp01,motion03_slow1,motion03,seg2,40.0,34.174999,9.93072414,9.68913460,0.47446090,0.39625463,-1.08178604,-1.30586934,7.50475407,6.18547106,6.41308689,7.34261417,-0.40084201,-0.31737909,0.09589800,0.22768602,-0.23503700,-0.06668831
slow1,arm,exp01,motion03_slow1,motion03,seg2,40.0,34.200001,9.99925995,10.53033352,0.64357132,0.69430679,-1.96254206,-1.54838741,7.37315512,6.79696703,6.46298790,7.89250612,-0.52150297,-0.67944980,0.35639200,0.12646277,0.12330200,0.06646103
slow1,arm,exp01,motion03_slow1,motion03,seg2,40.0,34.224998,10.55350876,9.57853985,1.29619968,1.03471434,-2.18842697,-1.83772659,7.72163105,5.59219456,6.85301018,7.55635786,-1.28702605,-1.01139605,-0.02043900,0.05388733,0.15257700,0.21167904
slow1,arm,exp01,motion03_slow1,motion03,seg2,40.0,34.250000,8.54955101,9.48456383,1.21638393,0.76711154,-1.55871606,-1.52038693,5.26034403,5.21227884,6.55698109,7.77673006,-1.20111203,-0.75642419,0.08078000,0.03465387,0.17433999,0.12280744
slow1,arm,exp01,motion03_slow1,motion03,seg2,40.0,34.275002,9.37015057,9.80759430,0.14298019,0.74315530,-1.76986206,-1.49196517,6.07944918,5.46305037,6.90707016,8.00737286,-0.11505400,-0.74160284,0.07337800,0.03059310,-0.04268000,0.03700076
slow1,arm,exp01,motion03_slow1,motion03,seg2,40.0,34.299999,11.74644756,10.63541031,0.73370302,1.15047634,-1.69428003,-1.55053687,8.83182240,6.29948616,7.55694103,8.42758942,-0.73002398,-1.14920974,0.07077300,0.02386990,-0.01939800,0.04840514
slow1,arm,exp01,motion03_slow1,motion03,seg2,40.0,34.325001,11.78348160,10.23458004,2.41735578,2.09477639,-1.67141104,-1.38989174,9.01523209,5.85244083,7.40151405,8.28032398,-2.41664600,-2.09299445,0.02372000,-0.01183076,0.05356200,0.08556738
slow1,arm,exp01,motion03_slow1,motion03,seg2,40.0,34.349998,8.45687866,9.30757618,3.45912290,2.21813726,-1.77710605,-1.49001729,4.86700821,4.50525570,6.68378019,8.00709057,-3.45716405,-2.21355319,-0.03883500,-0.10207264,0.10972200,0.09947959
slow1,arm,exp01,motion03_slow1,motion03,seg2,40.0,34.375000,7.81965303,9.41335773,1.55373836,1.90239680,-1.66424704,-1.29495478,2.67268991,4.02826500,7.15779209,8.40877342,-1.54019201,-1.89044118,-0.18210100,-0.17134093,0.09354500,0.12644379
slow1,arm,exp01,motion03_slow1,motion03,seg2,40.0,34.400002,10.47261143,8.94912052,1.15850604,1.27633488,-1.05902898,-1.09967613,5.29565191,2.89854407,8.97274303,8.39499283,-1.15624905,-1.26510608,-0.03248600,-0.09739404,0.06456800,0.13802728
slow1,arm,exp01,motion03_slow1,motion03,seg2,40.0,34.424999,8.94295597,9.99490166,1.16804886,0.87774116,-1.31107998,-1.12108457,3.13772893,3.80248451,8.27116585,9.17509365,-1.14076400,-0.86066562,0.08968200,0.08495951,0.23442000,0.14988676
slow1,arm,exp01,motion03_slow1,motion03,seg2,40.0,34.450001,10.89160252,9.50183964,0.63781983,1.38084948,-1.17214894,-1.14057636,6.03256512,2.98689246,8.99228668,8.94776630,-0.54195100,-1.36506820,0.31235501,0.18975766,-0.12465000,0.08559202
slow1,arm,exp01,motion03_slow1,motion03,seg2,40.0,34.474998,9.92127132,9.65145016,2.33049822,1.44397557,-1.83556402,-1.35081172,5.11895084,3.21942496,8.29811287,8.99783802,-2.31683612,-1.43167078,0.21829399,0.18342103,0.12585799,0.04172599
slow1,arm,exp01,motion03_slow1,motion03,seg2,40.0,34.500000,8.35694981,9.84249973,1.70937431,1.63087535,-2.03367805,-1.82268810,2.55757809,3.06863379,7.69165516,9.17257309,-1.70106399,-1.62870502,0.16043501,0.03744969,-0.05101200,0.07531304
slow1,arm,exp01,motion03_slow1,motion03,seg2,40.0,34.525002,9.83319092,9.57973576,1.28647900,1.38600099,-2.83427095,-1.83931124,3.55551910,1.85039949,8.71876335,9.21760750,-1.26518703,-1.36846566,-0.14204000,-0.17884851,0.18481000,0.12772430
slow1,arm,exp01,motion03_slow1,motion03,seg2,40.0,34.549999,8.92505264,9.49147797,1.56050408,1.07599020,-1.37719703,-1.41695201,2.20281100,1.59740257,8.53859043,9.24817276,-1.51033604,-1.03191686,-0.39033300,-0.29838511,0.04120400,0.06219940
slow1,arm,exp01,motion03_slow1,motion03,seg2,40.0,34.575001,9.63252544,9.78317261,0.52407151,0.98852545,-1.51268995,-1.02869391,2.34204602,2.13867474,9.22020245,9.49096012,-0.47390801,-0.94225651,-0.22247800,-0.29886723,0.02378400,0.00368419
slow1,arm,exp01,motion03_slow1,motion03,seg2,40.0,34.599998,11.15805531,10.19229412,0.74944264,1.06578410,-0.59639001,-0.77393955,4.61624384,2.33605313,10.14084816,9.89073944,-0.72008502,-1.05715060,-0.20755200,-0.12269279,-0.00800100,0.05722578
slow1,arm,exp01,motion03_slow1,motion03,seg2,40.0,34.625000,11.07151699,10.31545353,2.04437232,1.76220334,-1.19166803,-1.05155921,4.57179308,2.14660478,10.01284790,10.03468418,-2.02249599,-1.75749874,0.26928601,0.02492269,0.12827000,0.12624544
slow1,arm,exp01,motion03_slow1,motion03,seg2,40.0,34.650002,9.30632114,9.52993870,2.72144413,1.85096622,-2.01638389,-1.17854607,1.83726203,0.60107487,8.89754295,9.43766212,-2.71989489,-1.85004902,-0.05976200,0.00021384,0.06970500,0.05826283
slow1,arm,exp01,motion03_slow1,motion03,seg2,40.0,34.674999,8.72623730,9.59963703,1.54124177,1.47972989,-1.08373702,-1.19706643,-0.51410699,0.04747228,8.64340401,9.52458954,-1.53622794,-1.47534382,-0.01774500,-0.08318742,-0.12294300,-0.07772622
slow1,arm,exp01,motion03_slow1,motion03,seg2,40.0,34.700001,10.13313103,9.82860184,0.80415821,1.30838001,-1.97966504,-1.11620963,1.32138705,-0.05751684,9.84962940,9.76484394,-0.78061903,-1.29502702,-0.08783600,-0.12068457,-0.17201500,-0.14212173
slow1,arm,exp01,motion03_slow1,motion03,seg2,40.0,34.724998,10.80931377,10.16581535,1.62042820,1.58313262,-0.75876600,-1.11171353,2.47493601,0.11792113,10.49477196,10.10415745,-1.60217500,-1.57573438,-0.06415500,-0.01261139,-0.23389600,-0.15235141
slow1,arm,exp01,motion03_slow1,motion03,seg2,40.0,34.750000,10.12250805,10.03048801,2.41542745,1.83924985,-1.82082105,-1.14980674,0.73048300,-0.40521955,9.93056774,9.95612526,-2.40144801,-1.83237910,0.24245299,0.09441715,-0.09248400,-0.12771893
slow1,arm,exp01,motion03_slow1,motion03,seg2,40.0,34.775002,9.53997612,9.80390358,2.07013202,1.77136469,-1.38017499,-1.23704934,-1.15565097,-1.28723192,9.36860371,9.63998318,-2.06302190,-1.76680028,0.03271700,0.09850013,-0.16827700,-0.08029734
slow1,arm,exp01,motion03_slow1,motion03,seg2,40.0,34.799999,9.31398678,9.73053551,1.26035619,1.34342265,-1.89097500,-1.35077858,-1.54039097,-1.51083469,8.98897934,9.51714802,-1.24376798,-1.34093082,0.19201399,0.02661095,-0.06833300,-0.07733504
slow1,arm,exp01,motion03_slow1,motion03,seg2,40.0,34.825001,9.91279793,9.84934902,1.21403635,1.56473339,-1.91360199,-1.36086178,-0.04207600,-1.58461046,9.72624874,9.62531757,-1.20214605,-1.56328738,-0.13291000,-0.06656727,-0.10518600,-0.00957606
slow1,arm,exp01,motion03_slow1,motion03,seg2,40.0,34.849998,9.83264160,9.70001125,2.27828169,2.07136393,-1.10058999,-0.98631608,0.34354201,-1.69553947,9.76480961,9.49960709,-2.27818799,-2.07042837,-0.00535400,-0.05336248,0.01995500,0.03204557
slow1,arm,exp01,motion03_slow1,motion03,seg2,40.0,34.875000,9.00528717,9.58950996,2.94847512,2.23694539,-1.42054200,-0.96158350,-1.77833605,-3.13793802,8.71290874,9.01040459,-2.94808412,-2.23666382,0.03585000,-0.03410678,-0.03192900,-0.00977822
slow1,arm,exp01,motion03_slow1,motion03,seg2,40.0,34.900002,10.16085815,9.67342091,2.25091481,1.65117967,-1.54400504,-1.09758902,-4.93094206,-3.99969697,8.74899387,8.73915291,-2.24721909,-1.64362335,-0.08008600,-0.08505428,-0.10104600,-0.13289854
slow1,arm,exp01,motion03_slow1,motion03,seg2,40.0,34.924999,9.57849503,9.60509491,0.65436685,1.24289608,-1.59527504,-1.17164695,-4.31341314,-3.83247209,8.40221024,8.72910309,-0.59809500,-1.22543645,-0.05447200,-0.14024392,-0.25982901,-0.15306185
slow1,arm,exp01,motion03_slow1,motion03,seg2,40.0,34.950001,9.96476364,9.51251984,1.24297822,1.14064407,-1.09939802,-0.81409395,-2.52385807,-4.44092703,9.57695007,8.37278080,-1.23016000,-1.13930035,-0.17752799,-0.04915242,-0.01360500,-0.02544808
slow1,arm,exp01,motion03_slow1,motion03,seg2,40.0,34.974998,9.88727093,9.60313320,1.52572358,1.07486022,-1.08404601,-0.95571274,-4.63302994,-4.22003508,8.66706467,8.57310200,-1.50647497,-1.07349598,0.22965100,0.04302541,0.07500700,0.03286112
slow1,arm,exp01,motion03_slow1,motion03,seg2,40.0,35.000000,9.64633274,9.77095604,0.50984806,0.76222491,-1.90263903,-1.29881191,-4.30524588,-4.59890604,8.42000866,8.52260208,-0.48224899,-0.75673789,0.09555700,0.07660308,-0.13509201,-0.04966501
slow1,arm,exp01,motion03_slow1,motion03,seg2,40.0,35.025002,9.88491154,10.08090782,0.39100718,0.55842280,-1.88193405,-1.40504074,-3.28858900,-3.99413157,9.12989521,9.14863300,-0.38797501,-0.55244499,0.03871500,-0.00959425,-0.02938000,-0.08092269
slow1,arm,exp01,motion03_slow1,motion03,seg2,40.0,35.049999,9.48873425,9.88439465,0.79088175,0.82564473,-1.95838404,-1.32169604,-2.56824493,-4.08347893,8.92215919,8.90390778,-0.76593399,-0.81347156,-0.12161100,-0.12081677,-0.15508001,-0.07318886
slow1,arm,exp01,motion03_slow1,motion03,seg2,40.0,35.075001,9.56054306,9.70294094,1.44356704,0.98882937,-1.34550500,-1.04428494,-3.56882691,-4.70047760,8.76681614,8.42389774,-1.42606294,-0.96750891,-0.22401799,-0.18287382,-0.00679900,-0.09092440
slow1,arm,exp01,motion03_slow1,motion03,seg2,40.0,35.099998,10.29941654,9.59385395,1.24837244,0.78348309,-0.89702201,-0.57893181,-6.05392599,-5.30698252,8.28391838,7.97137451,-1.23405099,-0.77474886,-0.17195900,-0.10640270,-0.07734400,-0.04783674
slow1,arm,exp01,motion03_slow1,motion03,seg2,40.0,35.125000,10.13353157,9.89280128,0.31660640,0.58265591,-1.05538297,-1.05284476,-5.86595488,-5.32809782,8.19543839,8.26864052,-0.26423001,-0.58035350,0.16620000,-0.04713300,0.05291200,0.02135837
slow1,arm,exp01,motion03_slow1,motion03,seg2,40.0,35.150002,9.74205399,9.87417221,0.17273311,0.68519068,-2.43987298,-1.24747503,-3.24080300,-5.16428709,8.85730362,8.32305431,-0.10882500,-0.67856872,-0.11713000,-0.09391968,-0.06537900,-0.01448631
slow1,arm,exp01,motion03_slow1,motion03,seg2,40.0,35.174999,9.37960911,9.71818161,1.37200403,0.69085997,-0.79520398,-0.99696350,-3.88811302,-5.18157578,8.49866390,8.16090584,-1.36196804,-0.67821890,-0.16316500,-0.12012296,-0.02855600,-0.05363846
slow1,arm,exp01,motion03_slow1,motion03,seg2,40.0,35.200001,10.27433300,9.73151970,0.89760363,0.60242605,-1.58579302,-0.76495934,-6.59253788,-5.58877945,7.71917200,7.92987156,-0.89539099,-0.58748043,-0.06188200,-0.11922755,-0.01174400,-0.05973854
slow1,arm,exp01,motion03_slow1,motion03,seg2,40.0,35.224998,9.54422760,9.68666935,0.23160526,0.78989971,-0.92535502,-0.77755636,-4.80580711,-5.33702326,8.19391346,8.04631329,0.05228400,-0.77048653,-0.20012900,-0.16755138,-0.10419100,-0.04710157
slow1,arm,exp01,motion03_slow1,motion03,seg2,40.0,35.250000,8.98177052,9.60738945,1.27876031,1.06348300,-1.42068303,-1.02709424,-2.94048500,-5.60918999,8.36704254,7.73201180,-1.27541900,-1.04783010,-0.02471300,-0.16446529,-0.08901500,-0.07745535
slow1,arm,exp01,motion03_slow1,motion03,seg2,40.0,35.275002,10.20341301,9.79070282,2.04591608,1.31551230,-1.47568798,-0.75248367,-6.11270380,-5.78820372,8.03534889,7.86055517,-2.02389908,-1.30334735,-0.29908299,-0.16640167,0.01242600,-0.06456587
slow1,arm,exp01,motion03_slow1,motion03,seg2,40.0,35.299999,10.30574703,10.15355968,1.07687986,0.94811618,-0.70183098,-0.72841656,-7.14682007,-7.15666342,7.39180803,7.16563654,-1.06014705,-0.92756778,-0.01284800,-0.16201597,-0.18866199,-0.11087459
slow1,arm,exp01,motion03_slow1,motion03,seg2,40.0,35.325001,10.51253033,9.47451496,0.26559514,0.32835975,-1.36898899,-0.56076771,-7.90216589,-6.34413671,6.79668522,7.01454878,-0.14018101,-0.27674735,-0.22192700,-0.11224004,-0.04047800,-0.13650350
slow1,arm,exp01,motion03_slow1,motion03,seg2,40.0,35.349998,8.97907734,9.70502853,0.34558055,0.59886020,-0.62966198,-0.75960207,-4.31852579,-6.21614408,7.84714508,7.41418457,0.21466900,-0.57474405,0.03216900,-0.12132312,-0.26890200,-0.11654846
slow1,arm,exp01,motion03_slow1,motion03,seg2,40.0,35.375000,9.44871426,9.75760746,1.41617608,0.90835714,-1.75866699,-0.66868120,-4.33418703,-6.01671410,8.20975685,7.65264177,-1.40038800,-0.88872069,-0.20938900,-0.13653147,0.02498600,-0.12902482
slow1,arm,exp01,motion03_slow1,motion03,seg2,40.0,35.400002,10.22033119,9.99587822,1.53932178,1.03881800,-0.06596000,-0.53379118,-6.77715921,-6.90846205,7.64989805,7.20456791,-1.50866604,-1.02009308,-0.09341600,-0.08832323,-0.29105300,-0.17536256
slow1,arm,exp01,motion03_slow1,motion03,seg2,40.0,35.424999,10.93852901,9.88288307,0.64204150,0.53153342,-1.33887804,-0.40990439,-8.41334248,-7.04179573,6.86108494,6.92217302,-0.63786101,-0.50005031,0.05390600,-0.02811252,-0.04944500,-0.17800884
slow1,arm,exp01,motion03_slow1,motion03,seg2,40.0,35.450001,9.68630028,9.83441353,0.35439083,0.56143934,-0.61480898,-0.55941916,-6.22276020,-6.90839195,7.39754581,6.97688103,0.21050100,-0.54767621,-0.03575000,-0.01399613,-0.28285000,-0.12275603
slow1,arm,exp01,motion03_slow1,motion03,seg2,40.0,35.474998,9.06920338,9.73915768,1.08253765,0.80830872,-0.96380597,-0.44852453,-5.04615211,-6.97219229,7.47381210,6.78517151,-1.08000195,-0.80268621,0.07403000,0.01598359,-0.00177000,-0.09382094
slow1,arm,exp01,motion03_slow1,motion03,seg2,40.0,35.500000,10.33885098,9.95818901,1.32825339,0.63052988,-0.93663198,-0.62460279,-7.85350895,-7.39238977,6.65859890,6.64288950,-1.31728303,-0.60611767,0.01904300,0.02650179,-0.16929200,-0.17171764
slow1,arm,exp01,motion03_slow1,motion03,seg2,40.0,35.525002,10.73490906,9.76018524,0.30093250,0.30119318,-0.91121399,-0.35430065,-8.60475445,-7.25814533,6.35343695,6.51575041,0.18349600,-0.19090770,0.01539500,0.03234376,-0.23801801,-0.23070644
slow1,arm,exp01,motion03_slow1,motion03,seg2,40.0,35.549999,9.31531525,9.80788231,0.36846733,0.28661761,-0.39271799,-0.22758475,-5.73982286,-7.24169970,7.32634306,6.61063862,0.28166699,-0.21209353,0.06653500,0.04907732,-0.22804600,-0.18643337
slow1,arm,exp01,motion03_slow1,motion03,seg2,40.0,35.575001,9.51655197,9.79448986,0.74980623,0.41833913,-0.67927998,-0.27717844,-6.16557407,-6.90561104,7.21727324,6.94029808,-0.73080403,-0.35839364,0.09367600,0.09176864,-0.13913900,-0.19529507
slow1,arm,exp01,motion03_slow1,motion03,seg2,40.0,35.599998,9.95547867,9.98066139,0.70333052,0.45172364,-0.93646997,-0.38506743,-7.41559315,-7.60679197,6.57598400,6.44996405,-0.65237099,-0.37664074,0.10880100,0.05694965,-0.23926599,-0.24280182
slow1,arm,exp01,motion03_slow1,motion03,seg2,40.0,35.625000,10.36763096,9.74074554,0.29379100,0.23950469,-0.59129298,-0.12838882,-8.65152454,-7.58956051,5.68236399,6.10444212,-0.15372200,-0.04820663,-0.12967999,-0.03197403,-0.21416301,-0.23241402
slow1,arm,exp01,motion03_slow1,motion03,seg2,40.0,35.650002,9.52189445,9.84127045,0.36026239,0.39779973,-0.27788401,-0.17329223,-6.56505108,-7.55247355,6.89125204,6.30719566,0.27980000,-0.34302503,0.01001800,-0.07451606,-0.22671700,-0.18715183
slow1,arm,exp01,motion03_slow1,motion03,seg2,40.0,35.674999,9.91407299,10.11331177,0.83592039,0.37635860,-0.85500199,-0.12763999,-6.76113176,-7.59435511,7.20034122,6.67746592,-0.82899201,-0.34294450,-0.07387100,-0.06252311,-0.07796300,-0.14186512
slow1,arm,exp01,motion03_slow1,motion03,seg2,40.0,35.700001,10.36108303,10.02931881,0.50069147,0.39396611,-0.40541700,-0.24721432,-8.36410141,-7.74102449,6.10159683,6.37202072,-0.47988799,-0.36649945,-0.06226300,-0.06339543,-0.12854099,-0.12987870
slow1,arm,exp01,motion03_slow1,motion03,seg2,40.0,35.724998,10.35069752,9.99622250,0.15472986,0.19659886,-0.72821599,0.01491346,-8.26717758,-8.20435810,6.18550110,5.71075773,0.01687000,0.08186015,-0.08621400,-0.07662997,-0.12737300,-0.16148645
slow1,arm,exp01,motion03_slow1,motion03,seg2,40.0,35.750000,9.75194454,9.80175114,0.44773370,0.15463403,0.05019300,-0.08674482,-7.64313412,-7.67982674,6.05643511,6.08991480,0.41207001,0.01688046,-0.06227500,-0.07882657,-0.16366300,-0.13195874
slow1,arm,exp01,motion03_slow1,motion03,seg2,40.0,35.775002,9.54166222,9.98797226,0.30197087,0.23842449,-1.22855902,-0.31313506,-6.63041306,-7.84141588,6.75067282,6.17848969,-0.30090201,-0.19090669,-0.01769800,-0.10916752,-0.01819800,-0.09210497
slow1,arm,exp01,motion03_slow1,motion03,seg2,40.0,35.799999,10.28820896,9.90302944,0.51251835,0.34997708,-0.38431999,-0.43831044,-7.76101303,-7.37027931,6.74286413,6.59976244,-0.45535699,-0.32480270,-0.19792800,-0.09090120,-0.12708101,-0.09340308
slow1,arm,exp01,motion03_slow1,motion03,seg2,40.0,35.825001,10.29758739,10.10632229,0.36352152,0.31381989,-0.98247498,-0.07079880,-7.73261595,-7.76000404,6.72916698,6.47418499,-0.35393801,-0.28639328,-0.00444700,-0.12830265,0.08280100,-0.00049717
slow1,arm,exp01,motion03_slow1,motion03,seg2,40.0,35.849998,9.94757175,9.70943356,0.27408546,0.14551750,-0.00054700,-0.03366997,-7.51640797,-7.61086464,6.51596498,6.02882290,0.11608800,-0.12723856,-0.19705100,-0.04715375,-0.15105399,-0.05255681
slow1,arm,exp01,motion03_slow1,motion03,seg2,40.0,35.875000,8.77040386,9.74820805,0.31464347,0.46560609,-0.65697098,-0.13489015,-5.88028479,-7.65327597,6.47384214,6.03628492,-0.27030900,-0.44149244,0.15814900,-0.05511318,-0.03037200,-0.13724424
slow1,arm,exp01,motion03_slow1,motion03,seg2,40.0,35.900002,9.85583878,9.91293716,1.19865072,0.42554095,-0.41117999,0.02281890,-7.84457207,-8.01285839,5.95240879,5.83608675,-1.14860702,-0.38478631,-0.22369500,-0.00443221,-0.25966501,-0.18167266
slow1,arm,exp01,motion03_slow1,motion03,seg2,40.0,35.924999,11.23446274,9.82110691,0.27871379,0.23383680,0.18991600,0.02537990,-9.58479214,-7.94799185,5.85737514,5.76913404,0.06840000,-0.06863105,0.26002201,0.09222600,-0.07342600,-0.20362660
slow1,arm,exp01,motion03_slow1,motion03,seg2,40.0,35.950001,9.17177105,9.64194202,0.82345873,0.24333616,-1.27890599,-0.09637428,-7.07558489,-7.81655169,5.69402122,5.64440250,0.75925702,0.13231091,0.01427900,0.01784336,-0.31844801,-0.20344022
slow1,arm,exp01,motion03_slow1,motion03,seg2,40.0,35.974998,8.76995373,9.45611477,0.37422708,0.23720741,0.20184900,0.12575965,-6.70470285,-7.85786915,5.64962816,5.25891352,-0.31663099,0.14080302,-0.18469200,-0.09495746,-0.07536300,-0.16560480
slow1,arm,exp01,motion03_slow1,motion03,seg2,40.0,36.000000,10.63770771,9.77477741,0.23337151,0.32974112,-0.53553200,0.18793903,-9.41530037,-8.35167503,4.92200613,5.07547855,-0.20900699,0.26758087,-0.09172600,-0.15945143,-0.04862800,-0.10818934
slow1,arm,exp01,motion03_slow1,motion03,seg2,40.0,36.025002,10.45965672,9.43642712,1.27900469,0.81339568,-0.23469301,0.15916646,-9.24860573,-7.66242790,4.87981892,5.50527143,1.23468006,0.76814669,-0.32607201,-0.25643373,-0.07138000,-0.07619041
slow1,arm,exp01,motion03_slow1,motion03,seg2,40.0,36.049999,8.68497467,9.26955891,1.69420385,1.02313352,-0.23370600,0.29414043,-5.81459713,-6.98806000,6.44706297,6.08319187,1.65819800,0.94650871,-0.34670901,-0.38652277,-0.02233900,-0.03903317
slow1,arm,exp01,motion03_slow1,motion03,seg2,40.0,36.075001,8.87327671,9.49378681,0.58456129,0.99969447,0.12509300,0.32519615,-5.67076397,-7.22161484,6.82362318,6.15422821,0.36193699,0.92378169,-0.45554101,-0.38164616,0.05653200,-0.01904252
slow1,arm,exp01,motion03_slow1,motion03,seg2,40.0,36.099998,10.74624634,9.62108707,0.83531201,1.29916728,-0.04326300,0.34214842,-8.90345669,-7.49323893,6.01734209,6.02491570,0.77566200,1.25347733,-0.30744299,-0.30475688,-0.03966700,-0.15412107
slow1,arm,exp01,motion03_slow1,motion03,seg2,40.0,36.125000,10.21068478,9.79339218,2.36058736,1.85518169,-0.01836800,0.36550421,-8.11366081,-7.41144276,6.19889212,6.39120150,2.32550192,1.81335199,-0.33340800,-0.27428859,-0.23076700,-0.27967793
slow1,arm,exp01,motion03_slow1,motion03,seg2,40.0,36.150002,9.00633717,9.65500450,2.40904737,1.78193069,0.26575100,0.64863455,-5.18209124,-6.74358702,7.36134577,6.87912941,2.36845398,1.73150480,-0.33617699,-0.28301823,-0.28446499,-0.31155834
slow1,arm,exp01,motion03_slow1,motion03,seg2,40.0,36.174999,8.78603172,9.37522602,1.29383981,1.24588144,0.24732500,0.64086449,-4.18219280,-5.23174429,7.72285223,7.75325823,1.22705901,1.17142165,-0.31742001,-0.30373740,-0.25998500,-0.29620171
slow1,arm,exp01,motion03_slow1,motion03,seg2,40.0,36.200001,10.05577374,10.13212204,0.51322180,0.70231682,0.46662101,0.82376689,-4.18154716,-5.95633221,9.13320923,8.15496254,0.27549300,0.59042585,-0.41842401,-0.34167594,-0.11145200,-0.16704412
slow1,arm,exp01,motion03_slow1,motion03,seg2,40.0,36.224998,11.17311001,10.08220005,0.34126130,1.08156252,0.65854299,0.73745471,-8.15419769,-6.18963051,7.61010981,7.92435408,0.18713900,1.03884292,-0.27927300,-0.28433254,0.05869300,-0.09868055
slow1,arm,exp01,motion03_slow1,motion03,seg2,40.0,36.250000,10.19566917,10.03849888,2.35381556,1.12813473,0.05948400,0.95394260,-6.36319017,-6.30470324,7.96604919,7.75320339,2.32504606,1.08074462,-0.35082799,-0.31163511,-0.10737300,-0.08696250
slow1,arm,exp01,motion03_slow1,motion03,seg2,40.0,36.275002,9.43420696,9.97359657,1.21962106,1.65950608,1.13303101,0.93647319,-4.21768713,-6.06534529,8.36251259,7.86175728,1.17626297,1.62717116,-0.28469399,-0.26813856,-0.15109700,-0.18540889
slow1,arm,exp01,motion03_slow1,motion03,seg2,40.0,36.299999,10.25261784,9.92767143,1.64342678,1.43119228,0.28501400,1.15816033,-5.76674795,-4.75504875,8.47228146,8.63752460,1.60664999,1.39227998,-0.34194100,-0.26891398,-0.05102800,-0.19378681
slow1,arm,exp01,motion03_slow1,motion03,seg2,40.0,36.325001,9.44432735,9.63956261,1.67531037,1.08987808,1.35548699,1.18282306,-2.99826193,-4.66726494,8.85259342,8.35097218,1.63438499,1.04282093,-0.30394101,-0.28809056,-0.20753400,-0.13176674
slow1,arm,exp01,motion03_slow1,motion03,seg2,40.0,36.349998,9.65333176,9.66649818,0.39643028,0.70306844,0.57146198,1.31149828,-3.22413993,-4.40878296,9.08103371,8.50198746,0.27413201,0.65312719,-0.25952101,-0.25689599,0.12106800,-0.04164764
slow1,arm,exp01,motion03_slow1,motion03,seg2,40.0,36.375000,10.59177685,10.11004734,0.25983986,0.97902262,1.33335900,1.23442388,-6.07103395,-5.62176371,8.57615566,8.31174088,0.00374900,0.95446134,-0.25981000,-0.21763411,0.00121200,-0.01114642
slow1,arm,exp01,motion03_slow1,motion03,seg2,40.0,36.400002,10.95838833,10.15985203,2.28505516,1.46826005,0.53054702,1.26065421,-6.90049314,-4.28638601,8.49635124,9.12470531,2.27088094,1.45437086,-0.18524100,-0.19754337,0.17396000,0.03961850
slow1,arm,exp01,motion03_slow1,motion03,seg2,40.0,36.424999,10.31880665,9.97102165,2.53454971,1.58961225,1.44042695,1.25958347,-0.93233001,-4.39782810,10.17515087,8.85967445,2.52681208,1.58594632,-0.14700800,-0.10774225,-0.13248400,0.00576603
slow1,arm,exp01,motion03_slow1,motion03,seg2,40.0,36.450001,9.63801003,9.80823326,0.70445460,1.70511401,0.45381001,1.16287684,-3.19027805,-3.70443034,9.08335972,9.00701618,0.65888602,1.70310926,-0.05342900,-0.06749322,0.24345601,-0.04772518
slow1,arm,exp01,motion03_slow1,motion03,seg2,40.0,36.474998,9.86782169,9.91565800,1.89636624,1.55672359,0.98643798,1.19478774,-4.89500189,-3.51514697,8.51115704,9.19437313,1.87548006,1.54954278,-0.21371500,-0.12541535,-0.18194801,-0.08109640
slow1,arm,exp01,motion03_slow1,motion03,seg2,40.0,36.500000,9.56173897,9.89833164,2.16147280,1.28361475,0.87277400,1.32784808,-0.98283100,-3.01060653,9.47096443,9.33541870,2.15729189,1.26373756,-0.12661500,-0.22148131,0.04500900,-0.03975253
slow1,arm,exp01,motion03_slow1,motion03,seg2,40.0,36.525002,10.04817581,9.92528534,0.81524044,1.31893957,0.89629197,1.56761253,-1.03532803,-2.11978054,9.95442581,9.56871986,0.66233498,1.28439391,-0.45571601,-0.29071203,0.13510101,0.07362301
slow1,arm,exp01,motion03_slow1,motion03,seg2,40.0,36.549999,10.23372650,10.04280949,1.35378158,0.79281050,2.30223799,1.87731421,-1.63831306,-1.87961888,9.83589268,9.68507862,1.32031405,0.75030434,-0.23596700,-0.21054502,0.18388900,0.14581709
slow1,arm,exp01,motion03_slow1,motion03,seg2,40.0,36.575001,10.28292179,9.81248665,0.59201121,0.89611405,1.35172606,1.86746442,-0.85888201,-2.58241487,10.15744209,9.28055000,0.56557298,0.89350766,0.06386300,-0.02584998,0.16286799,0.06321575
slow1,arm,exp01,motion03_slow1,motion03,seg2,40.0,36.599998,9.41348267,9.70900345,0.81342918,1.09828806,1.32551897,1.51490426,-2.81915402,-1.73725641,8.88307476,9.43142414,0.81266803,1.09823012,-0.02669300,0.01065206,-0.02291700,0.00370896
slow1,arm,exp01,motion03_slow1,motion03,seg2,40.0,36.625000,9.81629753,9.77730560,1.79719424,1.12033141,1.09644997,1.48542368,-0.79017198,-2.09812999,9.72281456,9.43329620,1.79125297,1.11771619,-0.00320300,-0.05383447,0.14597900,0.05435824
slow1,arm,exp01,motion03_slow1,motion03,seg2,40.0,36.650002,9.48154831,9.74224567,1.14656007,1.42415071,1.04081595,1.45368314,-0.58656299,-1.56388497,9.40597725,9.50538921,1.12888002,1.41774726,-0.18192700,-0.12054508,0.08445500,0.06055355
slow1,arm,exp01,motion03_slow1,motion03,seg2,40.0,36.674999,9.44255733,9.82516575,1.50639904,1.32403755,1.23354101,1.52477717,-1.02650499,-1.43782973,9.30519009,9.59904099,1.49017799,1.30920243,-0.18639600,-0.19711427,0.11774600,0.01451014
slow1,arm,exp01,motion03_slow1,motion03,seg2,40.0,36.700001,9.40097809,9.64730167,1.49275196,1.37744856,1.20315099,1.69649220,-0.35638499,-0.72273135,9.31685638,9.46942425,1.45827198,1.35270762,-0.31898499,-0.25981954,-0.00011100,-0.00635690
slow1,arm,exp01,motion03_slow1,motion03,seg2,40.0,36.724998,10.33058929,10.32757187,1.68909109,0.78140271,2.01014590,1.86562061,2.09302592,0.85247648,9.91461658,10.12183189,1.66454995,0.72823203,-0.25993800,-0.26061696,0.12138600,0.11111728
slow1,arm,exp01,motion03_slow1,motion03,seg2,40.0,36.750000,11.15404606,9.93330383,0.36883754,0.37494835,1.24266303,1.75027966,3.40957499,-0.21016061,10.54719543,9.77562714,-0.22523899,0.24778728,-0.14189801,-0.24002822,0.25529099,0.14688149
slow1,arm,exp01,motion03_slow1,motion03,seg2,40.0,36.775002,9.62024689,9.86092663,0.88073272,0.37490836,1.68575203,1.83143163,-1.34903502,-0.87556714,9.37483311,9.64972115,-0.80866599,0.32043368,-0.33637801,-0.19405439,0.09273200,0.01488081
slow1,arm,exp01,motion03_slow1,motion03,seg2,40.0,36.799999,9.55350399,9.96150494,1.43560588,0.74593204,1.72210395,1.84282315,-1.95309103,-0.67861360,9.19180298,9.76601601,1.43374205,0.72185016,-0.06942000,-0.18014805,-0.02300200,-0.05379319
slow1,arm,exp01,motion03_slow1,motion03,seg2,40.0,36.825001,10.42843151,9.93496037,1.55426872,0.77537811,1.10932398,1.71624923,2.37220097,0.06015352,10.09426785,9.78541279,1.53831995,0.74723518,-0.21227500,-0.20700113,-0.06528700,-0.00113313
slow1,arm,exp01,motion03_slow1,motion03,seg2,40.0,36.849998,10.21382427,9.83948421,0.41653171,0.47688651,1.75410199,1.73909354,2.16299391,0.29232997,9.82684040,9.68016243,-0.22712800,0.40448773,-0.24375300,-0.23069957,0.24999200,0.10289870
slow1,arm,exp01,motion03_slow1,motion03,seg2,40.0,36.875000,9.51178265,9.72090816,0.29117551,0.32981896,1.57636499,2.07860637,-0.36291999,-0.01808321,9.37322617,9.49605846,0.02696300,0.22489911,-0.24340400,-0.20136607,0.15751401,0.13286327
slow1,arm,exp01,motion03_slow1,motion03,seg2,40.0,36.900002,9.73365021,9.61533356,0.64589161,0.57284880,2.34546590,2.10531759,0.02088600,-0.65681541,9.44681454,9.35899925,0.62353200,0.54904246,-0.10168600,-0.13536663,0.13432699,0.09156420
slow1,arm,exp01,motion03_slow1,motion03,seg2,40.0,36.924999,9.69875813,9.67019367,0.80980325,0.49008521,1.50208402,2.17628622,0.91658401,-0.06554847,9.53779507,9.42189598,0.79914999,0.46565291,-0.09621400,-0.11996609,0.08878900,0.09465208
slow1,arm,exp01,motion03_slow1,motion03,seg2,40.0,36.950001,9.59588909,9.61520386,0.38245511,0.52087229,2.23000693,2.09792447,1.03741097,0.37562820,9.27534008,9.37602043,0.25609800,0.47417808,-0.13085200,-0.12417503,0.25211799,0.17619218
slow1,arm,exp01,motion03_slow1,motion03,seg2,40.0,36.974998,9.55901814,9.57970142,0.69663805,0.37344012,1.69657505,2.12083507,1.46401405,0.88545364,9.29263783,9.29993057,0.66623098,0.27908418,-0.04238500,-0.10312227,0.19910900,0.22568859
slow1,arm,exp01,motion03_slow1,motion03,seg2,40.0,37.000000,9.78105736,9.48260880,0.37854061,0.40362576,1.93037605,1.99486387,2.25836301,0.59802777,9.31893444,9.25109386,0.18909900,0.31502819,-0.07460200,-0.10034622,0.31932601,0.23152027
slow1,arm,exp01,motion03_slow1,motion03,seg2,40.0,37.025002,9.09889412,9.42573738,0.22318725,0.38227046,1.58153701,2.03083444,0.94459999,0.37623230,8.91046238,9.19666672,0.03709400,0.30709893,-0.10526800,-0.13824551,0.19327500,0.18085669
slow1,arm,exp01,motion03_slow1,motion03,seg2,40.0,37.049999,9.18258667,9.60715199,0.72258872,0.52378142,1.84980094,2.02508616,0.85034603,0.76939452,8.95405197,9.35972404,0.65568203,0.45329788,-0.20947801,-0.20928760,0.21985100,0.15832454
slow1,arm,exp01,motion03_slow1,motion03,seg2,40.0,37.075001,9.60639572,9.54098988,0.81360978,0.66824633,1.82304394,2.17685938,2.09137988,0.99763942,9.19703674,9.23561001,0.75915003,0.58703130,-0.22849800,-0.25430638,0.18286800,0.19306913
slow1,arm,exp01,motion03_slow1,motion03,seg2,40.0,37.099998,9.98564816,9.87102318,0.75638729,0.53953397,2.40591002,2.47115707,2.54751301,1.48839509,9.35066509,9.44008255,0.61169899,0.42758819,-0.29826099,-0.23527145,0.33013099,0.23002739
slow1,arm,exp01,motion03_slow1,motion03,seg2,40.0,37.125000,10.04075336,9.61385632,0.26407132,0.56342840,2.46457791,2.53931570,2.47854495,0.95972985,9.41272545,9.22263622,0.16470800,0.50319457,-0.10063900,-0.18833257,0.18021300,0.16963957
slow1,arm,exp01,motion03_slow1,motion03,seg2,40.0,37.150002,9.07733917,9.57306004,0.74472946,0.79964924,2.03124404,2.48263907,0.95511502,1.14930725,8.79544640,9.17382526,0.68993098,0.77525270,-0.20116000,-0.17445664,0.19532500,0.08936992
slow1,arm,exp01,motion03_slow1,motion03,seg2,40.0,37.174999,9.38409615,9.38194466,1.27610481,1.20721138,2.54764295,2.55646420,1.51843798,0.77777833,8.90309620,8.99335480,1.25927401,1.19201446,-0.20041300,-0.18434471,0.05007200,0.04977784
slow1,arm,exp01,motion03_slow1,motion03,seg2,40.0,37.200001,9.35761642,9.84199238,1.66508925,1.24522686,2.21198297,2.54131603,2.19758511,1.85964620,8.82285309,9.32460403,1.64982796,1.22829449,-0.15737601,-0.18857881,0.16069500,0.07950184
slow1,arm,exp01,motion03_slow1,motion03,seg2,40.0,37.224998,10.36603165,9.66591835,1.08732748,0.87002045,2.30282903,2.40707803,4.36150599,2.01526165,9.11750317,9.14191914,1.06695700,0.83801556,-0.19254901,-0.21594934,0.08251500,0.08961742
slow1,arm,exp01,motion03_slow1,motion03,seg2,40.0,37.250000,9.67932606,9.95351219,0.47424361,0.57102591,2.06385994,2.49397135,3.71781111,2.73158693,8.69526958,9.24072266,0.31713900,0.48558488,-0.27116600,-0.27907705,0.22538599,0.11132792
slow1,arm,exp01,motion03_slow1,motion03,seg2,40.0,37.275002,9.52698040,9.43125439,0.43579200,0.60403663,2.61772203,2.70702457,2.87702489,2.01271725,8.69675922,8.80735779,0.13211600,0.47782812,-0.36445299,-0.32950595,0.19908300,0.16723154
slow1,arm,exp01,motion03_slow1,motion03,seg2,40.0,37.299999,8.89840603,9.57764435,0.91383862,0.84435612,2.79888511,2.95033669,1.64646304,2.28312969,8.28474712,8.82122993,0.80449098,0.76383442,-0.31794500,-0.30611780,0.29462901,0.18917209
slow1,arm,exp01,motion03_slow1,motion03,seg2,40.0,37.325001,10.22715569,9.64771080,1.38177741,0.78531080,2.90943003,2.85697937,4.09412098,2.30413389,8.90887737,8.92227268,1.35996103,0.71782064,-0.17886700,-0.25672406,0.16679800,0.18851887
slow1,arm,exp01,motion03_slow1,motion03,seg2,40.0,37.349998,10.25797939,9.87228680,0.46076491,0.62494814,2.38770604,2.91405606,4.53601885,2.71497369,8.88535500,9.03322983,0.27817300,0.55504185,-0.24797200,-0.23886500,0.27098700,0.15947497
slow1,arm,exp01,motion03_slow1,motion03,seg2,40.0,37.375000,9.80351353,9.95392895,0.46896559,0.38325322,3.41477299,3.22704268,3.64811492,3.06740928,8.43442154,8.90269089,0.37785900,0.31615242,-0.26385999,-0.20425627,0.08677100,0.07218070
slow1,arm,exp01,motion03_slow1,motion03,seg2,40.0,37.400002,10.32840824,9.99266052,0.42266890,0.32552597,3.03858304,3.25378656,4.54275322,3.13269734,8.76392746,8.91360474,0.41163301,0.27669403,-0.06355600,-0.16665752,0.07188800,0.04040841
slow1,arm,exp01,motion03_slow1,motion03,seg2,40.0,37.424999,10.25098515,10.04182911,0.23293938,0.21801133,2.91274691,3.12632346,4.45809984,3.02768183,8.75922108,9.04972839,0.12485300,0.16568609,-0.19492900,-0.13897593,0.02598400,-0.02761803
slow1,arm,exp01,motion03_slow1,motion03,seg2,40.0,37.450001,10.26739025,10.01200199,0.15365362,0.12779406,3.20096588,3.16845560,3.94561696,2.88437366,8.92217636,9.04883766,-0.12738401,0.04906037,-0.05201500,-0.08027495,-0.06839000,-0.08648892
slow1,arm,exp01,motion03_slow1,motion03,seg2,40.0,37.474998,10.11570930,10.69808102,0.15230100,0.20094043,3.04533911,3.26415586,3.96758890,3.75232697,8.79270840,9.47176170,0.14735900,-0.19865219,-0.02505500,-0.01111448,-0.02920900,-0.02812176
slow1,arm,exp01,motion03_slow1,motion03,seg2,40.0,37.500000,12.15602303,10.63567448,0.50996476,1.19064808,3.27257800,3.21707940,7.06890202,3.94450974,9.33218956,9.33856583,-0.49716499,-1.18755901,0.11226000,0.01226801,-0.01699200,0.08482728
slow1,arm,exp01,motion03_slow1,motion03,seg2,40.0,37.525002,10.50333214,9.57339954,3.08036351,1.71402562,2.80095696,3.15938711,5.30707121,2.46035528,8.62030220,8.69568348,-3.06837106,-1.70575535,0.05434700,0.04591836,0.26605400,0.16178428
slow1,arm,exp01,motion03_slow1,motion03,seg2,40.0,37.549999,8.39404583,9.27559662,2.24776673,1.36644912,3.17964101,3.26399994,-1.02081895,1.45657718,7.70115709,8.55928612,-2.23903108,-1.35558045,0.04488000,0.04003765,0.19282299,0.16727756
slow1,arm,exp01,motion03_slow1,motion03,seg2,40.0,37.575001,8.46860313,8.89880943,0.39800876,0.88136697,2.93341899,3.11459565,1.02845001,1.11504602,7.87747383,8.26103973,0.37017700,-0.87421739,0.13982500,0.01790159,0.04276600,0.11059482
slow1,arm,exp01,motion03_slow1,motion03,seg2,40.0,37.599998,9.74971867,8.95406055,0.68247038,0.66142535,2.52505207,2.89647198,4.31531286,1.30146861,8.37013721,8.37208557,-0.68161398,-0.65767938,-0.00527000,-0.05671417,0.03377000,0.04153104
slow1,arm,exp01,motion03_slow1,motion03,seg2,40.0,37.625000,9.33057499,9.37439632,1.42164922,1.01615894,2.64551711,2.82973957,2.50113201,1.54382753,8.59099579,8.80275345,-1.41408205,-1.00860345,-0.14587700,-0.11632209,-0.01335600,-0.04203882
slow1,arm,exp01,motion03_slow1,motion03,seg2,40.0,37.650002,8.74083900,9.41959763,1.07385385,0.80919689,2.72667789,3.10736084,0.80517101,1.35386443,8.26554298,8.78863907,-1.06112599,-0.78439099,-0.14795700,-0.19823386,0.07268000,0.01528814
slow1,arm,exp01,motion03_slow1,motion03,seg2,40.0,37.674999,9.26058960,9.35890675,0.35516843,0.76107895,3.16981006,3.26800466,1.74644995,0.93919468,8.52412605,8.71935749,-0.21618700,-0.71622813,-0.28178501,-0.24754396,0.00223900,0.07057226
slow1,arm,exp01,motion03_slow1,motion03,seg2,40.0,37.700001,9.28148842,8.84743595,1.20318770,0.67379546,3.06990910,3.31114340,1.98610699,0.06008729,8.53094673,8.20425701,-1.16950095,-0.61890179,-0.19013999,-0.25902975,0.20922500,0.06216508
slow1,arm,exp01,motion03_slow1,motion03,seg2,40.0,37.724998,8.41689205,8.84611511,0.89960921,0.60374677,3.14355612,3.36993670,-0.73479003,0.15993991,7.77317286,8.17751217,-0.84386200,-0.54835588,-0.31175700,-0.24970666,-0.00111900,0.03824401
slow1,arm,exp01,motion03_slow1,motion03,seg2,40.0,37.750000,8.97153759,9.16964245,0.27072948,0.50363016,3.41191292,3.51884127,0.78376901,0.39353320,8.26033020,8.45844173,0.14280100,-0.39154851,-0.18022500,-0.30120632,0.14290300,0.09801976
slow1,arm,exp01,motion03_slow1,motion03,seg2,40.0,37.775002,9.67998123,9.53269005,0.46573535,0.38815126,3.10358095,3.55094790,1.75693297,0.65426546,8.99905586,8.82240868,-0.19697601,-0.10874448,-0.38721600,-0.33576125,0.16785000,0.16155626
slow1,arm,exp01,motion03_slow1,motion03,seg2,40.0,37.799999,9.17689705,9.23893642,0.37496695,0.43861866,3.63663507,3.50075817,1.60410094,0.67859471,8.27146816,8.52303600,-0.13446000,-0.23846367,-0.26281801,-0.34700412,0.23118700,0.12292095
slow1,arm,exp01,motion03_slow1,motion03,seg2,40.0,37.825001,9.46000099,9.51476002,0.50517571,0.42664239,3.08466196,3.80966997,1.61683095,0.76724887,8.79558659,8.68495274,-0.27700800,-0.21050701,-0.41978499,-0.36725584,0.04743000,0.05323237
slow1,arm,exp01,motion03_slow1,motion03,seg2,40.0,37.849998,10.09787750,9.85393620,0.39889240,0.33410668,4.51982498,3.86846828,1.27824199,0.63009644,8.93892670,9.04090691,-0.23548301,-0.11788695,-0.29311001,-0.30437383,0.13322701,0.07131975
slow1,arm,exp01,motion03_slow1,motion03,seg2,40.0,37.875000,9.31060696,9.52136517,0.33733031,0.38328663,2.82229710,3.71492720,1.08311296,-0.04489746,8.80618572,8.76662445,-0.22461200,-0.15405762,-0.21553899,-0.34256491,0.12993900,0.07631633
slow1,arm,exp01,motion03_slow1,motion03,seg2,40.0,37.900002,9.03222847,9.61104679,0.57774681,0.47744256,3.49494791,3.52876663,0.00866600,0.36301810,8.32865047,8.93242645,-0.13569599,0.07591611,-0.53459799,-0.45948669,0.17199700,0.10516708
slow1,arm,exp01,motion03_slow1,motion03,seg2,40.0,37.924999,9.45990086,9.91024494,0.75620157,0.61636120,3.24931788,3.66673493,1.18573797,0.67225885,8.80486679,9.18237877,0.54455400,0.00306293,-0.47867799,-0.58924389,0.21487001,0.18078554
slow1,arm,exp01,motion03_slow1,motion03,seg2,40.0,37.950001,10.53588200,9.71110916,0.80216521,0.71888006,3.64698696,3.74972081,2.90768695,0.34100261,9.44720364,8.95147705,-0.29871401,-0.24546529,-0.68758798,-0.64100796,0.28541499,0.21364482
slow1,arm,exp01,motion03_slow1,motion03,seg2,40.0,37.974998,9.54072189,9.35384369,1.11307049,0.54061586,4.04325390,4.04554939,-0.17670301,-0.13074259,8.63980579,8.43272305,-0.92062902,-0.05273171,-0.53615600,-0.51315594,0.32234299,0.16172752
slow1,arm,exp01,motion03_slow1,motion03,seg2,40.0,38.000000,9.25882626,9.23605251,0.69781518,0.37226629,4.39021397,4.38288450,-0.33390799,-0.08359146,8.14496136,8.12945271,0.60993600,-0.03841818,-0.33782801,-0.35944879,0.02822000,0.08889774
slow1,arm,exp01,motion03_slow1,motion03,seg2,40.0,38.025002,10.70653725,9.90231419,0.33533919,0.38025770,4.50982714,4.63966799,1.48539901,-0.23684427,9.59609222,8.74489689,0.07002000,0.25873017,-0.25634301,-0.25451508,0.20454299,0.11347543
slow1,arm,exp01,motion03_slow1,motion03,seg2,40.0,38.049999,9.93939304,10.10173321,0.30595890,0.31116784,4.73335695,4.68252611,0.16633099,0.53159314,8.73837471,8.93512058,0.21174601,0.23384354,-0.16357100,-0.14553943,0.14838800,0.14477880
slow1,arm,exp01,motion03_slow1,motion03,seg2,40.0,38.075001,11.31631756,10.70156765,0.76935923,0.16602084,4.71510220,4.79725695,2.57711792,1.12540209,9.95918274,9.49965000,0.75102103,-0.01661281,0.06753300,-0.01257232,0.15271001,0.16470845
slow1,arm,exp01,motion03_slow1,motion03,seg2,40.0,38.099998,11.34546947,10.32135868,0.51995265,0.18929049,4.89494801,4.87657118,3.22579408,0.77700084,9.71356869,9.06342983,-0.49386901,-0.05199804,0.08822900,0.13666742,0.13660100,0.12020446
slow1,arm,exp01,motion03_slow1,motion03,seg2,40.0,38.125000,9.85948467,9.67830086,0.78343630,0.37526041,4.76944780,4.60991001,0.40238500,0.27326769,8.61973858,8.50550175,-0.66198498,-0.18363734,0.41630501,0.32708207,0.04731200,0.01072585
slow1,arm,exp01,motion03_slow1,motion03,seg2,40.0,38.150002,9.86862373,9.47294331,0.48282754,0.63933790,4.21286917,4.45703793,0.82536298,0.30423367,8.88595772,8.35337639,-0.01270000,-0.44753459,0.47836500,0.45422742,-0.06425000,0.04629402
slow1,arm,exp01,motion03_slow1,motion03,seg2,40.0,38.174999,8.37007046,9.63153744,0.76151544,0.43064997,3.55311894,3.73464727,1.04590094,0.49327824,7.50596523,8.86428833,-0.49142101,-0.25105104,0.55969298,0.34052694,0.15860300,0.08046229
slow1,arm,exp01,motion03_slow1,motion03,seg2,40.0,38.200001,10.63658428,10.28874493,0.17300621,0.44588488,3.34231997,3.97720218,1.86211395,0.55380458,9.92463398,9.47277355,0.05878500,-0.36112520,0.00052700,0.26147753,-0.16271199,-0.00560477
slow1,arm,exp01,motion03_slow1,motion03,seg2,40.0,38.224998,9.44370747,9.34431839,0.82247126,0.66765708,3.97703505,3.65805054,2.63298106,0.38067430,8.15071869,8.59011269,-0.65828598,-0.63234258,0.49304900,0.15927808,-0.00461400,-0.14331546
slow1,arm,exp01,motion03_slow1,motion03,seg2,40.0,38.250000,9.02966404,9.85844231,1.53913641,0.79602665,2.70795488,3.85695696,0.46395600,-0.16001712,8.60154438,9.07122707,-1.49395597,-0.77003324,-0.21381800,0.04309352,-0.30218899,-0.19710466
slow1,arm,exp01,motion03_slow1,motion03,seg2,40.0,38.275002,10.33632183,10.37536526,0.28157046,0.47570175,4.53937101,4.06760979,-0.83513600,-0.13235059,9.24857903,9.54385853,-0.20485000,-0.34878913,-0.05280700,-0.11033694,-0.18582200,-0.30407903
slow1,arm,exp01,motion03_slow1,motion03,seg2,40.0,38.299999,10.05005360,9.77137756,0.50283372,0.39278516,3.95804596,4.38366413,1.26695502,-0.11942372,9.15053368,8.73206997,0.29368001,-0.25525606,-0.06662900,0.01591093,-0.40268400,-0.29811302
slow1,arm,exp01,motion03_slow1,motion03,seg2,40.0,38.325001,10.21559238,9.23483944,0.93497276,0.59403259,4.46697521,4.26655197,1.90093195,-0.60412222,8.98837662,8.16785336,-0.87253100,-0.47448012,0.13461900,0.08962547,-0.30780101,-0.34599215
slow1,arm,exp01,motion03_slow1,motion03,seg2,40.0,38.349998,10.06643391,9.82079983,1.37797081,0.40254724,3.85172296,4.16524649,-2.58407497,-1.39661086,8.93419647,8.78341103,-1.36525595,-0.27675116,0.13861500,0.20097488,-0.12516300,-0.21227854
slow1,arm,exp01,motion03_slow1,motion03,seg2,40.0,38.375000,10.12053299,10.07817459,0.85207582,0.39480388,4.02631903,3.85806274,-3.72716498,-1.42954862,8.50424480,9.20007324,0.76713502,0.28437534,0.36421999,0.27259576,-0.06986300,-0.02631238
slow1,arm,exp01,motion03_slow1,motion03,seg2,40.0,38.400002,10.87352943,10.51663494,1.74969780,0.72705531,3.09956098,3.87788773,0.91886002,-0.68876117,10.38181400,9.75126648,1.73417604,0.69111121,0.23253800,0.21899191,0.00147400,0.05493020
slow1,arm,exp01,motion03_slow1,motion03,seg2,40.0,38.424999,10.83143425,10.10480595,0.32868281,0.54499102,4.39131594,4.00418043,2.13880301,-0.01549288,9.66756630,9.27757549,0.19210200,0.44833824,0.19418800,0.26496631,0.18281201,0.16062650
slow1,arm,exp01,motion03_slow1,motion03,seg2,40.0,38.450001,9.76525497,9.74871731,0.53177005,0.47629753,3.63513207,3.95706415,-0.08799400,-0.26863912,9.06301689,8.90544605,-0.15894400,0.25790024,0.47399601,0.37739158,0.18122900,0.13387461
slow1,arm,exp01,motion03_slow1,motion03,seg2,40.0,38.474998,9.56573868,9.50879097,0.83148485,0.55932754,3.64468002,3.59818149,0.17216100,-0.27372071,8.84251213,8.79745865,0.70231199,0.30949548,0.44471699,0.46244261,-0.01875500,0.05662752
slow1,arm,exp01,motion03_slow1,motion03,seg2,40.0,38.500000,9.51674080,9.49583340,0.84034097,0.63094699,3.01782298,3.43748665,1.63385296,0.24947922,8.87646484,8.84829330,0.61204302,0.41942728,0.57324600,0.46919811,-0.05445500,-0.04503354
slow1,arm,exp01,motion03_slow1,motion03,seg2,40.0,38.525002,9.53754139,9.52698612,0.42746130,0.47414035,3.37897110,3.39304137,2.07763100,0.70553654,8.67356300,8.87428665,0.18475901,0.04053543,0.37238300,0.46843147,-0.09959000,-0.06113841
slow1,arm,exp01,motion03_slow1,motion03,seg2,40.0,38.549999,9.61005592,9.21397114,0.79093355,0.54177278,3.07695794,3.32491255,1.97841501,0.01285910,8.88658428,8.59314060,-0.50711203,-0.21292952,0.56158400,0.45887995,-0.23029700,-0.19392765
slow1,arm,exp01,motion03_slow1,motion03,seg2,40.0,38.575001,9.48326874,9.68177032,0.81856966,0.52643681,3.19054294,3.32118154,-0.50200099,-0.23252994,8.91632271,9.09133434,-0.72689301,-0.17500862,0.33768699,0.46644342,-0.16628399,-0.17011234
slow1,arm,exp01,motion03_slow1,motion03,seg2,40.0,38.599998,9.25410175,9.59654617,0.81092113,0.46061608,2.94464111,3.16783619,-0.82727498,0.01250371,8.73402023,9.05860710,0.58843398,0.16365880,0.54440302,0.41460231,-0.12232700,-0.11613750
slow1,arm,exp01,motion03_slow1,motion03,seg2,40.0,38.625000,10.04744244,9.27854919,0.92864347,0.53593558,2.89991808,3.01380849,2.37523794,0.20788144,9.32200718,8.77298164,0.80105901,0.18946633,0.40429500,0.48583356,-0.23922500,-0.12367386
slow1,arm,exp01,motion03_slow1,motion03,seg2,40.0,38.650002,9.92059994,9.37170887,0.87785721,0.60197097,3.00059605,2.92757726,1.87255204,0.33043969,9.26867199,8.89657402,-0.57551497,-0.03181835,0.66060501,0.59428877,-0.05492500,-0.09042969
slow1,arm,exp01,motion03_slow1,motion03,seg2,40.0,38.674999,8.78441525,9.07934380,0.86931521,0.62112957,2.25472093,2.63749647,-0.49111399,-0.39989841,8.47590637,8.67860413,-0.57984900,-0.16989638,0.64573997,0.59743309,-0.05004000,0.00330301
slow1,arm,exp01,motion03_slow1,motion03,seg2,40.0,38.700001,8.50128937,9.15275288,0.63189358,0.53163147,2.13823891,2.43297195,-1.17601001,-0.33270985,8.14351654,8.81719017,0.38326800,0.18488981,0.49352399,0.49373093,0.09396400,0.06839253
slow1,arm,exp01,motion03_slow1,motion03,seg2,40.0,38.724998,8.99496555,9.09194279,1.00944877,0.61806285,2.00800800,2.42989159,0.99887598,-0.26836431,8.71088696,8.75711346,0.92895299,0.49671665,0.39446300,0.36380997,-0.02078700,0.05400496
slow1,arm,exp01,motion03_slow1,motion03,seg2,40.0,38.750000,9.38860226,8.94235992,0.66557842,0.55826503,2.67968512,2.55956173,1.97308302,0.63117599,8.77907085,8.54494381,0.57507300,0.34839731,0.33368099,0.43483478,-0.03070300,-0.03460984
slow1,arm,exp01,motion03_slow1,motion03,seg2,40.0,38.775002,9.82530975,9.36450863,0.72592509,0.45026413,1.98426998,2.27198410,2.29995489,0.13340817,9.34395981,9.08373928,-0.26475000,0.04373765,0.66066200,0.44215900,-0.14283000,-0.07293982
slow1,arm,exp01,motion03_slow1,motion03,seg2,40.0,38.799999,8.79054070,9.64685822,0.24250478,0.45521864,1.69919300,2.29802155,-0.77847803,0.22640812,8.58954716,9.36641407,-0.18913101,0.29202646,0.13744800,0.34628737,0.06439000,-0.04505150
slow1,arm,exp01,motion03_slow1,motion03,seg2,40.0,38.825001,9.46355057,10.00490761,1.38496459,0.73190016,2.26771498,2.08596182,0.20609900,0.33505881,9.18552017,9.77929783,1.31825304,0.70245063,0.40386599,0.20376316,-0.13125600,-0.02686064
slow1,arm,exp01,motion03_slow1,motion03,seg2,40.0,38.849998,10.07228470,9.87713814,1.06795597,0.63009727,1.10942996,2.09849191,2.86054993,0.98988616,9.59360886,9.60074520,1.06380904,0.61943835,-0.00550700,0.10142349,0.09386200,0.05506378
slow1,arm,exp01,motion03_slow1,motion03,seg2,40.0,38.875000,10.51024628,9.50469780,0.31209761,0.27916574,2.99407101,2.43471146,2.77303100,0.71521574,9.68561363,9.15969086,-0.25354400,0.19409525,0.10835700,0.14820075,0.14621601,0.13526668
slow1,arm,exp01,motion03_slow1,motion03,seg2,40.0,38.900002,9.23558712,9.52825260,0.42931584,0.40003249,1.79345596,2.15076303,0.26970199,0.63244045,9.05576324,9.26076889,0.00716800,0.27037549,0.42030901,0.29101193,0.08718400,0.04727751
slow1,arm,exp01,motion03_slow1,motion03,seg2,40.0,38.924999,9.05009270,9.36475658,0.89145750,0.72706544,1.47959697,1.85076845,0.89470100,0.43011191,8.88338184,9.16996861,0.85459602,0.67814231,0.25326100,0.26172718,-0.01486700,0.01568556
slow1,arm,exp01,motion03_slow1,motion03,seg2,40.0,38.950001,9.48409557,9.83114910,1.13694489,0.86089981,1.62749898,1.93691659,1.64725900,1.14031839,9.19705677,9.57076359,1.12320304,0.84240919,0.15323500,0.15474211,0.08704900,0.08689144
slow1,arm,exp01,motion03_slow1,motion03,seg2,40.0,38.974998,10.67555046,10.30970097,1.04233110,0.60897976,1.93876100,2.05846262,3.37753201,1.62204778,9.93986225,9.97103882,1.02694201,0.58363664,0.13288100,0.14924681,0.11910800,0.08916263
slow1,arm,exp01,motion03_slow1,motion03,seg2,40.0,39.000000,10.85191727,10.41360664,0.29644203,0.52398145,1.89844501,1.98911703,3.51541996,1.68331468,10.08968925,10.08231449,0.16602799,0.48429129,0.24496099,0.19968228,-0.01751300,0.01206210
slow1,arm,exp01,motion03_slow1,motion03,seg2,40.0,39.025002,10.26573086,10.72969723,0.45394418,0.51248795,1.37438905,1.81817794,2.10846591,1.85773849,9.95242023,10.41006470,0.39444801,0.46418315,0.21570200,0.21672422,0.06283900,-0.01444024
slow1,arm,exp01,motion03_slow1,motion03,seg2,40.0,39.049999,10.88023853,10.10227394,0.64656079,0.56230396,2.16161394,2.08317614,2.85171795,1.21675444,10.27495575,9.80998611,0.58820403,0.46864393,0.22296999,0.30822310,-0.14947000,-0.03946072
slow1,arm,exp01,motion03_slow1,motion03,seg2,40.0,39.075001,9.68137074,9.76811028,0.55124450,0.61688513,1.90954196,1.96684039,2.07919788,1.34221661,9.26064396,9.47343445,0.19483200,0.46976787,0.51050401,0.39929861,0.07277800,-0.02063941
slow1,arm,exp01,motion03_slow1,motion03,seg2,40.0,39.099998,9.03155518,9.62062073,0.58933538,0.47036400,1.23680902,1.84513009,1.74679697,1.54726517,8.77428055,9.31438732,0.50568300,0.32811671,0.30138701,0.33005986,-0.02769000,0.06813386
slow1,arm,exp01,motion03_slow1,motion03,seg2,40.0,39.125000,10.08862972,10.14121437,0.51884741,0.31917462,1.72929502,1.65908563,2.99670696,1.63691401,9.47679996,9.86976051,0.37092099,0.16317527,0.29973200,0.21681032,0.20440400,0.16804630
slow1,arm,exp01,motion03_slow1,motion03,seg2,40.0,39.150002,10.31167984,10.45728207,0.23748603,0.23818663,0.84190398,1.55652106,2.95280004,1.68202662,9.84392738,10.20307732,-0.01138500,0.10313445,0.14879400,0.12524314,0.18474400,0.17438553
slow1,arm,exp01,motion03_slow1,motion03,seg2,40.0,39.174999,10.30292892,10.42291737,0.31234416,0.19987106,1.62604201,1.50644696,2.91701508,1.99215412,9.74665833,10.11924648,0.29766899,0.15763831,0.07870000,0.10705245,0.05252000,0.06031898
slow1,arm,exp01,motion03_slow1,motion03,seg2,40.0,39.200001,10.89377499,10.28376865,0.50846159,0.36830005,1.21521401,1.56110466,3.77356791,2.30085802,10.14681053,9.90075207,0.44795600,0.29758984,0.22964799,0.20556720,-0.07162700,-0.06947918
slow1,arm,exp01,motion03_slow1,motion03,seg2,40.0,39.224998,11.21707249,10.91198635,0.38087067,0.38996828,1.58969104,1.44924772,3.82303691,2.41000652,10.42496967,10.54338646,0.12329800,0.20384064,0.34392101,0.32983482,-0.10760300,-0.04163206
slow1,arm,exp01,motion03_slow1,motion03,seg2,40.0,39.250000,10.22122574,10.28023148,0.45780039,0.37276924,0.87506598,1.33178091,2.71302891,1.89875412,9.81566048,10.01520061,-0.19394200,0.07655054,0.39441699,0.36094931,0.12807401,0.05303317
slow1,arm,exp01,motion03_slow1,motion03,seg2,40.0,39.275002,9.34950829,9.96834183,0.46049619,0.35470310,0.84093100,0.90997452,2.30177999,1.84516537,9.02263546,9.75372505,0.21789201,0.10633410,0.40336099,0.33650428,-0.04335600,0.03566825
slow1,arm,exp01,motion03_slow1,motion03,seg2,40.0,39.299999,10.37261009,10.11228561,0.43217078,0.25953406,0.30869201,1.01089144,3.50844407,2.00732088,9.75636101,9.85936546,0.36050600,0.05940666,0.23390600,0.25144282,0.04577100,0.02460271
slow1,arm,exp01,motion03_slow1,motion03,seg2,40.0,39.325001,10.37339211,9.97754002,0.36247966,0.29232508,1.40500498,1.06835496,3.71218896,2.20751786,9.58399010,9.67144203,-0.23750401,-0.04110424,0.27047899,0.28776339,-0.04271400,0.03092945
slow1,arm,exp01,motion03_slow1,motion03,seg2,40.0,39.349998,9.04420567,9.61183548,0.42544308,0.27217183,0.26107401,0.94577837,2.44138098,2.20173860,8.70454788,9.30834198,-0.14411800,-0.00024030,0.37224501,0.26471791,0.14719200,0.06326041
slow1,arm,exp01,motion03_slow1,motion03,seg2,40.0,39.375000,9.26735878,9.65337467,0.33507088,0.19533829,0.81973702,0.96192575,2.99850798,2.23826456,8.73045921,9.34090519,0.32139599,0.07159474,0.09066500,0.16390207,-0.02751300,0.07853249
slow1,arm,exp01,motion03_slow1,motion03,seg2,40.0,39.400002,10.46687603,10.28990841,0.31362551,0.18525177,0.66163999,0.99557567,3.74964809,2.24742270,9.74976254,9.99200344,0.19486700,0.14464889,0.18408400,0.09224688,0.16279100,0.06989584
slow1,arm,exp01,motion03_slow1,motion03,seg2,40.0,39.424999,10.31141758,10.28224945,0.13015272,0.20302650,0.74870598,0.90112919,3.48762298,2.27962923,9.67477417,9.98578548,0.08797500,0.16336256,0.06157800,0.11931216,-0.07354100,-0.01723486
slow1,arm,exp01,motion03_slow1,motion03,seg2,40.0,39.450001,10.47508526,10.46449566,0.17241488,0.14656690,0.56106699,0.99343640,3.17105103,2.11642194,9.96780014,10.19997597,0.06533000,0.12654507,0.15028900,0.07392222,0.05359200,0.00192521
slow1,arm,exp01,motion03_slow1,motion03,seg2,40.0,39.474998,10.58875751,10.25667286,0.08323387,0.30061895,1.12711895,1.11663282,2.40426898,1.59445238,10.25040913,10.07026291,-0.04525300,0.24303222,0.04075900,0.15637738,0.05673400,0.08278409
slow1,arm,exp01,motion03_slow1,motion03,seg2,40.0,39.500000,9.87613583,10.55669403,0.75376940,0.61156708,0.73273897,0.83382434,1.50474501,2.12140822,9.73328781,10.30767441,0.56437898,0.52582240,0.43481800,0.24057892,0.24612600,0.19911526
slow1,arm,exp01,motion03_slow1,motion03,seg2,40.0,39.525002,11.12576866,11.04764748,1.34642017,0.66237539,0.25353500,0.92831749,3.96204710,2.93115139,10.39329720,10.61117744,1.31010997,0.51162118,0.15594900,0.23643969,0.26858699,0.34796721
slow1,arm,exp01,motion03_slow1,motion03,seg2,40.0,39.549999,12.47725773,11.10397816,0.73170555,0.61159557,1.67164302,0.98948342,6.19406700,3.36009502,10.70145321,10.53703117,0.43842500,0.30615595,0.45041600,0.37672192,0.37456900,0.37201920
slow1,arm,exp01,motion03_slow1,motion03,seg2,40.0,39.575001,10.86285305,10.82679558,0.67502183,0.54180229,-0.04819200,0.92057508,4.88275385,3.32235837,9.70350266,10.26323414,-0.25567901,0.14374958,0.58156902,0.46536723,0.22816700,0.23731653
slow1,arm,exp01,motion03_slow1,motion03,seg2,40.0,39.599998,10.14713955,10.25240707,0.29155621,0.41548479,1.20572996,1.00884080,4.10051394,2.86744714,9.20306683,9.79141617,0.03400000,0.02694302,0.28728899,0.40494472,0.03625000,0.08900260
slow1,arm,exp01,motion03_slow1,motion03,seg2,40.0,39.625000,10.11549854,10.36483765,0.56786144,0.40302375,0.68332797,1.06351340,4.25864220,3.45096946,9.14988136,9.71543121,0.21393400,0.01702972,0.52540201,0.40258229,-0.02552600,-0.00810195
slow1,arm,exp01,motion03_slow1,motion03,seg2,40.0,39.650002,11.02772045,9.76543427,0.72635740,0.54808807,0.90542197,1.03002846,5.27384996,2.34177160,9.64247608,9.42437553,-0.62300801,-0.35250050,0.36729500,0.41594747,-0.06745700,0.05596132
slow1,arm,exp01,motion03_slow1,motion03,seg2,40.0,39.674999,8.27077675,9.48896122,1.05117249,0.40296644,0.69088399,1.02405715,1.10380101,2.41855860,8.16762257,9.11823845,-0.90423602,-0.09698115,0.41038501,0.34759295,0.34482601,0.17932028
slow1,arm,exp01,motion03_slow1,motion03,seg2,40.0,39.700001,8.48932648,9.73112011,1.41039824,0.41261509,0.75361401,0.98914039,2.34029508,3.09357357,8.12549973,9.17311859,1.38487399,0.24069639,0.26708701,0.28808916,-0.00343800,0.17123403
slow1,arm,exp01,motion03_slow1,motion03,seg2,40.0,39.724998,12.19479465,9.58636665,0.88216007,0.49890268,0.59581202,0.49804765,7.31503916,2.90303588,9.73900604,9.12265110,0.73550397,0.37835667,0.48117000,0.31777817,0.07560200,0.06904460
slow1,arm,exp01,motion03_slow1,motion03,seg2,40.0,39.750000,8.52720165,9.55497360,0.63645625,0.44674733,-0.59384298,0.05905814,3.86987305,3.61429334,7.57526207,8.84482384,-0.58529800,0.33695391,0.24798600,0.29011852,0.03171300,-0.04331845
slow1,arm,exp01,motion03_slow1,motion03,seg2,40.0,39.775002,9.71980572,10.24655342,0.65173042,0.73135090,-0.19528700,-0.01046227,5.55790997,4.10235119,7.97158194,9.38948727,0.57786798,-0.72546482,0.16999801,0.05942340,-0.24884100,-0.07101971
slow1,arm,exp01,motion03_slow1,motion03,seg2,40.0,39.799999,11.76590729,9.81061172,1.81155717,0.93693548,-0.68994403,0.08307888,6.69856119,3.16138887,9.64830685,9.28691673,-1.80170596,-0.92783177,-0.16815799,-0.09488053,0.08554500,-0.08929726
slow1,arm,exp01,motion03_slow1,motion03,seg2,40.0,39.825001,8.82296562,9.33568764,1.78865933,0.85556990,0.86775303,0.01891947,1.75411701,1.71287656,8.60318565,9.17718697,-1.76592505,-0.83104622,-0.03568600,0.03815706,-0.28202400,-0.19976509
slow1,arm,exp01,motion03_slow1,motion03,seg2,40.0,39.849998,7.53807688,7.71456242,0.28734380,1.08207154,-2.01108909,-0.73213226,-2.52077389,-0.09752245,6.81350279,7.67912388,-0.02165400,1.04584014,0.28609800,-0.04221024,-0.01566800,-0.27443662
slow1,arm,exp01,motion03_slow1,motion03,seg2,40.0,39.875000,5.00086403,8.84623051,4.36771679,2.02448940,-1.53329599,-0.63281578,0.06813200,3.10442877,4.75951719,8.25941086,4.25929403,1.93367887,-0.87636602,-0.53143722,-0.40907899,-0.27751961
slow1,arm,exp01,motion03_slow1,motion03,seg2,40.0,39.900002,17.40750504,13.94696331,3.41382360,0.53642625,1.70591295,1.43127465,12.73112869,7.59801531,11.74859428,11.60772991,3.32834411,0.07759771,-0.75461698,-0.52991968,-0.08289200,-0.03027881
slow1,arm,exp01,motion03_slow1,motion03,seg2,40.0,39.924999,23.20768356,14.67071056,4.23998833,0.60878164,3.04678798,1.39406252,13.04885578,0.81626940,18.94837761,14.58149624,-4.21521711,-0.50123948,0.45471799,0.33684677,-0.05175000,-0.07686533
slow1,arm,exp01,motion03_slow1,motion03,seg2,40.0,39.950001,7.18809080,10.10575962,3.48265386,1.26819408,-1.87979198,-0.71861678,-5.10694122,3.12630892,4.69618797,9.58311844,-3.32645702,-1.18904448,0.92848402,0.43965989,0.44886500,-0.03447745
slow1,arm,exp01,motion03_slow1,motion03,seg2,40.0,39.974998,8.59675598,7.93319416,1.90522778,0.87396276,-2.64877009,-0.26524195,1.91094697,-1.21508551,7.95213890,7.83509922,1.63197196,-0.81114876,-0.59463602,-0.30009511,-0.78292298,-0.12566414
fast_slow_fast,arm,exp01,motion07_fast_slow_fast,motion07,seg2,40.0,1.100000,9.80421066,9.81844044,0.01257722,0.01504563,-0.20726100,0.06511141,3.49592495,2.33615851,9.15740681,9.53624153,-0.00751100,-0.00974431,0.00881100,-0.00325101,0.00491300,-0.01099320
fast_slow_fast,arm,exp01,motion07_fast_slow_fast,motion07,seg2,40.0,1.125000,9.80152607,9.82659149,0.01531337,0.01384760,-0.16696399,0.06032688,3.48765206,2.33439398,9.15851021,9.54509640,-0.01428300,-0.00873057,0.00143700,-0.00442232,0.00533200,-0.00979674
fast_slow_fast,arm,exp01,motion07_fast_slow_fast,motion07,seg2,40.0,1.150000,9.80003643,9.82656765,0.01449493,0.01675449,-0.19017000,0.05782675,3.47644401,2.34101558,9.16072559,9.54346561,-0.00650600,-0.01182749,0.01167200,-0.00399506,0.00561600,-0.01117420
fast_slow_fast,arm,exp01,motion07_fast_slow_fast,motion07,seg2,40.0,1.175000,9.81610966,9.79673767,0.00971102,0.01481234,-0.19505000,0.06559359,3.49667001,2.33387041,9.17012882,9.51445293,-0.00834400,-0.00739261,0.00078900,-0.00428253,0.00490500,-0.01210020
fast_slow_fast,arm,exp01,motion07_fast_slow_fast,motion07,seg2,40.0,1.200000,9.80066967,9.81026936,0.01244380,0.01598366,-0.15569900,0.06842636,3.47959709,2.33578348,9.16085625,9.52789688,-0.00998500,-0.01064299,0.00624400,-0.00247244,0.00402000,-0.01166581
fast_slow_fast,arm,exp01,motion07_fast_slow_fast,motion07,seg2,40.0,1.225000,9.80329609,9.79673767,0.01475269,0.01401997,-0.19795200,0.06609339,3.48293090,2.32936954,9.16158390,9.51555252,-0.01190100,-0.00946608,0.00764100,-0.00575980,0.00419800,-0.00858938
fast_slow_fast,arm,exp01,motion07_fast_slow_fast,motion07,seg2,40.0,1.250000,9.79196644,9.81840229,0.00934539,0.01504455,-0.17793199,0.06144366,3.48038602,2.34064603,9.15083885,9.53512573,-0.00766200,-0.00932453,0.00348400,-0.00423960,0.00406100,-0.01101895
fast_slow_fast,arm,exp01,motion07_fast_slow_fast,motion07,seg2,40.0,1.275000,9.81135845,9.81568241,0.01386211,0.01583840,-0.18815701,0.08028504,3.51306105,2.32347417,9.15891647,9.53638554,-0.00952700,-0.01000732,0.00949200,-0.00249336,0.00336100,-0.01202047
fast_slow_fast,arm,exp01,motion07_fast_slow_fast,motion07,seg2,40.0,1.300000,9.80925274,9.81024933,0.01651753,0.01571688,-0.19378200,0.06395345,3.47961092,2.34461522,9.16930771,9.52573776,-0.01475300,-0.01030610,0.00459300,-0.00480651,0.00583800,-0.01084905
fast_slow_fast,arm,exp01,motion07_fast_slow_fast,motion07,seg2,40.0,1.325000,9.79523754,9.81025505,0.01058426,0.01524572,-0.18661501,0.06742566,3.48630404,2.33321261,9.15191460,9.52851868,-0.00384700,-0.00954143,0.00913500,-0.00520727,0.00371200,-0.01069006
fast_slow_fast,arm,exp01,motion07_fast_slow_fast,motion07,seg2,40.0,1.350000,9.81492043,9.81301975,0.01487590,0.01540621,-0.19280100,0.05204715,3.49908400,2.33678174,9.16798210,9.53058720,-0.01321200,-0.00945754,0.00482000,-0.00386078,0.00484800,-0.01153259
fast_slow_fast,arm,exp01,motion07_fast_slow_fast,motion07,seg2,40.0,1.375000,9.78153896,9.83192825,0.01068461,0.01428229,-0.17608200,0.06265613,3.47077799,2.34216499,9.14336967,9.54867268,-0.00873500,-0.00973703,0.00446000,-0.00209512,0.00423900,-0.01023644
fast_slow_fast,arm,exp01,motion07_fast_slow_fast,motion07,seg2,40.0,1.400000,9.79497051,9.81839752,0.01281228,0.01524838,-0.19373301,0.06019067,3.50014710,2.33586121,9.14619541,9.53630257,-0.00591600,-0.00954641,0.00949700,-0.00521224,0.00624200,-0.01068698
fast_slow_fast,arm,exp01,motion07_fast_slow_fast,motion07,seg2,40.0,1.425000,9.80806255,9.81025505,0.01374704,0.01578571,-0.18932600,0.06272572,3.48724794,2.34227204,9.16522503,9.52632809,-0.01294000,-0.00958955,0.00248100,-0.00348096,0.00392200,-0.01204624
fast_slow_fast,arm,exp01,motion07_fast_slow_fast,motion07,seg2,40.0,1.450000,9.79677773,9.80210972,0.01273308,0.01520014,-0.16926600,0.06806385,3.48441601,2.33958197,9.15461826,9.51856518,-0.00912100,-0.00998213,0.00813200,-0.00423756,0.00357900,-0.01065102
fast_slow_fast,arm,exp01,motion07_fast_slow_fast,motion07,seg2,40.0,1.475000,9.80539322,9.81565762,0.01306561,0.01506629,-0.20401800,0.06831714,3.49163103,2.35022855,9.16038322,9.52989483,-0.01069200,-0.01049974,0.00560100,-0.00460936,0.00500200,-0.00977252
fast_slow_fast,arm,exp01,motion07_fast_slow_fast,motion07,seg2,40.0,1.500000,9.76314354,9.80754185,0.01100297,0.01541047,-0.15790500,0.07085354,3.47413898,2.35655308,9.12274075,9.51995373,-0.00838000,-0.00946951,0.00488500,-0.00386972,0.00519400,-0.01152546
fast_slow_fast,arm,exp01,motion07_fast_slow_fast,motion07,seg2,40.0,1.525000,9.82178211,9.78320694,0.01569290,0.01454795,-0.20580500,0.05568754,3.48919106,2.33403230,9.17881203,9.50054359,-0.01134000,-0.00900955,0.00956600,-0.00367560,0.00511500,-0.01081485
fast_slow_fast,arm,exp01,motion07_fast_slow_fast,motion07,seg2,40.0,1.550000,9.79079342,9.80214882,0.01096248,0.01469397,-0.18100800,0.06353535,3.47174406,2.34853005,9.15280628,9.51643276,-0.01011800,-0.00965418,0.00322800,-0.00366361,0.00271700,-0.01045406
fast_slow_fast,arm,exp01,motion07_fast_slow_fast,motion07,seg2,40.0,1.575000,9.82134914,9.81841660,0.01127187,0.01492444,-0.16253400,0.05650225,3.50995302,2.33797789,9.17129898,9.53582573,-0.00415200,-0.00913957,0.00916900,-0.00329378,0.00507400,-0.01132953
fast_slow_fast,arm,exp01,motion07_fast_slow_fast,motion07,seg2,40.0,1.600000,9.81822300,9.80212402,0.01745944,0.01636536,-0.20803000,0.06716006,3.49003911,2.33497214,9.17463112,9.51971817,-0.01601000,-0.01023122,0.00434200,-0.00638497,0.00544600,-0.01106253
fast_slow_fast,arm,exp01,motion07_fast_slow_fast,motion07,seg2,40.0,1.625000,9.76670361,9.81026840,0.01018264,0.01445598,-0.16428401,0.06251711,3.45571589,2.33307767,9.13342953,9.52859974,-0.00760700,-0.00880863,0.00605400,-0.00271687,0.00302800,-0.01113562
fast_slow_fast,arm,exp01,motion07_fast_slow_fast,motion07,seg2,40.0,1.650000,9.80582523,9.82921696,0.01214160,0.01472082,-0.17975600,0.07034863,3.50343990,2.34764028,9.15684509,9.54448223,-0.00620400,-0.00922842,0.00959400,-0.00464826,0.00410900,-0.01048488
fast_slow_fast,arm,exp01,motion07_fast_slow_fast,motion07,seg2,40.0,1.675000,9.80006695,9.80214787,0.01687581,0.01505794,-0.18400200,0.06532807,3.47742295,2.33745527,9.16051197,9.51914597,-0.01581700,-0.00935645,0.00148500,-0.00426445,0.00569300,-0.01100059
fast_slow_fast,arm,exp01,motion07_fast_slow_fast,motion07,seg2,40.0,1.700000,9.79566193,9.81032848,0.01386363,0.01560627,-0.17026401,0.05750569,3.48014808,2.34449911,9.15503025,9.52588844,-0.00625600,-0.01056184,0.01138200,-0.00289096,0.00484900,-0.01111959
fast_slow_fast,arm,exp01,motion07_fast_slow_fast,motion07,seg2,40.0,1.725000,9.79385567,9.80214787,0.01121426,0.01494434,-0.19780999,0.06573142,3.48947501,2.33282757,9.14899063,9.52027798,-0.00980400,-0.00871780,0.00339400,-0.00428041,0.00425700,-0.01135832
fast_slow_fast,arm,exp01,motion07_fast_slow_fast,motion07,seg2,40.0,1.750000,9.80850410,9.81568241,0.01122420,0.01573060,-0.17102100,0.06878220,3.48536396,2.33451247,9.16677380,9.53377914,-0.00853500,-0.01077373,0.00596000,-0.00385964,0.00419700,-0.01079268
fast_slow_fast,arm,exp01,motion07_fast_slow_fast,motion07,seg2,40.0,1.775000,9.81023502,9.80218315,0.01625847,0.01592529,-0.19960199,0.06331456,3.48686409,2.33709311,9.16747761,9.51928425,-0.01302900,-0.01026111,0.00837200,-0.00348982,0.00494900,-0.01166815
fast_slow_fast,arm,exp01,motion07_fast_slow_fast,motion07,seg2,40.0,1.800000,9.78966713,9.81571674,0.00936255,0.01222811,-0.18169899,0.06616325,3.46785498,2.33902216,9.15306282,9.53272724,-0.00793000,-0.00712602,0.00173500,-0.00273138,0.00466500,-0.00955437
fast_slow_fast,arm,exp01,motion07_fast_slow_fast,motion07,seg2,40.0,1.825000,9.82201481,9.79408550,0.01337409,0.01644155,-0.19048800,0.06584335,3.50992298,2.34172463,9.17148495,9.50978947,-0.00665600,-0.01016629,0.01070100,-0.00505038,0.00447800,-0.01189389
fast_slow_fast,arm,exp01,motion07_fast_slow_fast,motion07,seg2,40.0,1.850000,9.78612709,9.79413700,0.01512921,0.01506809,-0.18265299,0.06319878,3.47104096,2.34841967,9.14804840,9.50821018,-0.01427900,-0.00980414,0.00171500,-0.00329869,0.00469700,-0.01095649
fast_slow_fast,arm,exp01,motion07_fast_slow_fast,motion07,seg2,40.0,1.875000,9.79212189,9.81575966,0.01060605,0.01599430,-0.17602099,0.06420168,3.47254300,2.34139943,9.15402222,9.53220177,-0.00389400,-0.00940062,0.00887600,-0.00545116,0.00430600,-0.01173589
fast_slow_fast,arm,exp01,motion07_fast_slow_fast,motion07,seg2,40.0,1.900000,9.79630852,9.80227947,0.01334738,0.01384903,-0.19610700,0.05893673,3.48556089,2.34427595,9.15314579,9.51764584,-0.01129000,-0.00921614,0.00574000,-0.00349038,0.00421200,-0.00973014
fast_slow_fast,arm,exp01,motion07_fast_slow_fast,motion07,seg2,40.0,1.925000,9.78775311,9.81301975,0.01156950,0.01573772,-0.16340800,0.07778383,3.47368002,2.34017467,9.14915085,9.52957916,-0.00959800,-0.01078768,0.00489200,-0.00387257,0.00421900,-0.01078448
fast_slow_fast,arm,exp01,motion07_fast_slow_fast,motion07,seg2,40.0,1.950000,9.79278946,9.82390404,0.01488589,0.01473089,-0.19719701,0.06024457,3.48843408,2.33476973,9.14826012,9.54223824,-0.00784900,-0.00924935,0.01089800,-0.00466615,0.00642000,-0.01047261
fast_slow_fast,arm,exp01,motion07_fast_slow_fast,motion07,seg2,40.0,1.975000,9.80478001,9.78594589,0.01230729,0.01495165,-0.18321200,0.07315110,3.49328804,2.32775736,9.15953541,9.50478458,-0.01202400,-0.00873675,0.00054600,-0.00429433,0.00256800,-0.01134811
fast_slow_fast,arm,exp01,motion07_fast_slow_fast,motion07,seg2,40.0,2.000000,9.81078339,9.82395744,0.01416537,0.01562169,-0.17673500,0.05809345,3.49461508,2.33931470,9.16558266,9.54119301,-0.00754600,-0.01130826,0.01086700,-0.00425135,0.00506200,-0.00990387
fast_slow_fast,arm,exp01,motion07_fast_slow_fast,motion07,seg2,40.0,2.025000,9.81867504,9.80773640,0.01612725,0.01506971,-0.19386201,0.06564650,3.47966194,2.34531212,9.17936516,9.52296638,-0.01456400,-0.00938337,0.00406000,-0.00428632,0.00561200,-0.01098526
fast_slow_fast,arm,exp01,motion07_fast_slow_fast,motion07,seg2,40.0,2.050000,9.78756332,9.79967213,0.00944457,0.01507050,-0.17263500,0.06809987,3.48239112,2.35184932,9.14546585,9.51303005,-0.00579100,-0.00938536,0.00618400,-0.00428731,0.00417400,-0.01098425
fast_slow_fast,arm,exp01,motion07_fast_slow_fast,motion07,seg2,40.0,2.075000,9.82289886,9.80227947,0.01314999,0.01593498,-0.21464001,0.06148607,3.49044991,2.32806301,9.17932606,9.52160835,-0.00882000,-0.01028705,0.00830400,-0.00350869,0.00511600,-0.01165287
fast_slow_fast,arm,exp01,motion07_fast_slow_fast,motion07,seg2,40.0,2.100000,9.79357815,9.80780983,0.01468319,0.01507547,-0.16732401,0.06344595,3.48167109,2.34744573,9.15227509,9.52253151,-0.01417000,-0.00982409,0.00250500,-0.00331358,0.00292100,-0.01094427
fast_slow_fast,arm,exp01,motion07_fast_slow_fast,motion07,seg2,40.0,2.125000,9.81064320,9.81594944,0.01259630,0.01385576,-0.18620300,0.05858832,3.50367498,2.34547830,9.16178513,9.53143024,-0.00196400,-0.00923210,0.01182900,-0.00350328,0.00385800,-0.00971995
fast_slow_fast,arm,exp01,motion07_fast_slow_fast,motion07,seg2,40.0,2.150000,9.81850433,9.80241585,0.01567441,0.01473763,-0.20328000,0.05624013,3.48935509,2.33934236,9.17529869,9.51901627,-0.01455800,-0.00926331,0.00201500,-0.00467808,0.00544900,-0.01046443
fast_slow_fast,arm,exp01,motion07_fast_slow_fast,motion07,seg2,40.0,2.175000,9.78673553,9.81869793,0.01445776,0.01527770,-0.16415501,0.07718298,3.46944094,2.35715938,9.14965725,9.53124714,-0.01178900,-0.00960022,0.00659100,-0.00526199,0.00515800,-0.01065623
fast_slow_fast,arm,exp01,motion07_fast_slow_fast,motion07,seg2,40.0,2.200000,9.80813503,9.79164982,0.01191604,0.01630086,-0.19793300,0.04163231,3.48615408,2.32727218,9.16553688,9.51096630,-0.00497100,-0.01158226,0.00985500,-0.00349763,0.00449000,-0.01092409
fast_slow_fast,arm,exp01,motion07_fast_slow_fast,motion07,seg2,40.0,2.225000,9.78658295,9.81869888,0.01255461,0.01407735,-0.17053600,0.07774753,3.48562407,2.35225773,9.14322472,9.53245449,-0.01190000,-0.00872748,0.00152500,-0.00313443,0.00369900,-0.01059141
fast_slow_fast,arm,exp01,motion07_fast_slow_fast,motion07,seg2,40.0,2.250000,9.79441547,9.82127190,0.02038009,0.01559880,-0.18751200,0.07123329,3.46992493,2.32858562,9.15723991,9.54096413,-0.01661800,-0.00973524,0.01090100,-0.00488114,0.00451200,-0.01116791
fast_slow_fast,arm,exp01,motion07_fast_slow_fast,motion07,seg2,40.0,2.275000,9.78756332,9.79466343,0.00779518,0.01430687,-0.18276501,0.05092184,3.46256709,2.36363077,9.15279293,9.50505638,0.00047500,-0.00980983,0.00567400,-0.00215069,0.00532400,-0.01018962
fast_slow_fast,arm,exp01,motion07_fast_slow_fast,motion07,seg2,40.0,2.300000,9.83887672,9.81329155,0.00920947,0.01575158,-0.18700799,0.07059067,3.53830600,2.34166121,9.17872047,9.52955055,-0.00497100,-0.01081758,0.00762000,-0.00389939,0.00142800,-0.01076508
fast_slow_fast,arm,exp01,motion07_fast_slow_fast,motion07,seg2,40.0,2.325000,9.80829525,9.82134533,0.03444612,0.01575802,-0.19983500,0.06896628,3.45427990,2.33036733,9.17772675,9.54062080,-0.03346900,-0.01038384,0.00527000,-0.00487711,0.00621200,-0.01080299
fast_slow_fast,arm,exp01,motion07_fast_slow_fast,motion07,seg2,40.0,2.350000,9.74464035,9.80259132,0.00933745,0.01431662,-0.17517900,0.05265545,3.43219399,2.33873296,9.11851788,9.51936722,0.00209500,-0.00758226,0.00846700,-0.00277456,0.00333300,-0.01182273
fast_slow_fast,arm,exp01,motion07_fast_slow_fast,motion07,seg2,40.0,2.375000,9.82253933,9.82185459,0.02039391,0.01679318,-0.19475400,0.05420833,3.55099297,2.37104583,9.15613461,9.53121376,0.01930300,-0.01288145,0.00606700,-0.00349255,0.00254900,-0.01019222
fast_slow_fast,arm,exp01,motion07_fast_slow_fast,motion07,seg2,40.0,2.400000,9.85876083,9.81320953,0.05616977,0.01594313,-0.18875200,0.07470050,3.50323105,2.32288003,9.21340942,9.53402996,-0.05551800,-0.00987724,0.00558500,-0.00450627,0.00645000,-0.01167549
fast_slow_fast,arm,exp01,motion07_fast_slow_fast,motion07,seg2,40.0,2.425000,9.70030403,9.80535316,0.00670101,0.01408293,-0.18543100,0.07093356,3.37386298,2.34756947,9.09277534,9.51991844,0.00247400,-0.00874245,0.00478900,-0.00314536,0.00398100,-0.01058326
fast_slow_fast,arm,exp01,motion07_fast_slow_fast,motion07,seg2,40.0,2.450000,9.85523796,9.80269337,0.03403049,0.01508269,-0.20193499,0.05056108,3.56837010,2.33831453,9.18431664,9.51958656,0.03170800,-0.00941428,0.01232600,-0.00431116,0.00086400,-0.01096690
fast_slow_fast,arm,exp01,motion07_fast_slow_fast,motion07,seg2,40.0,2.475000,9.85437775,9.80535412,0.05892517,0.01472430,-0.18119000,0.07151891,3.52326608,2.34316969,9.20122433,9.52099800,-0.05850200,-0.00972297,-0.00252100,-0.00372225,0.00658300,-0.01041219
fast_slow_fast,arm,exp01,motion07_fast_slow_fast,motion07,seg2,40.0,2.500000,9.71835232,9.81359863,0.01164549,0.01422415,-0.16616701,0.06375730,3.37859607,2.35024285,9.11064529,9.52780151,-0.00027400,-0.00895231,0.01097600,-0.00411707,0.00388200,-0.01025828
fast_slow_fast,arm,exp01,motion07_fast_slow_fast,motion07,seg2,40.0,2.525000,9.82710171,9.79494667,0.03170500,0.01853175,-0.27117100,0.01707930,3.54778194,2.33824611,9.16032887,9.51174450,0.02357600,-0.01528819,0.02109400,-0.00367955,0.00210300,-0.00980600
fast_slow_fast,arm,exp01,motion07_fast_slow_fast,motion07,seg2,40.0,2.550000,9.82122421,9.81314087,0.07311976,0.01273639,-0.04809600,0.11314227,3.47684407,2.31116128,9.18507957,9.53642845,-0.05931000,0.00183024,-0.04185100,-0.00479035,0.00879300,-0.01165841
fast_slow_fast,arm,exp01,motion07_fast_slow_fast,motion07,seg2,40.0,2.575000,9.73747921,9.79966831,0.06479539,0.01965778,-0.31993899,0.10740180,3.43177390,2.31458735,9.10708904,9.52179813,0.02364800,-0.01643071,0.05988600,-0.00096436,0.00727200,-0.01074849
fast_slow_fast,arm,exp01,motion07_fast_slow_fast,motion07,seg2,40.0,2.600000,9.85880375,9.82999229,0.03610072,0.01333055,-0.15192600,0.05127858,3.51153111,2.35113406,9.21097565,9.54454231,-0.01490000,-0.00399505,-0.03249400,-0.00397799,-0.00503900,-0.01207969
fast_slow_fast,arm,exp01,motion07_fast_slow_fast,motion07,seg2,40.0,2.625000,9.76313019,9.83313084,0.03551500,0.02539911,-0.08422200,0.09672304,3.53216004,2.39293861,9.10139847,9.53703022,-0.00380400,-0.02202535,0.03326400,-0.00618950,0.01184700,-0.01103127
fast_slow_fast,arm,exp01,motion07_fast_slow_fast,motion07,seg2,40.0,2.650000,9.82503891,9.80023575,0.05615108,0.01942761,-0.33088100,0.00187757,3.49634790,2.29096866,9.17591763,9.52869797,-0.05571400,-0.01474594,0.00615400,-0.00313690,-0.00332000,-0.01225354
fast_slow_fast,arm,exp01,motion07_fast_slow_fast,motion07,seg2,40.0,2.675000,9.75899220,9.81350613,0.01597315,0.01479864,-0.16910701,0.03826961,3.30672002,2.30370760,9.18013763,9.53920174,-0.01008200,-0.00035027,-0.00644000,-0.00498878,0.01058400,-0.01392800
fast_slow_fast,arm,exp01,motion07_fast_slow_fast,motion07,seg2,40.0,2.700000,9.72545528,9.80142403,0.07927854,0.01650717,-0.16610999,0.10578859,3.47774911,2.42078352,9.08086777,9.49718571,0.07608300,-0.01138926,0.02149000,-0.00548088,-0.00588600,-0.01061752
fast_slow_fast,arm,exp01,motion07_fast_slow_fast,motion07,seg2,40.0,2.725000,10.22211552,9.77028179,0.06987818,0.02403084,-0.08667200,0.06894490,3.76313400,2.11158109,9.50383854,9.53912354,-0.06485600,0.01012912,-0.02312600,-0.00821624,0.01191000,-0.02018354
fast_slow_fast,arm,exp01,motion07_fast_slow_fast,motion07,seg2,40.0,2.750000,9.59913921,10.08070850,0.07583952,0.02820135,-0.28796500,0.15515742,3.05724597,2.50182033,9.09471226,9.76409245,-0.07269600,0.01420899,0.01175700,0.00514341,-0.01813000,-0.02381105
fast_slow_fast,arm,exp01,motion07_fast_slow_fast,motion07,seg2,40.0,2.775000,9.91893482,9.79595566,0.44568747,0.11517372,0.14993100,0.08801308,4.00694418,2.66525531,9.07233143,9.42599678,0.43057200,0.04638394,0.03305200,0.02711485,-0.11023900,-0.10187394
fast_slow_fast,arm,exp01,motion07_fast_slow_fast,motion07,seg2,40.0,2.800000,10.11342716,9.61070538,0.27584109,0.10404017,-0.78453302,-0.23237415,4.43980503,2.30863810,9.05284691,9.32640648,-0.24777400,-0.00736336,0.10763700,0.01596435,-0.05577300,-0.10254402
fast_slow_fast,arm,exp01,motion07_fast_slow_fast,motion07,seg2,40.0,2.825000,9.36532593,9.75969124,0.47565475,0.08545115,-0.30074900,0.03406313,2.41302299,2.10370660,9.04412556,9.53020668,-0.42699999,-0.04734362,-0.19160900,-0.02071945,-0.08487900,-0.06805281
fast_slow_fast,arm,exp01,motion07_fast_slow_fast,motion07,seg2,40.0,2.850000,9.04804039,9.52954292,0.19273387,0.08999064,0.58295101,0.35887840,1.94818497,1.71454144,8.81656265,9.36716366,0.03546100,-0.01227679,0.09050000,-0.02370511,0.16642900,0.08593988
fast_slow_fast,arm,exp01,motion07_fast_slow_fast,motion07,seg2,40.0,2.875000,10.47718334,10.13912678,0.94440764,0.08720896,-0.96151799,-0.22286044,4.38526297,2.57595515,9.46658897,9.80391121,0.93108797,0.03135812,0.04989700,-0.02700413,-0.14997099,-0.07676488
fast_slow_fast,arm,exp01,motion07_fast_slow_fast,motion07,seg2,40.0,2.900000,11.65238094,10.49340057,0.47940162,0.15534884,0.62495202,0.35665497,5.24273920,2.80758691,10.38754559,10.10453987,-0.42104799,0.05330883,-0.21725801,0.02184564,-0.07309900,-0.14427127
fast_slow_fast,arm,exp01,motion07_fast_slow_fast,motion07,seg2,40.0,2.925000,7.92331791,8.76186943,1.05035031,0.12629323,-1.40432501,-0.30378151,1.61113298,1.65103567,7.62961912,8.59954453,-1.00290096,-0.09576482,0.30972901,-0.08075647,0.03864500,-0.01604595
fast_slow_fast,arm,exp01,motion07_fast_slow_fast,motion07,seg2,40.0,2.950000,9.82224655,10.42382622,1.33463848,0.07334098,0.90694898,0.39856294,2.07777309,2.84274626,9.55703068,10.02078247,1.20417202,0.06603082,-0.57548702,0.00060377,0.00666500,0.03191340
fast_slow_fast,arm,exp01,motion07_fast_slow_fast,motion07,seg2,40.0,2.975000,11.45626163,9.51655102,0.96919638,0.05334804,-0.27305299,-0.21907617,7.44228697,3.30676246,8.70538521,8.92087841,0.60233098,-0.04415914,0.75180697,-0.02243636,-0.10642000,-0.01981396
fast_slow_fast,arm,exp01,motion07_fast_slow_fast,motion07,seg2,40.0,3.000000,11.08041954,10.24221611,1.93539417,0.13125767,-1.37039196,0.32905185,3.61511493,1.86712217,10.38405800,10.06521606,-1.78925502,-0.10680806,-0.69125903,0.02263821,0.25783399,0.07285690
fast_slow_fast,arm,exp01,motion07_fast_slow_fast,motion07,seg2,40.0,3.025000,7.51570225,9.29099083,0.49099612,0.05277378,2.16310000,0.06911758,-0.93871599,1.97527182,7.13621712,9.07832718,0.00305200,0.02083279,0.49044099,0.01275377,0.02314100,0.04678043
fast_slow_fast,arm,exp01,motion07_fast_slow_fast,motion07,seg2,40.0,3.050000,11.73015118,10.05750465,1.71323681,0.08742082,-3.06818008,-0.29845768,4.88587379,2.04257607,10.21327305,9.84338379,1.71155202,0.07622138,-0.07357500,-0.02285048,-0.01889400,0.03620161
fast_slow_fast,arm,exp01,motion07_fast_slow_fast,motion07,seg2,40.0,3.075000,11.64433289,9.72984219,1.01287019,0.03753050,1.55639601,0.02489429,6.22144890,2.12191010,9.71914101,9.49561501,-0.99742800,-0.02826859,-0.17059700,-0.01983520,0.04404600,0.01469659
fast_slow_fast,arm,exp01,motion07_fast_slow_fast,motion07,seg2,40.0,3.100000,8.53785419,9.80210495,0.90638131,0.07979605,-1.13281596,0.36724469,0.32557699,2.23644233,8.45610332,9.53649426,-0.87498403,-0.05710098,0.14695500,-0.03291485,0.18529500,0.04498333
fast_slow_fast,arm,exp01,motion07_fast_slow_fast,motion07,seg2,40.0,3.125000,9.23400497,9.81723213,1.37477219,0.09566537,0.82283598,-0.24261822,2.78289700,2.58257103,8.76614380,9.46834278,1.37019598,0.01036594,-0.10858500,-0.00066747,-0.02776200,0.09509975
fast_slow_fast,arm,exp01,motion07_fast_slow_fast,motion07,seg2,40.0,3.150000,12.03649330,9.72616196,0.26016819,0.08403827,-1.60466194,0.04598874,6.95843697,2.87736559,9.68929195,9.29068756,0.05097600,-0.04928606,0.23887700,-0.01326580,0.08959200,0.06676326
fast_slow_fast,arm,exp01,motion07_fast_slow_fast,motion07,seg2,40.0,3.175000,9.75270271,10.10487556,1.14125955,0.06708091,1.09524596,0.29368663,3.45570207,2.67690945,9.05393696,9.73942566,-1.07059801,-0.06644885,-0.38075799,-0.00712897,0.10638000,0.00579452
fast_slow_fast,arm,exp01,motion07_fast_slow_fast,motion07,seg2,40.0,3.200000,9.06260586,9.72395897,0.47560963,0.04532991,-0.61345798,-0.04925343,1.55334198,1.81420493,8.90739155,9.55309486,0.11728000,-0.00004131,0.45453000,0.00901085,-0.07650100,-0.04442526
fast_slow_fast,arm,exp01,motion07_fast_slow_fast,motion07,seg2,40.0,3.225000,9.89824963,9.66101742,0.65115750,0.04486150,-0.97481102,-0.39896956,3.86463690,2.05616403,9.06033516,9.43123913,0.57364398,-0.01095646,-0.30802900,-0.02265576,-0.00753900,-0.03713794
fast_slow_fast,arm,exp01,motion07_fast_slow_fast,motion07,seg2,40.0,3.250000,10.99864674,10.39076328,0.29747483,0.15078300,-0.04628400,-0.38642076,4.54062700,2.33946538,10.01752377,10.11659718,-0.19100700,0.01709651,0.18330500,-0.01900229,-0.13567200,-0.14860059
fast_slow_fast,arm,exp01,motion07_fast_slow_fast,motion07,seg2,40.0,3.275000,9.37109089,9.51265240,0.27161106,0.27615303,-2.03334403,-1.16837227,3.30635691,2.40300941,8.52941132,9.12967682,-0.11774200,0.04414725,-0.03898700,-0.00977888,-0.24163900,-0.27242595
fast_slow_fast,arm,exp01,motion07_fast_slow_fast,motion07,seg2,40.0,3.300000,9.10393238,9.60681152,0.21906744,0.22300108,-1.54387701,-1.56633425,3.23031306,2.73128295,8.37036991,9.07620621,0.00157900,-0.04330552,-0.00128100,-0.05670038,-0.21905801,-0.21127985
fast_slow_fast,arm,exp01,motion07_fast_slow_fast,motion07,seg2,40.0,3.325000,10.13574409,9.80582523,0.30804345,0.17393796,-1.45154905,-0.58773005,4.03691578,2.94808626,9.18311596,9.33367920,0.15732600,-0.11418315,-0.24611400,-0.04750342,-0.09781200,-0.12231127
fast_slow_fast,arm,exp01,motion07_fast_slow_fast,motion07,seg2,40.0,3.350000,11.11680698,10.28812313,0.32476038,0.14956850,0.88094997,0.00800682,4.50212812,2.33298135,10.12611294,10.02011013,-0.30650100,-0.12306940,0.08026400,0.06394529,-0.07130300,-0.05599695
fast_slow_fast,arm,exp01,motion07_fast_slow_fast,motion07,seg2,40.0,3.375000,10.48952103,10.38122082,0.68849587,0.17068070,-1.11495900,-0.02196238,1.85096598,1.70128036,10.26454353,10.24084473,-0.65508401,-0.04364311,0.20387299,0.16347666,0.05768300,-0.02241790
fast_slow_fast,arm,exp01,motion07_fast_slow_fast,motion07,seg2,40.0,3.400000,8.94065666,9.69802666,0.69349092,0.22844589,-0.08725000,-0.21927522,2.02178907,1.71531773,8.70862198,9.54260540,0.65986401,0.12804301,0.18185399,0.17712390,-0.11152700,-0.06648029
fast_slow_fast,arm,exp01,motion07_fast_slow_fast,motion07,seg2,40.0,3.425000,10.62160873,9.68564129,0.22630526,0.17685975,-0.20767500,0.31264839,4.49573517,1.47482026,9.62100887,9.56759167,0.13531999,0.04445031,0.10091700,0.14993414,-0.15072601,-0.08260322
fast_slow_fast,arm,exp01,motion07_fast_slow_fast,motion07,seg2,40.0,3.450000,9.71712971,9.93380356,0.49323189,0.09844387,0.10125000,0.03863987,2.50227594,2.01187205,9.38887501,9.72786331,-0.45982701,-0.00317873,0.15671600,0.08527443,0.08530500,-0.04908526
fast_slow_fast,arm,exp01,motion07_fast_slow_fast,motion07,seg2,40.0,3.475000,8.15182877,9.38528919,0.47268116,0.06124118,-1.24855697,-0.40724289,2.33495498,2.14976931,7.70982504,9.12668037,0.46278399,-0.00342767,0.09117400,-0.01610748,-0.03075300,0.05898544
fast_slow_fast,arm,exp01,motion07_fast_slow_fast,motion07,seg2,40.0,3.500000,8.97002792,9.50168800,0.47844109,0.21323575,-0.19114301,-0.17908008,3.75414491,2.80489659,8.14440060,9.07648373,0.22584701,0.06204978,-0.36866599,-0.18442982,0.20490099,0.08720636
fast_slow_fast,arm,exp01,motion07_fast_slow_fast,motion07,seg2,40.0,3.525000,11.31896973,9.98202038,0.61359739,0.23388484,-0.50999701,0.05327068,3.65952897,0.86132014,10.69891739,9.94464779,-0.61144698,-0.01493051,-0.00110200,-0.21537754,0.05131400,0.08995395
fast_slow_fast,arm,exp01,motion07_fast_slow_fast,motion07,seg2,40.0,3.550000,9.81198215,11.08095837,0.51596218,0.36998352,-0.21917300,0.34108657,0.42797601,1.97324681,9.80019379,10.89851379,-0.01337600,0.23800421,-0.43548501,-0.25740394,0.27638900,0.11825828
fast_slow_fast,arm,exp01,motion07_fast_slow_fast,motion07,seg2,40.0,3.575000,10.77042294,11.71246529,2.01393890,0.76014626,0.89231902,0.71043801,3.92057300,3.67884421,9.99174118,11.09699249,1.99732804,0.67830426,-0.25589100,-0.31698954,0.03391700,0.13131377
fast_slow_fast,arm,exp01,motion07_fast_slow_fast,motion07,seg2,40.0,3.600000,15.12964535,13.15818882,1.66352046,0.99952877,0.33501801,1.03477812,9.20836926,5.49872398,11.99999332,11.90929031,1.62582898,0.93653738,-0.27952400,-0.30840853,0.21411900,0.16382794
fast_slow_fast,arm,exp01,motion07_fast_slow_fast,motion07,seg2,40.0,3.625000,11.54692745,11.48100471,0.52242553,1.40266395,1.55927098,1.09448218,6.81853008,5.66475201,9.18737602,9.92603493,0.12807900,1.37104285,-0.29675299,-0.20736226,0.41044101,0.21144372
fast_slow_fast,arm,exp01,motion07_fast_slow_fast,motion07,seg2,40.0,3.650000,10.34735870,13.74596119,2.29157710,2.04681563,0.15193200,1.09650314,3.97296095,5.96035433,9.55302715,12.33788109,2.26888394,2.01462555,-0.14062500,-0.28584552,0.28933799,0.22142881
fast_slow_fast,arm,exp01,motion07_fast_slow_fast,motion07,seg2,40.0,3.675000,12.80207253,10.06005859,3.53197145,2.76911187,0.84018600,0.89485472,8.55254364,4.31897354,9.48900127,9.04159737,3.47988701,2.73324156,-0.55971599,-0.43877718,0.22787499,0.06961062
fast_slow_fast,arm,exp01,motion07_fast_slow_fast,motion07,seg2,40.0,3.700000,9.58411598,9.35429668,2.08712673,3.13102365,1.42875099,1.25629115,6.33390093,4.94243240,7.04951382,7.84200001,2.05761099,3.11003661,-0.34312999,-0.29864752,-0.06779700,-0.20442791
fast_slow_fast,arm,exp01,motion07_fast_slow_fast,motion07,seg2,40.0,3.725000,15.37907219,12.19363594,1.91274226,2.56573606,1.11723900,1.45607603,2.48294210,-0.39918119,15.13613701,12.09980392,1.90167499,2.56224370,-0.20497200,-0.09525633,0.01420400,-0.09399664
fast_slow_fast,arm,exp01,motion07_fast_slow_fast,motion07,seg2,40.0,3.750000,7.42375994,10.70472813,1.03406096,2.57216191,0.73410499,1.08226836,-3.36292601,2.12272692,6.57753992,10.43618393,0.68883198,2.52936363,0.05834200,-0.02270634,0.76901799,0.46671352
fast_slow_fast,arm,exp01,motion07_fast_slow_fast,motion07,seg2,40.0,3.775000,7.53670835,12.17821980,9.71166039,4.39166737,1.29146302,1.00531602,5.25107479,8.91581726,5.24979115,8.23447514,9.71115017,4.37555456,0.01652500,0.02758502,0.09815800,0.37484077
fast_slow_fast,arm,exp01,motion07_fast_slow_fast,motion07,seg2,40.0,3.800000,19.05503464,11.25564098,6.12435389,6.31132317,0.72610497,1.22128677,18.34717941,8.64863110,5.09392977,7.09923124,6.09070206,6.30180311,0.18335900,-0.09564190,0.61436099,0.33306611
fast_slow_fast,arm,exp01,motion07_fast_slow_fast,motion07,seg2,40.0,3.825000,5.95679998,11.74931431,4.62746239,7.98244524,1.83230102,1.28847480,5.62201786,11.28494072,0.72045201,3.00604939,4.55146217,7.98221588,-0.68597502,0.04694158,0.47648200,0.03810736
fast_slow_fast,arm,exp01,motion07_fast_slow_fast,motion07,seg2,40.0,3.850000,10.69538021,11.59366512,11.33695984,7.87759542,1.56308603,0.67688805,9.34064007,11.54954243,-4.96994686,0.75030512,11.31017113,7.87477112,0.77661902,0.20174423,0.05958900,0.06156890
fast_slow_fast,arm,exp01,motion07_fast_slow_fast,motion07,seg2,40.0,3.875000,18.61431694,12.01302814,7.78137827,7.01881695,-0.94824499,0.11821253,18.58501244,11.77709675,0.43699700,2.36618805,7.77785492,7.01087475,-0.00124100,0.27604064,0.23414899,0.18769352
fast_slow_fast,arm,exp01,motion07_fast_slow_fast,motion07,seg2,40.0,3.900000,15.63668537,16.08308792,3.89840102,4.15565872,1.56111097,0.20890698,15.54271412,15.48234463,-0.70206302,4.34960699,3.82236409,4.13574696,0.36687499,0.20626681,0.67265600,0.35007209
fast_slow_fast,arm,exp01,motion07_fast_slow_fast,motion07,seg2,40.0,3.925000,19.01905441,13.85165215,1.18536389,0.67846918,-0.81153202,0.42093617,19.00173187,13.62082291,-0.00651500,2.48279500,1.12246501,0.14780267,0.17767701,-0.00311946,0.33703199,0.66216695
fast_slow_fast,arm,exp01,motion07_fast_slow_fast,motion07,seg2,40.0,3.950000,17.01481438,12.57156277,4.35271454,2.55857754,2.68602490,1.82446492,16.41099930,12.39133358,-3.60115290,-1.08183718,-4.23605824,-2.50253224,-0.41391701,-0.14786105,0.91137600,0.51165277
fast_slow_fast,arm,exp01,motion07_fast_slow_fast,motion07,seg2,40.0,3.975000,12.68476963,14.06371689,4.68333721,4.70938635,2.73845911,2.94095755,11.01598644,13.67161942,-5.66147184,-1.49188387,-4.68264294,-4.70459700,0.03040000,-0.11220099,-0.07466400,0.18026973
fast_slow_fast,arm,exp01,motion07_fast_slow_fast,motion07,seg2,40.0,4.000000,18.58271790,13.53336716,5.36549520,7.05194712,3.51321602,2.20409989,18.24414253,13.26891232,-0.35494000,1.49329555,-5.34297609,-7.05018282,0.37699601,0.13840000,-0.31467301,0.07568238
fast_slow_fast,arm,exp01,motion07_fast_slow_fast,motion07,seg2,40.0,4.025000,14.98690510,12.05611420,10.09449768,7.20419931,-0.16071600,1.31808019,14.92209339,11.41333485,-1.38297999,3.65353775,-10.08752823,-7.20039463,0.18511000,-0.10335991,0.32617399,0.21003813
fast_slow_fast,arm,exp01,motion07_fast_slow_fast,motion07,seg2,40.0,4.050000,10.64726543,10.51704216,10.35732365,0.57848644,0.32376200,1.36725438,-9.03405762,-3.06463385,5.62541008,9.96728706,-10.30213928,-0.17650220,-1.00042903,-0.53935522,0.37313300,0.11220294
fast_slow_fast,arm,exp01,motion07_fast_slow_fast,motion07,seg2,40.0,4.075000,12.32435417,18.42499542,10.02114964,0.52043301,4.70470190,3.11079788,-11.36156845,16.24629402,-0.81868398,8.11549950,9.97410965,-0.30043221,-0.84710002,-0.10582905,0.47222200,0.41157165
fast_slow_fast,arm,exp01,motion07_fast_slow_fast,motion07,seg2,40.0,4.100000,36.14359665,12.74855042,12.72345543,2.40088797,4.16568613,2.88099575,35.81822968,11.72886562,2.46191001,4.08155727,12.39210129,-2.36186600,2.26507306,0.33390820,-1.78650200,0.27268606
fast_slow_fast,arm,exp01,motion07_fast_slow_fast,motion07,seg2,40.0,4.125000,35.03276825,14.87592888,7.75657129,3.58768511,-1.75128305,3.11269093,34.62671280,13.14950657,5.02180004,6.22052336,-7.69278812,-3.58311105,-0.48626700,0.17441416,0.86542201,0.04876948
fast_slow_fast,arm,exp01,motion07_fast_slow_fast,motion07,seg2,40.0,4.150000,16.07848167,9.32222176,16.90301323,3.21346307,6.08009720,2.31384587,13.43478870,7.15952158,-6.40752983,5.50374269,-16.87040138,-3.19298482,-1.00570500,-0.00685873,-0.29996401,-0.36214000
fast_slow_fast,arm,exp01,motion07_fast_slow_fast,motion07,seg2,40.0,4.175000,14.74640656,11.28119564,5.86993504,2.03635502,-0.15996601,1.63880789,-14.74536419,8.82569027,-0.07170200,6.83277845,-5.79174709,-1.89963233,0.82543099,-0.09125913,0.48006701,-0.72788048
fast_slow_fast,arm,exp01,motion07_fast_slow_fast,motion07,seg2,40.0,4.200000,6.31014061,10.95008469,8.84120369,2.44423771,0.64605302,0.73441315,5.74657297,8.00866508,2.52534890,7.43143892,8.52350330,-2.35932851,-0.30411500,-0.08752245,-2.32900906,-0.63261837
fast_slow_fast,arm,exp01,motion07_fast_slow_fast,motion07,seg2,40.0,4.225000,26.51176834,11.29912186,0.50480902,2.83880615,0.22535799,0.12958868,24.46661758,8.20830345,10.20822144,7.76383352,-0.04213900,-2.82205582,0.31590500,-0.28288057,0.39148501,-0.12165423
fast_slow_fast,arm,exp01,motion07_fast_slow_fast,motion07,seg2,40.0,4.250000,15.84162235,8.69144440,10.50588799,3.99888444,-0.86714500,1.19273400,15.32931995,6.19682503,3.90089893,5.97644997,-10.46743393,-3.98925400,-0.89721900,-0.21011916,-0.03871500,0.18105145
fast_slow_fast,arm,exp01,motion07_fast_slow_fast,motion07,seg2,40.0,4.275000,5.73659134,7.23624086,9.36600399,3.62954712,3.14796090,1.19286942,-4.67332220,2.24397254,1.07651305,6.77531052,-9.32503128,-3.60622001,-0.38971701,-0.29811588,0.78354001,-0.28269631
fast_slow_fast,arm,exp01,motion07_fast_slow_fast,motion07,seg2,40.0,4.300000,6.87168169,7.60185289,2.69479966,2.55159664,-1.05684304,0.31368923,-5.16389990,1.40676296,4.40876722,7.46396589,1.74222004,-2.17675924,0.13892700,-0.31502035,-2.05117393,-1.29349375
fast_slow_fast,arm,exp01,motion07_fast_slow_fast,motion07,seg2,40.0,4.325000,14.24014568,7.48790026,2.08746099,2.62481284,0.28461999,0.91788149,11.66785526,2.65514302,8.15854645,6.94091892,1.23939800,-2.14954853,-0.80971301,-0.46535149,-1.47164905,-1.43266594
fast_slow_fast,arm,exp01,motion07_fast_slow_fast,motion07,seg2,40.0,4.350000,9.90550041,6.34614849,7.10278273,2.94994617,2.04021692,1.11085808,7.04598808,0.26139435,6.65661383,6.24269724,-6.96696281,-2.60091424,-0.93184501,-0.55829108,-1.02108395,-1.27504432
fast_slow_fast,arm,exp01,motion07_fast_slow_fast,motion07,seg2,40.0,4.375000,9.23693562,6.40046358,4.71775436,2.71200585,1.23664200,1.20346129,-8.41713619,-0.97269028,3.59770989,6.21059513,-4.55495596,-2.16463351,-0.40580699,-0.33228898,-1.15969896,-1.59966290
fast_slow_fast,arm,exp01,motion07_fast_slow_fast,motion07,seg2,40.0,4.400000,7.84241104,6.59700727,2.99945402,1.93405473,2.26303697,2.20686960,-4.83510590,-2.90078473,5.74489594,5.49869776,1.72146201,-0.34528106,-0.37516800,-0.19918424,-2.42745590,-1.89253128
fast_slow_fast,arm,exp01,motion07_fast_slow_fast,motion07,seg2,40.0,4.425000,8.39369297,8.09844589,2.16102147,3.00555182,2.17496300,2.25904846,-2.11435008,-2.96721005,7.82643890,7.18868494,1.64518201,2.36816788,-0.26357499,-0.27105507,-1.37619698,-1.83075190
fast_slow_fast,arm,exp01,motion07_fast_slow_fast,motion07,seg2,40.0,4.450000,6.72079134,6.32086897,3.97155690,4.01814651,0.60058498,1.43737185,-5.08057117,-0.87114263,4.35845518,6.09331226,3.53515291,3.64974475,-0.81792402,-0.69700450,-1.61460805,-1.52939451
fast_slow_fast,arm,exp01,motion07_fast_slow_fast,motion07,seg2,40.0,4.475000,3.59604359,4.76477194,6.51838446,4.62217808,0.96318698,1.33163679,-0.38461101,1.34533477,3.44323611,4.37262726,6.38014317,4.40985775,-1.11347997,-0.92160141,-0.73707098,-1.03360236
fast_slow_fast,arm,exp01,motion07_fast_slow_fast,motion07,seg2,40.0,4.500000,6.17901945,2.72350192,4.42667866,4.51357412,1.33779097,0.85834271,4.66556883,0.69385040,3.82401204,2.48983574,4.30498981,4.38707685,-0.88992101,-0.91660953,-0.52017897,-0.53454286
fast_slow_fast,arm,exp01,motion07_fast_slow_fast,motion07,seg2,40.0,4.525000,0.53528517,6.89956522,4.70304489,5.33018398,-0.34340301,-0.61135721,-0.24654201,6.27894878,0.32836199,2.79375100,4.64165401,5.28448009,-0.71445900,-0.63978523,0.25144801,-0.27532771
fast_slow_fast,arm,exp01,motion07_fast_slow_fast,motion07,seg2,40.0,4.550000,8.12508011,7.74301577,7.61276484,4.53456783,-1.81631696,-1.81462026,7.34414291,6.45810986,2.96335602,3.86707425,7.59789705,4.46315670,-0.26135600,-0.54372323,0.39729699,0.58898622
fast_slow_fast,arm,exp01,motion07_fast_slow_fast,motion07,seg2,40.0,4.575000,16.10599136,7.48712301,3.72939301,2.21782565,0.25897399,-1.77448487,15.66751766,6.78156662,3.72354198,2.63031769,3.63346100,2.11231709,0.14566900,0.43524280,0.82771599,0.51713711
fast_slow_fast,arm,exp01,motion07_fast_slow_fast,motion07,seg2,40.0,4.600000,6.47127056,3.24025631,3.97918224,2.54145527,-2.84514904,-1.58008564,4.06219006,0.95758677,4.15705204,2.66188240,-3.64788389,2.40774441,1.51646602,0.70407808,0.47661901,0.40747514
fast_slow_fast,arm,exp01,motion07_fast_slow_fast,motion07,seg2,40.0,4.625000,10.11927509,3.76370478,3.48369837,3.16211081,-1.23101604,0.47826660,-8.96060371,3.26006866,-4.53782988,1.81897974,3.30650806,3.14825296,-1.05310404,0.28957587,0.30680701,0.05994881
fast_slow_fast,arm,exp01,motion07_fast_slow_fast,motion07,seg2,40.0,4.650000,10.72021961,6.11255121,9.10489464,3.40683007,4.76617718,1.09711099,9.42667961,5.97509336,-1.82876396,0.67667586,9.04393673,3.40471888,0.80851299,0.10718957,-0.67277002,-0.05376458
fast_slow_fast,arm,exp01,motion07_fast_slow_fast,motion07,seg2,40.0,4.675000,16.49338913,6.05150032,1.86142981,3.06847715,-3.81502295,-0.96277994,15.79332924,5.95441628,2.83694196,-0.48850310,1.76297605,3.05598354,0.46962601,0.27552930,0.36917201,0.02451372
fast_slow_fast,arm,exp01,motion07_fast_slow_fast,motion07,seg2,40.0,4.700000,1.25484979,5.11644888,1.75602400,2.17779398,0.14842200,-0.59774435,0.85909802,5.06250000,-0.90253502,0.43800130,-1.70817101,2.11283898,-0.11170600,0.51924455,0.39152801,0.09530750
fast_slow_fast,arm,exp01,motion07_fast_slow_fast,motion07,seg2,40.0,4.725000,3.93754435,5.43705273,4.12926579,1.80455232,3.77487707,2.26461148,0.51754498,4.93801117,-0.99333102,-0.22164050,4.01102114,1.39779723,0.90745699,1.14121711,-0.37291399,0.01398070
fast_slow_fast,arm,exp01,motion07_fast_slow_fast,motion07,seg2,40.0,4.750000,10.87429237,5.15663958,3.03566813,2.11554861,2.72444105,2.52149010,10.49964428,4.46501160,0.76494199,-0.54469204,2.41925693,1.58132017,1.82122898,1.40338302,-0.21354300,-0.07408623
fast_slow_fast,arm,exp01,motion07_fast_slow_fast,motion07,seg2,40.0,4.775000,4.79780674,4.91661596,1.43473125,2.02063823,1.02873003,2.11789179,3.17290306,4.23375845,-3.44867396,-1.32775640,-1.20057297,1.67395675,0.78441900,1.13101888,0.04201300,0.04054810
fast_slow_fast,arm,exp01,motion07_fast_slow_fast,motion07,seg2,40.0,4.800000,6.41890192,6.05025673,2.53726411,2.66135025,3.40772009,1.76767373,-2.84503007,4.86679506,-4.63632917,-3.12973499,2.27319694,2.43104720,1.09712803,1.04856730,0.25806001,0.27074119
fast_slow_fast,arm,exp01,motion07_fast_slow_fast,motion07,seg2,40.0,4.825000,10.07464695,11.70992851,7.40338373,2.53474045,1.09050596,2.44268131,8.51804829,11.41721249,-5.26803303,-0.89610016,7.28164005,2.16545153,1.24606597,1.10701489,0.48489901,0.71431577
fast_slow_fast,arm,exp01,motion07_fast_slow_fast,motion07,seg2,40.0,4.850000,21.47093582,8.71840096,1.69597816,2.05096221,5.91548777,3.05428076,20.35423660,7.94331932,3.42244792,-1.89355862,0.27371299,0.40055162,1.50278997,1.33141422,0.73691601,1.50775993
fast_slow_fast,arm,exp01,motion07_fast_slow_fast,motion07,seg2,40.0,4.875000,6.35716438,3.74761510,7.35011196,2.58332205,0.85357100,1.94364607,-1.13049996,2.17809725,-6.19733191,-2.35005331,-6.57104683,1.33560693,1.75213897,1.43525374,2.78845811,1.68218708
fast_slow_fast,arm,exp01,motion07_fast_slow_fast,motion07,seg2,40.0,4.900000,14.03413200,9.87479115,6.41708612,2.68839598,-1.08062804,-1.39067566,-8.91968632,9.44610214,-10.78092289,-2.51965809,6.20141315,1.98213279,1.48803198,1.20124769,0.71220499,1.36221385
fast_slow_fast,arm,exp01,motion07_fast_slow_fast,motion07,seg2,40.0,4.925000,26.87512398,14.27921295,11.38422394,1.66245115,-1.57979298,-0.88924456,24.95854187,13.96813774,-9.84112740,-2.82777119,11.34111786,1.42692387,0.95617300,0.47599518,0.25561199,0.70785630
fast_slow_fast,arm,exp01,motion07_fast_slow_fast,motion07,seg2,40.0,4.950000,28.84545517,14.44444561,1.56901503,0.14592288,1.22351301,2.54289198,28.81815147,14.19581985,-0.27824301,-0.80895883,-1.49021006,0.01830538,-0.48558900,0.07155048,0.07269900,0.12585281
fast_slow_fast,arm,exp01,motion07_fast_slow_fast,motion07,seg2,40.0,4.975000,16.02360916,15.29617119,8.88965511,1.34233344,7.90114784,4.47941542,12.37449837,14.38438225,-6.41870213,-2.64522505,-8.87041473,-1.02928972,0.01406800,0.82870245,0.58439201,0.23595338
fast_slow_fast,arm,exp01,motion07_fast_slow_fast,motion07,seg2,40.0,5.000000,10.07764912,17.84554672,2.34899163,2.07127309,3.40105796,4.11115885,2.09525490,17.21793365,-9.25212002,-2.25934577,-0.33177301,-1.62099218,2.25338101,1.08399260,0.57442403,0.69822383
fast_slow_fast,arm,exp01,motion07_fast_slow_fast,motion07,seg2,40.0,5.025000,20.36022377,18.00322723,4.97527838,1.26363552,3.99025202,4.94034863,19.56093597,17.26722908,-3.99829412,1.24578369,4.97000980,-0.74380112,0.22181700,0.80905795,-0.05653000,0.62366652
fast_slow_fast,arm,exp01,motion07_fast_slow_fast,motion07,seg2,40.0,5.050000,29.62897110,21.55624390,1.57724214,2.23451972,6.39169693,5.20929670,28.78627586,20.37244415,-2.89352894,4.74325371,1.35004103,-2.18472719,0.80096000,0.44714102,-0.15344401,-0.14181349
fast_slow_fast,arm,exp01,motion07_fast_slow_fast,motion07,seg2,40.0,5.075000,27.33169746,15.72851467,7.36862230,3.84173203,2.25077701,4.23713684,27.15630722,15.13920116,-2.11913204,0.48728788,-7.24957323,-3.73388171,-0.08376500,0.20129023,-1.31653702,-0.88120115
fast_slow_fast,arm,exp01,motion07_fast_slow_fast,motion07,seg2,40.0,5.100000,11.07208157,15.50138664,10.06535053,2.74932981,5.07091188,1.73706889,9.12298775,14.82085514,-3.69431090,4.19736052,-10.06423283,-2.59264231,-0.03782400,0.42636609,-0.14516801,-0.80946445
fast_slow_fast,arm,exp01,motion07_fast_slow_fast,motion07,seg2,40.0,5.125000,3.12830758,15.67282486,1.62648296,2.43572140,-0.24315600,2.16687894,3.05746293,13.86164188,0.61571401,6.98548365,0.58854198,-2.25560498,0.94865203,0.39089823,-1.18284595,-0.83197534
fast_slow_fast,arm,exp01,motion07_fast_slow_fast,motion07,seg2,40.0,5.150000,21.77161598,15.83629131,4.48706102,2.52571321,3.47205710,3.43199587,21.20333481,13.66765690,3.51662302,7.22528028,4.06328487,-1.98818970,-0.53318298,0.51140523,-1.82733297,-1.47132349
fast_slow_fast,arm,exp01,motion07_fast_slow_fast,motion07,seg2,40.0,5.175000,26.90126228,15.23814964,3.48442149,3.26801920,6.66216421,5.69014692,25.74828911,12.98838139,4.03969193,5.57901430,-2.55703712,-2.20841575,-0.11061000,0.83165753,-2.36442804,-2.26079512
fast_slow_fast,arm,exp01,motion07_fast_slow_fast,motion07,seg2,40.0,5.200000,17.54808044,13.69735909,7.80233812,4.18633127,6.75074196,3.88509369,15.82630920,10.92316151,3.44826889,7.29439735,-7.18164492,-2.58528709,0.47634801,1.37233090,-3.01223397,-2.99305320
fast_slow_fast,arm,exp01,motion07_fast_slow_fast,motion07,seg2,40.0,5.225000,6.60678816,14.04431152,7.03162146,4.39928150,2.53645802,0.55375755,5.61324406,10.83517551,2.38904190,8.91823959,-5.88170624,-2.99248052,1.85006106,1.42607081,-3.38031197,-2.89224100
fast_slow_fast,arm,exp01,motion07_fast_slow_fast,motion07,seg2,40.0,5.250000,9.66765308,19.22863770,2.05693436,3.60286188,-4.20025110,-0.46566385,6.57934618,14.18473434,5.70382404,12.97370148,-0.16198900,-2.96552896,0.49623600,0.48465949,-1.98959506,-1.98780203
fast_slow_fast,arm,exp01,motion07_fast_slow_fast,motion07,seg2,40.0,5.275000,20.51157761,14.93445969,2.01999140,3.82149124,-0.29168200,-0.45581123,18.54524231,10.21177292,8.75863457,10.88806725,-0.65116698,-3.57459927,-1.18702602,-0.57756764,-1.49910498,-1.22165918
fast_slow_fast,arm,exp01,motion07_fast_slow_fast,motion07,seg2,40.0,5.300000,17.83784103,13.04799652,6.83310699,4.07596397,1.71439505,1.57596588,15.65473270,8.75172043,8.37727833,9.54850483,-6.69523096,-3.85053825,-1.15195000,-0.45982602,-0.73364902,-1.25514913
fast_slow_fast,arm,exp01,motion07_fast_slow_fast,motion07,seg2,40.0,5.325000,10.35451889,13.43580627,7.55941343,4.47572422,2.65200496,1.67399085,5.39263487,5.68247461,8.43222523,12.05935860,-7.46478081,-4.29647684,-0.23227800,-0.32939687,-1.16954005,-1.20991409
fast_slow_fast,arm,exp01,motion07_fast_slow_fast,motion07,seg2,40.0,5.350000,10.91941833,15.03158188,3.58612752,4.18677139,0.25308001,1.63080716,1.72241402,3.87988186,10.77974606,14.43036556,-3.15445304,-3.84562993,-0.65105098,-0.53446376,-1.57666397,-1.56669521
fast_slow_fast,arm,exp01,motion07_fast_slow_fast,motion07,seg2,40.0,5.375000,12.95156860,12.62565041,3.46808386,3.57246876,3.51730490,3.98526573,6.19831610,3.49155664,10.81446171,11.46009254,-2.79479909,-3.21194148,-1.56693494,-0.90085161,-1.32718396,-1.27844870
fast_slow_fast,arm,exp01,motion07_fast_slow_fast,motion07,seg2,40.0,5.400000,14.54045582,14.66400909,3.35119629,2.67059088,8.22224998,6.31908178,3.86236310,5.58229971,11.35348511,11.99751282,-3.11772490,-2.45497870,-1.04314399,-0.63938177,-0.64973801,-0.83446205
fast_slow_fast,arm,exp01,motion07_fast_slow_fast,motion07,seg2,40.0,5.425000,14.63996410,14.81097126,1.76636660,3.08266377,5.17025709,5.47383976,6.66988707,4.27788258,11.96284294,13.08058357,-1.68023396,-2.98560858,0.10912600,-0.52332127,-0.53381300,-0.56133085
fast_slow_fast,arm,exp01,motion07_fast_slow_fast,motion07,seg2,40.0,5.450000,15.85638714,13.34986401,3.99996281,3.05673671,3.55531597,3.99069929,7.02889490,2.99512506,13.76151752,12.38234329,-3.91958499,-3.01148653,-0.69545299,-0.29866537,-0.39102599,-0.43056631
fast_slow_fast,arm,exp01,motion07_fast_slow_fast,motion07,seg2,40.0,5.475000,11.71022606,11.48042583,4.31739759,2.92016768,4.18855381,2.56211901,1.90584505,1.34265757,10.76815510,11.11003971,-4.28298903,-2.88260317,0.44509399,0.09860876,-0.31276199,-0.45635024
fast_slow_fast,arm,exp01,motion07_fast_slow_fast,motion07,seg2,40.0,5.500000,11.93826008,11.01212502,3.56882119,2.57040834,-0.86387098,0.26555887,-1.33616495,-2.83434248,11.83175564,10.63780403,-3.41401505,-2.49304938,0.88622701,0.51663375,-0.54368001,-0.35326114
fast_slow_fast,arm,exp01,motion07_fast_slow_fast,motion07,seg2,40.0,5.525000,12.48968697,10.94811916,2.60396767,1.36452818,-0.87736201,-1.13386738,-6.89584494,-2.89897728,10.37640762,10.49626541,-2.49719906,-1.07733560,0.73150700,0.83137649,0.09768600,-0.10049136
fast_slow_fast,arm,exp01,motion07_fast_slow_fast,motion07,seg2,40.0,5.550000,9.24572086,9.08971214,2.14433813,1.12844324,-1.35542595,-1.19456792,-3.73122597,-1.32245135,8.35009766,8.91330433,1.75019801,-0.37209719,1.21979105,1.06108952,-0.21703200,0.09495752
fast_slow_fast,arm,exp01,motion07_fast_slow_fast,motion07,seg2,40.0,5.575000,9.83281803,6.65487385,2.24503064,1.40487301,-2.12486410,-2.66162920,5.15625620,0.03214796,8.09828854,6.09934759,1.48954499,-0.16510615,1.67460895,1.39496875,-0.13077800,0.02168545
fast_slow_fast,arm,exp01,motion07_fast_slow_fast,motion07,seg2,40.0,5.600000,6.28795338,5.83390236,3.22372580,1.30304909,-4.83298683,-3.75030136,2.27223396,-0.90976852,3.31926894,4.37515450,-2.93222404,-0.42068890,1.33912098,1.22101009,-0.03500300,0.17347129
fast_slow_fast,arm,exp01,motion07_fast_slow_fast,motion07,seg2,40.0,5.625000,9.48398209,5.35066605,1.37321520,0.78056359,-5.28142023,-4.09859848,-7.84507608,-1.93381929,0.71224302,2.84454942,-1.12164104,0.53328484,0.54122001,0.54342753,0.57855201,0.17196903
fast_slow_fast,arm,exp01,motion07_fast_slow_fast,motion07,seg2,40.0,5.650000,6.69833565,5.07146740,3.82810879,2.00412822,-4.52687979,-3.47037125,-4.89581490,-1.45027041,-0.63722098,3.40191436,3.81655502,1.94637680,-0.28900799,-0.29474801,0.06926600,0.37586012
fast_slow_fast,arm,exp01,motion07_fast_slow_fast,motion07,seg2,40.0,5.675000,4.20077991,3.40279031,4.08044052,2.78564048,-1.83748806,-2.24022818,2.33272004,-0.31311783,2.97129703,2.54210877,3.79438090,2.62065864,-1.12031400,-0.67455399,0.99878198,0.66099799
fast_slow_fast,arm,exp01,motion07_fast_slow_fast,motion07,seg2,40.0,5.700000,4.46988583,2.04239106,1.34543049,1.80153060,-1.08467603,-1.26746738,3.67182589,-0.64240521,2.30674005,1.46703875,1.23471904,1.63505292,-0.35352299,-0.55767828,0.40084100,0.51098853
fast_slow_fast,arm,exp01,motion07_fast_slow_fast,motion07,seg2,40.0,5.725000,3.97791505,4.84584141,1.56069982,1.67209148,-0.67506802,-1.03098369,-3.87077308,-4.68982744,0.62064999,-0.65174210,-1.17800903,1.61854005,-0.37935400,-0.22815037,0.95087802,0.35237134
fast_slow_fast,arm,exp01,motion07_fast_slow_fast,motion07,seg2,40.0,5.750000,12.30124378,3.90923381,3.10185575,3.70089459,-2.46509695,-1.48458564,-11.75352287,-3.41468716,-2.66431594,1.19080865,3.09168005,3.66782308,-0.23814100,-0.49365535,-0.07944800,-0.00051859
fast_slow_fast,arm,exp01,motion07_fast_slow_fast,motion07,seg2,40.0,5.775000,2.54836321,4.45311642,8.34511280,4.61097240,-1.44525599,-0.39874944,-1.89284503,2.58698559,0.90693301,3.60260344,8.16233253,4.39887953,-1.46570694,-1.06490541,0.93217099,0.88142055
fast_slow_fast,arm,exp01,motion07_fast_slow_fast,motion07,seg2,40.0,5.800000,10.91177273,4.32034445,5.88849688,4.42466211,2.65572691,-0.45991817,10.53005695,3.58855367,1.06386006,2.36138391,5.49978495,3.78434563,-0.98122603,-1.36507845,1.86117101,1.84198904
fast_slow_fast,arm,exp01,motion07_fast_slow_fast,motion07,seg2,40.0,5.825000,5.48569393,3.80499458,3.27629828,4.58726358,-3.09381008,-0.97378343,4.36139202,3.61708093,1.22451603,0.66817212,0.76594698,3.80441141,-0.94355798,-1.43975389,3.04255700,2.12050724
fast_slow_fast,arm,exp01,motion07_fast_slow_fast,motion07,seg2,40.0,5.850000,3.14581466,5.22690535,5.23584604,5.31014585,0.98330200,-1.32104206,-2.67137599,4.34402704,-1.33903599,2.58936596,4.47767591,4.68249130,-1.77914500,-1.28191352,2.04918098,2.15142369
fast_slow_fast,arm,exp01,motion07_fast_slow_fast,motion07,seg2,40.0,5.875000,7.40072727,7.87013483,8.66160393,5.73726892,-1.42073596,-2.65522480,7.23574495,6.49460840,0.62949699,3.56494975,8.22488499,5.02369976,-0.02920200,-1.23006773,2.71547103,2.48306870
fast_slow_fast,arm,exp01,motion07_fast_slow_fast,motion07,seg2,40.0,5.900000,14.03399372,5.97338200,4.58859873,4.26454687,-2.04583097,-2.07791400,13.62969112,4.51141739,2.64557791,3.31823373,2.77445698,2.78936362,-1.42460597,-1.29962122,3.36572790,2.95242167
fast_slow_fast,arm,exp01,motion07_fast_slow_fast,motion07,seg2,40.0,5.925000,4.81101656,3.64622116,2.88268948,3.08884549,-0.56546098,-1.33810222,4.47884512,2.86911440,1.66315401,1.80903125,-1.10194600,2.00189924,-0.59240597,-1.15032148,2.59704995,2.05185914
fast_slow_fast,arm,exp01,motion07_fast_slow_fast,motion07,seg2,40.0,5.950000,3.14614558,7.05613232,4.80223894,3.81429887,-1.19220304,-0.76398963,0.66693902,6.85431767,-2.83409190,1.49119306,4.49208689,3.41452765,-1.27342105,-1.17836511,1.12296498,1.22528851
fast_slow_fast,arm,exp01,motion07_fast_slow_fast,motion07,seg2,40.0,5.975000,10.27530575,8.45318127,6.25142145,4.64562273,1.50522006,0.81773174,10.03383160,8.41306305,-1.62433100,-0.08922264,5.75257111,4.04177141,-1.45773804,-1.50795579,1.96550202,1.72393799
fast_slow_fast,arm,exp01,motion07_fast_slow_fast,motion07,seg2,40.0,6.000000,11.72757435,8.55896282,3.94180799,3.98417878,4.24813318,2.10304546,10.91186142,8.29103279,-0.64856398,-0.30303067,2.81351709,3.20091438,-1.02263701,-1.08605909,2.56440711,2.10910010
fast_slow_fast,arm,exp01,motion07_fast_slow_fast,motion07,seg2,40.0,6.025000,9.70061970,6.71975946,2.44868755,2.61355782,1.91203904,1.85974765,9.44025898,6.45726681,-1.15223205,0.01469018,2.02309608,2.22735739,-0.00078900,-0.59726667,1.37954795,1.22997403
fast_slow_fast,arm,exp01,motion07_fast_slow_fast,motion07,seg2,40.0,6.050000,8.48859119,7.59144926,1.60271382,2.19738650,0.89900500,0.48740408,8.25905895,7.53129053,-1.74238598,-0.81987864,1.40598798,2.05251932,-0.43382400,-0.44915262,0.63536298,0.64337695
fast_slow_fast,arm,exp01,motion07_fast_slow_fast,motion07,seg2,40.0,6.075000,7.18523598,7.95424128,2.68675494,2.86872578,-0.71644801,0.51576871,5.48609495,7.92299986,-4.58443880,-0.47959143,2.40833211,2.68201113,-0.56483901,-0.83881444,1.04859197,0.57688320
fast_slow_fast,arm,exp01,motion07_fast_slow_fast,motion07,seg2,40.0,6.100000,10.49640942,10.25084496,4.93620729,3.07512951,2.82752490,2.79710460,9.61330318,9.85750675,-3.12475896,-0.29256377,4.47591019,2.69830418,-2.05793810,-1.42105532,0.31187099,0.39519393
fast_slow_fast,arm,exp01,motion07_fast_slow_fast,motion07,seg2,40.0,6.125000,14.66174698,8.48648167,1.66401827,2.26421285,5.30144596,3.12630701,13.51340485,7.64628601,-2.06140304,-1.94445169,0.96496099,1.60689998,-0.95866400,-1.53233254,0.95852500,0.44327071
fast_slow_fast,arm,exp01,motion07_fast_slow_fast,motion07,seg2,40.0,6.150000,8.79928875,10.37888050,2.01464295,2.43900752,-1.80977499,1.26006377,4.96236515,9.83714581,-7.03755188,-3.06005883,-0.20761999,1.34034455,-1.80215204,-2.00117111,0.87631500,0.38412082
fast_slow_fast,arm,exp01,motion07_fast_slow_fast,motion07,seg2,40.0,6.175000,12.73508072,9.95641327,4.00060415,1.78041852,7.56016111,4.75544596,9.42852020,7.93722439,-4.01612186,-3.67646194,2.98523688,0.89761901,-2.66258502,-1.53093362,-0.06193500,-0.14287250
fast_slow_fast,arm,exp01,motion07_fast_slow_fast,motion07,seg2,40.0,6.200000,16.01703835,12.14843845,0.94699091,1.28318691,7.56184912,5.66539335,13.80662823,9.63242817,-2.95651603,-4.76489401,0.71766698,0.76925308,0.00154100,-0.63715947,-0.61785400,-0.80550998
fast_slow_fast,arm,exp01,motion07_fast_slow_fast,motion07,seg2,40.0,6.225000,10.12057018,10.93862534,1.63273966,1.51379216,2.40452695,3.94730473,8.32894516,9.57978916,-5.22234201,-3.50712752,-0.92011398,0.75304288,-0.65981197,-0.20931041,-1.17638302,-1.29641128
fast_slow_fast,arm,exp01,motion07_fast_slow_fast,motion07,seg2,40.0,6.250000,9.32956505,14.05675888,2.56573844,1.42647421,4.89995480,3.34241676,7.04531002,13.64484882,-3.65989494,-0.48868579,2.36924291,1.04994857,-0.12130100,-0.23414744,-0.97723502,-0.93680930
fast_slow_fast,arm,exp01,motion07_fast_slow_fast,motion07,seg2,40.0,6.275000,18.08224106,16.11165810,3.01997948,0.56589568,3.16309905,3.81425714,17.27331924,15.45578861,-4.31215477,-2.48103929,2.97404599,0.45862195,-0.36837301,-0.18267690,-0.37366799,-0.27664590
fast_slow_fast,arm,exp01,motion07_fast_slow_fast,motion07,seg2,40.0,6.300000,20.04602623,15.90580654,1.58130336,0.70892996,5.12793684,3.42678213,18.58103180,14.85874462,-5.50387716,-4.52433157,-1.56279302,-0.67116565,0.23005600,0.21041659,0.07261100,-0.08856220
fast_slow_fast,arm,exp01,motion07_fast_slow_fast,motion07,seg2,40.0,6.325000,12.38624001,12.32423592,3.66705680,1.58877313,3.83959508,4.27711105,10.91803932,11.01533222,-4.41280699,-3.50079465,-3.60044503,-1.32146072,0.51960802,0.80686700,-0.46271801,-0.35624009
fast_slow_fast,arm,exp01,motion07_fast_slow_fast,motion07,seg2,40.0,6.350000,9.55284023,13.26330185,1.30898714,1.40983188,6.40376520,4.69404888,5.49613380,12.37481499,-4.47672415,-0.86315984,-0.17524999,-0.32257280,1.09896696,1.21678758,-0.68920702,-0.63482350
fast_slow_fast,arm,exp01,motion07_fast_slow_fast,motion07,seg2,40.0,6.375000,19.30082512,18.05944443,3.98459291,1.97919428,5.02592993,5.97237778,17.90629387,16.94199562,-5.16008806,-1.85553837,3.46825194,-1.22813964,1.31900501,1.40598500,-1.45204496,-0.65733492
fast_slow_fast,arm,exp01,motion07_fast_slow_fast,motion07,seg2,40.0,6.400000,25.05859947,16.11291885,3.45722294,2.97994304,7.31942081,5.58340597,23.82685852,14.88752270,-2.57688093,-2.61025167,-3.04651999,-2.36466646,1.38623500,1.71656227,-0.86571300,-0.58465981
fast_slow_fast,arm,exp01,motion07_fast_slow_fast,motion07,seg2,40.0,6.425000,13.03706264,14.37446404,7.45656395,3.37813640,4.99435902,4.61036777,10.86119747,13.60176754,-5.20151520,0.60137099,-7.17254019,-2.78989434,1.91753399,1.83105779,-0.69143099,-0.52490169
fast_slow_fast,arm,exp01,motion07_fast_slow_fast,motion07,seg2,40.0,6.450000,8.94276333,15.06809235,1.86559260,3.08885193,3.18323112,3.93987250,7.42912579,14.43458939,-3.82729101,1.77972806,-0.76254100,-2.67085600,1.41800296,1.42226350,-0.94246203,-0.62024271
fast_slow_fast,arm,exp01,motion07_fast_slow_fast,motion07,seg2,40.0,6.475000,20.14564705,17.60560608,1.95360398,2.60374165,5.42351294,5.27808142,19.34966278,16.61956978,-1.42238402,2.42674947,1.27376294,-2.18185687,0.78854197,1.26159143,-1.25391304,-0.65372658
fast_slow_fast,arm,exp01,motion07_fast_slow_fast,motion07,seg2,40.0,6.500000,24.00177002,15.57185650,4.22066641,3.74357677,6.24800682,4.76320124,22.84852409,13.85022640,3.87199402,5.28827715,-3.80695605,-3.33411360,1.46033895,1.52160418,-1.09019303,-0.76339644
fast_slow_fast,arm,exp01,motion07_fast_slow_fast,motion07,seg2,40.0,6.525000,14.13644695,16.71166611,6.49225044,3.64587569,3.72104311,4.38190746,13.63368511,14.79388237,0.34000000,6.42025805,-6.24928617,-3.17362237,1.37664294,1.56441224,-1.09571695,-0.87928581
fast_slow_fast,arm,exp01,motion07_fast_slow_fast,motion07,seg2,40.0,6.550000,12.23900414,15.38395309,2.95529461,3.63003492,5.56968880,4.42992640,10.60505676,13.25198078,2.51088810,6.43636322,-2.41379499,-3.20845389,1.24343503,1.51683855,-1.16671705,-0.76300615
fast_slow_fast,arm,exp01,motion07_fast_slow_fast,motion07,seg2,40.0,6.575000,15.85155201,14.27783585,2.96120787,3.03563476,3.78053403,3.80657077,14.29517078,11.38397503,5.71203518,7.73121738,-2.19533801,-2.53615713,1.68593502,1.52674401,-1.05207705,-0.67233747
fast_slow_fast,arm,exp01,motion07_fast_slow_fast,motion07,seg2,40.0,6.600000,16.05817986,17.69378471,2.70369601,3.38685226,1.93877697,2.58541727,14.70842648,13.36620903,6.14560509,11.30177212,-2.18926311,-3.03636312,1.28027797,1.36238170,-0.93700999,-0.62863642
fast_slow_fast,arm,exp01,motion07_fast_slow_fast,motion07,seg2,40.0,6.625000,20.10711861,16.87936974,3.24913478,3.91361833,3.50357008,3.54914427,18.13788414,11.87819767,7.93967199,11.45535469,-2.89494610,-3.63477659,0.72622401,1.15473688,-1.28404200,-0.87828821
fast_slow_fast,arm,exp01,motion07_fast_slow_fast,motion07,seg2,40.0,6.650000,18.19168854,14.33528709,6.21464539,4.43545818,4.35170507,3.62960505,15.53407288,8.62898540,8.40790081,10.85665798,-5.95180511,-4.05910635,0.84623098,1.15179873,-1.57534897,-1.36759079
fast_slow_fast,arm,exp01,motion07_fast_slow_fast,motion07,seg2,40.0,6.675000,8.87726116,13.37530613,7.11015844,4.22458696,2.62835598,2.20962644,5.71834803,7.97109079,6.26083088,10.51085472,-6.88474989,-3.90760970,1.14148402,1.04342854,-1.36073101,-1.22023690
fast_slow_fast,arm,exp01,motion07_fast_slow_fast,motion07,seg2,40.0,6.700000,9.04618454,15.14600563,2.19306469,4.08348322,1.18034899,2.72057772,4.59154081,8.59237194,7.70441294,12.17255497,-1.93728304,-3.96064329,0.51644802,0.67954302,-0.88867801,-0.72550857
fast_slow_fast,arm,exp01,motion07_fast_slow_fast,motion07,seg2,40.0,6.725000,19.28870583,13.94974041,2.35824895,4.03276730,4.81939602,4.19093752,14.19060040,6.17475557,12.14308262,11.78574085,-2.05712390,-3.91902852,0.08348400,0.55227345,-1.15004802,-0.77422142
fast_slow_fast,arm,exp01,motion07_fast_slow_fast,motion07,seg2,40.0,6.750000,15.88601589,11.90345097,7.25034428,4.47274303,6.26861286,4.96034431,10.90504360,4.06036425,9.70309258,10.02998352,-7.15153122,-4.25691509,0.69241297,0.94288552,-0.97142297,-0.99753225
fast_slow_fast,arm,exp01,motion07_fast_slow_fast,motion07,seg2,40.0,6.775000,6.96488237,12.49880695,6.61596966,4.39686108,2.81736207,2.54190421,-0.41222200,4.78131151,6.35626698,11.26489925,-6.34799004,-4.19043636,1.63878500,1.01679945,-0.88795501,-0.85950577
fast_slow_fast,arm,exp01,motion07_fast_slow_fast,motion07,seg2,40.0,6.800000,10.02829075,12.45373249,1.72569168,4.28191519,-1.04551899,1.82785618,3.61179209,4.19188213,9.29669094,11.58371830,-1.27828503,-4.19680214,0.34924299,0.36884105,-1.10545397,-0.76524979
fast_slow_fast,arm,exp01,motion07_fast_slow_fast,motion07,seg2,40.0,6.825000,16.55422783,8.01264572,4.70370913,3.83432198,5.43311882,3.98545837,9.50597191,-2.11758804,12.41612625,6.62075758,-4.54246616,-3.59360337,-0.46711001,0.70278049,-1.12813497,-1.13760221
fast_slow_fast,arm,exp01,motion07_fast_slow_fast,motion07,seg2,40.0,6.850000,10.38040829,9.06843853,7.81827402,4.02742243,7.36615276,2.63777494,-4.16795015,-4.84375620,6.01006222,7.19838428,-7.15407085,-2.50900149,2.33077502,2.12612748,-2.12418699,-2.32478523
fast_slow_fast,arm,exp01,motion07_fast_slow_fast,motion07,seg2,40.0,6.875000,11.39483833,8.76918125,4.69309950,4.89847231,1.01063097,2.03252196,-8.45802975,-2.56715083,7.56853294,8.13493347,-1.23975801,-3.17489743,3.41315603,2.84449840,-2.97297001,-2.41327238
fast_slow_fast,arm,exp01,motion07_fast_slow_fast,motion07,seg2,40.0,6.900000,8.92115021,9.62464142,4.26186466,3.70269156,3.15575695,1.86440265,-5.25265312,-6.69868469,6.48365211,6.65472364,-3.38252211,-2.06565976,2.31339407,2.85728240,-1.17057300,-1.13088989
fast_slow_fast,arm,exp01,motion07_fast_slow_fast,motion07,seg2,40.0,6.925000,12.97167778,7.47434998,3.39336967,3.06470251,1.68723297,1.28885853,-11.00167561,-4.66456795,6.66189194,5.69618797,-0.64310902,-0.18545842,3.18155289,2.88687730,-0.98948902,-1.01190197
fast_slow_fast,arm,exp01,motion07_fast_slow_fast,motion07,seg2,40.0,6.950000,6.60417557,6.53179312,3.71616340,2.72066331,0.78322202,1.23771191,-6.06592178,-4.28844023,2.49124289,4.76882267,2.50015903,0.49379203,2.67730403,2.64956665,-0.62539399,-0.37144893
fast_slow_fast,arm,exp01,motion07_fast_slow_fast,motion07,seg2,40.0,6.975000,6.21286345,5.89159250,2.91099858,2.62714577,-0.46554101,-0.81222951,-0.69689602,-4.26818514,6.15607691,3.97916365,0.69978303,0.09443453,2.82160592,2.62525320,-0.15084900,0.03198415
fast_slow_fast,arm,exp01,motion07_fast_slow_fast,motion07,seg2,40.0,7.000000,3.91599584,5.76260042,3.52340245,2.91651797,-1.28795803,-1.92171144,-2.90011191,-4.99403763,2.29467607,2.13873219,-1.94256997,-0.40953991,2.93909597,2.88533282,-0.05001100,0.11493353
fast_slow_fast,arm,exp01,motion07_fast_slow_fast,motion07,seg2,40.0,7.025000,10.03683186,5.60891962,2.82706285,2.63767982,-2.72365093,-2.53720236,-9.59973717,-3.61004353,1.07924294,3.46268249,-0.03292900,0.29934323,2.79093790,2.59071279,0.44929501,0.39491221
fast_slow_fast,arm,exp01,motion07_fast_slow_fast,motion07,seg2,40.0,7.050000,5.35321236,5.73560810,3.52877879,2.08756113,-4.30849886,-3.29456711,-3.13770008,-3.40810776,0.49855599,3.22921443,2.87110710,0.87779045,2.03663206,1.84504139,0.24729399,0.42803925
fast_slow_fast,arm,exp01,motion07_fast_slow_fast,motion07,seg2,40.0,7.075000,6.58564663,6.22748470,2.64048839,1.82767177,-5.30455208,-3.69133830,2.40709901,-1.60297847,3.07218790,4.75247812,2.43999600,1.53087318,0.90961498,0.91297275,-0.43726301,-0.40409449
dangle2,gait,exp08,motion04_dangle2,motion04,seg4,40.0,31.025000,14.57231236,16.41236877,2.95689154,2.05429888,10.20030022,9.22069263,-10.17682171,-11.92362022,2.17680311,6.49399710,-1.36629796,-0.49162689,2.51432300,1.99293423,0.74472702,-0.08160769
dangle2,gait,exp08,motion04_dangle2,motion04,seg4,40.0,31.049999,16.22732735,16.01769829,1.86704111,1.43480134,5.85696507,8.14180470,-15.12471199,-11.93391514,0.51499999,6.91804314,-0.67374402,-0.20537814,1.74103606,1.31755304,0.02655400,-0.52964938
dangle2,gait,exp08,motion04_dangle2,motion04,seg4,40.0,31.075001,13.77253246,14.80888176,1.98496294,1.02798510,7.16520023,8.79255199,-11.75879192,-10.35088825,0.27085799,5.90365314,1.41356099,0.38959682,0.04595600,0.35027143,-1.39277101,-0.88446456
dangle2,gait,exp08,motion04_dangle2,motion04,seg4,40.0,31.100000,12.88765812,13.60327625,1.68991697,1.44090974,10.65175056,9.58708572,-7.12441683,-8.86625004,1.36917102,3.81136537,0.98891401,0.93282717,-0.23849501,-0.11278056,-1.34943998,-1.09239864
dangle2,gait,exp08,motion04_dangle2,motion04,seg4,40.0,31.125000,14.71157169,11.95863628,1.42010117,1.95992601,10.84003162,8.72720051,-9.92693710,-7.77620268,0.61640900,2.52499747,0.42702901,1.44235110,0.72300500,0.45095366,-1.14524996,-1.24802816
dangle2,gait,exp08,motion04_dangle2,motion04,seg4,40.0,31.150000,11.14111519,9.14675903,3.62429261,2.20721221,7.00549507,7.23007202,-8.61146832,-4.84423733,-0.94345099,2.81471467,2.67522907,1.59019101,1.69920397,0.81295127,-1.75822401,-1.29699218
dangle2,gait,exp08,motion04_dangle2,motion04,seg4,40.0,31.174999,4.37267113,8.49414825,3.36225891,1.94158363,4.31651783,7.02318048,-0.47809500,-3.34232330,0.50926602,3.41384935,2.71901393,1.50803828,0.45965701,0.15949202,-1.92365897,-1.21248913
dangle2,gait,exp08,motion04_dangle2,motion04,seg4,40.0,31.200001,6.89253998,7.84753466,1.51361585,1.85258973,6.84979105,7.20871210,-0.75146002,-2.69235873,-0.15092200,1.53931022,0.08191900,1.34326065,-1.07004702,-0.55688870,-1.06738997,-1.14787400
dangle2,gait,exp08,motion04_dangle2,motion04,seg4,40.0,31.225000,11.18239117,8.19835949,1.65019238,1.68345988,9.29132080,7.90446854,-5.14227819,-0.82310879,-3.50345612,-2.01369524,0.95892698,1.27299249,-0.40500200,-0.29884958,-1.28045595,-1.06029058
dangle2,gait,exp08,motion04_dangle2,motion04,seg4,40.0,31.250000,8.18520260,7.27428675,3.31996584,1.62458062,7.90891886,7.15228081,0.42148399,0.35033393,-2.06612992,-1.27960753,2.68456793,1.29047930,1.02069998,0.32914248,-1.66536498,-0.93037117
dangle2,gait,exp08,motion04_dangle2,motion04,seg4,40.0,31.275000,5.91967535,6.20297527,1.56625164,1.58661139,4.58639479,6.03829718,3.70685291,1.41869950,-0.51651001,0.05622806,1.10788000,1.33140576,0.70185298,0.34604058,-0.85624099,-0.79053795
dangle2,gait,exp08,motion04_dangle2,motion04,seg4,40.0,31.299999,5.56902742,6.51094961,0.99845034,1.28604901,4.64394617,5.79325438,0.97208202,2.84534478,-2.91597104,-0.85713512,0.66503298,1.12589896,-0.27234501,-0.00340051,-0.69315398,-0.62149984
dangle2,gait,exp08,motion04_dangle2,motion04,seg4,40.0,31.325001,8.47087288,8.53738308,2.00285578,0.93457121,6.38265419,6.82947874,3.37804198,4.40100145,-4.42789507,-2.62227416,1.75398898,0.80543530,-0.32196900,-0.25891060,-0.91175097,-0.39706743
dangle2,gait,exp08,motion04_dangle2,motion04,seg4,40.0,31.350000,10.62060738,9.59063911,0.92916167,0.56356889,6.49654818,7.33268929,7.59461594,5.28747034,-3.59360290,-3.20229220,0.79632097,0.40912461,-0.30422699,-0.37354887,-0.36967599,-0.10338375
dangle2,gait,exp08,motion04_dangle2,motion04,seg4,40.0,31.375000,9.55549240,10.56887722,1.10187948,0.56931549,6.80294800,7.94680405,4.41477823,5.28601074,-5.05342102,-4.53955412,-0.64805597,0.33180892,-0.63875097,-0.34435472,0.62141699,0.30893824
dangle2,gait,exp08,motion04_dangle2,motion04,seg4,40.0,31.400000,11.75281429,11.86378288,0.88654262,0.72822744,9.62230110,9.46331406,2.59216189,4.94442034,-6.23062277,-5.17182159,0.54403299,0.14682205,-0.48449001,0.07536414,0.50522798,0.70928043
dangle2,gait,exp08,motion04_dangle2,motion04,seg4,40.0,31.424999,12.33657551,10.90632248,1.31224740,1.06579185,10.26307297,9.75119495,4.98449183,3.62314439,-4.69204378,-3.27641654,0.56954801,0.08099639,0.69831300,0.34740844,0.95392197,1.00432026
dangle2,gait,exp08,motion04_dangle2,motion04,seg4,40.0,31.450001,9.03830910,10.68269730,1.43841469,1.13117015,6.83735895,9.88097095,3.21668696,2.63649893,-4.95928192,-3.08792925,-0.46863800,-0.04509194,0.11905100,0.14674231,1.35471106,1.12070489
dangle2,gait,exp08,motion04_dangle2,motion04,seg4,40.0,31.475000,11.96920395,11.66160870,1.55061996,1.13169575,10.43695641,11.17031384,1.06976998,0.67061162,-5.76084805,-3.28138423,-0.38713801,-0.34221160,-0.93988699,-0.07260581,1.17096496,1.07626903
dangle2,gait,exp08,motion04_dangle2,motion04,seg4,40.0,31.500000,14.52159977,13.40282726,1.31407642,0.98772025,13.40599728,12.88860893,0.09556800,-2.13078952,-5.58094406,-2.99654174,-0.85075802,-0.61635083,-0.13807499,-0.00410854,0.99193901,0.77180701
dangle2,gait,exp08,motion04_dangle2,motion04,seg4,40.0,31.525000,12.91993523,13.27293301,1.38854027,0.89444703,11.36169243,12.76432705,-2.52735400,-2.93209124,-5.60795498,-2.15535879,-1.15417099,-0.82838333,0.28865501,-0.00408176,0.71596903,0.33734232
dangle2,gait,exp08,motion04_dangle2,motion04,seg4,40.0,31.549999,12.74942780,13.71614933,0.83480233,1.01574445,11.71337318,13.31763744,-1.86545706,-2.87324262,-4.67598915,-1.58674443,-0.63037097,-0.99059522,-0.51166600,-0.15620741,-0.19423001,-0.16142230
dangle2,gait,exp08,motion04_dangle2,motion04,seg4,40.0,31.575001,14.40581322,13.07577705,1.23232698,1.22149980,13.90949440,12.79601574,-0.64970899,-2.68859458,-3.69205999,-0.09684327,-1.19079196,-1.02960849,-0.07622500,-0.29954952,-0.30795100,-0.58501136
dangle2,gait,exp08,motion04_dangle2,motion04,seg4,40.0,31.600000,10.98891449,12.55276299,1.67460048,1.55280530,10.14658165,12.41979790,-2.13069892,-1.74872446,-3.64187503,-0.51229894,-1.54088104,-1.13223922,-0.03487400,-0.52704912,-0.65479499,-0.92274487
dangle2,gait,exp08,motion04_dangle2,motion04,seg4,40.0,31.625000,13.13280392,12.70602322,1.81112123,1.80656278,12.75078583,12.65250587,-0.64170200,-1.16418946,-3.07834601,-0.04228444,-0.94348800,-1.30335355,-1.06882799,-0.57896477,-1.11695898,-1.10893571
dangle2,gait,exp08,motion04_dangle2,motion04,seg4,40.0,31.650000,13.20179749,11.73633480,2.25366950,2.00695801,13.08957005,11.48969841,-0.01165400,-1.64940286,-1.71769798,1.73431766,-2.09202290,-1.38736928,0.07617300,-0.73484933,-0.83466399,-1.25023329
dangle2,gait,exp08,motion04_dangle2,motion04,seg4,40.0,31.674999,8.31988335,10.27673435,2.18054533,2.14762592,7.49987698,10.21114349,-3.08274508,-0.47807190,-1.86251998,1.05606329,-1.89363205,-1.36697400,-0.49915200,-1.02095735,-0.95905298,-1.30434871
dangle2,gait,exp08,motion04_dangle2,motion04,seg4,40.0,31.700001,10.82022476,9.82227230,2.27577829,2.15138602,10.58298016,9.77717781,0.13361000,0.92041177,-2.24943089,0.19146922,-0.43822199,-1.35343814,-1.60307503,-1.12542319,-1.55475998,-1.23696780
dangle2,gait,exp08,motion04_dangle2,motion04,seg4,40.0,31.725000,11.27204132,8.87186718,2.00564694,2.33608699,10.58005142,8.67768860,3.88684392,1.15024924,0.11773200,1.44384253,-1.83894396,-1.77606559,-0.14704400,-1.01394773,-0.78694499,-1.12907207
dangle2,gait,exp08,motion04_dangle2,motion04,seg4,40.0,31.750000,6.16781569,8.77513027,3.40865731,2.69449615,6.11186981,8.49414062,0.82374299,1.41466081,0.09189100,1.68855751,-3.27167010,-2.26377797,-0.83902699,-0.98659205,-0.45951399,-1.07807910
dangle2,gait,exp08,motion04_dangle2,motion04,seg4,40.0,31.775000,11.42480183,10.41588783,2.78738284,2.77105331,11.12617016,10.13332176,0.23476200,2.38663530,-2.58443689,0.33237180,-1.95345998,-2.33569884,-1.76426601,-0.98369247,-0.91698599,-1.12053418
dangle2,gait,exp08,motion04_dangle2,motion04,seg4,40.0,31.799999,13.83533192,12.30397987,2.17366290,2.64624834,13.03516960,11.95405197,4.14994287,2.89267945,-2.06850910,0.34781632,-1.89404798,-2.18622947,-0.44232199,-0.93788767,-0.97043502,-1.15905046
dangle2,gait,exp08,motion04_dangle2,motion04,seg4,40.0,31.825001,11.85302734,13.60592937,3.15065479,2.59652448,11.33665180,13.17455673,3.14669299,3.10404086,-1.43976402,1.38466656,-2.89164591,-2.08677292,-1.14517605,-1.08527553,-0.50356901,-1.09977019
dangle2,gait,exp08,motion04_dangle2,motion04,seg4,40.0,31.850000,15.68661022,14.98725605,3.00772214,2.33144450,15.40357208,14.71449947,0.22846501,2.78978610,-2.95761895,0.56430519,-2.32693911,-1.74544549,-1.79675102,-1.18683648,-0.63516402,-0.99018806
dangle2,gait,exp08,motion04_dangle2,motion04,seg4,40.0,31.875000,17.63750458,15.40015602,1.36598253,1.69689119,17.44507980,15.12658691,0.93577498,2.88352895,-2.42385602,-0.19084956,-1.12692297,-1.35260105,-0.43572500,-0.70573175,-0.63725698,-0.74286801
dangle2,gait,exp08,motion04_dangle2,motion04,seg4,40.0,31.900000,13.26756382,13.10607719,1.42211843,1.23610234,13.11497784,12.73300552,1.99406898,1.73980045,0.22199300,2.57156157,-1.27054203,-1.12365031,0.62095499,-0.30479515,-0.15019600,-0.41528189
dangle2,gait,exp08,motion04_dangle2,motion04,seg4,40.0,31.924999,9.00347424,11.25301266,1.99176550,1.14785898,8.76269722,10.27075863,-1.34453905,-0.05114029,1.57159102,4.59773874,-1.94381499,-0.96349531,-0.29089999,-0.60355598,0.32262999,-0.15804172
dangle2,gait,exp08,motion04_dangle2,motion04,seg4,40.0,31.950001,10.78580379,10.82162952,1.63011372,1.25410903,10.17226601,10.50593090,-3.57267594,-0.11697137,-0.30747601,2.59218311,-0.77255702,-0.89188778,-1.43492103,-0.87988132,0.03778700,0.05598770
dangle2,gait,exp08,motion04_dangle2,motion04,seg4,40.0,31.975000,12.70118332,10.45897102,0.60400784,1.24708366,12.69882393,10.27016640,-0.06044800,-0.96281964,0.23724100,1.72821462,-0.27882701,-1.02320969,-0.50567198,-0.64545149,0.17713501,0.30274063
dangle2,gait,exp08,motion04_dangle2,motion04,seg4,40.0,32.000000,9.87869740,10.69328117,2.56848216,1.32071102,9.64183140,9.90737438,-1.64538705,-3.04202390,1.38435996,2.63368368,-2.33406806,-1.20843327,0.02779100,-0.30397516,1.07166004,0.43768239
dangle2,gait,exp08,motion04_dangle2,motion04,seg4,40.0,32.025002,11.32575893,9.38065720,1.77489769,1.19847465,8.45617199,8.39401913,-7.51435184,-2.62482095,-0.54816699,3.26304889,-1.45923400,-1.00835562,-0.34525001,-0.29838353,0.94957900,0.57491523
dangle2,gait,exp08,motion04_dangle2,motion04,seg4,40.0,32.049999,7.86764812,8.44712830,0.91473186,1.19540679,6.68100119,7.48454714,-4.15239000,-2.33042002,0.14753801,3.14716840,0.79462600,-0.57009894,-0.34186900,-0.72089159,0.29737100,0.76439524
dangle2,gait,exp08,motion04_dangle2,motion04,seg4,40.0,32.075001,6.42717266,7.70406246,1.79785383,1.56801248,6.35317898,7.15366268,-0.73911399,-1.76054978,0.63195801,2.25347662,0.05961000,0.03625057,-1.54571903,-1.19890785,0.91623002,1.00993502
dangle2,gait,exp08,motion04_dangle2,motion04,seg4,40.0,32.099998,8.49418259,6.63305616,1.89891493,1.87036991,7.43818808,6.14374733,-4.10123777,-1.56686258,-0.06593100,1.94852424,0.07784700,0.51151180,-1.47953701,-1.32090867,1.18776596,1.22140872
dangle2,gait,exp08,motion04_dangle2,motion04,seg4,40.0,32.125000,6.84892225,6.43984890,1.90645814,1.79712510,5.74643278,5.34625864,-3.34569812,-2.03854871,1.64089894,2.95524836,1.49644899,0.61990422,-0.92579198,-1.14682198,0.73357499,1.23700309
dangle2,gait,exp08,motion04_dangle2,motion04,seg4,40.0,32.150002,5.56360435,6.53007174,2.04445171,1.72226608,5.44019222,5.75008345,0.02299100,-1.69000876,1.16510701,2.59272933,1.12792695,0.60855597,-1.52825904,-1.18002224,0.75629902,1.09699941
dangle2,gait,exp08,motion04_dangle2,motion04,seg4,40.0,32.174999,6.44550133,6.18732262,1.69202161,1.78201008,6.41961002,5.54547834,-0.56736797,-1.78103411,-0.10577100,2.08771324,0.13077299,0.44625992,-1.51113105,-1.48486030,0.74987900,0.87840861
dangle2,gait,exp08,motion04_dangle2,motion04,seg4,40.0,32.200001,5.16154909,6.02830839,1.73011434,1.91116798,4.22082520,5.45358467,-2.69734192,-2.49908686,-1.24521899,0.59454155,0.18729100,0.40673178,-1.66321802,-1.76657498,0.43809101,0.60526454
dangle2,gait,exp08,motion04_dangle2,motion04,seg4,40.0,32.224998,6.54568148,7.28202677,2.46075058,2.08251643,5.54039001,6.01891661,-2.58794308,-4.09811115,-2.33507395,0.07772126,0.35670000,0.37676704,-2.43057394,-2.03415966,-0.14271900,0.23898932
dangle2,gait,exp08,motion04_dangle2,motion04,seg4,40.0,32.250000,8.18834114,8.21480656,2.36656547,2.45267200,6.77695894,6.65335369,-3.31019211,-4.80630970,-3.18816400,-0.33958587,-0.07469900,0.39714119,-2.32584190,-2.41021490,-0.43071100,-0.22077771
dangle2,gait,exp08,motion04_dangle2,motion04,seg4,40.0,32.275002,8.54042625,8.33959579,2.97169662,2.84392262,5.78841686,7.26622725,-4.06586981,-3.42497563,-4.78558397,-2.24061036,0.55507803,0.61545378,-2.68510008,-2.70072317,-1.14590895,-0.64436543
dangle2,gait,exp08,motion04_dangle2,motion04,seg4,40.0,32.299999,9.89316463,8.99267673,3.61831331,3.04023314,7.84728098,7.57688808,-0.77879399,-2.17562675,-5.97397423,-4.32731485,1.35009396,0.94585431,-2.90724206,-2.73207736,-1.67850602,-0.94028282
dangle2,gait,exp08,motion04_dangle2,motion04,seg4,40.0,32.325001,10.11089611,9.58517742,2.78454900,2.92831874,7.74287891,7.72877121,0.92734098,-0.69855690,-6.43568802,-5.62616587,0.83148301,1.07916498,-2.17219996,-2.48094487,-1.53097904,-1.12043154
dangle2,gait,exp08,motion04_dangle2,motion04,seg4,40.0,32.349998,8.51608276,7.79147911,2.54207683,2.74763370,5.81422710,6.52975082,0.81247801,-0.60535884,-6.16914082,-4.20749807,0.52980399,0.73714387,-1.92943001,-2.34828234,-1.56804395,-1.22134340
dangle2,gait,exp08,motion04_dangle2,motion04,seg4,40.0,32.375000,8.06351376,8.18866062,3.13528728,3.16176748,4.12664795,6.60018349,0.76323903,-0.41856343,-6.88538218,-4.82872152,-0.08735100,0.43724021,-2.65216708,-2.81737709,-1.66985202,-1.36674094
dangle2,gait,exp08,motion04_dangle2,motion04,seg4,40.0,32.400002,12.49572468,12.27964783,4.04257202,3.16886067,7.61926985,8.23358440,1.31900299,1.96302927,-9.81580830,-8.89631081,0.63592398,0.47669259,-3.52778196,-2.81114745,-1.86888897,-1.38271129
dangle2,gait,exp08,motion04_dangle2,motion04,seg4,40.0,32.424999,15.39311123,14.04147530,2.54724622,2.36453652,11.23320389,9.19425011,4.89943314,2.20719767,-9.31442738,-10.38061047,0.59535903,0.47446838,-1.69511604,-1.89733589,-1.80571103,-1.32892048
dangle2,gait,exp08,motion04_dangle2,motion04,seg4,40.0,32.450001,11.59185505,13.04044342,1.32042599,1.75520706,7.14948082,8.42508698,1.45308602,0.40061185,-9.00802708,-9.94537926,-0.92029798,0.76244092,-0.22714400,-0.88867354,-0.91922897,-1.30755305
dangle2,gait,exp08,motion04_dangle2,motion04,seg4,40.0,32.474998,13.48746681,13.33016109,2.03232336,1.74347246,6.03150988,8.08110619,-2.58252597,1.49627340,-11.78402424,-10.49524212,1.15224600,1.17365730,-0.46682200,-0.28326800,-1.60771406,-1.25776947
dangle2,gait,exp08,motion04_dangle2,motion04,seg4,40.0,32.500000,14.21678925,13.55850410,3.30109930,1.72867703,7.31700706,8.29919720,4.38789320,2.44234252,-11.37211037,-10.43989182,2.70909500,1.37502778,0.34148601,-0.00085347,-1.85511398,-1.04767466
dangle2,gait,exp08,motion04_dangle2,motion04,seg4,40.0,32.525002,13.04750443,13.81240845,0.60822701,1.29637957,5.56776810,8.91179466,5.60909319,1.52608764,-10.38149357,-10.44191551,-0.04427300,1.05264795,0.09426900,0.04308331,-0.59924400,-0.75543106
dangle2,gait,exp08,motion04_dangle2,motion04,seg4,40.0,32.549999,15.73159599,14.75371456,0.56941205,0.95823348,8.25165367,9.40735722,-1.66183901,0.88177025,-13.29028320,-11.33120537,-0.36656001,0.79281825,-0.37306401,0.21466829,-0.22513799,-0.49352619
dangle2,gait,exp08,motion04_dangle2,motion04,seg4,40.0,32.575001,15.05782986,14.80064201,2.06092024,1.00560248,8.05512905,8.94236851,-0.57507902,-0.41375092,-12.70914745,-11.78651142,1.45952797,0.69352520,1.26713097,0.65970623,-0.71522701,-0.30829680
dangle2,gait,exp08,motion04_dangle2,motion04,seg4,40.0,32.599998,12.72459888,14.18700886,1.40869343,1.42360198,5.36965609,8.40333462,2.18208599,-0.33587503,-11.32787228,-11.42551327,0.82440197,0.87240750,1.13352096,1.11151969,-0.14109799,-0.17341194
dangle2,gait,exp08,motion04_dangle2,motion04,seg4,40.0,32.625000,14.06613159,13.01458549,1.11563540,1.65044081,6.93516922,8.46543217,-0.81212997,0.23401016,-12.21064758,-9.88236427,0.64329797,1.17733002,0.91038197,1.15622270,0.04488600,-0.03158976
dangle2,gait,exp08,motion04_dangle2,motion04,seg4,40.0,32.650002,13.08348465,12.85904789,2.32334185,1.63254583,6.18580914,8.28024960,-0.08691100,0.21023679,-11.52847767,-9.83607578,1.86516595,1.20640993,1.36669505,1.09631824,-0.22631399,0.08869737
dangle2,gait,exp08,motion04_dangle2,motion04,seg4,40.0,32.674999,12.75370312,13.41916752,1.68195617,1.68571830,6.29368687,8.33959389,2.98236704,0.28704751,-10.68419170,-10.50917816,1.36163700,1.10364044,0.98565698,1.26706040,-0.05832200,0.13484026
dangle2,gait,exp08,motion04_dangle2,motion04,seg4,40.0,32.700001,14.21427250,13.73999691,1.71934700,2.01688623,7.75847197,8.12861443,0.46056101,0.40574324,-11.90124035,-11.07016277,0.45967001,1.10111606,1.58322895,1.67326820,0.48810199,0.23568331
dangle2,gait,exp08,motion04_dangle2,motion04,seg4,40.0,32.724998,12.73570061,12.74715805,2.89890838,2.36262298,5.91450977,7.65113068,0.00428300,0.65744525,-11.27903461,-10.17437935,1.67243195,1.01169586,2.36611199,2.11686802,0.09030600,0.27808109
dangle2,gait,exp08,motion04_dangle2,motion04,seg4,40.0,32.750000,12.22776508,12.19055367,2.51872158,2.52374196,6.00429916,7.74255180,2.97126293,0.66129136,-10.22928238,-9.39282513,1.38320601,1.04462421,2.09145308,2.27648139,0.23774500,0.30929944
dangle2,gait,exp08,motion04_dangle2,motion04,seg4,40.0,32.775002,12.69831753,11.75400257,2.46923494,2.56978893,6.76540279,7.47488213,1.56830299,1.34778202,-10.63094616,-8.97029495,0.68308800,0.95926726,2.30508494,2.35462689,0.56311297,0.37330079
dangle2,gait,exp08,motion04_dangle2,motion04,seg4,40.0,32.799999,11.22068214,11.45765781,2.72447395,2.48498607,5.29533195,7.62050152,1.25436401,0.54871833,-9.81273365,-8.53843021,0.98861402,0.64977849,2.49169588,2.35216045,0.48667401,0.46934569
dangle2,gait,exp08,motion04_dangle2,motion04,seg4,40.0,32.825001,13.07363796,14.17941093,1.83916473,2.77083015,8.35601807,9.76050282,0.69917399,-1.64679325,-10.03036022,-10.15265274,0.18451300,0.64855802,1.66052794,2.64773083,0.76884902,0.49638104
dangle2,gait,exp08,motion04_dangle2,motion04,seg4,40.0,32.849998,18.98057175,16.22911263,3.58038211,3.86887240,12.71634197,10.24413681,-4.07520580,-1.93970072,-13.48886299,-12.43701458,0.49484900,1.02826893,3.41976595,3.70659447,0.93779600,0.41472021
dangle2,gait,exp08,motion04_dangle2,motion04,seg4,40.0,32.875000,15.71825695,13.88991833,6.21137428,4.81381369,8.41434479,9.30742359,-0.51373601,0.05728425,-13.26644230,-10.31011295,3.02914691,1.06802809,5.42171907,4.67942142,0.10197100,0.36760607
dangle2,gait,exp08,motion04_dangle2,motion04,seg4,40.0,32.900002,10.82763577,8.60825825,4.81283712,4.31195259,5.57820082,7.40533495,5.83507490,-0.90427756,-7.21618223,-4.29481220,1.04820597,0.58359075,4.68669224,4.26840305,0.31556600,0.18191338
dangle2,gait,exp08,motion04_dangle2,motion04,seg4,40.0,32.924999,8.33279991,8.36334324,3.62856007,3.70846200,5.67802477,7.36441898,1.07204199,-0.68822491,-6.00385904,-3.90348339,-1.61244702,-0.45370549,3.16995001,3.67585731,0.71963900,-0.18685566
dangle2,gait,exp08,motion04_dangle2,motion04,seg4,40.0,32.950001,10.97290611,7.60787010,3.93892360,4.00388908,9.88348198,7.00917530,-1.55146599,-2.63303304,-4.50715113,-1.34843802,-1.21814501,-1.26208246,3.74561310,3.75150490,-0.04031400,-0.60372710
dangle2,gait,exp08,motion04_dangle2,motion04,seg4,40.0,32.974998,5.99862957,7.23763323,4.55544615,3.76324511,5.14361811,6.81864357,-1.48953903,-2.41185808,-2.70333600,0.26902291,-1.25166702,-1.15712786,4.36849594,3.41030884,-0.31884801,-1.09218299
dangle2,gait,exp08,motion04_dangle2,motion04,seg4,40.0,33.000000,6.37670898,6.15626907,2.85569143,3.52288270,5.90085411,6.15303707,-0.93239701,-0.11713977,-2.23001504,-0.16142315,-0.60427499,-0.86478513,2.52436399,3.09423423,-1.19055104,-1.44518626
dangle2,gait,exp08,motion04_dangle2,motion04,seg4,40.0,33.025002,8.30083942,5.39118528,4.01079178,3.56484032,7.71860790,5.08476877,2.90505409,1.52569342,-0.94217098,0.93928933,-0.57884401,-1.12109756,3.78478289,3.03185821,-1.19449103,-1.50301778
dangle2,gait,exp08,motion04_dangle2,motion04,seg4,40.0,33.049999,4.63461304,5.67923307,4.08195066,3.68686771,3.58814812,5.30516672,2.81211996,1.50405467,0.83475399,1.35893834,-2.34602404,-1.71825314,3.29940796,3.03329444,-0.52192003,-1.19988537
dangle2,gait,exp08,motion04_dangle2,motion04,seg4,40.0,33.075001,7.51708317,6.22377586,3.67640710,3.65520358,7.38015795,5.81589317,-1.21234095,1.47584331,-0.75500798,1.65307641,-2.82229090,-2.02603626,2.33402801,2.97889948,0.32086799,-0.61793846
dangle2,gait,exp08,motion04_dangle2,motion04,seg4,40.0,33.099998,7.92577791,6.31293440,3.91099763,3.56636691,7.58600283,5.95709372,-2.29553509,1.32092595,-0.03221700,1.61905158,-1.32305503,-1.75013661,3.60496497,3.10452247,0.74138802,0.13391936
dangle2,gait,exp08,motion04_dangle2,motion04,seg4,40.0,33.125000,6.12567091,5.82055712,3.64154983,3.89331150,5.80966902,5.50939369,0.06999400,0.36034593,1.94079602,1.84271979,-0.85433799,-1.49946392,3.29219699,3.50084233,1.30093396,0.80844605
dangle2,gait,exp08,motion04_dangle2,motion04,seg4,40.0,33.150002,8.22464371,6.07134008,4.64395046,4.38714552,7.81618690,4.63796616,-1.02005100,-0.68604761,2.34765410,3.85743189,-1.71174896,-1.48112142,3.71503091,3.91468334,2.19880390,1.31475508
dangle2,gait,exp08,motion04_dangle2,motion04,seg4,40.0,33.174999,6.55193901,8.25027084,5.08336020,4.47917938,4.42358017,3.82830858,-2.71966100,-1.73686445,3.99540806,7.09889555,-1.35395706,-1.88212824,4.31283712,3.76884198,2.32524991,1.52199602
dangle2,gait,exp08,motion04_dangle2,motion04,seg4,40.0,33.200001,7.15758133,9.28396702,3.95859742,4.02813387,3.03004789,3.44174147,-2.13053012,-2.88892221,6.12459183,8.12407494,-1.73206604,-1.97344720,2.76639795,3.10844254,2.23997402,1.63369298
dangle2,gait,exp08,motion04_dangle2,motion04,seg4,40.0,33.224998,8.99576187,8.91178513,3.90689731,3.59480095,5.25090885,3.14436173,-4.82582617,-3.50545359,5.48298216,7.56602287,-1.94621205,-1.67634761,2.25370097,2.72234607,2.52921700,1.64355850
dangle2,gait,exp08,motion04_dangle2,motion04,seg4,40.0,33.250000,8.63665295,8.53832626,3.61699224,3.52729988,4.34434080,2.70625257,-5.61041784,-4.17436457,4.92358589,6.93930101,-0.94793898,-1.65956795,2.83159804,2.68812346,2.04110193,1.56897104
dangle2,gait,exp08,motion04_dangle2,motion04,seg4,40.0,33.275002,8.08980179,10.71388149,3.49387264,3.39687777,2.39070296,2.01200008,-3.36390710,-5.51907539,6.95798588,8.95985031,-1.41336405,-1.93139911,2.48524189,2.39309287,2.00826311,1.44276869
dangle2,gait,exp08,motion04_dangle2,motion04,seg4,40.0,33.299999,9.00557327,11.27048969,3.86480904,3.06928587,1.82437897,1.92604959,-5.96427679,-6.31534576,6.49610710,9.13403988,-2.85999489,-2.18619871,1.53733397,1.74874282,2.09613490,1.25815320
dangle2,gait,exp08,motion04_dangle2,motion04,seg4,40.0,33.325001,11.43870354,11.26506042,2.80319309,2.60683799,2.68784189,2.09297228,-9.42728901,-6.56044817,5.89454412,8.91524410,-2.03604388,-2.03240371,0.96854001,1.23347819,1.66563702,1.06933248
dangle2,gait,exp08,motion04_dangle2,motion04,seg4,40.0,33.349998,10.73578739,11.83104134,1.83294821,2.05466866,3.37826395,2.67507672,-8.16267872,-8.26389408,6.10042095,8.03277969,-1.25304198,-1.62768173,0.78462797,0.93474901,1.08348703,0.83579910
dangle2,gait,exp08,motion04_dangle2,motion04,seg4,40.0,33.375000,11.98485851,12.95755291,2.17139363,1.33995426,3.70412207,3.02980804,-10.08594894,-9.80840778,5.30942106,7.90655279,-1.75349605,-0.97214991,0.60078400,0.75516433,1.13104403,0.52927172
dangle2,gait,exp08,motion04_dangle2,motion04,seg4,40.0,33.400002,14.55144596,13.47571850,0.85299736,0.55499429,3.09591007,3.08044815,-13.66265774,-10.59806156,3.93595195,7.73220110,-0.59038800,-0.30458537,0.47495100,0.42611143,0.39175001,0.18350866
dangle2,gait,exp08,motion04_dangle2,motion04,seg4,40.0,33.424999,13.20542812,13.91486359,0.84912235,0.39681992,3.12010002,2.94145250,-12.09587765,-11.31428909,4.28229380,7.54706240,0.76277602,0.35093880,0.07239900,0.07392700,-0.36597800,-0.16983175
dangle2,gait,exp08,motion04_dangle2,motion04,seg4,40.0,33.450001,12.39292049,13.60489368,0.93850267,1.05951297,2.90914702,2.63868952,-11.06757069,-10.74657154,4.75712204,7.91464758,0.67116803,0.87350875,-0.09839500,-0.30582225,-0.64856702,-0.51577419
dangle2,gait,exp08,motion04_dangle2,motion04,seg4,40.0,33.474998,12.47668362,12.09861374,1.74562585,1.63330984,2.61113000,2.84368634,-11.38572884,-9.56497288,4.38347101,6.84114027,1.18712795,1.30566132,-0.63727999,-0.60647047,-1.10986996,-0.77145517
dangle2,gait,exp08,motion04_dangle2,motion04,seg4,40.0,33.500000,11.88200951,12.11298943,2.32478046,2.00879335,4.46782017,2.80693650,-9.96493530,-9.41157532,4.68196678,7.08998346,1.75658095,1.66723061,-0.58396602,-0.60327256,-1.40641797,-0.94427508
dangle2,gait,exp08,motion04_dangle2,motion04,seg4,40.0,33.525002,11.91714859,13.11734772,2.04154444,2.29556274,2.85100889,2.55082631,-9.70440292,-9.02778053,6.30196285,9.16827583,1.44391501,1.83605957,-0.18774100,-0.81246895,-1.43100202,-1.11282885
dangle2,gait,exp08,motion04_dangle2,motion04,seg4,40.0,33.549999,12.41828251,12.69704151,2.89420629,2.83531976,1.77322996,2.62939477,-10.54855061,-7.92006922,6.30852413,9.56941223,1.89346504,2.20390868,-1.36882806,-1.34708321,-1.70807803,-1.16926968
dangle2,gait,exp08,motion04_dangle2,motion04,seg4,40.0,33.575001,10.91077709,11.07042980,4.16651678,3.43358612,4.26679802,3.07255316,-8.43659306,-6.12123203,5.44641113,8.69737625,3.04052901,2.66801786,-1.96560597,-1.85581255,-2.06190205,-1.10776973
dangle2,gait,exp08,motion04_dangle2,motion04,seg4,40.0,33.599998,8.80077362,9.28683567,4.29745770,3.80807734,4.32832909,3.55373383,-4.93930292,-4.15230608,5.85853815,7.50830460,3.39427495,3.05209589,-1.82287204,-2.06458044,-1.90372705,-0.96107805
dangle2,gait,exp08,motion04_dangle2,motion04,seg4,40.0,33.625000,8.18827915,8.56287289,4.25341368,3.72929931,4.88859320,3.71727371,-2.91437602,-2.33752918,5.88693285,7.35123301,3.23835802,3.03737307,-2.19516706,-2.00056100,-1.66907406,-0.82449496
dangle2,gait,exp08,motion04_dangle2,motion04,seg4,40.0,33.650002,9.28651810,10.27369213,3.65108204,3.30680799,5.44813204,3.35447216,-0.52717000,-1.11341739,7.50195789,9.64658356,2.77728605,2.42151403,-1.74062300,-2.10635900,-1.60851300,-0.79655552
dangle2,gait,exp08,motion04_dangle2,motion04,seg4,40.0,33.674999,8.60702038,10.11834621,3.15356398,3.21284771,2.75630403,2.54808640,0.84513402,0.47927788,8.10982990,9.78051567,1.78961301,1.75458145,-2.21183801,-2.55920911,-1.36015606,-0.83323663
dangle2,gait,exp08,motion04_dangle2,motion04,seg4,40.0,33.700001,6.37672567,7.43038893,3.85353780,3.31137776,3.15106511,3.56376433,2.30890107,0.34663445,5.04007912,6.51076889,0.95937902,0.95981556,-3.41152501,-3.02836633,-1.51355302,-0.93433094
dangle2,gait,exp08,motion04_dangle2,motion04,seg4,40.0,33.724998,8.76648998,6.33093262,4.10042858,3.26633406,8.57641220,5.86117601,1.41389704,0.79273003,1.13903296,2.25807452,-0.16948900,0.44310835,-3.88757992,-3.04751086,-1.29286897,-1.08870113
dangle2,gait,exp08,motion04_dangle2,motion04,seg4,40.0,33.750000,11.17496872,8.37007427,2.49203777,2.79951525,10.21668816,6.72395611,1.09448004,0.67507052,4.39332819,4.93870878,-0.46683499,-0.11982477,-1.88498700,-2.50405049,-1.56177497,-1.24605691
dangle2,gait,exp08,motion04_dangle2,motion04,seg4,40.0,33.775002,7.76326752,8.52944374,2.14790297,2.56123757,6.26911592,6.10887575,-0.90894097,1.59264767,4.48779917,5.73554897,-0.44012901,0.28474092,-1.74599195,-2.24199796,-1.17101896,-1.20511663
dangle2,gait,exp08,motion04_dangle2,motion04,seg4,40.0,33.799999,6.12631273,7.65646601,3.54850554,2.78594708,6.08188820,7.09767580,0.53390503,2.06701565,-0.50723600,1.99296665,0.95330799,0.44479892,-2.90482903,-2.52325773,-1.80140603,-1.09399569
dangle2,gait,exp08,motion04_dangle2,motion04,seg4,40.0,33.825001,11.17990589,8.19144440,3.10060763,2.76678419,9.91590214,7.61169195,4.99702787,3.01315141,-1.30188096,0.28779408,0.62020701,0.01915551,-2.74793291,-2.59573197,-1.29536700,-0.95755029
dangle2,gait,exp08,motion04_dangle2,motion04,seg4,40.0,33.849998,11.22861576,9.65862560,2.89308357,3.29178786,7.89465189,6.76113033,6.31621313,1.96307349,4.88484621,6.61229992,-2.03291297,-1.62329876,-1.83596599,-2.65698028,-0.93081999,-1.06828105
dangle2,gait,exp08,motion04_dangle2,motion04,seg4,40.0,33.875000,5.84646845,8.10224724,5.15968180,4.13492346,5.69131994,6.85054302,1.31117105,3.77336025,-0.26627901,2.11618352,-3.84328294,-2.53556657,-3.39389300,-3.04238892,-0.57704598,-1.18842936
dangle2,gait,exp08,motion04_dangle2,motion04,seg4,40.0,33.900002,8.79918861,8.03869057,2.31307817,3.84946799,7.66506910,0.93442005,4.31521416,7.90609741,0.22663900,-1.11401570,-1.14970303,-2.88138652,-1.49929202,-2.34673643,-1.33440495,-1.00441194
dangle2,gait,exp08,motion04_dangle2,motion04,seg4,40.0,33.924999,11.42438316,10.87158585,3.94563127,1.95873845,5.13527107,10.29361343,5.90445709,0.73104721,8.32363510,3.42030120,-3.58938193,-1.75098228,-1.63315105,-0.69692731,0.13100401,-0.53386277
dangle2,gait,exp08,motion04_dangle2,motion04,seg4,40.0,33.950001,18.91193390,10.72779655,4.31155920,1.32301629,16.26272964,9.05551624,-7.71263313,1.40781212,-5.80518198,5.57685423,-3.82511711,-0.87482566,-1.65993595,-0.98921829,1.09664595,-0.08061861
dangle2,gait,exp08,motion04_dangle2,motion04,seg4,40.0,33.974998,5.53078794,12.23007584,2.67318988,3.14792013,1.96344495,12.01326561,-5.15119505,-0.52256989,-0.44686201,2.23228693,2.38110209,-0.93328089,-0.77522498,-2.98353839,-0.93558699,0.36998114
dangle2,gait,exp08,motion04_dangle2,motion04,seg4,40.0,34.000000,21.21543312,17.19199371,7.32228184,1.92265046,20.41939545,16.61078644,5.51021481,-4.17143393,1.66746604,-1.49853170,-1.31012106,-1.18409860,-7.19852781,-1.46325731,0.28388700,0.39162937
dangle2,gait,exp08,motion04_dangle2,motion04,seg4,40.0,34.025002,29.81541443,13.47644138,5.61548853,1.91674089,29.28080940,12.44075871,-5.12300014,-3.88969350,-2.31257892,3.42232132,-4.47146082,-1.72528291,2.57898092,0.83397371,2.21101999,0.04222108
dangle2,gait,exp08,motion04_dangle2,motion04,seg4,40.0,34.049999,12.37237072,14.73036480,6.24867105,1.29228532,0.00865300,10.13739777,-12.31634331,-7.09428215,1.17608297,7.99299622,-1.12124503,-0.98453695,6.14392281,0.44683605,-0.20226200,-0.70783192
dangle2,gait,exp08,motion04_dangle2,motion04,seg4,40.0,34.075001,8.26527119,14.99411678,5.86184216,2.40934587,-0.46683401,8.93274117,-7.55161524,-6.98069191,3.32714391,9.81323624,1.96860099,1.02166533,-4.95587778,-1.55218780,-2.43414807,-1.53357780
dangle2,gait,exp08,motion04_dangle2,motion04,seg4,40.0,34.099998,16.81872749,9.70072556,5.32421017,4.50610924,16.72413254,6.42439842,-1.23124599,-2.01182652,-1.28725898,6.98453569,2.42573810,1.79559147,-3.38062596,-3.61013675,-3.32180309,-2.01191020
dangle2,gait,exp08,motion04_dangle2,motion04,seg4,40.0,34.125000,4.04167843,6.94809961,3.97479868,5.14353228,0.34882000,5.71603107,3.65025592,3.80717444,-1.69974101,-1.05285311,2.27328110,1.50344861,-1.69897199,-4.52139187,-2.78293204,-1.93715894
dangle2,gait,exp08,motion04_dangle2,motion04,seg4,40.0,34.150002,10.80609894,8.08393764,7.27156401,5.38951159,0.77325600,2.30578375,9.37627888,7.59586334,-5.31594276,-1.52848399,1.73493302,0.87047863,-6.70237589,-5.12737942,-2.22346902,-1.41389000
dangle2,gait,exp08,motion04_dangle2,motion04,seg4,40.0,34.174999,16.03047371,12.07705402,6.32772350,6.60819149,4.77356482,3.94085860,9.36661339,7.48053837,-12.10189056,-8.62359524,-0.64748698,0.68548459,-6.24022913,-6.54230404,-0.82485598,-0.62973040
dangle2,gait,exp08,motion04_dangle2,motion04,seg4,40.0,34.200001,15.75750446,16.99714279,7.52839470,6.43415785,5.09489822,7.02635527,0.98287398,5.13433790,-14.87867355,-14.60040283,-0.12718700,1.32565844,-7.52716017,-6.29083681,0.04905700,0.25766167
dangle2,gait,exp08,motion04_dangle2,motion04,seg4,40.0,34.224998,19.09011841,15.85483265,5.53923941,4.98537779,14.18859959,7.72578955,0.61013800,2.44594669,-12.75711536,-13.62737179,2.28914690,1.96411479,-5.02129793,-4.51026630,-0.47911099,0.80854380
dangle2,gait,exp08,motion04_dangle2,motion04,seg4,40.0,34.250000,12.54345894,13.21171951,3.36706543,2.74030805,7.20310211,7.17151642,6.59733105,2.38311839,-7.86949205,-10.83695698,3.24143100,1.03468132,-0.89676499,-2.44085526,0.16145200,0.69350445
dangle2,gait,exp08,motion04_dangle2,motion04,seg4,40.0,34.275002,14.24124336,14.39885902,3.22308517,1.84336090,5.34244013,9.93490791,6.68519497,0.16686177,-11.38329983,-10.42098427,-1.61246300,0.46966106,-2.76893902,-1.74163520,0.34816399,0.37961137
dangle2,gait,exp08,motion04_dangle2,motion04,seg4,40.0,34.299999,15.91497993,11.97393131,2.19534779,2.08179975,10.35938168,7.67349911,0.15182200,1.41334915,-12.08084297,-9.08266926,-1.34712100,-1.09810221,-1.69496000,-1.75981224,0.36321801,-0.17641680
dangle2,gait,exp08,motion04_dangle2,motion04,seg4,40.0,34.325001,8.13075161,9.54095173,1.09721339,2.18826199,2.81903100,5.27982807,3.47387195,2.87550020,-6.78928518,-7.40841866,-0.58092803,-1.52092206,0.22337399,-1.53904903,-0.90360600,-0.32651886
dangle2,gait,exp08,motion04_dangle2,motion04,seg4,40.0,34.349998,8.49529457,10.62360859,2.23418045,1.49440753,1.28968096,3.10387874,5.91978884,4.85799694,-5.95506907,-8.92338943,-1.26072001,-1.24595392,-1.80439198,-0.81738722,0.38251400,-0.11283061
dangle2,gait,exp08,motion04_dangle2,motion04,seg4,40.0,34.375000,11.70182514,10.45109749,2.02062345,1.23239720,6.74465704,5.04992151,3.50585508,2.77483797,-8.89670086,-8.71917534,-1.98706305,-1.21995747,-0.09826800,-0.06200622,0.35333100,0.16328417
dangle2,gait,exp08,motion04_dangle2,motion04,seg4,40.0,34.400002,11.44451237,13.48130512,1.84689009,1.04127336,3.93476009,7.48452520,-0.58622599,-0.16470931,-10.73083687,-11.21161556,-1.57905197,-0.91954243,0.32324901,0.44994375,0.90172499,0.19037431
dangle2,gait,exp08,motion04_dangle2,motion04,seg4,40.0,34.424999,13.98569584,12.66574669,0.97983229,1.44014382,9.02971172,7.61423779,-1.48862195,-1.87238002,-10.57582188,-9.94679356,-0.74279201,-0.81258583,0.63675100,1.18693566,0.05366100,0.07001706
dangle2,gait,exp08,motion04_dangle2,motion04,seg4,40.0,34.450001,8.54206276,7.97413778,2.75182652,1.70159090,6.15327787,6.36124468,-0.73741001,-0.30409577,-5.87879515,-4.79885054,-0.04304900,-0.42733917,2.70995593,1.64702737,0.47627199,0.00966869
dangle2,gait,exp08,motion04_dangle2,motion04,seg4,40.0,34.474998,5.39001989,6.56304836,1.79372835,1.70359623,1.97053301,4.88357210,0.28066099,1.20304775,-5.00904608,-4.21627808,0.45813799,0.21365812,1.73337495,1.68687928,-0.05460800,0.10501724
dangle2,gait,exp08,motion04_dangle2,motion04,seg4,40.0,34.500000,8.59674740,7.26578283,1.32855189,1.23372734,4.39774609,5.75557613,2.86167598,2.31165075,-6.80989790,-3.78433847,1.04894400,0.19390580,0.75423503,1.19479024,0.30967101,0.23866284
dangle2,gait,exp08,motion04_dangle2,motion04,seg4,40.0,34.525002,8.97903442,7.94868231,0.71245152,0.52720916,5.04759312,6.98028517,4.49695301,2.06663322,-5.90950680,-3.19158220,-0.48043299,-0.23724091,0.44397601,0.17548624,0.28223500,0.43688765
dangle2,gait,exp08,motion04_dangle2,motion04,seg4,40.0,34.549999,5.94466019,7.23910284,1.94729161,0.92296547,4.64856386,6.83298159,0.16778900,1.25974798,-3.70157909,-2.03175092,-1.18337905,-0.43348777,-0.86243898,-0.45228475,1.28365004,0.67778474
dangle2,gait,exp08,motion04_dangle2,motion04,seg4,40.0,34.575001,9.57946301,8.38361263,0.95596933,0.98686272,7.89579391,7.25627613,-1.52330601,0.57121319,-5.20596695,-4.15994453,-0.06917400,-0.29394001,-0.79194301,-0.38743126,0.53096002,0.85871667
dangle2,gait,exp08,motion04_dangle2,motion04,seg4,40.0,34.599998,10.64459419,11.28204441,1.30388570,0.98843360,7.96997881,8.28137589,1.04833996,0.43661043,-6.97766495,-7.64935970,0.83577502,0.16779201,0.09477500,0.24019252,0.99630100,0.94400972
dangle2,gait,exp08,motion04_dangle2,motion04,seg4,40.0,34.625000,12.31036472,12.46469116,1.52198803,1.82683992,8.10973835,7.81091642,0.45503899,1.06516886,-9.25041485,-9.65523243,0.81699902,1.08630455,0.98620099,1.11447048,0.82241601,0.95668298
dangle2,gait,exp08,motion04_dangle2,motion04,seg4,40.0,34.650002,9.23910522,9.26839828,3.35332298,2.72240782,6.26102686,5.97415018,0.25337401,0.91522491,-6.78943396,-7.02674246,2.31614208,1.64065731,2.28671098,1.98729742,0.80697799,0.87772280
dangle2,gait,exp08,motion04_dangle2,motion04,seg4,40.0,34.674999,7.31973839,7.60277939,3.03900623,3.18497276,6.33521414,7.02191734,2.53659201,-0.46764687,-2.64751410,-2.87684464,1.87551999,1.58944130,2.37122393,2.69536400,0.30867699,0.59392053
dangle2,gait,exp08,motion04_dangle2,motion04,seg4,40.0,34.700001,10.66620541,9.02563000,2.46688962,3.15949321,9.96077633,8.92031670,-0.29524601,-0.93240458,-3.80311799,-1.01022875,0.59811199,1.36816776,2.28941011,2.83573890,0.69742900,0.26286536
dangle2,gait,exp08,motion04_dangle2,motion04,seg4,40.0,34.724998,10.87949753,9.77828503,3.19881320,2.82487512,9.17387390,9.53604221,-2.27863908,-1.34457481,-5.38621521,-1.69436324,1.23788702,1.12331510,2.94908810,2.59179139,-0.05405800,0.02644779
dangle2,gait,exp08,motion04_dangle2,motion04,seg4,40.0,34.750000,7.34668159,9.17893124,2.77178597,2.37275529,6.67661619,8.94472980,-1.12247002,-1.21319699,-2.85246992,1.66515553,1.69937396,1.44532716,2.18876910,1.88074505,-0.06493400,-0.06160223
dangle2,gait,exp08,motion04_dangle2,motion04,seg4,40.0,34.775002,7.34473133,10.66727448,1.31014669,1.81997168,6.79511976,10.22021580,-1.62199605,-1.80129921,-2.26727891,2.46845222,1.26340604,1.77544117,0.08261800,0.39869130,-0.33684400,-0.03392151
dangle2,gait,exp08,motion04_dangle2,motion04,seg4,40.0,34.799999,13.58828449,13.39688587,2.58152461,2.20132542,11.60269356,13.10289288,-3.65822697,-1.12161028,-6.05279684,-2.55592465,2.05434608,2.16381907,-1.54142904,-0.39952824,-0.26063100,0.06401677
dangle2,gait,exp08,motion04_dangle2,motion04,seg4,40.0,34.825001,19.25645828,16.94692993,3.36898041,2.63835049,16.88488007,14.73540211,-0.86954099,-0.35239777,-9.21715164,-8.36314201,3.27781510,2.60096002,-0.11169300,0.36568618,-0.77037799,0.24934547
dangle2,gait,exp08,motion04_dangle2,motion04,seg4,40.0,34.849998,17.08848763,15.89495087,3.75292993,3.30807447,14.42902088,13.45521450,1.23990202,-0.44050503,-9.07096672,-8.45059967,2.84897804,2.75364256,2.44085407,1.80179095,0.10019000,0.33817002
dangle2,gait,exp08,motion04_dangle2,motion04,seg4,40.0,34.875000,11.74899769,10.52897549,4.26440525,3.95948720,7.72818708,8.80428600,-1.29661000,0.69962186,-8.75402069,-5.73187590,2.81739211,3.18440008,3.20074701,2.33606863,0.05168700,0.28269997
dangle2,gait,exp08,motion04_dangle2,motion04,seg4,40.0,34.900002,6.34736729,7.47380733,6.08551931,2.86794400,1.74960005,4.44883919,4.61760283,5.95266628,-3.98819709,-0.79460287,5.30347681,1.99538159,2.84310508,2.05990148,-0.90743297,-0.01898821
dangle2,gait,exp08,motion04_dangle2,motion04,seg4,40.0,34.924999,21.83651924,13.54935455,0.95266944,3.75989389,10.06481457,11.01875591,19.31449318,5.27998400,1.57588804,-5.85609055,0.07870500,-1.98534274,0.60469598,3.18619847,-0.73193401,0.20822300
dangle2,gait,exp08,motion04_dangle2,motion04,seg4,40.0,34.950001,26.52014542,13.36224079,10.53782940,6.17426157,23.65132904,12.69626141,6.77070904,0.09673475,-9.90405178,-4.16474295,-8.77190876,-3.48836112,3.88759899,5.04185963,4.35729694,0.72972256
dangle2,gait,exp08,motion04_dangle2,motion04,seg4,40.0,34.974998,20.34434128,12.37112808,10.87625885,5.94630003,6.50477219,11.07091618,-13.99261475,-4.75786972,-13.25846481,-2.80041194,-5.45352697,-3.22923589,8.85975361,4.96053028,3.17125010,0.56890792
dangle2,gait,exp08,motion04_dangle2,motion04,seg4,40.0,35.000000,11.11428547,12.63912487,2.89736843,3.40436411,1.16513503,10.73339176,-10.21030331,-6.06385565,-4.23314619,2.78773022,2.29091191,-0.68352979,1.75424600,3.32968712,-0.26284599,0.18885444
dangle2,gait,exp08,motion04_dangle2,motion04,seg4,40.0,35.025002,13.92727089,11.07957554,2.03882647,1.71487343,13.78888130,9.02675152,-0.07115800,-4.76181602,-1.95717895,4.31275702,1.81086898,1.25951290,0.67656702,1.14412272,-0.64793801,-0.21307589
dangle2,gait,exp08,motion04_dangle2,motion04,seg4,40.0,35.049999,5.33546782,6.77430868,2.76597714,2.23624539,3.39419007,5.49270439,-4.07865906,-1.35120189,0.55788201,3.72769523,1.20896399,2.16196895,2.46583390,0.12765358,-0.32969400,-0.55712509
dangle2,gait,exp08,motion04_dangle2,motion04,seg4,40.0,35.075001,1.95020580,7.21743727,4.56437635,2.18373632,-0.40348300,6.00717545,-1.01777995,1.17702246,1.61388600,3.82359314,3.79846907,1.97708333,-1.78221798,-0.62785584,-1.79690397,-0.68238014
dangle2,gait,exp08,motion04_dangle2,motion04,seg4,40.0,35.099998,17.49238396,10.76182652,3.50998044,1.09497333,15.32852936,10.13880730,8.27019024,2.51141262,-1.61977303,-2.59119678,2.02584910,0.84565288,-2.51865292,-0.30315629,-1.36831498,-0.62604636
dangle2,gait,exp08,motion04_dangle2,motion04,seg4,40.0,35.125000,18.14397812,12.22179508,3.22677612,1.74804151,16.81267548,10.91307831,6.12544203,3.02870154,-3.00281096,-4.59390688,-1.97292101,-0.59844279,2.53264093,1.57237494,0.32464799,-0.47450218
dangle2,gait,exp08,motion04_dangle2,motion04,seg4,40.0,35.150002,8.43910217,9.11162758,5.19314575,3.53339767,8.41221333,9.02186108,-0.48635501,1.12810159,-0.46537200,0.59595287,-2.87102103,-1.72655988,4.25496292,3.07572961,0.78822201,-0.20922907
dangle2,gait,exp08,motion04_dangle2,motion04,seg4,40.0,35.174999,7.40150738,8.87355900,3.72488689,3.92212844,6.88169909,6.65124846,-1.70725501,-0.24244317,2.12363291,5.86874485,-1.92160201,-2.36402369,3.08689499,3.12806249,0.80827397,0.09853616
dangle2,gait,exp08,motion04_dangle2,motion04,seg4,40.0,35.200001,6.75596905,8.58494473,3.61683917,3.53032041,6.21807814,7.04544067,-0.39734599,-0.43884632,2.61165404,4.88574076,-2.30216694,-2.58342409,2.55801892,2.35949349,1.11269605,0.47103444
dangle2,gait,exp08,motion04_dangle2,motion04,seg4,40.0,35.224998,10.39652061,9.54328060,3.53078771,3.88562703,10.02935600,8.94099426,-1.28140795,-0.94233072,2.42025900,3.20075703,-2.78907204,-2.78130603,1.32235301,2.57560205,1.71432805,0.85364342
dangle2,gait,exp08,motion04_dangle2,motion04,seg4,40.0,35.250000,14.11833572,10.58981609,5.23392200,4.40411901,13.53750706,8.29588318,-3.36404109,-3.72530198,2.17865491,5.42629242,-3.23449612,-2.98169637,3.44615698,3.06899142,2.24854994,1.04261172
dangle2,gait,exp08,motion04_dangle2,motion04,seg4,40.0,35.275002,8.23247051,10.33717060,5.44026470,4.13078403,4.21313190,6.01767826,-6.23892021,-4.82663012,3.33151007,6.88100863,-2.81877398,-2.75529480,4.16638708,2.93957019,2.07176590,0.91140115
dangle2,gait,exp08,motion04_dangle2,motion04,seg4,40.0,35.299999,7.27230072,10.29439831,2.37737322,2.97279859,2.97763109,4.76243114,-5.57481194,-5.21241426,3.59743595,7.49163723,-1.58070803,-2.08267069,1.49687195,2.04632950,0.95532203,0.55906099
dangle2,gait,exp08,motion04_dangle2,motion04,seg4,40.0,35.325001,8.99355698,10.73123837,1.53873038,1.00866938,5.67529011,5.54673910,-6.33967018,-5.79622555,2.91268301,7.12719727,-1.20517504,-0.60054743,0.73842800,0.80008340,0.60825002,0.12893179
dangle2,gait,exp08,motion04_dangle2,motion04,seg4,40.0,35.349998,11.41860390,11.24341869,0.77454293,0.67069155,6.59312582,7.93150425,-8.78141594,-4.68747377,3.13080502,6.44463205,0.58091199,0.61766237,-0.34931099,0.11491901,-0.37475300,-0.23476367
dangle2,gait,exp08,motion04_dangle2,motion04,seg4,40.0,35.375000,12.62909889,11.43383217,2.47951126,1.09224081,11.72191238,9.58770752,-3.89796805,-3.44028354,2.62616706,5.19353676,2.16522098,1.00946796,-0.48657000,0.05251257,-1.10591304,-0.41377145
dangle2,gait,exp08,motion04_dangle2,motion04,seg4,40.0,35.400002,13.27594185,12.29044437,1.13808382,1.00699818,12.92151070,11.44305897,-0.49558300,-2.16224146,3.00659108,3.92888403,0.92561901,0.86145979,0.41580400,0.39190614,-0.51533598,-0.34400845
dangle2,gait,exp08,motion04_dangle2,motion04,seg4,40.0,35.424999,13.30353546,11.91261673,1.26580608,0.97300130,12.29756260,9.92878437,-3.74161601,-2.74099541,3.42845702,5.98470020,-0.57542199,0.42428464,1.10461199,0.86063838,0.22580300,-0.16129380
dangle2,gait,exp08,motion04_dangle2,motion04,seg4,40.0,35.450001,10.44793606,10.87246418,1.67728662,0.76639563,7.44002724,7.25024700,-6.07026196,-2.65277314,4.11792088,7.65553379,0.40880799,0.20960556,1.62452102,0.73711890,0.08424800,-0.00914034
dangle2,gait,exp08,motion04_dangle2,motion04,seg4,40.0,35.474998,6.77823496,9.54348850,1.19973457,0.51128286,3.63506603,5.65169334,-3.09003091,-2.12254214,4.81481791,7.39130211,1.15965199,0.49205875,0.22401200,0.05254406,-0.21068700,0.12855913
dangle2,gait,exp08,motion04_dangle2,motion04,seg4,40.0,35.500000,7.80366945,8.49819469,1.40365624,1.41016495,6.35269499,5.61246347,-2.89924693,-2.34631729,3.48351693,5.93416929,0.69144499,1.25248456,-1.20304704,-0.56704646,0.21173701,0.31353757
dangle2,gait,exp08,motion04_dangle2,motion04,seg4,40.0,35.525002,9.47532272,9.48917294,1.50739503,2.06352258,6.17051411,5.33470678,-6.05734491,-3.41341496,3.87492800,7.06639338,1.36054802,1.73683608,-0.64109302,-1.03726876,0.10074100,0.40693915
dangle2,gait,exp08,motion04_dangle2,motion04,seg4,40.0,35.549999,8.59617615,10.09421444,3.07313633,2.58473182,4.93353701,6.05242348,-5.31579399,-3.62211967,4.61484480,7.22091341,2.53145289,2.14269805,-1.70927095,-1.39859259,-0.33809200,0.36554340
dangle2,gait,exp08,motion04_dangle2,motion04,seg4,40.0,35.575001,9.25283146,9.70815945,3.77039051,2.93315029,8.65512085,7.68748760,-2.48051596,-2.32875967,2.13326406,5.45231819,2.81417108,2.30073857,-2.45035601,-1.79383433,-0.54040903,0.30353081
dangle2,gait,exp08,motion04_dangle2,motion04,seg4,40.0,35.599998,10.48213673,10.23743820,3.14972734,2.92110157,10.40509510,9.38021278,-0.44951200,-1.84154320,1.18621802,3.66407824,2.33764100,2.16198301,-2.04796910,-1.95304143,-0.51189798,0.21045703
dangle2,gait,exp08,motion04_dangle2,motion04,seg4,40.0,35.625000,10.55560398,10.83867836,2.50651240,2.87861562,10.13454342,9.30968285,-1.61234999,-2.08116555,2.47227502,5.14543533,1.45393705,2.01872182,-2.00006700,-2.05190015,-0.41036999,0.02994158
dangle2,gait,exp08,motion04_dangle2,motion04,seg4,40.0,35.650002,10.11311913,10.36230755,3.03203416,2.90154457,9.52886009,9.04265976,-2.63672495,-1.25393784,2.12689590,4.90258646,1.95566404,1.91580760,-2.15929890,-2.17276073,-0.84026003,-0.16659449
dangle2,gait,exp08,motion04_dangle2,motion04,seg4,40.0,35.674999,10.17710495,9.67587566,3.49380589,2.93120980,10.07258892,9.06781769,0.09283100,-0.48590958,1.45182204,3.34082913,2.40484500,1.96064603,-2.26247311,-2.15588379,-1.14219797,-0.31626511
dangle2,gait,exp08,motion04_dangle2,motion04,seg4,40.0,35.700001,10.07096386,8.85536575,2.59489298,2.73187089,9.87842655,8.34700966,1.30425203,0.09870344,1.46284699,2.95553422,1.67661905,1.85061109,-1.73636496,-1.95637739,-0.95260400,-0.45928776
dangle2,gait,exp08,motion04_dangle2,motion04,seg4,40.0,35.724998,8.07226372,8.52912521,2.25735617,2.31433344,7.74687099,7.50711250,1.21866906,1.68282664,1.91370797,3.68202829,1.27799201,1.22936761,-1.55648100,-1.88153112,-1.01968598,-0.55193770
dangle2,gait,exp08,motion04_dangle2,motion04,seg4,40.0,35.750000,8.92178440,8.85594654,2.49326777,2.02453351,7.76160908,7.89776421,4.21256685,2.94077659,1.26883805,2.72120285,0.87931597,0.24049009,-2.12356710,-1.95127308,-0.96625602,-0.48314989
dangle2,gait,exp08,motion04_dangle2,motion04,seg4,40.0,35.775002,11.06472874,9.13945198,2.29946995,1.87625623,9.97860909,8.50119114,4.75524616,3.24605560,0.49316299,0.84997439,-1.06057894,-0.49644166,-2.03589892,-1.79462874,-0.13360400,-0.23063166
dangle2,gait,exp08,motion04_dangle2,motion04,seg4,40.0,35.799999,10.43872070,9.64274788,2.18548751,1.54524899,10.35719585,9.25931358,0.94819802,2.67532086,-0.89235598,-0.30060878,-1.73381197,-0.97543764,-1.25312805,-1.19378126,0.44712600,0.10584100
dangle2,gait,exp08,motion04_dangle2,motion04,seg4,40.0,35.825001,10.06854820,9.34678268,1.02088726,1.26418686,10.00564098,9.12926960,-0.21486300,1.99727249,-1.10301602,-0.17230122,-0.78514999,-1.07773268,-0.42358199,-0.52784824,0.49631500,0.39753863
dangle2,gait,exp08,motion04_dangle2,motion04,seg4,40.0,35.849998,9.42264175,9.25161076,0.87307274,1.31390107,9.05929947,9.17473602,2.35259509,1.12112045,-1.08653605,0.39951777,-0.62137300,-1.18302214,-0.19311599,-0.25711232,0.58211499,0.51057589
dangle2,gait,exp08,motion04_dangle2,motion04,seg4,40.0,35.875000,7.75850487,8.17411613,2.01042914,1.14859164,7.70257282,7.92218876,0.72036302,-0.64755243,-0.58808601,1.90676951,-1.81985998,-0.94390404,-0.26798400,-0.55954868,0.81124598,0.33943063
dangle2,gait,exp08,motion04_dangle2,motion04,seg4,40.0,35.900002,6.43177128,7.90647316,1.43123460,1.38804603,5.67938423,6.95452356,-3.01642895,-1.30086362,0.11589600,3.52911782,-1.04187500,-0.80690742,-0.97900498,-1.12671387,0.06691800,-0.07802669
dangle2,gait,exp08,motion04_dangle2,motion04,seg4,40.0,35.924999,6.67781353,7.69576788,2.05703259,2.03535485,6.65204096,6.96705008,0.08330600,-0.69334596,0.58017802,3.19442177,-0.02807200,-0.89240634,-1.81364298,-1.73804700,-0.97020298,-0.57050222
dangle2,gait,exp08,motion04_dangle2,motion04,seg4,40.0,35.950001,9.23828030,8.40596867,2.67168021,2.46320367,8.54487419,8.31489182,3.44218707,0.99141753,-0.69447601,0.73483443,-1.22621405,-1.22678351,-2.20929098,-1.94973862,-0.86793298,-0.87229258
dangle2,gait,exp08,motion04_dangle2,motion04,seg4,40.0,35.974998,10.93857098,10.01597309,3.44343686,2.57240081,10.64296055,9.98456478,1.36152005,0.58279717,-2.12743998,-0.53714144,-2.78906798,-1.60953355,-1.96889997,-1.82476449,-0.44920999,-0.83479446
dangle2,gait,exp08,motion04_dangle2,motion04,seg4,40.0,36.000000,12.90521622,11.86897278,2.79045820,2.05151534,11.62707996,11.74562263,-3.93265295,-0.15247282,-3.98620796,-1.69988382,-2.27819490,-1.35230637,-1.60749495,-1.44005680,-0.11155400,-0.55337095
dangle2,gait,exp08,motion04_dangle2,motion04,seg4,40.0,36.025002,14.73199463,13.45066643,1.22561157,1.40440798,13.49074936,13.09584236,-2.74298310,-0.16940148,-5.24474812,-3.06441498,-0.24242900,-1.05734634,-1.12700605,-0.91272426,-0.41618401,-0.14599550
dangle2,gait,exp08,motion04_dangle2,motion04,seg4,40.0,36.049999,13.43503666,12.45491219,1.00343466,1.19695258,13.06385899,12.27804661,0.91266501,-1.65923262,-3.00047302,-1.27333057,-0.91398102,-1.05895829,-0.06155800,-0.51362830,0.40954900,0.21791936
dangle2,gait,exp08,motion04_dangle2,motion04,seg4,40.0,36.075001,10.02582741,11.03184795,2.41783309,1.12467039,9.05429935,10.51372623,-4.09438992,-2.83387971,-1.33148205,1.76984894,-2.18670702,-0.91769397,-0.18017900,-0.54716456,1.01575804,0.35118675
dangle2,gait,exp08,motion04_dangle2,motion04,seg4,40.0,36.099998,10.75799847,10.10630417,0.99102145,1.11383951,8.56263638,9.06600094,-6.43262911,-3.16309333,-1.01836705,3.15275192,-0.16585000,-0.64340734,-0.97546899,-0.88667911,0.05547600,0.20116037
dangle2,gait,exp08,motion04_dangle2,motion04,seg4,40.0,36.125000,8.31038380,10.00961399,1.58236921,1.60970604,8.23672676,9.04527378,-0.99253899,-3.04836893,-0.48340401,3.01377654,0.67565203,-0.25102520,-1.29233098,-1.58245754,-0.61422098,-0.15481679
dangle2,gait,exp08,motion04_dangle2,motion04,seg4,40.0,36.150002,8.35426235,9.77096176,2.72080350,2.37322164,8.11793327,9.41074276,-0.52203101,-2.50018406,-1.90271795,0.81159735,-0.61495298,0.19645406,-2.57135201,-2.28626060,-0.64245898,-0.60547435
dangle2,gait,exp08,motion04_dangle2,motion04,seg4,40.0,36.174999,11.05456352,8.55332661,2.80004168,2.73835158,9.88612747,8.46563530,-2.63578892,-0.64399570,-4.18574810,-1.03811049,0.34453699,0.41306040,-2.39789104,-2.50890231,-1.40415299,-1.01654291
dangle2,gait,exp08,motion04_dangle2,motion04,seg4,40.0,36.200001,7.81204987,7.55663490,3.03666210,2.92946506,6.54425812,7.25906324,2.45546103,1.25832880,-3.48877096,-1.68087518,1.45302200,0.43471053,-1.74619901,-2.61621785,-2.01515102,-1.24426520
dangle2,gait,exp08,motion04_dangle2,motion04,seg4,40.0,36.224998,8.72792530,8.26062107,3.49765110,3.20826125,5.08553696,7.23316097,5.81256390,2.77001953,-4.06547594,-2.87162614,-0.13430600,0.12603399,-3.15719104,-2.93094254,-1.49922299,-1.29870379
dangle2,gait,exp08,motion04_dangle2,motion04,seg4,40.0,36.250000,12.22634792,11.13522816,3.80506110,3.19873285,9.09921646,8.24383259,3.43253303,4.72016573,-7.40982914,-5.80969572,-0.96572798,-0.17522767,-3.49154401,-2.99611640,-1.16403604,-1.10656011
dangle2,gait,exp08,motion04_dangle2,motion04,seg4,40.0,36.275002,13.19630718,13.21445370,2.29098487,2.50498509,9.72044373,9.18384361,4.37890005,5.44299412,-7.77693510,-7.78797865,0.02998500,-0.45558894,-2.05653501,-2.36367559,-1.00914598,-0.69312775
dangle2,gait,exp08,motion04_dangle2,motion04,seg4,40.0,36.299999,12.03461647,12.40829372,1.74607217,1.56903696,8.67845631,9.10400867,5.45838404,3.74891329,-6.30257320,-7.55171633,-0.97837001,-0.45969361,-1.44112802,-1.48307788,-0.12128600,-0.22591756
dangle2,gait,exp08,motion04_dangle2,motion04,seg4,40.0,36.325001,12.01423836,11.92699623,1.67601001,0.82062638,8.67443085,9.17685223,0.16467300,2.55013657,-8.31077957,-7.17881727,-1.31675005,-0.23019888,-0.85948199,-0.77019054,0.58006001,0.16505374
dangle2,gait,exp08,motion04_dangle2,motion04,seg4,40.0,36.349998,11.36628151,11.29082870,0.80668223,0.70863926,7.92903805,9.25360775,-0.18830401,1.77415836,-8.14169788,-6.22140694,0.70137203,-0.05055121,-0.38096499,-0.54177403,0.11695800,0.45397699
dangle2,gait,exp08,motion04_dangle2,motion04,seg4,40.0,36.375000,9.88247013,9.87488651,0.83538306,0.82282501,7.66832399,8.70940113,3.07215810,0.56911463,-5.42419386,-4.61907101,0.39727101,0.13898194,-0.52237898,-0.51921445,0.51687598,0.62300992
dangle2,gait,exp08,motion04_dangle2,motion04,seg4,40.0,36.400002,8.97918701,8.92078114,1.26387012,0.85032964,7.47530413,8.30133152,-0.23203000,-0.32300678,-4.96908379,-3.25021529,-0.68055701,0.20662604,-0.59584200,-0.53605348,0.88271302,0.62690735
dangle2,gait,exp08,motion04_dangle2,motion04,seg4,40.0,36.424999,9.65015602,9.25353241,0.96675718,0.85347217,7.50694418,8.56457138,-2.59908700,-0.64819229,-5.47869015,-3.44322777,0.58164102,0.39588878,-0.68828499,-0.52829170,0.35010999,0.54092020
dangle2,gait,exp08,motion04_dangle2,motion04,seg4,40.0,36.450001,9.99267483,9.48454666,1.51238000,0.86858708,8.52163887,8.55322266,0.66210401,-0.29878610,-5.17656612,-4.08775473,1.43599796,0.66746175,-0.47440699,-0.37581974,-0.01189200,0.40950927
dangle2,gait,exp08,motion04_dangle2,motion04,seg4,40.0,36.474998,9.25145340,8.86020756,0.63037062,0.65274906,7.70553303,8.07218266,2.29147506,-0.04562107,-4.57856894,-3.65254211,0.61007297,0.59650820,0.07043400,-0.14488457,0.14218700,0.22196344
dangle2,gait,exp08,motion04_dangle2,motion04,seg4,40.0,36.500000,7.65945292,8.12300396,0.24051064,0.32960415,6.33745623,7.67896128,0.39699700,-0.54167575,-4.28325319,-2.59294105,-0.20546401,0.28679502,-0.10060100,-0.16225557,0.07422500,-0.00778660
dangle2,gait,exp08,motion04_dangle2,motion04,seg4,40.0,36.525002,8.38579369,8.29007149,0.53053910,0.36051762,7.05636311,7.83102179,-0.43155500,-0.31561083,-4.51032591,-2.70199323,0.06377000,-0.03375436,-0.44481799,-0.28972048,-0.28203201,-0.21188596
dangle2,gait,exp08,motion04_dangle2,motion04,seg4,40.0,36.549999,9.24003792,8.93700314,0.43433875,0.36919683,8.31148720,8.28703499,1.21710896,0.24438468,-3.84917212,-3.33696651,0.02906800,-0.16759509,-0.14595500,-0.10923955,-0.40804699,-0.31029809
dangle2,gait,exp08,motion04_dangle2,motion04,seg4,40.0,36.575001,9.75879192,9.51715755,0.56279200,0.50211239,8.75915337,8.77513885,1.12449706,0.70793390,-4.15292120,-3.61553025,-0.46419501,-0.20083374,0.28946000,0.34439945,-0.13217700,-0.30524036
dangle2,gait,exp08,motion04_dangle2,motion04,seg4,40.0,36.599998,9.81781101,9.39411545,0.90589619,0.72976696,8.73879242,8.91964054,-0.26074901,0.10471634,-4.46709299,-2.94592261,-0.47404301,-0.18417870,0.76957101,0.66644174,-0.06075800,-0.23343825
dangle2,gait,exp08,motion04_dangle2,motion04,seg4,40.0,36.625000,9.12278843,9.33550549,0.81377947,0.68696839,7.57116890,8.85145378,-0.87631899,-0.32193059,-5.01345491,-2.94954038,-0.08798700,-0.06064156,0.80882901,0.66993278,-0.01705800,-0.13942093
dangle2,gait,exp08,motion04_dangle2,motion04,seg4,40.0,36.650002,9.48341751,9.81058502,0.37727839,0.56060320,7.82141304,9.06051064,-0.80922401,-1.19332635,-5.30149603,-3.56800985,0.02959000,0.16128682,0.37555900,0.53636545,-0.02046600,-0.02397067
dangle2,gait,exp08,motion04_dangle2,motion04,seg4,40.0,36.674999,11.11748695,10.69719410,0.46469295,0.67047369,8.54339695,9.45540619,-2.55091000,-2.23771381,-6.64091396,-4.47413540,0.00545800,0.43660504,0.41217101,0.50862586,0.21453400,-0.01451716
dangle2,gait,exp08,motion04_dangle2,motion04,seg4,40.0,36.700001,13.12641621,13.17850399,1.53450668,1.00407612,8.86150360,10.94824791,-2.21998501,-0.13696387,-9.42593288,-7.33417082,1.44672406,0.81122947,0.32445300,0.59127706,-0.39551300,-0.02161299
dangle2,gait,exp08,motion04_dangle2,motion04,seg4,40.0,36.724998,16.00319099,15.27842808,2.29155159,1.38210559,11.35400105,11.95633221,3.50077701,1.80778074,-10.72069740,-9.33854580,2.16474700,1.05109441,0.62262797,0.89592034,-0.42120400,0.05237352
dangle2,gait,exp08,motion04_dangle2,motion04,seg4,40.0,36.750000,16.35254288,16.65805244,1.56840932,1.70028067,11.18068886,12.80947590,4.75276995,3.01131439,-10.94573116,-10.21469688,0.77369797,1.06106496,1.35988104,1.32315087,0.10964800,0.11986378
dangle2,gait,exp08,motion04_dangle2,motion04,seg4,40.0,36.775002,16.87155724,16.20144272,1.94360542,1.91339457,11.44257259,12.43484306,3.40543389,4.34073973,-11.92140770,-9.43500805,1.06236601,0.75063169,1.61588597,1.74837542,0.19466101,0.20202589
dangle2,gait,exp08,motion04_dangle2,motion04,seg4,40.0,36.799999,14.63479900,13.96103001,2.43602777,1.81074667,9.83578491,11.44125843,5.80849886,3.52380538,-9.14855289,-7.18267155,0.85108602,0.35713181,2.28133607,1.75801051,0.07340900,0.24629124
dangle2,gait,exp08,motion04_dangle2,motion04,seg4,40.0,36.825001,12.56437778,13.07906532,1.74050450,1.84468532,8.97195625,10.83533859,4.49551296,2.95039320,-7.56028700,-6.70466709,-0.58142102,-0.02202123,1.48768306,1.82656837,0.69145101,0.25695640
dangle2,gait,exp08,motion04_dangle2,motion04,seg4,40.0,36.849998,13.64508629,11.89785957,2.35549402,2.29928255,11.16800213,9.91087437,1.51816797,2.43489313,-7.69150591,-6.11595583,-0.47541901,-0.28402373,2.23157001,2.26259446,0.58516997,0.29444277
dangle2,gait,exp08,motion04_dangle2,motion04,seg4,40.0,36.875000,10.19527149,10.36268234,3.24855947,2.73004889,8.39406586,9.11875629,1.79655898,2.17894554,-5.50050879,-4.41425753,0.20355900,-0.17000966,3.18153906,2.69649029,0.62410903,0.39141196
dangle2,gait,exp08,motion04_dangle2,motion04,seg4,40.0,36.900002,8.89242840,8.44952393,2.83194065,2.84862065,7.41363478,7.79407310,2.18394589,2.36422896,-4.39814520,-2.24884391,0.17069000,0.03139463,2.70385504,2.78349614,0.82457298,0.60481644
dangle2,gait,exp08,motion04_dangle2,motion04,seg4,40.0,36.924999,6.88225269,7.25943613,2.92001343,2.42997789,5.69803715,6.87886953,1.54514503,2.24949765,-3.53698993,-0.56597084,0.14636999,0.03813557,2.66505408,2.24444056,1.18428898,0.93049723
dangle2,gait,exp08,motion04_dangle2,motion04,seg4,40.0,36.950001,6.65268135,8.57636833,1.70491779,2.21134543,6.25799513,8.41871357,0.83927900,1.18624401,-2.09553790,-1.12790895,0.16386899,0.13356550,0.96965802,1.82464230,1.39271498,1.24213111
dangle2,gait,exp08,motion04_dangle2,motion04,seg4,40.0,36.974998,12.27665520,8.00012207,2.37179136,2.54055715,11.96460342,7.97667694,-0.89300001,-0.07169387,-2.60136008,-0.60781276,0.33787599,0.39226708,1.65820003,2.09045720,1.66180801,1.38944089
dangle2,gait,exp08,motion04_dangle2,motion04,seg4,40.0,37.000000,5.69050789,6.74406528,3.83947325,2.55713534,5.33154297,6.24018908,-1.91447103,-1.08269870,-0.53974998,2.31737280,1.01149702,0.68029797,3.41079903,2.09150553,1.44391096,1.30450773
shaking,gait,exp11,motion04_shaking,motion04,seg5,40.0,25.174999,13.71685123,4.74031401,6.01194048,2.83859062,5.87347794,0.49685481,-12.25871658,-0.16966352,1.83796895,4.71114922,4.73268795,1.45042586,-2.77248311,-2.21186471,-2.46138811,-1.03029895
shaking,gait,exp11,motion04_shaking,motion04,seg5,40.0,25.200001,5.05231857,5.99667168,8.05684662,3.50379133,2.68354797,0.41007355,-0.82105798,-3.42053080,4.20123291,4.90834808,7.99785805,2.75143647,0.50335503,-1.82371950,-0.83286798,-1.17481816
shaking,gait,exp11,motion04_shaking,motion04,seg5,40.0,25.225000,10.63116550,8.43815517,1.73111606,2.84841609,-3.61761594,-0.73108739,1.26958299,-5.41666651,9.91578007,6.42866278,1.35900295,2.50412035,-0.47296599,-1.11172652,-0.96238101,-0.77905035
shaking,gait,exp11,motion04_shaking,motion04,seg5,40.0,25.250000,10.50877571,9.20139122,3.20087814,0.38725835,0.61421299,-1.72070289,-6.79086924,-2.99269557,7.99632406,8.52927589,-2.98290110,0.33227646,-1.03798902,-0.14599486,-0.52009600,-0.13508105
shaking,gait,exp11,motion04_shaking,motion04,seg5,40.0,25.275000,13.17378998,11.72830963,3.12595677,2.19720292,1.55811000,-0.44503379,-10.35307503,-6.61671734,7.99592781,9.67337894,-2.93884897,-1.98547232,0.77916700,0.84324920,0.72640997,0.41776916
shaking,gait,exp11,motion04_shaking,motion04,seg5,40.0,25.299999,14.17880440,15.32516670,4.48929119,3.35682273,0.46024400,-0.36704528,-11.99233341,-10.30434513,7.55053711,11.33783531,-4.26720905,-2.94526911,0.81289703,1.53065968,1.13307500,0.50072920
shaking,gait,exp11,motion04_shaking,motion04,seg5,40.0,25.325001,14.63109016,13.24545765,3.53790855,2.46613336,-0.18769400,-1.24484098,-14.20756817,-9.06162167,3.48978209,9.58016396,-3.18752098,-2.12359691,1.49805903,1.24358094,0.33515099,0.16017343
shaking,gait,exp11,motion04_shaking,motion04,seg5,40.0,25.350000,12.89002991,8.51041603,1.68294930,0.48927549,-2.34615302,-0.56965119,-12.50684929,-4.98376369,2.05600500,6.87493849,1.56403899,-0.23081982,0.45248699,0.40918794,0.42585900,-0.13666730
shaking,gait,exp11,motion04_shaking,motion04,seg5,40.0,25.375000,6.12217283,6.86982727,5.62890768,1.19470525,0.07650200,0.35865602,-4.11930084,-0.32629871,4.52841187,6.85269451,5.54678488,1.13803279,-0.56995302,-0.05788409,-0.77002198,-0.35895875
shaking,gait,exp11,motion04_shaking,motion04,seg5,40.0,25.400000,10.24730206,7.35088778,4.39907837,1.48074675,1.68292797,-0.10153360,4.34570503,1.25397050,9.12632465,7.24243021,4.36363792,1.47129476,0.51954699,0.03903185,-0.20154899,-0.16241613
shaking,gait,exp11,motion04_shaking,motion04,seg5,40.0,25.424999,11.70172119,10.46949673,2.03090167,0.98796022,-1.17996097,-0.56550944,2.18061590,-2.86745048,11.43603420,10.05327225,-1.75496995,0.86592031,0.70625901,0.39651421,0.73881000,0.26272401
shaking,gait,exp11,motion04_shaking,motion04,seg5,40.0,25.450001,13.02958584,17.78855133,7.28244114,1.40316439,-1.04467797,-1.01888192,-9.02495098,-10.01934910,9.33964729,14.66311836,-7.26689577,-1.10395956,0.02242000,0.50164688,0.47504699,0.70604092
shaking,gait,exp11,motion04_shaking,motion04,seg5,40.0,25.475000,21.81868935,20.62245750,8.21083736,1.57472706,-1.96120298,-6.31995487,-21.54276276,-12.84648800,2.84925508,14.84290028,-8.13448334,-1.41904378,0.80742002,0.26708215,0.77208000,0.62828916
shaking,gait,exp11,motion04_shaking,motion04,seg5,40.0,25.500000,26.88869476,18.03818703,2.83850312,0.52236265,-10.63955307,-8.83101273,-24.69411659,-10.72264862,0.04956400,11.50713825,-1.23231995,-0.23247309,2.50377989,-0.45989367,0.51920402,0.08553844
shaking,gait,exp11,motion04_shaking,motion04,seg5,40.0,25.525000,20.66209030,10.31447411,7.68894911,2.42048740,-11.15106869,-3.44137406,-17.25585556,-5.77816916,2.19341612,7.82036400,7.31055117,2.27566481,-2.37965298,-0.78433180,-0.11417000,-0.25481930
shaking,gait,exp11,motion04_shaking,motion04,seg5,40.0,25.549999,5.37314463,7.01050997,12.86319923,3.27242351,2.54928803,-0.89882308,-4.67687416,-0.98102713,-0.70616102,6.88309145,12.03726101,3.16797519,-4.27775192,-0.68561053,-1.50567901,-0.45014012
shaking,gait,exp11,motion04_shaking,motion04,seg5,40.0,25.575001,14.75257683,7.51092768,10.27461052,2.57315564,6.60771179,-0.05164213,12.27084446,4.33801079,4.83767080,6.13131523,10.11104012,2.46289563,1.53884900,-0.64330220,-0.98307103,-0.37608096
shaking,gait,exp11,motion04_shaking,motion04,seg5,40.0,25.600000,20.23719215,8.24585724,2.38039088,0.90824813,-6.74599218,0.01978816,16.43451881,6.61692524,9.69237518,4.92037201,1.82624495,0.75518382,1.27328706,-0.35692000,0.84251398,-0.35667932
shaking,gait,exp11,motion04_shaking,motion04,seg5,40.0,25.625000,12.32493973,8.54110909,4.85883570,1.16576433,-1.85932600,-0.16938427,11.03462696,7.09615993,5.16566181,4.75040722,-4.14045620,-1.12552929,-2.09306598,-0.03535649,-1.44360006,-0.30156296
shaking,gait,exp11,motion04_shaking,motion04,seg5,40.0,25.650000,7.82968235,6.78829670,7.28005791,2.72642851,4.62696981,1.21296191,3.08271694,-1.37982762,5.51288795,6.53496552,-7.26459694,-2.72078657,-0.44861299,-0.06776845,0.15370101,-0.16168225
shaking,gait,exp11,motion04_shaking,motion04,seg5,40.0,25.674999,11.65595055,17.45509338,12.15093613,2.53065586,1.54527402,1.60347855,-11.23050499,-13.56924629,2.71091509,10.86207485,-12.13673496,-2.51289511,-0.13105001,0.11345814,0.57248098,0.27695599
shaking,gait,exp11,motion04_shaking,motion04,seg5,40.0,25.700001,27.38449097,22.19322395,12.45935059,1.80676222,1.66059101,-3.49264073,-26.82321358,-17.61406708,-5.26003408,13.04167557,-12.43325710,-1.73676753,0.72532803,0.34887734,-0.35131401,0.35540536
shaking,gait,exp11,motion04_shaking,motion04,seg5,40.0,25.725000,34.44978714,17.47551155,3.77608657,0.23533610,-4.70263195,-3.91447186,-33.70882034,-13.31052971,-5.32808018,10.62545109,-2.86011600,0.01718652,2.02299690,0.12685400,1.40927303,0.19747345
shaking,gait,exp11,motion04_shaking,motion04,seg5,40.0,25.750000,23.22934723,11.66107273,9.86534595,1.45519400,-5.10732603,-0.69886237,-22.49424744,-8.23325539,-2.74345899,8.22834873,9.76561069,1.44565153,-1.39627397,0.16017200,0.09117300,0.04501300
shaking,gait,exp11,motion04_shaking,motion04,seg5,40.0,25.775000,7.65046024,8.31438637,14.76554775,1.99317038,3.34245992,-0.80626428,-6.17898083,-2.88701224,-3.02947092,7.75526381,14.62008762,1.98460305,-2.06513500,0.17688724,-0.09828100,0.05281798
shaking,gait,exp11,motion04_shaking,motion04,seg5,40.0,25.799999,13.61942196,7.30763912,11.83215809,1.50875783,2.32145905,-1.46215141,12.93985462,2.49346805,3.55803990,6.71165562,11.63644981,1.50020337,2.14225292,-0.07887482,0.06112600,0.13970885
shaking,gait,exp11,motion04_shaking,motion04,seg5,40.0,25.825001,22.53645897,7.48501301,1.71043313,0.31901100,-7.16187477,-0.23413499,18.65041924,5.55317593,10.42887402,5.01326656,1.41457605,0.22305021,0.77726001,-0.15975156,0.56605899,0.16277611
shaking,gait,exp11,motion04_shaking,motion04,seg5,40.0,25.850000,11.47331810,7.00470924,6.87900019,0.84352106,-0.05878100,0.34038606,10.22975731,5.25345898,5.19476986,4.62074184,-6.41400290,-0.83035517,-2.45146394,0.04803968,-0.41416499,0.14046425
shaking,gait,exp11,motion04_shaking,motion04,seg5,40.0,25.875000,6.16112614,5.63128233,6.33013487,1.75383973,5.51661015,1.53322685,-1.01448500,3.03366542,2.54898095,4.48970222,-6.31831503,-1.71842062,0.28821900,0.34038633,0.25775599,0.08438984
shaking,gait,exp11,motion04_shaking,motion04,seg5,40.0,25.900000,8.75146484,7.95206594,4.36373901,2.30570221,0.70346302,2.15516043,-6.77241993,-4.21258688,5.49796391,6.39098930,-4.13055611,-2.13380790,1.03911805,0.81489003,0.94918901,0.31477043
shaking,gait,exp11,motion04_shaking,motion04,seg5,40.0,25.924999,12.03646564,14.70685577,5.75119257,2.92520928,2.20816708,0.57392365,-10.35588074,-11.34164715,5.72330618,9.34501171,-5.73847818,-2.57712388,0.28293300,1.29554260,0.25696999,0.48667309
shaking,gait,exp11,motion04_shaking,motion04,seg5,40.0,25.950001,16.88598251,19.39684868,7.72712898,3.16953254,1.16585195,-3.05563879,-16.84473419,-15.98966122,0.17926399,10.54663754,-7.42965317,-2.89064527,1.70586395,1.23281670,1.26443696,0.41263616
shaking,gait,exp11,motion04_shaking,motion04,seg5,40.0,25.975000,23.65291977,19.40424919,6.50937462,2.03109741,-5.70510101,-4.10980320,-22.73493195,-16.37318802,-3.16786504,9.56834030,-6.08970213,-1.92877746,2.17397094,0.61096787,0.74922502,0.17858486
shaking,gait,exp11,motion04_shaking,motion04,seg5,40.0,26.000000,24.21788406,13.63220787,0.96550411,0.34124938,-5.72074986,-2.79088092,-23.40741348,-10.85410976,-2.42321396,7.76120949,0.11655000,-0.20332499,-0.88009000,0.00214487,-0.37954700,0.27405381
shaking,gait,exp11,motion04_shaking,motion04,seg5,40.0,26.025000,15.03620529,8.91129780,7.86095476,1.75039685,-0.42375401,-2.30413318,-15.02378368,-4.43179274,-0.44024700,7.37979698,7.65041780,1.58444309,-1.76300097,-0.48892686,0.39691699,0.56069589
shaking,gait,exp11,motion04_shaking,motion04,seg5,40.0,26.049999,1.94753838,8.35409832,11.66890621,2.58119798,-1.11962700,-2.21064758,-0.88763601,-0.13117522,1.32342100,8.05523396,11.63028908,2.32625532,-0.70956701,-1.00626445,0.62949902,0.48841643
shaking,gait,exp11,motion04_shaking,motion04,seg5,40.0,26.075001,15.46950054,7.39504147,7.44606543,2.42819881,-2.80561590,-0.95591551,12.07883263,1.33049953,9.24855518,7.21128559,7.35979080,2.07446432,-1.13020205,-1.24076235,-0.00396600,0.23077247
shaking,gait,exp11,motion04_shaking,motion04,seg5,40.0,26.100000,15.28449821,6.00447750,1.89111948,1.13161933,1.47377300,0.52759135,11.08501530,2.94748473,10.41951561,5.20458746,-1.09343803,0.95971370,-1.52232504,-0.59774476,-0.25150099,-0.04704524
shaking,gait,exp11,motion04_shaking,motion04,seg5,40.0,26.125000,7.82770681,7.17518330,4.01596546,1.03449106,3.95442796,1.76174450,2.40835190,5.04081631,6.31152391,4.79266930,-3.99229097,-0.83384478,0.43530700,0.61169654,0.00994300,-0.02649278
shaking,gait,exp11,motion04_shaking,motion04,seg5,40.0,26.150000,7.60134745,7.93335581,3.06880403,3.55390239,1.39363599,0.70957643,1.13658094,0.47969943,7.38555622,7.88698435,-2.51349592,-3.25920367,1.69818699,1.41098320,0.46481901,-0.13015309
shaking,gait,exp11,motion04_shaking,motion04,seg5,40.0,26.174999,9.00061226,17.90075302,8.76269627,4.51072216,-2.72110891,-4.58242989,-0.52870899,-13.24134159,8.56312180,11.14025116,-8.58385086,-4.31107712,1.72434902,1.21419597,-0.35912600,-0.53568178
shaking,gait,exp11,motion04_shaking,motion04,seg5,40.0,26.200001,20.13230324,24.09918213,16.32078934,3.07256436,-6.93417978,-8.45704746,-17.03672981,-19.48902893,-8.18392372,11.37658596,-16.11524391,-2.92392659,2.47244406,0.38171324,-0.74436498,-0.86348093
shaking,gait,exp11,motion04_shaking,motion04,seg5,40.0,26.225000,36.92966843,18.10387230,11.09252644,0.90391171,-6.39134407,-3.51669621,-34.19194794,-16.33006668,-12.40410995,6.97939444,-10.85684776,0.04921000,0.08262400,0.00831418,-2.27291989,-0.90253288
shaking,gait,exp11,motion04_shaking,motion04,seg5,40.0,26.250000,33.54607773,12.79081345,7.00550032,1.76303124,2.41954088,-1.67243111,-32.24495316,-10.23732853,-8.93018341,7.48364878,6.81668615,1.53550160,-1.22549605,-0.06896549,-1.05261099,-0.86357260
shaking,gait,exp11,motion04_shaking,motion04,seg5,40.0,26.275000,14.24299526,8.23925495,17.37626076,2.56763029,0.34253100,-1.04790258,-11.54824543,-4.32000923,-8.32968330,6.93719912,17.33208084,2.35367131,1.23719299,-0.54954571,0.05275200,-0.86657703
shaking,gait,exp11,motion04_shaking,motion04,seg5,40.0,26.299999,14.20962524,5.03617716,17.90894318,2.54940391,-4.95685911,0.39113626,12.18947029,1.37347412,-5.36281586,4.82945776,17.88507271,2.10718656,-0.76356101,-1.03952241,-0.52094299,-0.98925126
shaking,gait,exp11,motion04_shaking,motion04,seg5,40.0,26.325001,25.57752419,5.61054659,6.90208387,1.50337970,2.71451092,2.61939454,23.81005287,4.52847719,8.93993855,2.02728915,6.00927496,0.74386066,-2.91009903,-0.70984530,-1.74891400,-1.09678698
shaking,gait,exp11,motion04_shaking,motion04,seg5,40.0,26.350000,20.48476791,5.03016281,7.01346493,2.13685656,8.52968311,2.76705098,17.69346428,4.15039778,5.81476688,0.64820367,-6.93502188,-1.66392744,0.15757300,0.52107167,-1.03408504,-1.23530769
shaking,gait,exp11,motion04_shaking,motion04,seg5,40.0,26.375000,5.85370159,4.61471033,14.50755787,4.15630484,2.94298601,1.43793476,4.62624693,-3.70455408,-2.04999804,2.34609795,-14.25273132,-3.59425116,2.67071295,1.71394110,-0.44293100,-1.19106495
shaking,gait,exp11,motion04_shaking,motion04,seg5,40.0,26.400000,20.23857117,21.12335968,18.13821220,4.68888044,0.93162000,-0.95837361,-15.68831062,-19.90959549,-12.75181293,6.99184275,-17.99743080,-3.98838735,2.24271107,2.29443836,-0.23977900,-0.90217364
shaking,gait,exp11,motion04_shaking,motion04,seg5,40.0,26.424999,39.82588959,26.31239128,16.24459267,2.52085710,0.50835299,-3.10214329,-33.41806030,-23.83740234,-21.65817261,10.70032024,-16.07624245,-2.07786679,2.33264399,1.30301154,0.00127800,-0.58253866
shaking,gait,exp11,motion04_shaking,motion04,seg5,40.0,26.450001,43.05169296,18.72950935,1.62424314,1.02024615,-5.15788317,-2.98511505,-39.41376114,-17.03271294,-16.53480530,7.19515848,0.97771001,-0.94372523,1.19968998,0.17821963,0.49294299,-0.34427133
shaking,gait,exp11,motion04_shaking,motion04,seg5,40.0,26.475000,21.72466278,12.04614735,14.08889389,0.33028793,-2.05123091,-1.13928640,-18.50455666,-11.25354195,-11.19530296,4.14360857,14.00193787,0.29761291,-1.55974698,0.00741763,-0.09920900,-0.14304423
shaking,gait,exp11,motion04_shaking,motion04,seg5,40.0,26.500000,7.54731464,7.10099459,15.33172607,1.41114223,2.73375893,-1.54038751,-1.79325497,-5.86331272,-6.80240822,3.69768763,15.28622627,1.41113138,-1.17712295,0.00551641,0.08654400,0.00031468
shaking,gait,exp11,motion04_shaking,motion04,seg5,40.0,26.525000,15.30252647,4.16096592,9.04749775,1.09100294,-0.31996199,-2.24874115,14.31781960,0.77995950,5.39119720,3.41298485,8.80378342,1.06825864,2.07861710,0.20266630,-0.17310099,-0.08964989
shaking,gait,exp11,motion04_shaking,motion04,seg5,40.0,26.549999,17.69386101,3.41468978,2.17877150,0.93569684,-5.49099493,-1.21673608,14.29313374,2.42559052,8.86724186,2.07272077,-1.98598301,0.10031127,0.88977402,0.90678126,0.10592100,-0.20787974
shaking,gait,exp11,motion04_shaking,motion04,seg5,40.0,26.575001,3.54196763,3.63877845,8.04435825,1.75490582,1.74745595,-1.05116427,2.43559790,-0.74157578,1.88674200,3.40379620,-8.00876045,-0.74841005,-0.23506901,1.54627693,-0.71846902,-0.35861474
shaking,gait,exp11,motion04_shaking,motion04,seg5,40.0,26.600000,10.15399647,11.45040512,8.53652287,2.17006135,1.56306696,-3.54621315,-9.94955540,-9.11054134,-1.29104996,5.96105671,-7.93710709,-1.46960592,3.09526706,1.53089523,0.54209602,-0.45363501
shaking,gait,exp11,motion04_shaking,motion04,seg5,40.0,26.625000,21.12701416,22.61038780,9.19105053,2.00178409,-7.34057808,-4.89240885,-19.30973625,-19.39401436,-4.42726803,10.54353619,-8.73386383,-1.72157335,2.80591106,0.93580532,0.56735098,-0.40938208
shaking,gait,exp11,motion04_shaking,motion04,seg5,40.0,26.650000,29.98033142,23.66683388,8.71974373,0.76310039,-7.06228685,-6.43791723,-27.33551025,-20.71800423,-10.08534908,9.45709038,-8.57624817,-0.74393880,-0.07765000,0.13136065,-1.57349098,-0.10780402
shaking,gait,exp11,motion04_shaking,motion04,seg5,40.0,26.674999,31.74915314,17.38894463,0.75820786,0.55327761,-2.56301808,-5.09050131,-30.39186478,-15.17571449,-8.81896782,6.79410934,-0.01887500,0.54245949,-0.71065098,0.10519573,-0.26362500,-0.02806579
shaking,gait,exp11,motion04_shaking,motion04,seg5,40.0,26.700001,20.91314697,11.11564159,9.98489475,2.25006413,-1.03236496,-3.27268934,-20.13322258,-8.55083752,-5.56302595,6.30318737,9.93803692,2.22413683,0.00880600,0.31755573,0.96616000,0.12313841
shaking,gait,exp11,motion04_shaking,motion04,seg5,40.0,26.725000,7.77583933,7.68390799,14.79273987,2.84931374,-3.41127992,-3.89612365,-5.68742323,-1.71206260,-4.05956507,6.39777374,14.74552155,2.84313989,0.52004403,0.15271139,1.06033504,0.10873516
shaking,gait,exp11,motion04_shaking,motion04,seg5,40.0,26.750000,14.49230385,8.99904442,14.01410103,2.62376904,-6.77427101,-5.71972799,12.79093933,3.85306191,-0.72663701,5.78112602,14.00676537,2.61193347,-0.01800100,-0.20741127,0.45304400,-0.13765104
shaking,gait,exp11,motion04_shaking,motion04,seg5,40.0,26.775000,23.42045784,9.83189392,4.68883705,2.27903843,-7.60322285,-6.50641394,20.21046066,4.09004021,9.06896496,6.13223362,4.60377789,2.01869130,0.03662800,-0.85618854,-0.88830203,-0.62116212
shaking,gait,exp11,motion04_shaking,motion04,seg5,40.0,26.799999,15.65808201,8.86105156,6.80013847,2.25930023,-8.62144566,-5.10864353,10.21432590,-2.18628740,8.15559769,6.90218449,-6.47498798,1.20285857,-1.96312594,-1.67764080,-0.68011200,-0.91819942
shaking,gait,exp11,motion04_shaking,motion04,seg5,40.0,26.825001,9.75563049,14.03745556,13.47959328,1.83713698,-2.05619097,-4.99416256,-9.53179932,-9.43612957,-0.29865199,9.11416340,-12.98991871,0.57914746,-2.91172504,-1.52827013,-2.11737800,-0.83907741
shaking,gait,exp11,motion04_shaking,motion04,seg5,40.0,26.850000,25.34693909,17.04009819,10.56253338,1.00118065,3.88509393,-0.25768360,-24.96849251,-13.33047581,-1.98689198,10.61116982,-10.37412739,-0.43595913,-0.81127298,-0.56462097,-1.81284904,-0.70249945
shaking,gait,exp11,motion04_shaking,motion04,seg5,40.0,26.875000,31.83033180,21.40966225,3.47830606,1.11145818,6.06518316,2.73871684,-30.94227219,-16.59583855,-4.35423613,13.24580002,-3.47787690,-0.88471198,-0.01934900,0.19594376,0.05109200,-0.64360714
shaking,gait,exp11,motion04_shaking,motion04,seg5,40.0,26.900000,25.36258125,19.33333015,3.70618916,1.61928701,3.78431106,0.69713557,-24.95986366,-14.90306282,-2.43819189,12.29594803,3.33877707,-1.43094456,1.57804298,0.38391387,-0.31334701,-0.65352744
shaking,gait,exp11,motion04_shaking,motion04,seg5,40.0,26.924999,13.93023872,14.26624012,5.63725948,2.60183358,-0.61321402,-0.04707622,-13.91029930,-10.84420872,0.42317200,9.26965714,5.42629004,-2.47032475,1.49444795,0.42284128,0.31732801,-0.69874138
shaking,gait,exp11,motion04_shaking,motion04,seg5,40.0,26.950001,7.26691198,9.11892319,4.34411144,1.48717105,-2.59812903,-1.08011389,-6.67877197,-5.97699594,1.20488203,6.80173731,4.33773518,-1.45992255,-0.17395000,-0.16747166,-0.15843301,-0.22859825
shaking,gait,exp11,motion04_shaking,motion04,seg5,40.0,26.975000,4.92705154,6.92064381,2.42771769,1.32300496,-2.40265203,-2.69169021,-2.37755394,-1.90968549,3.58473706,6.08302689,2.19871402,0.33712381,-1.02928400,-1.12949550,-0.00665600,0.60077417
shaking,gait,exp11,motion04_shaking,motion04,seg5,40.0,27.000000,6.42933893,7.30634689,3.04143405,2.70487952,-4.64283800,-3.03602552,-2.49483299,2.24143291,3.68188310,6.25629520,2.13179111,1.48854005,-1.71157396,-1.91760874,1.33278000,1.19306278
shaking,gait,exp11,motion04_shaking,motion04,seg5,40.0,27.025000,5.97200251,8.34397030,6.47237968,3.01659107,-3.59685111,-1.55215812,1.83150196,5.30202198,4.40148592,6.25309515,5.56753588,1.57985318,-3.29387903,-2.39829540,0.21120200,0.92307389
shaking,gait,exp11,motion04_shaking,motion04,seg5,40.0,27.049999,13.48211765,5.49655199,5.87975836,2.48413134,2.10157394,-0.17869577,10.47397423,1.09316027,8.22476292,5.38378620,4.90398502,0.96223265,-3.20486093,-2.28617072,-0.50135797,0.13579312
shaking,gait,exp11,motion04_shaking,motion04,seg5,40.0,27.075001,12.47793484,10.70531464,5.71457863,1.45789552,3.40839791,0.51571959,5.21384096,-8.57259750,10.81191730,6.39127207,-5.58323193,-0.01776833,-1.19026005,-1.44850624,-0.25924999,-0.16423599
shaking,gait,exp11,motion04_shaking,motion04,seg5,40.0,27.100000,13.92898464,23.22438049,14.39029312,1.64769220,3.48523092,3.17606592,-13.41353607,-20.27655602,-1.39528596,10.86948681,-14.33397293,-1.53643787,-1.13033199,-0.33484077,-0.58318400,-0.49206740
shaking,gait,exp11,motion04_shaking,motion04,seg5,40.0,27.125000,35.29181671,25.97274590,16.87858963,2.56239963,9.78819942,3.15317655,-30.19415855,-22.73070908,-15.42777348,12.16371346,-16.78744888,-2.48351192,-1.02480102,0.51571339,-1.42060304,-0.36345547
shaking,gait,exp11,motion04_shaking,motion04,seg5,40.0,27.150000,43.34186554,17.28001595,5.50183678,2.08030343,4.89564323,0.58041340,-40.03345108,-15.42731190,-15.87050343,7.76274014,-4.27196884,-1.86423635,2.31192493,0.87474859,2.58369708,0.29512703
shaking,gait,exp11,motion04_shaking,motion04,seg5,40.0,27.174999,24.42228699,8.09751415,12.46294212,1.76857436,-3.55819988,0.16577415,-22.84683418,-5.98691797,-7.86189985,5.44968557,12.23958969,-0.56464118,0.83031601,1.03977418,2.19725895,1.31449807
shaking,gait,exp11,motion04_shaking,motion04,seg5,40.0,27.200001,8.93080807,5.27310085,18.35420036,3.06955385,2.13862705,1.81593001,-2.81066895,2.25496483,-8.20278931,4.40716743,18.00608063,1.69044220,-2.35129905,1.06041181,2.67004395,2.33240056
shaking,gait,exp11,motion04_shaking,motion04,seg5,40.0,27.225000,21.63514328,6.73922539,15.61108303,5.09855700,12.41784382,4.41337347,17.65974236,4.07375050,1.41778398,3.05677104,15.45849609,3.82652116,0.08362700,1.55986631,2.17573404,2.98660970
shaking,gait,exp11,motion04_shaking,motion04,seg5,40.0,27.250000,23.98020172,5.33584547,6.61219501,5.17358971,9.18388271,3.78345704,20.39432526,1.95959604,8.64741898,3.21195936,3.96670198,3.70338249,4.94310522,2.67813969,1.88470399,2.42457366
shaking,gait,exp11,motion04_shaking,motion04,seg5,40.0,27.275000,11.45696259,9.75085831,9.56878853,3.37993264,-4.17396116,-5.07820988,10.56536770,-7.83424425,1.48763001,2.81347537,-7.19294310,1.45022130,5.93125582,2.95657730,2.15487599,0.76121837
shaking,gait,exp11,motion04_shaking,motion04,seg5,40.0,27.299999,18.15399742,23.36428642,16.98120499,2.84598565,-12.00075912,-11.27670097,-8.65282536,-19.55992508,-10.52036190,6.01125956,-16.29446983,-1.02731478,4.73450184,2.49715137,-0.66037101,-0.89916259
shaking,gait,exp11,motion04_shaking,motion04,seg5,40.0,27.325001,34.62833023,21.95133972,16.63478470,3.49108005,-8.64749908,-9.21708775,-27.75079918,-18.70260429,-18.82113647,6.86434364,-16.31627274,-2.15394926,2.47777605,2.42622495,-2.08708906,-1.28902054
shaking,gait,exp11,motion04_shaking,motion04,seg5,40.0,27.350000,37.11686325,12.14515400,1.38377607,2.59888530,-3.97913909,-4.66242123,-34.26142883,-10.10079288,-13.71067619,4.87243128,-1.24567497,-1.63115931,0.48635900,1.91880488,0.35578799,-0.64164799
shaking,gait,exp11,motion04_shaking,motion04,seg5,40.0,27.375000,17.73047829,4.21253824,13.87575245,1.58222222,-0.40394801,-0.05498690,-16.42219543,-0.30581239,-6.67219210,4.20106363,13.69691181,-0.04436921,-0.43312401,1.41937602,2.17796111,0.69773221
shaking,gait,exp11,motion04_shaking,motion04,seg5,40.0,27.400000,11.63376713,6.68803644,19.30741119,3.02250600,3.69372296,1.72677267,4.90339804,4.52729988,-9.88218784,4.60995054,19.16911507,2.21729374,-1.23446095,0.89403635,1.94865096,1.84928334
shaking,gait,exp11,motion04_shaking,motion04,seg5,40.0,27.424999,23.39603806,5.21884108,12.10235691,4.48935652,6.67636681,2.26915479,21.98877716,3.07072210,4.39253807,3.55779505,11.94431782,3.83551884,1.18293703,0.62646109,1.54950798,2.24736857
shaking,gait,exp11,motion04_shaking,motion04,seg5,40.0,27.450001,19.44706154,4.41508865,3.52711177,3.79078794,-0.15902799,-0.66154343,17.18803978,-1.43761063,9.09583282,4.12172842,-1.30113900,3.50902152,2.65269804,0.56006831,1.92632997,1.32028925
shaking,gait,exp11,motion04_shaking,motion04,seg5,40.0,27.475000,6.87536907,13.01476860,11.03682232,1.79313898,-6.81755686,-4.48773766,0.87906998,-10.43552685,-0.13733800,6.35170746,-10.93426800,1.77731276,1.44366896,0.21217753,0.41115701,0.10717810
shaking,gait,exp11,motion04_shaking,motion04,seg5,40.0,27.500000,20.40247726,20.04590607,13.92547703,0.92627823,-3.90852499,-3.71786070,-18.90621567,-17.02109718,-6.59845018,9.91454315,-13.81220627,-0.49152508,-0.34205300,-0.10872485,-1.73921001,-0.77754313
shaking,gait,exp11,motion04_shaking,motion04,seg5,40.0,27.525000,31.04032898,19.01918602,9.45622826,2.20747852,2.73611498,-1.17020321,-29.39330864,-16.29447937,-9.59422207,9.73909378,-9.11476612,-1.98207819,-0.88185400,-0.05049082,-2.35873389,-0.97045231
shaking,gait,exp11,motion04_shaking,motion04,seg5,40.0,27.549999,28.42069626,12.15579224,2.31569481,1.92994606,2.46420097,-1.51304901,-27.50364685,-9.74283791,-6.72407722,7.10992861,1.96318996,-1.88000107,1.17233503,-0.05663074,0.36600399,-0.43252835
shaking,gait,exp11,motion04_shaking,motion04,seg5,40.0,27.575001,13.68541336,4.35217190,11.00304222,0.79750407,-3.27024293,0.24018912,-13.07640362,-0.78991985,-2.36721992,4.27314138,10.92372799,-0.66641378,0.70528799,-0.02084086,1.11430895,0.43757409
shaking,gait,exp11,motion04_shaking,motion04,seg5,40.0,27.600000,8.30389118,9.10037231,16.75348854,1.75485826,-0.81564200,0.04499340,5.85572720,8.46082211,-5.83093405,3.35100627,16.54782295,1.50848460,-2.18912411,0.15780748,1.43410897,0.88266557
shaking,gait,exp11,motion04_shaking,motion04,seg5,40.0,27.625000,26.55818367,12.37560749,14.86023617,2.93774533,3.32944107,-1.09645522,26.26239204,12.00983620,-2.13042402,2.77800226,14.82142162,2.87511039,0.95246500,0.41430828,-0.49483901,0.43867511
shaking,gait,exp11,motion04_shaking,motion04,seg5,40.0,27.650000,29.48289490,6.36214399,4.31651258,2.06347418,-5.22691822,-3.15170717,27.35923576,3.69867158,9.66398811,4.10651255,3.10005999,1.93358636,2.96219492,0.45947644,-0.49730200,-0.55502343
shaking,gait,exp11,motion04_shaking,motion04,seg5,40.0,27.674999,21.07030296,19.40245628,16.47390747,1.02841711,-9.07634926,-6.58463669,11.90941429,-14.98592472,14.82374477,10.41728973,-16.42026138,-0.11998375,0.26530200,0.65050954,-1.30165505,-0.78745353
shaking,gait,exp11,motion04_shaking,motion04,seg5,40.0,27.700001,30.10479927,27.41499519,29.79340744,3.53481722,-0.18377300,-7.43786764,-13.35106087,-21.08005524,-26.98174095,15.87108326,-29.74315262,-3.00111413,-0.43067300,1.66761267,-1.67525005,-0.84101909
shaking,gait,exp11,motion04_shaking,motion04,seg5,40.0,27.725000,50.66089249,19.94609642,21.53857040,5.84837532,-0.27320501,-5.52022457,-43.14848328,-15.44111347,-26.54542923,11.35543442,-21.29070854,-5.37456560,3.25490594,1.75576401,0.14592201,-1.49493575
shaking,gait,exp11,motion04_shaking,motion04,seg5,40.0,27.750000,37.94919586,7.66033554,7.93142605,4.50965929,-5.17438078,-2.04910517,-35.87750626,-5.00978613,-11.23262310,5.42069674,7.58654022,-4.13106537,2.04339290,1.40470779,1.08465195,-1.13935208
shaking,gait,exp11,motion04_shaking,motion04,seg5,40.0,27.775000,14.67162609,6.99131727,22.20802498,1.35644865,-2.34136796,-1.71951008,-7.48300314,6.50927019,-12.40077686,1.88446414,22.14508247,-0.27286845,-0.13480601,1.30015469,1.66538894,-0.27403194
shaking,gait,exp11,motion04_shaking,motion04,seg5,40.0,27.799999,30.08957481,8.90265656,25.12872314,3.17892885,-1.21043599,-3.48602653,22.90140915,7.89193583,-19.47929192,2.19596481,25.10893250,2.98310947,0.95831400,1.09459519,0.27543199,0.09224482
shaking,gait,exp11,motion04_shaking,motion04,seg5,40.0,27.825001,32.81185532,7.03311872,10.94667625,4.12467289,-5.48461390,-4.47130871,31.76540184,4.93539810,6.12340117,2.26141596,10.58806896,4.11404514,2.70621109,0.29118180,-0.63161200,0.05265913
shaking,gait,exp11,motion04_shaking,motion04,seg5,40.0,27.850000,23.07929611,12.48943996,10.54632378,3.46128988,-11.46978283,-9.67498970,17.62509346,-6.99380112,9.51073170,3.66980028,-10.50492859,3.40378571,0.63870102,-0.62812912,0.68079501,-0.01496722
shaking,gait,exp11,motion04_shaking,motion04,seg5,40.0,27.875000,19.66097260,20.28307724,23.32033539,0.94781703,-11.37939453,-9.86109924,-4.92043114,-15.07401943,-15.25950718,9.32394218,-23.23684692,0.45122543,-1.11355495,-0.63374048,-1.62695098,-0.54141086
shaking,gait,exp11,motion04_shaking,motion04,seg5,40.0,27.900000,32.08071518,17.49293709,18.53654289,4.48301697,-0.15418901,-8.27195740,-28.11462212,-12.90950966,-15.45045185,8.42152977,-17.93920135,-3.96756601,-0.63310599,0.03941166,-4.62467909,-2.08669829
shaking,gait,exp11,motion04_shaking,motion04,seg5,40.0,27.924999,30.32890892,15.13646126,4.21968699,7.31373501,0.42823201,-6.34900522,-29.19510460,-10.42471886,-8.20397186,8.95141506,-1.85709703,-6.47449017,3.52623010,0.07443796,-1.38659704,-3.40090513
shaking,gait,exp11,motion04_shaking,motion04,seg5,40.0,27.950001,19.57415771,10.90421581,7.06895161,5.03676891,-8.39503479,-4.20894861,-15.54151344,-9.40440369,-8.43400097,3.56985497,6.19002485,-4.35798645,3.07466507,-0.53401804,-1.48327506,-2.46816158
shaking,gait,exp11,motion04_shaking,motion04,seg5,40.0,27.975000,13.73664093,14.44340134,3.61561871,1.10604966,-9.30014706,-6.92374849,-9.59945011,-12.11858463,-3.17066598,3.71664715,3.40451002,0.66996920,-1.10605204,-0.86134595,-0.50858498,-0.18047227
shaking,gait,exp11,motion04_shaking,motion04,seg5,40.0,28.000000,17.15522766,18.44036674,3.10286188,3.78375959,-6.34572697,-8.49875164,-15.38827324,-14.77072716,-4.15145922,7.04584742,-1.64471698,3.32951999,-2.49603009,-1.21539128,0.83216000,1.32437086
shaking,gait,exp11,motion04_shaking,motion04,seg5,40.0,28.025000,22.16680908,13.04738045,1.70645249,4.32062006,-5.48966980,-7.35258961,-21.34104919,-8.29968739,-2.40635991,6.87668133,1.19557905,3.79160833,-1.16312301,-1.16232264,0.36016101,1.71477962
shaking,gait,exp11,motion04_shaking,motion04,seg5,40.0,28.049999,13.24221897,7.54903889,12.69222164,2.06548023,-5.68647480,-4.48779964,-11.95911217,1.85448480,0.00031700,5.78001118,12.42545891,1.81375420,-1.71596396,-0.76564997,1.93801796,0.62472749
shaking,gait,exp11,motion04_shaking,motion04,seg5,40.0,28.075001,16.82030106,8.27086353,18.70226288,1.90506148,-5.12187576,-5.24670124,13.21641254,3.89896178,-9.05623341,5.06728745,18.54299545,-1.48861277,-2.17763805,-0.31012991,-1.09080195,-1.14765429
shaking,gait,exp11,motion04_shaking,motion04,seg5,40.0,28.100000,32.21810913,15.42611408,5.71403980,4.24165821,-5.45077801,-9.52241802,23.48581123,-8.06098747,21.37082481,9.07243156,4.66312218,-3.70676303,1.22898901,-0.27059376,-3.06514692,-2.04410172
shaking,gait,exp11,motion04_shaking,motion04,seg5,40.0,28.125000,23.41686821,28.40145111,22.37060356,5.02061558,-13.11243534,-8.67780018,13.67756557,-23.63613319,13.76001167,13.14045048,-22.28365898,-4.53171110,-0.14489099,-0.32583869,-1.96504998,-2.13635349
shaking,gait,exp11,motion04_shaking,motion04,seg5,40.0,28.150000,62.13685989,23.70417786,35.87825775,1.30218434,-0.41488400,-5.25755119,-13.05993080,-22.73100281,-60.74747467,4.18900013,-35.09251785,-1.20976353,-5.06749105,-0.11436576,-5.48498106,-0.46805641
shaking,gait,exp11,motion04_shaking,motion04,seg5,40.0,28.174999,77.55034637,13.50938225,16.23084259,2.00268602,6.73008585,-3.89911461,-69.20512390,-12.03928089,-34.34259033,4.72821522,-16.15563583,1.88121903,-1.49191999,0.29196018,-0.45809200,0.62171161
shaking,gait,exp11,motion04_shaking,motion04,seg5,40.0,28.200001,33.81178284,8.44463921,30.62593651,3.05866504,1.48737001,-5.28553057,-22.73549843,-1.73411429,-24.98242188,6.35357714,30.20028114,2.92201519,3.14033699,0.51455534,4.00366211,0.74329782
shaking,gait,exp11,motion04_shaking,motion04,seg5,40.0,28.225000,39.96867752,9.60976791,34.79951096,3.21530724,-8.37795639,-6.45282841,11.08168602,-0.24965477,-37.47667694,7.11662292,34.45700073,3.18457532,2.29926801,0.06723506,4.29353905,0.43836141
shaking,gait,exp11,motion04_shaking,motion04,seg5,40.0,28.250000,34.06687164,8.89033794,23.83756638,2.98315549,-8.04295063,-6.38079929,32.87924957,0.27704236,-3.84935808,6.18439674,23.77319145,2.91925740,-1.68425798,-0.52526408,0.47769901,0.31819722
shaking,gait,exp11,motion04_shaking,motion04,seg5,40.0,28.275000,36.36723709,11.79338837,1.54593956,1.69085157,-4.45303488,-8.53351784,30.36490440,-2.86111856,19.51202583,7.62083292,1.42214203,1.47187436,-0.14102200,-0.79291856,0.58953702,-0.25267586
shaking,gait,exp11,motion04_shaking,motion04,seg5,40.0,28.299999,20.19755173,14.89042091,18.48906136,1.10050130,-11.65590191,-8.78564930,15.24016094,-9.07415199,6.31019020,7.88649368,-18.41085434,0.01711239,1.10449100,-0.96922094,-1.29070103,-0.52098089
shaking,gait,exp11,motion04_shaking,motion04,seg5,40.0,28.325001,28.91339302,16.54285431,27.64078712,1.79226232,-8.95878792,-5.69741488,-5.46725702,-13.71264553,-26.94129753,7.29169750,-27.18180275,-1.22698343,-3.78726006,-1.09340262,-3.28928590,-0.71497315
shaking,gait,exp11,motion04_shaking,motion04,seg5,40.0,28.350000,41.16076660,13.86477757,21.15011597,1.72959042,6.68372107,-2.43046355,-31.01928520,-12.58686066,-26.21717834,5.28165150,-20.25745201,-1.01258254,-4.22675180,-1.37807727,-4.37008619,-0.25896481
shaking,gait,exp11,motion04_shaking,motion04,seg5,40.0,28.375000,43.46323013,10.65705872,2.34924340,2.06856418,6.15254593,0.97075826,-39.66194534,-10.19057274,-16.67718124,2.96357250,2.25908494,1.49907970,0.22598800,-1.09659338,0.60366303,0.91060430
shaking,gait,exp11,motion04_shaking,motion04,seg5,40.0,28.400000,22.63279724,6.54822445,20.82645226,2.87844443,1.24347198,1.48321462,-17.28240776,-4.93330431,-14.56075573,4.04250240,20.71237755,2.51358509,-0.01664600,-0.41850322,2.17675710,1.33872581
shaking,gait,exp11,motion04_shaking,motion04,seg5,40.0,28.424999,17.15113831,5.96487236,23.64361382,2.63699698,2.85200191,0.23954667,3.21539593,-2.74786925,-16.60387993,5.28881216,23.58937073,2.26716638,-0.77507401,0.01083418,1.40043294,1.34669662
shaking,gait,exp11,motion04_shaking,motion04,seg5,40.0,28.450001,21.29301643,5.79386091,14.70183086,2.44760084,2.32704711,-1.25403762,20.67248726,-0.51622486,4.54154491,5.63291454,14.58700466,1.90866411,1.36060798,0.01324171,1.22959006,1.53217995
shaking,gait,exp11,motion04_shaking,motion04,seg5,40.0,28.475000,23.60057259,6.81479311,2.21447921,1.18267071,-4.56663179,-2.75623822,19.37347031,-0.84664094,12.68075562,6.17476797,-0.10795000,0.68151873,1.75966895,0.02520982,1.34008598,0.96623331
shaking,gait,exp11,motion04_shaking,motion04,seg5,40.0,28.500000,13.44899750,11.95184898,12.75767231,1.01231825,-7.34041691,-5.15099192,9.31240654,-7.79670048,6.34609318,7.45153952,-12.75678539,-0.97345001,-0.14432500,-0.07930356,-0.04234900,0.26625985
shaking,gait,exp11,motion04_shaking,motion04,seg5,40.0,28.525000,18.57160759,19.64523315,20.39130783,2.15038943,-5.20589113,-8.25654221,-9.86217880,-14.58671951,-14.85061359,10.24657440,-20.35388947,-2.00623274,-0.84127599,-0.76982868,-0.90382999,-0.08104793
shaking,gait,exp11,motion04_shaking,motion04,seg5,40.0,28.549999,32.68341827,17.35299492,16.12457848,3.12881517,-6.09692717,-7.36827755,-27.37265396,-13.10301971,-16.78604126,8.66866684,-15.90257835,-2.40142059,0.05361300,-1.99688840,-2.66592908,-0.18735047
shaking,gait,exp11,motion04_shaking,motion04,seg5,40.0,28.575001,36.12014008,10.85363388,4.26320839,3.06769729,-6.26598978,-3.55391383,-33.29270935,-8.39333820,-12.52986336,5.89261627,-0.88933402,0.23511508,-2.99219298,-2.88944483,-2.90358591,1.00329292
shaking,gait,exp11,motion04_shaking,motion04,seg5,40.0,28.600000,20.98496056,6.77436686,16.32301140,5.17369747,0.32033199,-1.63681841,-19.11983490,-2.91886115,-8.64279556,5.89008665,15.53910923,3.46763563,-4.99698782,-3.37984037,-0.08282400,1.82190263
shaking,gait,exp11,motion04_shaking,motion04,seg5,40.0,28.625000,13.65330029,5.26569557,22.81062889,5.60141420,2.57255292,0.07099894,-1.31685102,-0.17717853,-13.34393024,5.26223516,22.42209816,4.26690435,-4.18117380,-3.21796632,0.30339599,1.67751586
shaking,gait,exp11,motion04_shaking,motion04,seg5,40.0,28.650000,19.65949440,3.84416604,18.89819527,4.89001465,5.87120914,1.51284671,18.52448463,-0.35367808,-2.97792912,3.51622224,18.64364815,3.93150806,-2.95697093,-2.53955030,0.90138602,1.41639340
shaking,gait,exp11,motion04_shaking,motion04,seg5,40.0,28.674999,25.25084305,5.85966682,5.54156065,2.52794480,5.85478401,3.21417427,21.67629242,2.71901226,11.55270290,4.07575130,5.38930416,1.80556870,-0.73323399,-1.28167427,1.06144500,1.21972835
shaking,gait,exp11,motion04_shaking,motion04,seg5,40.0,28.700001,18.37425232,7.04372883,6.20739794,1.44510686,3.01408100,3.12246871,15.99164295,2.90958452,8.53204727,5.60344696,-6.06537199,-1.16955626,0.33083600,-0.25916097,1.27812302,0.80827445
shaking,gait,exp11,motion04_shaking,motion04,seg5,40.0,28.725000,7.33781767,7.31055880,12.13390923,3.01207256,0.14619900,0.92517209,6.79759979,-1.11153483,2.75949907,7.16608763,-12.12566280,-2.99396682,0.24447601,-0.10358069,0.37456200,0.31307292
shaking,gait,exp11,motion04_shaking,motion04,seg5,40.0,28.750000,7.98384333,10.80182838,13.53134632,3.18070054,-1.89361405,-1.77811778,-7.22456121,-6.19311333,-2.82164693,8.66966724,-13.52408504,-3.08194518,-0.43860900,-0.78478211,0.06372900,-0.05086463
shaking,gait,exp11,motion04_shaking,motion04,seg5,40.0,28.775000,21.23761177,14.84220505,10.82796001,1.89445043,-2.77430391,-2.11467886,-20.08025742,-11.98759174,-6.33424520,8.49216175,-10.68063068,-0.53494877,-1.00302601,-1.79832375,-1.47064102,0.26230523
shaking,gait,exp11,motion04_shaking,motion04,seg5,40.0,28.799999,28.94396591,17.76921654,6.18031168,3.51676297,0.04663000,1.68728697,-27.62505150,-15.84903812,-8.63756275,7.85532522,-4.71833801,2.35208035,-3.66920805,-2.46392465,-1.57176697,0.87430805
shaking,gait,exp11,motion04_shaking,motion04,seg5,40.0,28.825001,28.93327141,14.59705734,7.38684320,3.94533610,8.62709522,4.44015217,-26.48736191,-12.63206863,-7.81837893,5.81291628,5.62109089,3.22785354,-4.40931416,-1.98577535,-1.87796199,1.09696591
shaking,gait,exp11,motion04_shaking,motion04,seg5,40.0,28.850000,18.11833763,8.81598854,13.51033592,2.97762656,10.95923710,3.49640489,-13.71919632,-6.56517363,-4.46687317,4.73236752,13.50324726,2.73445058,-0.29470900,-0.74823076,-0.32347000,0.91059864
shaking,gait,exp11,motion04_shaking,motion04,seg5,40.0,28.875000,6.11337757,5.14425802,16.49587250,1.87327862,4.31417990,1.16357362,0.83407599,0.20223175,-4.25035906,5.00685406,16.09973145,1.77323329,3.01974010,0.32556608,1.94771695,0.50874656
shaking,gait,exp11,motion04_shaking,motion04,seg5,40.0,28.900000,18.63364601,6.48520279,12.62941933,1.21828341,-4.19064903,1.72252262,17.84418869,4.69361496,3.35203290,4.13046598,12.43197346,0.68682057,2.21585202,1.00178158,0.19559400,0.09447519
shaking,gait,exp11,motion04_shaking,motion04,seg5,40.0,28.924999,23.81231117,7.67433167,2.33768797,1.72279906,1.46802700,2.27788854,21.65380478,5.73179531,9.79712963,4.56652069,2.04380989,-0.71704262,-0.46175301,1.56119430,-1.03653800,-0.12868159
shaking,gait,exp11,motion04_shaking,motion04,seg5,40.0,28.950001,17.80321312,6.32481623,9.46774387,2.71774960,5.31412697,0.58867067,14.97253704,0.24243784,8.03352928,6.29269361,-9.31867409,-2.15668035,1.66867495,1.64322627,0.12651300,-0.18628094
shaking,gait,exp11,motion04_shaking,motion04,seg5,40.0,28.975000,2.83642364,11.25710106,17.34877968,3.49394131,-0.73789698,-0.13344276,0.79733098,-7.90752888,-2.62012792,8.01096153,-17.13992691,-2.99142671,2.64189696,1.78224909,0.47268999,-0.28736776
shaking,gait,exp11,motion04_shaking,motion04,seg5,40.0,29.000000,21.03953934,15.03355789,17.10168648,2.55978870,-0.82316297,-1.58521390,-18.34295845,-12.37108231,-10.27231789,8.39352703,-17.04309654,-1.86737585,1.30121398,1.66820645,-0.55442101,-0.53151941
shaking,gait,exp11,motion04_shaking,motion04,seg5,40.0,29.025000,30.52490044,13.69754982,7.96339655,1.45812452,-0.01556800,-2.74785829,-29.61155891,-10.14029408,-7.41113520,8.78900242,-7.74350023,0.78906083,1.82957494,1.02257884,-0.32641000,-0.67664051
shaking,gait,exp11,motion04_shaking,motion04,seg5,40.0,29.049999,26.29471779,11.07010460,7.77822685,2.24607348,-2.76155305,-1.15928733,-25.78824615,-6.50848341,-4.33040285,8.87935352,7.60287809,2.01221347,1.36944604,0.37172878,0.90646201,-0.92609996
shaking,gait,exp11,motion04_shaking,motion04,seg5,40.0,29.075001,11.32438946,7.21623993,15.69540215,2.48292589,-0.70982599,1.55457962,-10.54771614,-2.86737657,-4.06000423,6.43704557,15.67620659,2.24179125,-0.46952400,0.28906965,-0.61784798,-1.02748799
shaking,gait,exp11,motion04_shaking,motion04,seg5,40.0,29.100000,10.37093067,4.51424551,16.93108940,1.95637739,5.59077692,2.69373584,6.88760614,0.85617512,-5.37217712,3.51982474,16.90040207,1.38064277,-0.17486501,0.92574412,-1.00379801,-1.03161812
shaking,gait,exp11,motion04_shaking,motion04,seg5,40.0,29.125000,22.04488182,4.48238420,8.18944359,2.19050002,4.79315901,3.43441200,19.60065079,1.26466262,8.87788868,2.58789706,7.39525986,-0.37690657,3.00482011,1.91761029,-1.82980096,-0.98944563
shaking,gait,exp11,motion04_shaking,motion04,seg5,40.0,29.150000,19.93481827,5.69189835,7.75145769,3.77923465,2.37343097,2.51114011,16.05707932,-2.84951043,11.57298660,4.23935986,-7.32217121,-2.18163943,2.41213489,2.95221758,-0.80778199,-0.89859605
shaking,gait,exp11,motion04_shaking,motion04,seg5,40.0,29.174999,6.23026371,9.51557541,17.09836578,4.80804682,5.22341108,-0.64682347,2.21466994,-6.39431190,-2.57437396,7.01716280,-16.85016060,-3.05871058,2.87277794,3.56725407,-0.41633999,-1.01798940
shaking,gait,exp11,motion04_shaking,motion04,seg5,40.0,29.200001,19.29184914,11.95441628,16.37337875,3.99616551,0.28603700,-4.20499897,-16.19953918,-8.24467945,-10.47227478,7.56645966,-15.27433586,-2.18680644,5.80541706,3.17299604,1.03891802,-1.05797601
shaking,gait,exp11,motion04_shaking,motion04,seg5,40.0,29.225000,27.84277534,14.70859146,8.83588123,2.48336744,-10.11933994,-6.38995600,-25.06047058,-9.74687862,-6.69267797,8.97270679,-7.03128290,-0.53930455,5.21341515,2.31420684,1.20588803,-0.72160351
shaking,gait,exp11,motion04_shaking,motion04,seg5,40.0,29.250000,26.53651428,14.56452656,3.25701284,1.56729317,-11.61712360,-7.04070044,-23.37023354,-8.95981979,-4.80220699,9.07059002,3.13409901,0.60555118,0.54491198,1.39504278,0.69901901,-0.37890810
shaking,gait,exp11,motion04_shaking,motion04,seg5,40.0,29.275000,14.53633022,12.59235954,8.85966396,1.30104125,-4.91800117,-5.67043638,-13.57109928,-7.58344316,-1.71564198,8.30090714,8.71091747,0.96172386,-1.54438400,0.84845966,0.47795600,-0.21888752
shaking,gait,exp11,motion04_shaking,motion04,seg5,40.0,29.299999,6.73743773,11.50823116,8.60931301,1.13380086,-1.70088995,-5.34874773,-5.59024096,-5.79237509,3.35399008,8.38323689,8.60930634,0.64013994,-0.00931100,0.86930627,0.00575900,-0.34645602
shaking,gait,exp11,motion04_shaking,motion04,seg5,40.0,29.325001,10.04776287,11.90664291,5.44064856,1.35916841,-4.76002979,-6.84108782,1.97895205,-3.55848408,8.62458134,9.07220173,4.88250303,-0.10989168,2.39485097,1.16985309,0.16282099,-0.68315905
shaking,gait,exp11,motion04_shaking,motion04,seg5,40.0,29.350000,14.88867092,12.55941391,2.89666486,1.73182476,-10.12188530,-7.00374317,3.15925288,-3.60377192,10.45174980,9.78260136,-1.96743798,-0.88810194,2.06533694,1.19080925,-0.50422001,-0.89020520
shaking,gait,exp11,motion04_shaking,motion04,seg5,40.0,29.375000,9.61483765,11.99317551,7.12315035,2.19499469,-6.41611385,-5.22660637,-4.66716099,-5.90736914,5.43103981,9.03448009,-6.95874119,-1.67377841,-0.17796101,1.03149998,-1.51113200,-0.97594810
shaking,gait,exp11,motion04_shaking,motion04,seg5,40.0,29.400000,13.59042931,12.08664989,7.03989315,1.57638872,-0.76038599,-5.09236479,-13.56326199,-7.18457413,0.39937100,8.27869701,-6.93925381,-1.20151138,0.51809603,0.72136199,-1.06697202,-0.72180933
shaking,gait,exp11,motion04_shaking,motion04,seg5,40.0,29.424999,18.40613937,11.10003471,3.38334870,0.37381589,-4.54278088,-5.69981718,-17.82782173,-5.95900822,-0.56376803,7.43055058,-2.44494295,0.16370568,2.26353192,0.28152409,0.58798498,-0.18352917
shaking,gait,exp11,motion04_shaking,motion04,seg5,40.0,29.450001,17.96121788,10.20491123,4.76555204,1.32076883,-10.55115032,-6.90406322,-14.47683144,-2.32909608,1.30381000,7.14488935,4.57115412,1.30745590,0.92828000,-0.05261819,0.97638702,0.17950134
shaking,gait,exp11,motion04_shaking,motion04,seg5,40.0,29.475000,11.23000622,10.75352383,9.39918232,1.63832545,-10.21294785,-8.17343712,-4.18951797,-0.14863248,2.06316710,6.98649406,9.27502155,1.62220764,-1.37262797,-0.21697287,0.65915298,0.07399601
shaking,gait,exp11,motion04_shaking,motion04,seg5,40.0,29.500000,11.28080940,11.77153587,7.00795794,1.77177632,-7.41596603,-8.06515408,4.87379694,-1.85220313,6.96463919,8.37207794,6.83015919,1.70687354,-1.56851399,-0.46840724,-0.01300100,0.07980264
shaking,gait,exp11,motion04_shaking,motion04,seg5,40.0,29.525000,14.06700611,14.12508774,2.36178088,0.73055893,-4.49802780,-5.59553957,3.76385808,-6.91151333,12.78599930,10.97447109,-2.23839688,0.47378463,-0.72727299,-0.55515134,-0.19662800,-0.03242673
shaking,gait,exp11,motion04_shaking,motion04,seg5,40.0,29.549999,10.71385670,14.81658745,9.44765472,1.10485899,-3.20284009,-4.64075375,-8.36682892,-9.50463581,5.87577391,10.37576771,-9.42957687,-1.07540071,-0.18309000,-0.00683547,-0.55473900,-0.25333771
shaking,gait,exp11,motion04_shaking,motion04,seg5,40.0,29.575001,19.30307198,10.51841354,7.94244099,0.88864303,-2.37708592,-6.70758772,-19.12653732,-5.93188238,-1.06472003,5.51888227,-7.72734022,-0.16806601,1.75238001,0.86676842,-0.54748899,-0.10076097
shaking,gait,exp11,motion04_shaking,motion04,seg5,40.0,29.600000,20.63853264,8.11464882,5.50011873,2.20987320,-7.86906004,-6.22761869,-19.07711983,1.35746646,0.30068901,5.02210760,4.20690203,1.78113639,2.88602996,1.30335784,2.05526495,-0.11113618
shaking,gait,exp11,motion04_shaking,motion04,seg5,40.0,29.625000,12.18032360,9.35754013,14.99392319,1.69890487,-11.21068573,-6.35936785,-2.36936808,2.26308608,-4.13121080,6.48077488,14.93798447,0.95069247,0.07540300,1.11131418,1.29175699,-0.86454755
shaking,gait,exp11,motion04_shaking,motion04,seg5,40.0,29.650000,18.83638573,13.91734409,9.85731506,1.17461467,-7.82626390,-10.39463711,15.24000645,-3.31465983,7.82950878,8.64042950,9.60675621,-0.21238297,-0.79075402,0.25253811,-2.06194091,-1.12731433
shaking,gait,exp11,motion04_shaking,motion04,seg5,40.0,29.674999,20.71550179,18.41106987,8.90321064,0.58211070,-9.90289211,-11.67610931,9.96429634,-7.87260866,15.22424221,11.85993290,-8.71785355,-0.14898215,1.77291405,-0.44016749,-0.35067099,-0.35058486
shaking,gait,exp11,motion04_shaking,motion04,seg5,40.0,29.700001,19.76520538,18.23579216,17.43347168,0.98912537,-14.64884758,-10.91183853,-11.36651230,-8.47853565,-6.84667921,11.89917374,-17.43306732,0.38297558,-0.02094400,-0.85422671,0.11680000,0.31936726
shaking,gait,exp11,motion04_shaking,motion04,seg5,40.0,29.725000,30.28591728,15.71329975,10.79160213,1.31782889,-9.54997158,-9.24773026,-28.06100082,-7.56502628,-6.21410322,10.20576572,-9.86985397,-0.02612313,-1.19076097,-1.29532182,-4.19842291,0.24110530
shaking,gait,exp11,motion04_shaking,motion04,seg5,40.0,29.750000,27.24495316,10.92575550,5.18412113,1.55615914,-4.63210392,-6.17863560,-26.54383278,-4.82431841,-4.03187895,7.61068583,4.62321901,0.66152483,-2.32588410,-1.26928127,0.30203199,0.61068916
shaking,gait,exp11,motion04_shaking,motion04,seg5,40.0,29.775000,13.93111610,9.79772663,13.69928646,2.27974296,-4.55232620,-5.95408583,-12.76310730,-2.88656545,-3.23348308,7.22579050,13.52831936,1.77273834,-1.61690903,-1.07169914,1.42850304,0.95188636
shaking,gait,exp11,motion04_shaking,motion04,seg5,40.0,29.799999,6.83555603,9.79768372,14.68817520,2.50611758,-6.59345579,-5.96767712,1.17414200,-1.96936429,-1.36841500,7.51685047,14.50102234,2.00254989,-1.83647501,-1.05444789,1.44574904,1.07636368
shaking,gait,exp11,motion04_shaking,motion04,seg5,40.0,29.825001,16.15510178,9.96188641,7.60926247,1.73008323,-4.08516788,-6.05108404,12.46236324,-0.61492115,9.43335724,7.88957787,7.14422178,0.95679724,-2.34060597,-1.00027657,1.17581403,1.03786993
shaking,gait,exp11,motion04_shaking,motion04,seg5,40.0,29.850000,16.30086517,10.17115307,3.34772086,1.19182467,-4.60937977,-7.00787449,11.20138454,-0.30914071,10.90874863,7.36522102,-3.31696296,-0.65764964,0.44002301,-0.83468604,0.10663400,0.53966868
shaking,gait,exp11,motion04_shaking,motion04,seg5,40.0,29.875000,10.98472023,9.79441738,8.93735218,1.29349458,-10.21138000,-6.63605642,-0.30842701,-1.62073040,4.03691292,7.01901770,-8.90419483,-0.97465068,-0.28836200,-0.75772703,0.71303701,0.38604927
shaking,gait,exp11,motion04_shaking,motion04,seg5,40.0,29.900000,14.05883884,11.22860146,8.39060783,1.03668642,-5.98786879,-4.86249304,-12.58662796,-5.51228189,1.83661699,8.48836899,-8.10282803,-0.32252038,-1.86129105,-0.74968624,-1.13228798,0.63927293
shaking,gait,exp11,motion04_shaking,motion04,seg5,40.0,29.924999,19.17053986,13.56074238,4.44021320,1.17886424,-0.71925497,-4.12419176,-19.02220345,-7.99879169,2.26892090,10.14416695,-4.18633604,0.21246494,-1.47940600,-0.64296579,0.03795200,0.96497381
shaking,gait,exp11,motion04_shaking,motion04,seg5,40.0,29.950001,19.82129860,11.85810947,2.02730775,1.60523665,-3.15842009,-3.97777414,-19.39342880,-5.86865091,2.60829592,9.50531483,1.38249505,0.84684020,0.01642100,-0.41834211,1.48270500,1.29793537
shaking,gait,exp11,motion04_shaking,motion04,seg5,40.0,29.975000,13.97086048,9.59269428,6.62052202,2.35476708,-4.97961903,-3.11490273,-12.70584106,-3.65375113,2.99164510,8.30465317,6.24918413,1.53714955,-1.15692306,-0.17755780,1.85486901,1.77498519
shaking,gait,exp11,motion04_shaking,motion04,seg5,40.0,30.000000,5.98337221,7.97726440,9.08011818,2.81010246,-1.97313797,-3.16424417,-4.94710302,-0.33514380,2.72646999,7.31518841,8.48727322,1.87904608,-2.25760794,-0.11133791,2.30606699,2.08649611
shaking,gait,exp11,motion04_shaking,motion04,seg5,40.0,30.025000,6.81015444,7.49580765,9.43583965,1.86213863,-0.05283000,-3.27671123,6.67746210,3.55552530,1.33675301,5.72787333,9.27867413,0.84963810,-0.55543298,-0.18537493,1.62258101,1.64660609
shaking,gait,exp11,motion04_shaking,motion04,seg5,40.0,30.049999,19.39862633,7.50538397,4.99105024,1.37707317,-3.63837600,-1.95525587,17.77983475,5.00655794,6.85174513,5.23852444,4.95207882,-1.21252120,0.43384701,-0.46230555,0.44640401,0.46086469
shaking,gait,exp11,motion04_shaking,motion04,seg5,40.0,30.075001,20.88177872,8.39407825,5.51912594,2.78797460,-5.10670614,-3.60728788,16.18155098,-0.33616477,12.17076874,7.57198906,-5.40880108,-2.69780874,-0.94584203,-0.59660971,-0.55767602,-0.37240753
shaking,gait,exp11,motion04_shaking,motion04,seg5,40.0,30.100000,5.45161438,17.59266853,16.83730125,2.96820474,-3.75000691,-5.67601204,0.72941899,-10.15253639,3.88915110,13.19889832,-16.79050255,-2.89961529,-0.88749200,-0.50121415,-0.88661599,-0.38891524
shaking,gait,exp11,motion04_shaking,motion04,seg5,40.0,30.125000,24.07485390,19.27629089,21.03428459,1.97220838,-2.35014296,-4.13636875,-20.26920509,-13.08847141,-12.77633572,13.53357983,-21.00535583,-1.80185604,-0.18273801,-0.69826472,-1.08753502,0.39414072
shaking,gait,exp11,motion04_shaking,motion04,seg5,40.0,30.150000,40.95608139,14.00734615,11.90213871,2.15786982,-4.51354313,-2.34428358,-38.24309921,-9.36170578,-13.94610977,10.15226746,-11.77321434,0.72901583,-1.38612604,-1.03572023,-1.06347299,1.74706089
shaking,gait,exp11,motion04_shaking,motion04,seg5,40.0,30.174999,33.31912994,9.29747200,11.64106655,4.01924944,-0.09788900,-1.24273705,-32.23949051,-3.40023208,-8.41249084,8.56370258,10.92026615,2.91493630,-4.00034618,-1.18291426,0.50936198,2.50164437
shaking,gait,exp11,motion04_shaking,motion04,seg5,40.0,30.200001,16.29415894,7.09650326,23.35398865,4.72819853,3.28360391,-1.29757667,-10.06967926,0.33459881,-12.38221073,6.96883726,23.05697441,3.81942654,-2.76884103,-1.04479349,2.47350097,2.58384418
shaking,gait,exp11,motion04_shaking,motion04,seg5,40.0,30.225000,20.81111908,7.39424133,25.03943634,3.59988260,3.65291595,-1.32581019,14.24933624,1.34867775,-14.72125340,7.14829350,24.87695312,2.79745650,-1.43065703,-0.62942541,2.46248794,2.17651439
shaking,gait,exp11,motion04_shaking,motion04,seg5,40.0,30.250000,30.52371407,10.09233475,13.92171383,1.21992469,0.17239100,-1.46939611,29.70277786,3.79758286,7.02939510,9.23441696,13.86274624,-0.16827054,1.15820503,-0.40552363,0.54491198,1.13817918
shaking,gait,exp11,motion04_shaking,motion04,seg5,40.0,30.275000,32.85142136,10.74046993,3.54760623,3.14806819,-5.68953991,-1.77353930,28.16043282,2.09376812,15.93220234,10.38404560,-3.45243001,-3.05108333,0.32737300,-0.76591945,0.74770600,0.12079217
shaking,gait,exp11,motion04_shaking,motion04,seg5,40.0,30.299999,18.37050056,10.56457138,17.75097084,3.21884918,-5.58337498,-1.45479858,16.27066612,-2.38840270,6.44721794,10.18770123,-17.53293991,-2.80932832,-2.68327689,-1.57091224,-0.70215303,-0.03000331
shaking,gait,exp11,motion04_shaking,motion04,seg5,40.0,30.325001,15.52653217,11.40737534,23.73841286,1.96498549,1.44492698,0.02345083,-2.76344895,-6.88537073,-15.21015263,9.09501648,-23.35772133,-0.09839839,-4.22574520,-1.92152488,-0.26865801,0.39903376
shaking,gait,exp11,motion04_shaking,motion04,seg5,40.0,30.350000,31.77899361,13.16261482,18.65125084,2.98090959,5.93816805,1.95189095,-28.32309341,-9.43018436,-13.13183117,8.97308064,-18.47826385,2.27379227,-2.40627503,-1.70893145,-0.79545599,0.89176482
shaking,gait,exp11,motion04_shaking,motion04,seg5,40.0,30.375000,41.30930328,9.66079617,1.15291357,3.50333691,5.02018976,3.51437569,-40.15388489,-5.42849731,-8.30191708,7.17715549,0.74235398,3.18193626,-0.73420298,-0.92101014,-0.48894399,1.14034641
shaking,gait,exp11,motion04_shaking,motion04,seg5,40.0,30.400000,20.40423012,5.49135065,20.98015976,2.79315424,5.06865406,2.97842121,-17.41967392,0.96330941,-9.33789539,4.51175928,20.90031815,2.55925632,-0.51016200,0.31624523,1.75600100,1.07326925
shaking,gait,exp11,motion04_shaking,motion04,seg5,40.0,30.424999,24.03365707,6.22870016,26.96198845,1.78277659,5.55825520,0.30922690,9.18761635,3.55666995,-21.50139999,5.10403585,26.89554787,0.67213100,1.57335496,1.50620031,1.05018306,0.67667788
shaking,gait,exp11,motion04_shaking,motion04,seg5,40.0,30.450001,30.77340889,6.68775749,19.62013245,2.35878539,-3.25693107,-1.44644904,30.60023880,3.15399742,0.14311500,5.71718359,18.90301514,-1.15967548,5.20959711,2.05297661,-0.69694901,0.06563699
shaking,gait,exp11,motion04_shaking,motion04,seg5,40.0,30.475000,38.08644485,7.15236092,1.83419335,3.14640927,-9.27821541,-2.27295613,33.11410904,1.99477375,16.36911011,6.48157501,-0.24131300,-2.12544584,1.67782104,2.20405626,-0.70067799,-0.72422940
shaking,gait,exp11,motion04_shaking,motion04,seg5,40.0,30.500000,20.17025375,7.42833948,17.83713150,3.24351215,-1.74273205,-2.54411364,19.83105087,-1.96808755,3.24522710,6.69584560,-17.38043213,-2.14538431,-1.25362206,2.00858951,-3.80949903,-1.37232113
shaking,gait,exp11,motion04_shaking,motion04,seg5,40.0,30.525000,18.65171814,8.16089439,23.94572067,2.71004176,6.52930021,-2.59752512,3.90635991,-3.62658834,-17.02924347,6.83380699,-23.91811180,-1.44753003,0.46520299,1.77453625,-1.05125296,-1.44913936
shaking,gait,exp11,motion04_shaking,motion04,seg5,40.0,30.549999,24.61653328,7.50802708,18.47784805,2.22147131,0.13353400,-1.93822551,-21.18467522,-4.27740765,-12.53656483,5.85811663,-17.94843864,-0.88105851,4.15537500,1.62584066,1.42029500,-1.23098040
shaking,gait,exp11,motion04_shaking,motion04,seg5,40.0,30.575001,29.90978813,6.49905205,4.34969234,1.61614096,-5.81515598,-1.25817132,-28.87791634,-2.51510119,-5.18124819,5.85909081,-2.83573699,0.03231046,3.26395893,1.51257873,-0.47433400,-0.56830716
shaking,gait,exp11,motion04_shaking,motion04,seg5,40.0,30.600000,16.71839523,5.80366611,12.31067085,1.58187199,-3.40352607,-1.30654228,-16.23427963,-0.21289648,-2.09019709,5.65067816,12.02163219,-0.07361598,-0.93069500,1.56776154,2.48330307,-0.19754358
shaking,gait,exp11,motion04_shaking,motion04,seg5,40.0,30.625000,5.88433695,5.69793510,16.74671936,2.01165104,1.22783506,-1.60907221,0.32282901,-0.69221026,-5.74574804,5.42201042,16.73894691,-0.50523269,-0.48191699,1.92851198,-0.16738801,-0.26892665
shaking,gait,exp11,motion04_shaking,motion04,seg5,40.0,30.650000,19.79835892,7.51314020,10.44446564,2.63436174,2.66966605,-2.50177288,16.81788254,-2.93519688,10.09983730,6.44771481,9.58720589,-0.80652076,3.90813303,2.42564988,-1.37798405,-0.63687438
shaking,gait,exp11,motion04_shaking,motion04,seg5,40.0,30.674999,21.25874519,10.74470901,7.09317636,3.06003332,-7.05219078,-5.33633375,14.08853531,-4.45627785,14.27284241,8.19230747,-5.40141296,-0.94007063,4.57544422,2.70615864,-0.45076901,-1.07553530
shaking,gait,exp11,motion04_shaking,motion04,seg5,40.0,30.700001,8.78770447,11.87523556,14.48454762,3.05118012,-8.70252991,-7.71352243,0.63490498,-4.09728909,-1.04241300,8.04580688,-14.21141243,-1.08205140,2.05456400,2.52326512,-1.90174305,-1.33116388
shaking,gait,exp11,motion04_shaking,motion04,seg5,40.0,30.725000,15.17152691,9.79122448,11.10817337,3.10919118,-3.14287496,-6.87479782,-14.50982475,-2.27816534,-3.12450504,6.58902025,-10.79657364,-1.65674520,2.19287992,2.15638733,-1.42013800,-1.50740170
shaking,gait,exp11,motion04_shaking,motion04,seg5,40.0,30.750000,17.49706650,7.75384378,3.45345068,3.15984082,-4.74503803,-5.10796738,-16.79911423,-2.17085433,-1.19237602,5.41462421,-1.09489906,-2.03979516,3.27452707,1.99287212,0.07064300,-1.36098909
shaking,gait,exp11,motion04_shaking,motion04,seg5,40.0,30.775000,11.95488930,8.78439140,5.08727789,2.30367565,-8.50887108,-6.06924438,-8.26575279,-4.75070143,-1.48182702,4.21433735,4.75894308,-1.53073692,1.76357806,1.41053998,0.35021201,-0.98698640
shaking,gait,exp11,motion04_shaking,motion04,seg5,40.0,30.799999,8.90479946,12.75424194,2.56395674,1.01346326,-8.67059898,-8.70347881,-1.92688203,-8.16582775,0.63505203,4.49882269,2.48681808,-0.33516082,0.16361800,0.56451011,-0.60236102,-0.77207732
shaking,gait,exp11,motion04_shaking,motion04,seg5,40.0,30.825001,10.47434616,16.12600517,3.63153982,1.08325255,-8.84132957,-10.76712132,-5.61557722,-10.09484768,0.09005800,6.49701595,-3.48328495,0.66037768,0.61511999,-0.57749337,-0.82245702,-0.63548315
shaking,gait,exp11,motion04_shaking,motion04,seg5,40.0,30.850000,18.14292526,15.05812645,5.07967710,1.76364338,-10.76482868,-7.94159126,-14.54260254,-10.24458122,-1.34049201,7.66334486,-4.92316580,0.69920927,-0.39291501,-1.52419555,-1.18792796,-0.54623467
shaking,gait,exp11,motion04_shaking,motion04,seg5,40.0,30.875000,19.40377235,10.63408566,4.17856407,1.93048453,-5.60836220,-3.64670086,-18.46143532,-7.88695621,-2.05623293,6.13035583,-0.68291003,0.07775389,-3.35320091,-1.89897335,-2.39793110,-0.33856302
shaking,gait,exp11,motion04_shaking,motion04,seg5,40.0,30.900000,12.39681530,6.10672808,5.90669346,1.65032339,2.22690892,-2.22118545,-12.17464542,-4.23936987,0.70705402,3.79291534,5.04236794,-1.00098109,-2.88065195,-1.30660057,-1.07953501,-0.11999671
shaking,gait,exp11,motion04_shaking,motion04,seg5,40.0,30.924999,4.14273310,4.78761911,6.21936512,1.20648861,1.00239503,-2.95410895,-1.96255898,-2.47819138,3.50796294,2.83779979,6.18109512,-1.20362771,0.41609499,-0.07871303,0.54902500,0.02644598
shaking,gait,exp11,motion04_shaking,motion04,seg5,40.0,30.950001,11.31424332,6.40788269,2.66465902,1.26202881,-4.50063086,-3.57232332,5.48496008,-1.79340768,8.81315136,5.00830841,2.13354206,-0.84477055,1.55799794,0.93050826,0.34791899,-0.11503884
shaking,gait,exp11,motion04_shaking,motion04,seg5,40.0,30.975000,9.40637112,9.73989487,3.80026841,1.32565558,-5.12629700,-5.97251940,2.44313097,-1.27776766,7.49879980,7.58695459,-3.51685905,-0.36310777,1.35252094,1.18638515,-0.49439800,-0.46691099
shaking,gait,exp11,motion04_shaking,motion04,seg5,40.0,31.000000,9.96130943,11.69896603,4.24394989,1.29345345,-7.81541777,-8.15358353,-4.77647686,-1.81624722,3.91563606,8.19061184,-3.65210104,-0.46124980,2.11445808,0.68780267,-0.44982001,-0.99357831
shaking,gait,exp11,motion04_shaking,motion04,seg5,40.0,31.025000,14.00840855,11.97894955,2.82481623,1.30581546,-10.89484787,-7.85004520,-8.40532494,-5.50873899,2.62456203,7.17814970,-2.29287910,0.03019083,0.89270502,-0.04292258,-1.38757706,-1.30476058
shaking,gait,exp11,motion04_shaking,motion04,seg5,40.0,31.049999,13.75416946,12.25516319,2.48387313,1.45794022,-7.30086708,-7.26525545,-11.53154182,-7.21724796,1.70236897,6.73174715,-1.24892795,0.47960490,-0.99328601,-0.54821366,-1.90346706,-1.26294529
shaking,gait,exp11,motion04_shaking,motion04,seg5,40.0,31.075001,12.95424843,11.34388733,1.56363702,1.41642475,-4.33380079,-6.98574495,-12.17656136,-6.85781384,0.87296301,5.73180056,0.82108998,0.53684193,-0.19209900,-0.62927926,-1.31676495,-1.14981186
shaking,gait,exp11,motion04_shaking,motion04,seg5,40.0,31.100000,12.33176613,11.87968159,2.08733940,1.31249523,-7.09966183,-7.26283693,-9.84023666,-6.93271875,2.19932008,6.34944391,1.90450394,0.78040773,0.62884200,-0.60221028,-0.57828099,-0.86657399
shaking,gait,exp11,motion04_shaking,motion04,seg5,40.0,31.125000,13.09755039,12.09430981,1.33884847,1.21915758,-8.79484367,-6.94526005,-8.79205322,-6.85508299,4.11051607,7.14447594,1.09101403,0.91484374,-0.52259701,-0.60121208,-0.57366902,-0.53660971
shaking,gait,exp11,motion04_shaking,motion04,seg5,40.0,31.150000,12.08755112,11.75935459,0.98644876,0.67206484,-4.86938095,-7.01569271,-10.10892582,-7.00094318,4.49529219,6.32844830,-0.13168500,0.63708395,-0.69848901,0.03336489,-0.68399799,-0.21138109
