{
  "acc_channel_rmse_improvement": 0.918583449919144,
  "acc_channel_rmse_mean": 0.5714634257137199,
  "acc_norm_rmse": 0.42855038643435645,
  "gyr_channel_rmse_improvement": 0.2781436428471666,
  "gyr_channel_rmse_mean": 0.11563597818720205,
  "gyr_norm_rmse": 0.14473593413877162,
  "hf_ratio_improvement_mean": 8.27305998492288,
  "input_acc_channel_rmse_mean": 1.490046875632864,
  "input_acc_norm_rmse": 1.2493681899278055,
  "input_gyr_channel_rmse_mean": 0.3937796210343687,
  "input_gyr_norm_rmse": 0.6131447047228668,
  "input_rmse_mean": 0.9419132483336161,
  "num_windows": 8633,
  "pearson_mean": 0.8828697903942121,
  "psd_distance_mean": 0.0481893488388364,
  "rmse_mean": 0.34354970195046086
}